{"type":"FeatureCollection","features":[{"type":"Feature","properties":{"kind":"state","name":"Andhra Pradesh–Chhattisgarh","src":"OSM relations 1972004 and 2022095"},"geometry":{"type":"LineString","coordinates":[[81.08574,17.79807],[81.08891,17.81081],[81.15938,17.85273],[81.19194,17.84694],[81.25394,17.81215],[81.32441,17.8153],[81.34895,17.81186],[81.37118,17.80835],[81.38105,17.80394],[81.38749,17.79568],[81.393,17.7954],[81.39183,17.81583]]}},{"type":"Feature","properties":{"kind":"state","name":"Chhattisgarh–Jharkhand","src":"OSM relations 1960191 and 1972004"},"geometry":{"type":"LineString","coordinates":[[84.0083,22.52576],[84.00996,22.52776],[84.00936,22.53309],[84.00788,22.53466],[84.00548,22.53861],[84.00473,22.54151],[84.00383,22.54362],[84.00303,22.54595],[84.00595,22.54764],[84.00685,22.55085],[84.00743,22.55408],[84.00743,22.55959],[84.00782,22.56318],[84.00916,22.56727],[84.00923,22.57144],[84.0089,22.57278],[84.00939,22.57445],[84.01178,22.57653],[84.01872,22.58079],[84.0202,22.58301],[84.02346,22.58594],[84.02361,22.58758],[84.02453,22.59165],[84.0267,22.59165],[84.0297,22.59143],[84.03311,22.59216],[84.04056,22.59442],[84.04156,22.59521],[84.04923,22.59496],[84.05102,22.59537],[84.05262,22.59591],[84.05371,22.59692],[84.05479,22.59763],[84.05545,22.59844],[84.05524,22.59931],[84.0562,22.60246],[84.05756,22.60549],[84.06599,22.61413],[84.0709,22.62233],[84.07288,22.62407],[84.07657,22.6278],[84.07976,22.63257],[84.08189,22.63524],[84.0835,22.638],[84.0845,22.63802],[84.08953,22.63598],[84.09135,22.63536],[84.0951,22.63516],[84.0953,22.636],[84.09579,22.63629],[84.09616,22.63582],[84.09841,22.63659],[84.10618,22.63832],[84.11119,22.64026],[84.11532,22.63848],[84.12122,22.6383],[84.12163,22.63867],[84.1222,22.63886],[84.12289,22.63853],[84.12433,22.63701],[84.13673,22.63833],[84.14238,22.63772],[84.14452,22.63817],[84.1506,22.63652],[84.1518,22.63639],[84.15347,22.63675],[84.15699,22.63962],[84.15856,22.64162],[84.16117,22.64392],[84.1672,22.64671],[84.17083,22.64889],[84.17607,22.65036],[84.17928,22.6508],[84.18085,22.6516],[84.18403,22.65465],[84.18509,22.65489],[84.18792,22.65517],[84.18908,22.65649],[84.19187,22.66065],[84.19609,22.66196],[84.19774,22.66408],[84.19934,22.6659],[84.20139,22.667],[84.20321,22.66784],[84.20565,22.6686],[84.20731,22.6685],[84.21086,22.66701],[84.21163,22.66593],[84.2124,22.66565],[84.21568,22.66614],[84.22081,22.66877],[84.22703,22.67417],[84.22894,22.67788],[84.23301,22.68099],[84.23308,22.68318],[84.23649,22.68946],[84.23776,22.69207],[84.23507,22.6952],[84.23293,22.70147],[84.23286,22.70385],[84.23434,22.70512],[84.23434,22.70663],[84.23388,22.71218],[84.23351,22.71398],[84.23349,22.71796],[84.233,22.71952],[84.23228,22.72273],[84.23443,22.72378]]}},{"type":"Feature","properties":{"kind":"state","name":"Chhattisgarh–Jharkhand","src":"OSM relations 1960191 and 1972004","river":"19953","rlen":47},"geometry":{"type":"LineString","coordinates":[[84.23443,22.72378],[84.23408,22.72438],[84.23384,22.72453],[84.23287,22.72563],[84.23204,22.72632],[84.23157,22.72659],[84.23066,22.7273],[84.2299,22.72743],[84.22953,22.72799],[84.22953,22.72853],[84.22931,22.72921],[84.22882,22.72996],[84.22878,22.73012],[84.22898,22.73052],[84.22919,22.73061],[84.22974,22.73059],[84.22999,22.73048],[84.23067,22.73048],[84.23106,22.7312],[84.23104,22.73204],[84.23014,22.73314],[84.22969,22.73416],[84.22976,22.73563],[84.22957,22.73683],[84.22959,22.73727],[84.22972,22.73757],[84.23015,22.73815],[84.23038,22.73882],[84.23127,22.74017],[84.23185,22.74081],[84.23243,22.74183],[84.23286,22.74225],[84.23352,22.7425],[84.23365,22.74263],[84.23371,22.74311],[84.23366,22.74347],[84.23372,22.74365],[84.23408,22.74385],[84.23496,22.74385],[84.23537,22.74397],[84.23595,22.74437],[84.23666,22.74438],[84.23704,22.74464],[84.23729,22.74507],[84.23732,22.74531],[84.23733,22.74619],[84.23728,22.74638]]}},{"type":"Feature","properties":{"kind":"state","name":"Chhattisgarh–Jharkhand","src":"OSM relations 1960191 and 1972004"},"geometry":{"type":"LineString","coordinates":[[84.23728,22.74638],[84.23963,22.74696],[84.24123,22.74785],[84.241,22.74882],[84.24231,22.75086],[84.24246,22.75188],[84.24591,22.75382],[84.24866,22.75554],[84.25578,22.76056],[84.25738,22.76308],[84.25779,22.76435],[84.25788,22.76585],[84.25917,22.76771],[84.2624,22.76774],[84.26833,22.76806],[84.27304,22.76895],[84.2754,22.76987],[84.2776,22.76917],[84.2797,22.76774],[84.28279,22.76539],[84.28676,22.76314],[84.28905,22.7662],[84.29002,22.77008],[84.29197,22.77417],[84.29202,22.77617],[84.29057,22.78036],[84.29073,22.78261],[84.29202,22.78554],[84.29538,22.79088],[84.29771,22.79403],[84.29935,22.79574],[84.30555,22.79697],[84.30558,22.79763],[84.30719,22.80034],[84.30896,22.80134],[84.31101,22.80089],[84.31478,22.80053],[84.31513,22.80226],[84.31505,22.80706],[84.31593,22.81151],[84.3166,22.81392],[84.32041,22.81885],[84.32176,22.8201],[84.32269,22.82459],[84.32303,22.82791],[84.32417,22.83137],[84.32539,22.83596],[84.32522,22.83714],[84.32189,22.83594],[84.32125,22.83685],[84.32271,22.84033],[84.32256,22.84231],[84.32294,22.8459],[84.32273,22.84762],[84.32386,22.84879],[84.32352,22.85107],[84.32518,22.85149],[84.32886,22.85649],[84.3349,22.86139],[84.33646,22.86204],[84.33906,22.8603],[84.34266,22.86028],[84.34434,22.85961],[84.34633,22.85945],[84.34921,22.86101],[84.3515,22.86368],[84.35281,22.864],[84.35504,22.86234],[84.3585,22.86305],[84.35914,22.86145],[84.36056,22.86125],[84.36283,22.86247],[84.36977,22.86456],[84.37238,22.86546],[84.3732,22.86663],[84.37501,22.86772]]}},{"type":"Feature","properties":{"kind":"state","name":"Chhattisgarh–Jharkhand","src":"OSM relations 1960191 and 1972004","river":"20466","rlen":229},"geometry":{"type":"LineString","coordinates":[[84.37501,22.86772],[84.37485,22.86796],[84.37404,22.86875],[84.37343,22.87029],[84.3726,22.87191],[84.37258,22.87219],[84.3727,22.87257],[84.37295,22.87275],[84.37317,22.87278],[84.37373,22.87306],[84.37406,22.87337],[84.37432,22.87399],[84.37449,22.87419],[84.37528,22.87433],[84.37709,22.8752],[84.37803,22.87579],[84.37864,22.87629],[84.37945,22.87668],[84.37984,22.87672],[84.38015,22.8766],[84.38083,22.87674],[84.38108,22.87694],[84.3813,22.87729],[84.38166,22.87814],[84.38167,22.88022],[84.38117,22.88153],[84.38037,22.88269],[84.37992,22.88413],[84.37956,22.88458],[84.37913,22.88536],[84.37918,22.88568],[84.37954,22.88642],[84.37985,22.88806],[84.3802,22.889],[84.3805,22.8894],[84.38092,22.88963],[84.38218,22.89006],[84.38257,22.8903],[84.38269,22.89052],[84.38304,22.89184],[84.38344,22.89244],[84.38357,22.89304],[84.38358,22.89358],[84.38344,22.8947],[84.38349,22.89662],[84.38329,22.89707],[84.38327,22.89768],[84.38289,22.89863],[84.38067,22.9],[84.37876,22.90079],[84.37693,22.90215],[84.37615,22.90315],[84.37552,22.90418],[84.3755,22.90482],[84.37512,22.9065],[84.37522,22.90764],[84.37582,22.90981],[84.37676,22.91097],[84.37754,22.9115],[84.37799,22.91178],[84.37851,22.91196],[84.37936,22.91261],[84.38044,22.91326],[84.38218,22.91395],[84.38528,22.91497],[84.38822,22.9152],[84.38962,22.91597],[84.3905,22.91671],[84.39186,22.91758],[84.39276,22.91835],[84.39308,22.91888],[84.39429,22.92167],[84.3944,22.92352],[84.39429,22.92575],[84.39431,22.92671],[84.39501,22.92992],[84.39504,22.93094],[84.39521,22.93224],[84.39522,22.93393],[84.39576,22.93485],[84.3958,22.93529],[84.39582,22.9359],[84.39569,22.93644],[84.39566,22.93775],[84.39513,22.93994],[84.39521,22.94155],[84.39452,22.94454],[84.3941,22.94546],[84.39271,22.94625],[84.39076,22.94671],[84.38887,22.94741],[84.3864,22.94869],[84.38575,22.94887],[84.38538,22.9491],[84.38457,22.94985],[84.38413,22.95047],[84.38417,22.95624],[84.38394,22.961],[84.38357,22.96251],[84.38211,22.96637],[84.38203,22.96744],[84.38165,22.96898],[84.38163,22.9694],[84.38141,22.97033],[84.38139,22.97087],[84.38053,22.9723],[84.38007,22.9733],[84.37994,22.97378],[84.37958,22.9743],[84.3794,22.97471],[84.37858,22.97547],[84.37785,22.9763],[84.37727,22.97666],[84.3771,22.97687],[84.37535,22.97814],[84.3737,22.97901],[84.37344,22.97925]]}},{"type":"Feature","properties":{"kind":"state","name":"Chhattisgarh–Jharkhand","src":"OSM relations 1960191 and 1972004"},"geometry":{"type":"LineString","coordinates":[[84.37344,22.97925],[84.37204,22.97792],[84.37082,22.97608],[84.36824,22.97525],[84.36582,22.97424],[84.36114,22.97489],[84.35818,22.97556],[84.35219,22.97799],[84.34929,22.9777],[84.34562,22.97665],[84.34198,22.97726],[84.34022,22.98099],[84.33603,22.98194],[84.32505,22.98039],[84.32345,22.9794],[84.32016,22.97779],[84.31937,22.97641],[84.32064,22.97485],[84.31889,22.97465],[84.31856,22.97357],[84.31718,22.97336],[84.315,22.97273],[84.31284,22.97183],[84.31197,22.9708],[84.3109,22.96913],[84.30696,22.96757],[84.30258,22.96732],[84.29518,22.96523],[84.29134,22.96434],[84.28769,22.96416],[84.28458,22.96362],[84.28234,22.96331]]}},{"type":"Feature","properties":{"kind":"state","name":"Chhattisgarh–Jharkhand","src":"OSM relations 1960191 and 1972004","river":"20133","rlen":29},"geometry":{"type":"LineString","coordinates":[[84.28234,22.96331],[84.28227,22.96343],[84.28193,22.96374],[84.28155,22.96382],[84.28147,22.96391],[84.28151,22.96429],[84.28169,22.96433],[84.28176,22.96456],[84.28162,22.96522],[84.28126,22.96535],[84.28131,22.9656],[84.28117,22.96611],[84.28078,22.9666],[84.28026,22.96699],[84.28002,22.96737],[84.28004,22.968],[84.28014,22.96817],[84.28038,22.96829],[84.28023,22.96859],[84.28022,22.9688],[84.28055,22.96908],[84.28057,22.96924],[84.28019,22.9697],[84.28022,22.97003],[84.27995,22.97083],[84.27939,22.9713],[84.27914,22.97164],[84.2793,22.97232],[84.27956,22.97292],[84.27937,22.97313],[84.27906,22.97325],[84.27861,22.97268],[84.27814,22.97264],[84.278,22.97278],[84.27798,22.97362],[84.2781,22.97407],[84.2781,22.97467],[84.27794,22.97483],[84.27755,22.97501],[84.27737,22.97524],[84.27748,22.97552],[84.27768,22.97578],[84.278,22.9759],[84.27804,22.97601],[84.27794,22.97612],[84.27753,22.97619],[84.27733,22.97637],[84.27729,22.97704],[84.27697,22.97784],[84.27705,22.97857],[84.2766,22.97907],[84.27627,22.97974],[84.27642,22.98034],[84.27628,22.98069],[84.27582,22.98119],[84.27551,22.98134],[84.27525,22.98163],[84.27521,22.98208],[84.27533,22.98244],[84.27534,22.98301],[84.27508,22.98326],[84.27492,22.98361],[84.27475,22.98374],[84.27394,22.98364],[84.27368,22.98384],[84.27366,22.98402],[84.27394,22.98454],[84.27421,22.98468],[84.27444,22.98511],[84.27429,22.98552],[84.27438,22.98572],[84.27493,22.9859],[84.27516,22.9858],[84.27539,22.98549],[84.27555,22.9854],[84.27585,22.98564],[84.27616,22.98565],[84.27687,22.98539],[84.27722,22.98543],[84.2773,22.98569],[84.27714,22.98606],[84.27723,22.98643],[84.27828,22.98679],[84.27873,22.98712],[84.27909,22.98755],[84.27916,22.98774],[84.27897,22.98819],[84.27832,22.9887],[84.2783,22.98897],[84.27861,22.98927],[84.28008,22.98934],[84.28042,22.98972],[84.28037,22.98996],[84.27956,22.98998],[84.27918,22.99007],[84.27873,22.99031],[84.27818,22.99079],[84.27773,22.99155]]}},{"type":"Feature","properties":{"kind":"state","name":"Chhattisgarh–Jharkhand","src":"OSM relations 1960191 and 1972004"},"geometry":{"type":"LineString","coordinates":[[84.27773,22.99155],[84.27555,22.99117],[84.27495,22.99107],[84.27324,22.98989],[84.27264,22.98963],[84.27102,22.98983],[84.27062,22.98975],[84.27039,22.98886],[84.27058,22.98862],[84.27099,22.98862],[84.27041,22.98701],[84.26978,22.98688],[84.26955,22.98615],[84.2693,22.98582],[84.26832,22.98566],[84.26774,22.98541],[84.26786,22.98508],[84.26848,22.98462],[84.26883,22.98452],[84.26891,22.98429],[84.26847,22.98411],[84.26648,22.9841],[84.26547,22.98262],[84.26558,22.98214],[84.26542,22.98182],[84.26489,22.98181],[84.26396,22.98154],[84.26357,22.98107],[84.26403,22.98059],[84.26398,22.98008],[84.26275,22.98013],[84.26186,22.97982],[84.26155,22.97958],[84.26181,22.97927],[84.26119,22.97792],[84.26119,22.97747],[84.26095,22.97735],[84.2608,22.97694],[84.25948,22.97672],[84.259,22.97627],[84.25571,22.97402],[84.25471,22.97352],[84.25341,22.97247],[84.25181,22.97202],[84.25107,22.97216],[84.2507,22.97286],[84.24974,22.97377],[84.24943,22.97512],[84.24914,22.97556],[84.2475,22.97585],[84.24608,22.97653],[84.24495,22.9776],[84.24334,22.98127],[84.24233,22.98321],[84.23842,22.98254],[84.2357,22.98147],[84.23244,22.98119],[84.22954,22.98271],[84.22587,22.98018],[84.22239,22.97936],[84.21912,22.97951],[84.21843,22.98323],[84.21763,22.9866],[84.21654,22.98935],[84.21424,22.99079],[84.20896,22.99824],[84.20389,23.00363],[84.20059,23.00667],[84.20055,23.00875],[84.20134,23.01108],[84.20177,23.01568],[84.19999,23.01946],[84.19842,23.0223],[84.19548,23.02488],[84.18723,23.02626],[84.18538,23.02732]]}},{"type":"Feature","properties":{"kind":"state","name":"Chhattisgarh–Jharkhand","src":"OSM relations 1960191 and 1972004","river":"20187","rlen":81},"geometry":{"type":"LineString","coordinates":[[84.18538,23.02732],[84.18509,23.02711],[84.18509,23.02704],[84.18452,23.02668],[84.18338,23.02632],[84.18288,23.0264],[84.18231,23.02675],[84.18152,23.02675],[84.1811,23.02668],[84.1806,23.02625],[84.18053,23.02547],[84.1801,23.02461],[84.1796,23.02397],[84.17903,23.02354],[84.17895,23.02333],[84.17881,23.02318],[84.17881,23.02254],[84.17895,23.02226],[84.1791,23.02118],[84.17931,23.02068],[84.17974,23.02011],[84.17988,23.01969],[84.17988,23.01926],[84.17974,23.01904],[84.17981,23.01754],[84.17953,23.01662],[84.17895,23.01619],[84.17867,23.01612],[84.1781,23.01569],[84.17774,23.01526],[84.17767,23.01526],[84.17746,23.01483],[84.17746,23.01405],[84.17803,23.01298],[84.17803,23.01226],[84.17796,23.01198],[84.17788,23.01183],[84.17731,23.0114],[84.17696,23.01133],[84.1766,23.01112],[84.17617,23.01098],[84.17546,23.01083],[84.17531,23.01069],[84.17531,23.01019],[84.17517,23.01004],[84.17483,23.00988],[84.17493,23.00932],[84.17496,23.00802],[84.17549,23.0059],[84.17608,23.00448],[84.17635,23.00395],[84.17765,23.00282],[84.17836,23.00236],[84.17901,23.00141],[84.17912,23.0011],[84.17912,23.0008],[84.17901,23.00047],[84.1779,22.99934],[84.17708,22.9989],[84.17576,22.99841],[84.17517,22.99793],[84.17488,22.99738],[84.1749,22.99588],[84.17515,22.9943],[84.17588,22.99195],[84.1763,22.99099],[84.17679,22.99017],[84.17679,22.98979],[84.17662,22.98888],[84.17622,22.98796],[84.17589,22.98654],[84.17593,22.98551],[84.17607,22.98505],[84.17607,22.98454],[84.17641,22.98349],[84.1767,22.98301],[84.17733,22.98261],[84.17786,22.98207],[84.17798,22.98173],[84.17801,22.98072],[84.17784,22.98003],[84.17756,22.97932],[84.17693,22.97831],[84.17536,22.97678],[84.17502,22.97625],[84.17473,22.97543],[84.17452,22.97508],[84.17437,22.97403],[84.17456,22.97357],[84.17452,22.97332],[84.17368,22.9718],[84.17304,22.97118],[84.1724,22.97082],[84.17018,22.97017],[84.16795,22.96985],[84.16709,22.96983],[84.16644,22.96994],[84.1659,22.96994],[84.16508,22.96981],[84.16359,22.96914],[84.16206,22.96803],[84.16198,22.96787],[84.16061,22.96806],[84.15946,22.96811],[84.15841,22.96778],[84.15761,22.96717],[84.15683,22.96634],[84.15591,22.96573],[84.15489,22.96574],[84.15357,22.96625],[84.15212,22.96657],[84.15127,22.9664],[84.15067,22.966]]}},{"type":"Feature","properties":{"kind":"state","name":"Chhattisgarh–Jharkhand","src":"OSM relations 1960191 and 1972004"},"geometry":{"type":"LineString","coordinates":[[84.15067,22.966],[84.1493,22.96778],[84.14914,22.96871],[84.14804,22.97222],[84.14669,22.97874],[84.14686,22.98192],[84.14781,22.98481],[84.14796,22.98708],[84.14562,22.99327],[84.14019,23.0013],[84.13791,23.00357],[84.14012,23.00697],[84.14034,23.0092],[84.13942,23.00932],[84.13384,23.01931],[84.13184,23.02153],[84.13105,23.02277],[84.13111,23.0252],[84.1291,23.02595],[84.12755,23.03006],[84.12555,23.03708],[84.12543,23.04098],[84.12467,23.04872],[84.12624,23.05482],[84.12719,23.05938],[84.12903,23.06027],[84.13435,23.06837],[84.13418,23.07016],[84.13341,23.07144],[84.13281,23.0758],[84.1342,23.07989],[84.13319,23.08373],[84.13038,23.08581],[84.12682,23.08895],[84.12412,23.08958],[84.12128,23.08818],[84.11629,23.08937],[84.11442,23.09075],[84.11247,23.0924],[84.11264,23.09369],[84.1138,23.09675],[84.10965,23.09789],[84.10856,23.09914],[84.1082,23.1004],[84.10678,23.10135],[84.10656,23.10298],[84.10605,23.10409],[84.10603,23.10482],[84.10079,23.10667],[84.1005,23.10731],[84.09962,23.10807],[84.09782,23.10904],[84.09621,23.10962],[84.09426,23.10948],[84.09311,23.1103],[84.09231,23.11061],[84.09227,23.11106],[84.09266,23.11194],[84.09358,23.11263],[84.08616,23.11283],[84.0794,23.11155],[84.07515,23.10974],[84.07249,23.10965],[84.06929,23.10982],[84.06664,23.11084],[84.065,23.11198],[84.06324,23.11348],[84.0617,23.11579],[84.05788,23.12651],[84.0553,23.12862],[84.04897,23.1346],[84.04586,23.13409],[84.04247,23.13474],[84.04052,23.13819],[84.03554,23.14234],[84.0355,23.14663],[84.03472,23.15009],[84.0325,23.153],[84.03127,23.15607],[84.03103,23.15904],[84.03284,23.16398],[84.038,23.17099],[84.0394,23.17358],[84.04133,23.17944],[84.04296,23.1826],[84.0432,23.18331],[84.0452,23.18439],[84.04601,23.18566],[84.04693,23.18664],[84.04777,23.18725],[84.04942,23.18773],[84.05017,23.18838],[84.05009,23.18928],[84.05183,23.18998],[84.05517,23.1922],[84.05783,23.19644],[84.05788,23.19905],[84.05848,23.20005],[84.06148,23.20228],[84.06202,23.20325],[84.06311,23.20611],[84.06322,23.2069],[84.06303,23.20769],[84.06148,23.21047],[84.05822,23.21457],[84.05736,23.21715],[84.0555,23.2205],[84.05633,23.22697],[84.05867,23.23525],[84.05869,23.2365],[84.05466,23.24235],[84.05361,23.2448],[84.05356,23.2473],[84.05522,23.25053],[84.0562,23.2556],[84.05786,23.26177],[84.05931,23.26832],[84.05994,23.27001],[84.06271,23.27202],[84.06414,23.27393],[84.06427,23.2763],[84.06245,23.28383],[84.06266,23.28736],[84.06303,23.28972],[84.06354,23.29063],[84.06474,23.2909],[84.06605,23.29098],[84.06768,23.29366],[84.06781,23.29463],[84.06507,23.29977],[84.06406,23.3031],[84.06189,23.3073],[84.06168,23.30825],[84.06249,23.30927],[84.06354,23.31028],[84.06567,23.31445],[84.07034,23.32482],[84.07285,23.32961],[84.07418,23.32973],[84.07446,23.33368],[84.06837,23.33804],[84.06809,23.33916],[84.06734,23.34062],[84.06706,23.34295],[84.06665,23.34381],[84.06569,23.34533],[84.06305,23.34649],[84.06238,23.34738],[84.05953,23.35045],[84.05863,23.35112],[84.05401,23.35215],[84.0535,23.3526],[84.05354,23.35412],[84.05324,23.35475],[84.05251,23.35569],[84.05217,23.35654],[84.05213,23.35748],[84.05228,23.35845],[84.05114,23.35971],[84.05208,23.36207],[84.05277,23.36322],[84.05296,23.36387],[84.05238,23.3655],[84.05219,23.36739],[84.04861,23.3684],[84.04708,23.37064],[84.04768,23.37147],[84.04957,23.37238],[84.05,23.37293],[84.05037,23.37435],[84.04635,23.37602],[84.03887,23.37764],[84.03732,23.37823],[84.03487,23.37864],[84.03372,23.37842],[84.03118,23.37762],[84.03007,23.37793],[84.02951,23.37797],[84.02887,23.37764],[84.02833,23.37752],[84.02571,23.37764],[84.02436,23.37756],[84.02292,23.37773],[84.02155,23.37582],[84.01612,23.36978],[84.01528,23.36836],[84.01498,23.36747],[84.01447,23.36473],[84.01346,23.36123],[84.0135,23.36014],[84.0126,23.35841],[84.01228,23.35538],[84.01189,23.35347],[84.00458,23.35601],[84.00254,23.35705],[84.00162,23.35766],[83.99998,23.35733],[83.999,23.35739],[83.99831,23.35764],[83.99642,23.35876],[83.99413,23.35947],[83.99164,23.35989],[83.98988,23.36105],[83.98801,23.36267],[83.98398,23.36361],[83.98239,23.36428],[83.98114,23.3643],[83.98018,23.36458],[83.98016,23.36779],[83.97994,23.36828],[83.97887,23.36871],[83.9784,23.36964],[83.9778,23.36958],[83.97758,23.36972],[83.97737,23.37043],[83.97685,23.37115],[83.97481,23.3731],[83.97484,23.37421],[83.97499,23.37468],[83.97492,23.37513],[83.97321,23.37565],[83.9728,23.37718],[83.97241,23.37765],[83.97187,23.37797],[83.96981,23.38063],[83.96911,23.38098],[83.96943,23.38153],[83.96979,23.38181],[83.96969,23.38236],[83.96863,23.38295],[83.96848,23.38356],[83.96885,23.38388],[83.96973,23.38354],[83.96986,23.38388],[83.96977,23.38423],[83.9693,23.38471],[83.96881,23.385],[83.96827,23.38492],[83.96795,23.38502],[83.96771,23.3853],[83.96769,23.38569],[83.96795,23.38585],[83.9675,23.38794]]}},{"type":"Feature","properties":{"kind":"state","name":"Chhattisgarh–Jharkhand","src":"OSM relations 1960191 and 1972004","river":"22513","rlen":67},"geometry":{"type":"LineString","coordinates":[[83.9675,23.38794],[83.96756,23.38807],[83.96747,23.38837],[83.96753,23.38851],[83.96771,23.38856],[83.96818,23.38844],[83.96838,23.38862],[83.96892,23.38946],[83.9689,23.38973],[83.96783,23.39073],[83.96777,23.39112],[83.96804,23.39145],[83.96819,23.39149],[83.96858,23.3909],[83.96887,23.39082],[83.96913,23.39098],[83.96922,23.39127],[83.96908,23.39169],[83.96905,23.3925],[83.96888,23.39277],[83.96885,23.39296],[83.96886,23.3933],[83.96907,23.39376],[83.96925,23.39398],[83.96942,23.39402],[83.97031,23.39404],[83.97053,23.39415],[83.97053,23.3946],[83.97077,23.39485],[83.97063,23.39578],[83.97099,23.39648],[83.97122,23.3972],[83.97131,23.3973],[83.97167,23.39743],[83.97199,23.39782],[83.97247,23.39815],[83.97267,23.39844],[83.97268,23.39876],[83.97216,23.39929],[83.97219,23.39965],[83.97245,23.3999],[83.97267,23.39961],[83.973,23.39959],[83.97308,23.39964],[83.97307,23.39994],[83.97284,23.40004],[83.97276,23.40033],[83.97227,23.40054],[83.97201,23.40091],[83.97164,23.40111],[83.97155,23.40135],[83.97164,23.40159],[83.97183,23.4016],[83.97213,23.40148],[83.97235,23.40164],[83.97238,23.40189],[83.97219,23.40261],[83.97228,23.40303],[83.97241,23.40316],[83.97263,23.40316],[83.97332,23.4027],[83.97408,23.40272],[83.97439,23.40297],[83.9749,23.40319],[83.97532,23.40396],[83.9757,23.40416],[83.97592,23.40522],[83.97594,23.40575],[83.97585,23.40594],[83.97561,23.40615],[83.97559,23.40632],[83.97598,23.4066],[83.97641,23.40722],[83.977,23.40748],[83.97696,23.40808],[83.97723,23.4083],[83.97728,23.40849],[83.97725,23.40866],[83.97708,23.40891],[83.97697,23.40945],[83.97716,23.4112],[83.97741,23.41145],[83.97852,23.41188],[83.979,23.41273],[83.97918,23.41292],[83.97936,23.41299],[83.97981,23.4129],[83.98032,23.41328],[83.98036,23.41352],[83.98023,23.41379],[83.97995,23.41392],[83.9789,23.41399],[83.97862,23.4141],[83.97841,23.41435],[83.97854,23.41465],[83.97898,23.41503],[83.97953,23.41498],[83.97981,23.41516],[83.9801,23.4156],[83.98077,23.41636],[83.98075,23.41675],[83.98064,23.417],[83.9807,23.41808],[83.98099,23.41861],[83.98127,23.41885],[83.98175,23.41905],[83.98184,23.41923],[83.98147,23.41993],[83.98135,23.42044],[83.98105,23.42123],[83.98084,23.42154],[83.98085,23.42167],[83.98132,23.42177],[83.98215,23.42218],[83.98227,23.42238],[83.98226,23.42287],[83.98249,23.4231],[83.98249,23.42347],[83.98315,23.42372],[83.98371,23.4242],[83.98509,23.4251],[83.98566,23.42529],[83.98605,23.4259],[83.98605,23.42619],[83.98572,23.42656],[83.98524,23.42658],[83.98487,23.42636],[83.98401,23.42635],[83.98391,23.42641],[83.98404,23.42693],[83.98404,23.42734],[83.98384,23.42797],[83.98384,23.4286],[83.98394,23.42919],[83.9841,23.42938],[83.9847,23.42926],[83.98495,23.42929],[83.98544,23.42955],[83.98588,23.43029],[83.9864,23.43065],[83.98647,23.43084],[83.98645,23.43105],[83.98611,23.43123],[83.98557,23.43123],[83.98503,23.43104],[83.98412,23.43108],[83.98382,23.43132],[83.98361,23.43176],[83.98371,23.43198],[83.98389,23.4321],[83.98464,23.43222],[83.98476,23.43232],[83.98474,23.43261],[83.98521,23.43321],[83.98537,23.43385],[83.98554,23.43402],[83.98557,23.43425],[83.98607,23.43478],[83.98618,23.43509],[83.98622,23.43568],[83.98575,23.43608],[83.98541,23.43623],[83.98501,23.43627],[83.98483,23.4364],[83.98463,23.43707],[83.98428,23.43768],[83.98398,23.43808],[83.98346,23.43848],[83.98323,23.43884],[83.98349,23.4391]]}},{"type":"Feature","properties":{"kind":"state","name":"Chhattisgarh–Jharkhand","src":"OSM relations 1960191 and 1972004"},"geometry":{"type":"LineString","coordinates":[[83.98349,23.4391],[83.98193,23.4404],[83.97904,23.44543],[83.97535,23.45045],[83.97442,23.45331],[83.97357,23.45784],[83.97426,23.46088],[83.98488,23.46561],[83.98808,23.47822],[83.99054,23.48226],[83.99481,23.48476],[83.99707,23.487],[83.99936,23.491],[83.99755,23.49335],[83.99975,23.49615],[84.00232,23.49714],[84.00816,23.49855],[84.00895,23.49968],[84.01412,23.50292],[84.0149,23.50938],[84.01739,23.51483],[84.01945,23.51602]]}},{"type":"Feature","properties":{"kind":"state","name":"Chhattisgarh–Jharkhand","src":"OSM relations 1960191 and 1972004","river":"22666","rlen":20},"geometry":{"type":"LineString","coordinates":[[84.01945,23.51602],[84.01908,23.51672],[84.01849,23.51833],[84.01807,23.5188],[84.01783,23.51936],[84.01765,23.51956],[84.01777,23.5203],[84.01741,23.52077],[84.01743,23.52168],[84.01715,23.52233],[84.0172,23.52302],[84.01784,23.52321],[84.01906,23.52431],[84.01899,23.52483],[84.01927,23.52523],[84.01914,23.52578],[84.01921,23.52601],[84.02012,23.52647],[84.02023,23.52658],[84.02031,23.52694],[84.02062,23.52691],[84.02078,23.52697],[84.02095,23.52718],[84.02098,23.52795],[84.02076,23.52793],[84.02038,23.52848],[84.02045,23.52862],[84.02105,23.52907],[84.02094,23.52953],[84.02095,23.5299],[84.02107,23.52998],[84.02106,23.5301],[84.02039,23.5307],[84.02028,23.53092],[84.02049,23.53111],[84.02111,23.53125],[84.02153,23.53184],[84.02182,23.53204],[84.02196,23.53243],[84.02262,23.53295],[84.02274,23.53313],[84.02273,23.5334],[84.02251,23.5336],[84.02233,23.53389],[84.0223,23.53432],[84.02243,23.53469],[84.02277,23.53481],[84.02296,23.53498],[84.02295,23.53541],[84.02288,23.53554],[84.02291,23.53683],[84.02327,23.53697],[84.02394,23.53701],[84.02418,23.53723],[84.02414,23.53737],[84.02375,23.53768],[84.02368,23.53792],[84.02393,23.53799],[84.02475,23.53801],[84.02535,23.53831],[84.02542,23.53845],[84.02552,23.5388],[84.02556,23.54029],[84.02587,23.54068],[84.02625,23.54146],[84.02626,23.54186],[84.02615,23.54215],[84.02616,23.54291],[84.02636,23.54436],[84.02654,23.54475],[84.02723,23.54493],[84.02739,23.54501],[84.02746,23.54516],[84.02744,23.54546],[84.02763,23.5463],[84.02762,23.54684],[84.02746,23.54745],[84.02712,23.54787],[84.02701,23.54834],[84.02705,23.54843],[84.02736,23.5483],[84.02758,23.54843],[84.02764,23.54882],[84.02735,23.54947],[84.02691,23.5501],[84.02695,23.5506],[84.02669,23.5519],[84.02653,23.55246],[84.02616,23.55314],[84.02597,23.55378],[84.02572,23.55424],[84.02488,23.55534],[84.02469,23.55554],[84.0241,23.55586],[84.02392,23.55607],[84.02398,23.55672]]}},{"type":"Feature","properties":{"kind":"state","name":"Chhattisgarh–Jharkhand","src":"OSM relations 1960191 and 1972004"},"geometry":{"type":"LineString","coordinates":[[84.02398,23.55672],[84.0262,23.55739],[84.0291,23.56831],[84.02884,23.58811],[84.02829,23.58993],[84.02814,23.5917],[84.0285,23.59608],[84.02966,23.59946],[84.02812,23.60159],[84.0261,23.60261],[84.02078,23.60424],[84.01796,23.60748],[84.01078,23.62093],[84.00763,23.62236],[84.00715,23.62333],[84.00731,23.62675],[84.0114,23.62919],[84.01509,23.63455],[84.01013,23.63361],[84.00631,23.63446],[83.99717,23.63485],[83.98911,23.63454],[83.97666,23.63576],[83.97966,23.62732],[83.98016,23.62506],[83.9772,23.62599],[83.9758,23.62591],[83.97338,23.62371],[83.97228,23.62638],[83.96711,23.62624],[83.9619,23.62518],[83.95585,23.62699],[83.94831,23.62725],[83.94377,23.62636],[83.93745,23.62273],[83.93514,23.62194],[83.93188,23.62021],[83.93117,23.6158],[83.93072,23.61164],[83.93252,23.60865],[83.93362,23.60735],[83.93289,23.60141],[83.93454,23.59878],[83.93821,23.59553],[83.93952,23.58813],[83.93992,23.57539],[83.94018,23.5713],[83.93649,23.56926],[83.9301,23.57126],[83.91714,23.57634],[83.91113,23.57614],[83.90585,23.57744],[83.90096,23.57929],[83.89984,23.5822],[83.89413,23.58287],[83.89053,23.58027],[83.88508,23.57937],[83.86817,23.58417],[83.85418,23.58637],[83.84231,23.58605],[83.83912,23.58814],[83.82972,23.58916],[83.82444,23.59239],[83.81534,23.59614],[83.81156,23.58932],[83.80781,23.58733],[83.80601,23.58835],[83.8053,23.58972],[83.80487,23.59459],[83.8042,23.59661],[83.80124,23.60064],[83.79981,23.60192],[83.79723,23.60271],[83.79468,23.60497],[83.79279,23.6045],[83.79107,23.60436],[83.7865,23.60537],[83.78183,23.60651],[83.77838,23.60777],[83.77596,23.60847],[83.77353,23.60982],[83.77223,23.61137]]}},{"type":"Feature","properties":{"kind":"state","name":"Chhattisgarh–Jharkhand","src":"OSM relations 1960191 and 1972004","river":"25105","rlen":256},"geometry":{"type":"LineString","coordinates":[[83.77223,23.61137],[83.77248,23.61155],[83.77401,23.61292],[83.77413,23.61368],[83.77483,23.6148],[83.77513,23.61559],[83.77525,23.61613],[83.77539,23.6177],[83.77541,23.61966],[83.77525,23.6207],[83.7749,23.62215],[83.77485,23.62225],[83.77422,23.62262],[83.77398,23.62286],[83.77368,23.62298],[83.77327,23.62334],[83.77285,23.62351],[83.77285,23.62358],[83.77202,23.62405],[83.76988,23.62441],[83.76702,23.62441],[83.76625,23.62453],[83.76518,23.62482],[83.76423,23.62482],[83.76363,23.62494],[83.76321,23.62494],[83.7628,23.62506],[83.76238,23.62506],[83.76173,23.62524],[83.7609,23.62554],[83.76024,23.6259],[83.76024,23.62595],[83.75941,23.62643],[83.75851,23.62709],[83.75792,23.62732],[83.75756,23.62762],[83.75673,23.6281],[83.75632,23.62899],[83.75626,23.63065],[83.75602,23.63125],[83.7553,23.63232],[83.75536,23.63309],[83.7556,23.63405],[83.7556,23.63506],[83.75536,23.63601],[83.75507,23.63631],[83.75441,23.63666],[83.75382,23.63684],[83.7534,23.63684],[83.75209,23.6372],[83.75192,23.6375],[83.75179,23.63755],[83.75143,23.63839],[83.75143,23.63874],[83.75173,23.63964],[83.75173,23.63999],[83.75179,23.64005],[83.75173,23.64065],[83.75185,23.64071],[83.75256,23.64154],[83.75269,23.64291],[83.75286,23.64321],[83.75322,23.64356],[83.7553,23.64463],[83.7562,23.64541],[83.75739,23.64612],[83.75798,23.64636],[83.75881,23.64642],[83.75881,23.64648],[83.75941,23.64666],[83.7603,23.64713],[83.76066,23.64767],[83.76077,23.64814],[83.76121,23.64861],[83.76156,23.64879],[83.7621,23.64932],[83.76239,23.6495],[83.76234,23.65009],[83.76192,23.65033],[83.76162,23.65063],[83.76079,23.65093],[83.76043,23.65117],[83.76019,23.65146],[83.76025,23.65188],[83.76067,23.65206],[83.76091,23.65229],[83.76079,23.65301],[83.76049,23.65337],[83.76049,23.65414],[83.75924,23.65426],[83.759,23.65438],[83.75864,23.65438],[83.75787,23.65461],[83.75787,23.65527],[83.75745,23.65569],[83.75633,23.65569],[83.75525,23.65584],[83.75427,23.65656],[83.75414,23.65677],[83.75413,23.65702],[83.75424,23.65711],[83.75419,23.65759],[83.75377,23.65795],[83.75234,23.65821],[83.75206,23.65822],[83.75109,23.65803],[83.74977,23.65824],[83.74944,23.65835],[83.74943,23.65885],[83.74985,23.65958],[83.74986,23.6599],[83.74927,23.66056],[83.74923,23.66074],[83.74895,23.66097],[83.7478,23.66171],[83.74661,23.66211],[83.74654,23.66228],[83.74638,23.66234],[83.74603,23.66268],[83.74397,23.66394],[83.74346,23.66445],[83.74158,23.66548],[83.74112,23.66559],[83.74015,23.66622],[83.73952,23.66645],[83.73843,23.66714],[83.73832,23.66714],[83.73752,23.66793],[83.73563,23.66913],[83.73461,23.66988],[83.73404,23.67005],[83.73341,23.67045],[83.73319,23.67068],[83.73319,23.67147],[83.73398,23.67273],[83.73398,23.6733],[83.73386,23.67342],[83.73261,23.67393],[83.73164,23.67404],[83.73135,23.67416],[83.73067,23.67456],[83.73044,23.67479],[83.7301,23.67536],[83.72953,23.67593],[83.72884,23.67592],[83.72845,23.67603],[83.72776,23.67632],[83.72742,23.67666],[83.72748,23.67786],[83.72799,23.67929],[83.72799,23.68049],[83.72776,23.6814],[83.7273,23.68214],[83.72656,23.6826],[83.72479,23.68283],[83.72434,23.683],[83.72416,23.68311],[83.72388,23.68351],[83.72365,23.68363],[83.72296,23.68374],[83.72262,23.68397],[83.72225,23.68448],[83.72232,23.68605],[83.72255,23.68672],[83.72256,23.6873],[83.72243,23.68831],[83.72291,23.68991],[83.72302,23.69008],[83.72393,23.69065],[83.72427,23.69099],[83.72525,23.69145],[83.72588,23.69168],[83.72685,23.69191],[83.72771,23.69225],[83.7297,23.69345],[83.7313,23.69413],[83.73273,23.69459],[83.73284,23.69476],[83.73284,23.69499],[83.73245,23.69545],[83.7337,23.69636],[83.73381,23.69676],[83.7341,23.69722],[83.7349,23.69824],[83.73644,23.69882],[83.73679,23.69916],[83.7369,23.6995],[83.7369,23.7003],[83.73718,23.70099],[83.73918,23.70201],[83.74187,23.70259],[83.74232,23.70316],[83.74272,23.70424],[83.7429,23.70498],[83.74318,23.70544],[83.74352,23.70578],[83.74387,23.70658],[83.74392,23.70772],[83.74369,23.70818],[83.74329,23.70853],[83.74317,23.70937],[83.74355,23.71084],[83.74369,23.71098],[83.74384,23.71098],[83.74398,23.71141],[83.74519,23.7132],[83.74498,23.71483],[83.74498,23.71498],[83.74512,23.71512],[83.74512,23.71698],[83.74498,23.7174],[83.74498,23.71783],[83.74469,23.71826],[83.74469,23.71983],[83.74426,23.72269],[83.74412,23.72297],[83.74412,23.72326],[83.74384,23.72411],[83.74384,23.7244],[83.74341,23.72583],[83.74326,23.72597],[83.74298,23.72654],[83.74213,23.72754],[83.74169,23.72825],[83.74126,23.72925],[83.74113,23.7294],[83.74113,23.72997],[83.74098,23.73025],[83.74098,23.73054],[83.74041,23.73182],[83.74041,23.73211],[83.73969,23.73282],[83.73898,23.73496],[83.73869,23.73539],[83.73869,23.73839],[83.73884,23.73896],[83.73884,23.74282],[83.73869,23.74324],[83.73869,23.74382],[83.73856,23.74424],[83.73737,23.74537],[83.73765,23.7459],[83.73856,23.7471],[83.73856,23.74999],[83.73845,23.75101],[83.73856,23.75118],[83.73856,23.75307],[83.73845,23.75381],[83.73845,23.75678],[83.73799,23.75889],[83.73765,23.75992],[83.73719,23.76106],[83.73668,23.76186],[83.73616,23.76249],[83.73611,23.76266],[83.73576,23.76294],[83.73576,23.76306],[83.73508,23.76403],[83.73422,23.76483],[83.73334,23.76534],[83.73188,23.76568],[83.73085,23.76626],[83.73034,23.76643],[83.72937,23.767],[83.7292,23.76717],[83.72897,23.76723],[83.72857,23.76763],[83.72782,23.76797],[83.7256,23.76871],[83.72446,23.769],[83.72423,23.76917],[83.72349,23.76934],[83.72265,23.76979],[83.72218,23.7703],[83.72157,23.77172],[83.72118,23.77236],[83.72104,23.77289],[83.72108,23.77375],[83.72125,23.77472],[83.72133,23.77479],[83.72183,23.77693],[83.72204,23.77857],[83.72233,23.77978],[83.7225,23.78193],[83.72261,23.78564],[83.72222,23.78678],[83.72201,23.78831],[83.72179,23.78874],[83.72101,23.78985],[83.72065,23.7901],[83.71797,23.79324],[83.71736,23.79367],[83.71704,23.79402],[83.71555,23.79674],[83.71444,23.79827],[83.71397,23.7987],[83.7133,23.79981],[83.71183,23.80095],[83.71123,23.80134],[83.71085,23.80133],[83.71045,23.80179],[83.71011,23.80195],[83.7097,23.80207],[83.70902,23.80207],[83.70868,23.80195],[83.70834,23.80195],[83.70753,23.8023],[83.70719,23.80264],[83.70708,23.80264],[83.70657,23.80333],[83.70651,23.80356],[83.70628,23.8039],[83.70605,23.80413],[83.70503,23.80477],[83.70457,23.80523],[83.7036,23.80681],[83.70365,23.80789],[83.70445,23.80898],[83.70474,23.80955],[83.70474,23.80972],[83.7048,23.80972],[83.70485,23.80989],[83.70491,23.81104],[83.70508,23.81144],[83.70542,23.81189],[83.70662,23.81275],[83.70719,23.81349],[83.70776,23.81475],[83.70793,23.81543],[83.70793,23.81623],[83.70782,23.81669],[83.70731,23.81766],[83.70725,23.8184],[83.70582,23.82029],[83.70548,23.82086],[83.70445,23.8216],[83.70393,23.82183],[83.70393,23.82189],[83.70194,23.82297],[83.70068,23.82348],[83.7,23.82366],[83.6996,23.82366],[83.6984,23.82389],[83.69795,23.82406],[83.6972,23.82446],[83.69668,23.82503],[83.69615,23.82527],[83.69425,23.82565],[83.69302,23.82565],[83.69168,23.82589],[83.69092,23.82627],[83.69054,23.82655],[83.69025,23.82665],[83.68968,23.82665],[83.68916,23.82651],[83.68902,23.82636],[83.68847,23.82488],[83.68788,23.82445],[83.68765,23.82397],[83.68682,23.82296],[83.68635,23.82193],[83.68508,23.82001],[83.68399,23.81932],[83.68187,23.8194],[83.68145,23.8196],[83.68115,23.8199],[83.68035,23.82023],[83.67988,23.82084],[83.6795,23.82118],[83.67888,23.82132],[83.67845,23.82156],[83.67783,23.82256],[83.67731,23.82379],[83.67712,23.82403],[83.67683,23.82417],[83.67654,23.82446],[83.67617,23.82546],[83.6755,23.82575],[83.67454,23.82717],[83.67422,23.82746],[83.67388,23.82755],[83.67379,23.82765],[83.67231,23.82765],[83.67036,23.82736],[83.66922,23.82703],[83.66874,23.82703],[83.66818,23.82712],[83.6676,23.82741],[83.66756,23.82751],[83.6666,23.82784],[83.66579,23.82779],[83.6641,23.82861],[83.66339,23.82918],[83.66317,23.8295],[83.66316,23.83132],[83.66332,23.83164],[83.6637,23.83222],[83.66446,23.83269],[83.6647,23.83274],[83.66527,23.83307],[83.66608,23.83379],[83.66646,23.83417],[83.66646,23.83441],[83.6667,23.83479],[83.66679,23.83488],[83.6676,23.83517],[83.66793,23.83545],[83.66827,23.83602],[83.66822,23.83798],[83.66803,23.83826],[83.6675,23.83859],[83.66737,23.83883],[83.66722,23.83893],[83.66675,23.84007],[83.66675,23.84097],[83.66712,23.84278],[83.66712,23.84349],[83.66703,23.84378],[83.6665,23.84469],[83.66628,23.84547],[83.66595,23.8458],[83.66514,23.84616],[83.66425,23.84678],[83.66401,23.84687],[83.66351,23.84687],[83.66309,23.84702],[83.66238,23.84755],[83.66187,23.84821],[83.66089,23.84883],[83.66026,23.84907],[83.65967,23.84916],[83.65884,23.8494],[83.65714,23.85008],[83.65663,23.85014],[83.65485,23.85011],[83.65363,23.8499],[83.65116,23.84902],[83.65041,23.8486],[83.64916,23.84835],[83.64791,23.84778],[83.64759,23.84749],[83.64659,23.8471],[83.64495,23.84703],[83.64324,23.84667],[83.64245,23.84667],[83.64121,23.84699],[83.64038,23.84742],[83.63999,23.84774],[83.63953,23.84792],[83.6391,23.84799],[83.63746,23.84799],[83.6361,23.84845],[83.63517,23.84888],[83.63217,23.85002],[83.63071,23.85084],[83.62985,23.85077],[83.62953,23.85056],[83.62936,23.85052],[83.62868,23.85056],[83.62814,23.85081],[83.62675,23.8517],[83.62525,23.85181],[83.62432,23.85209],[83.62083,23.85377],[83.61904,23.85481],[83.61858,23.85495],[83.61747,23.85509],[83.61547,23.85506],[83.61375,23.85463],[83.61269,23.85445],[83.6114,23.85406],[83.61011,23.85406],[83.60944,23.85416],[83.60887,23.85463],[83.60858,23.85498],[83.60698,23.85609],[83.60658,23.85614],[83.60584,23.85656],[83.60503,23.85674],[83.60423,23.85718],[83.60245,23.85724],[83.60099,23.85763],[83.6001,23.85814],[83.59864,23.85933],[83.59795,23.85965],[83.59679,23.85989],[83.59477,23.86007],[83.59403,23.86034],[83.59338,23.86072],[83.59248,23.86168],[83.59206,23.86194],[83.59159,23.86209],[83.59043,23.86221],[83.58918,23.86263],[83.58865,23.86293],[83.58826,23.86334],[83.58802,23.86373],[83.58736,23.864],[83.58606,23.86408],[83.58344,23.86379],[83.58157,23.86373],[83.58005,23.86352],[83.57925,23.86322],[83.57836,23.86276],[83.57811,23.86234],[83.57643,23.8615],[83.57472,23.86123],[83.57319,23.86085],[83.57201,23.86088],[83.57102,23.86128],[83.56989,23.86265],[83.56987,23.86278],[83.56954,23.8631],[83.56844,23.86462],[83.56799,23.86587],[83.56799,23.86638],[83.56815,23.86703],[83.56835,23.8675],[83.56871,23.8681],[83.56918,23.86855],[83.56962,23.86947],[83.56969,23.86947],[83.56976,23.86975],[83.57004,23.87018],[83.57019,23.87025],[83.57026,23.87047],[83.57147,23.87118],[83.57169,23.87147],[83.57226,23.87197],[83.57318,23.87232],[83.57483,23.87254],[83.57818,23.87425],[83.57896,23.87432],[83.5794,23.87446],[83.58039,23.87461],[83.58161,23.87461],[83.58218,23.87475],[83.58211,23.87532],[83.58204,23.87532],[83.58175,23.87611],[83.58175,23.87632],[83.58196,23.87675],[83.58275,23.87725],[83.58332,23.87732],[83.58361,23.87753],[83.58425,23.87782],[83.58453,23.87803],[83.58482,23.87853],[83.58482,23.87989],[83.58575,23.88403],[83.58575,23.88496],[83.58617,23.88574],[83.58617,23.88653],[83.58611,23.88653],[83.58604,23.88696],[83.58575,23.88746],[83.58539,23.88774],[83.58453,23.88803],[83.58453,23.8881],[83.58432,23.88824],[83.58425,23.88845],[83.58411,23.88853],[83.58339,23.88938],[83.58332,23.8896],[83.58283,23.89003],[83.58211,23.89031],[83.58139,23.89088],[83.58061,23.89124],[83.57968,23.89181],[83.5794,23.89188],[83.57826,23.89245],[83.57783,23.89274],[83.5774,23.89281],[83.57604,23.89331],[83.57483,23.89352],[83.57333,23.8936],[83.57269,23.89388],[83.57197,23.89438],[83.57183,23.89438],[83.57162,23.89452],[83.57026,23.89452],[83.57004,23.89445],[83.56869,23.89438],[83.56769,23.89367],[83.56619,23.89367],[83.56605,23.8936],[83.56541,23.8936],[83.56384,23.89281],[83.56355,23.89245],[83.56276,23.89245],[83.56262,23.89253],[83.56233,23.89253],[83.56205,23.89267],[83.56184,23.89267],[83.56112,23.89302],[83.56012,23.89331],[83.55933,23.89331],[83.55927,23.89338],[83.55884,23.89338],[83.55869,23.89345],[83.55755,23.89345],[83.55712,23.89352],[83.5562,23.89417],[83.5557,23.89417],[83.55541,23.89424],[83.55477,23.89459],[83.55441,23.89495],[83.5537,23.89602],[83.55273,23.89872],[83.55255,23.89902],[83.55255,23.89924],[83.55241,23.89938],[83.55184,23.90059],[83.55184,23.90209],[83.55134,23.90359],[83.55084,23.90452],[83.55077,23.90487],[83.55056,23.90509],[83.55056,23.90523],[83.55042,23.9053],[83.55027,23.90566],[83.5502,23.90687],[83.54963,23.90844],[83.54956,23.90844],[83.54934,23.9088],[83.54927,23.9088],[83.54891,23.90987],[83.54856,23.91044],[83.54778,23.91123],[83.54756,23.9113],[83.54756,23.91137],[83.54727,23.91144],[83.54678,23.91208],[83.54678,23.9133],[83.54691,23.91401],[83.54727,23.91515],[83.54727,23.91808],[83.54734,23.91808],[83.54734,23.91837],[83.54742,23.91844],[83.54748,23.91915],[83.54791,23.91978],[83.54791,23.92058],[83.54831,23.92121],[83.54756,23.92186],[83.54756,23.92265],[83.54748,23.92279],[83.54742,23.924],[83.5477,23.92508],[83.54791,23.92536],[83.54849,23.92579],[83.54863,23.92658],[83.54863,23.92757],[83.54827,23.92822],[83.54806,23.92879],[83.548,23.93216],[83.54842,23.93323],[83.54874,23.93373],[83.54839,23.93487],[83.54746,23.93619],[83.54735,23.93708],[83.54643,23.93769],[83.54571,23.9388],[83.54524,23.93969],[83.54456,23.94029],[83.54378,23.94062],[83.54275,23.94129],[83.54243,23.94158],[83.54085,23.94347],[83.54075,23.94369],[83.54075,23.94536],[83.54028,23.94565],[83.53871,23.94618],[83.53828,23.94643],[83.53754,23.94768],[83.537,23.94882],[83.53664,23.94925],[83.5365,23.94982],[83.5365,23.9505],[83.53603,23.95125],[83.53522,23.95182],[83.53436,23.95304],[83.53354,23.95371],[83.53311,23.95443],[83.53211,23.95525],[83.53125,23.95625],[83.53011,23.95686],[83.52897,23.95725],[83.52782,23.95775],[83.52697,23.95825],[83.52629,23.95875],[83.52601,23.95918],[83.52537,23.96139],[83.52529,23.96403],[83.52515,23.96467],[83.52493,23.96524],[83.52432,23.96584],[83.52432,23.96595],[83.5242,23.96607],[83.52349,23.96816],[83.522,23.97172],[83.522,23.97196],[83.52129,23.97244],[83.52075,23.97262],[83.52034,23.97297],[83.5198,23.97398],[83.51968,23.97452],[83.51956,23.9747],[83.51932,23.97553],[83.51915,23.97583],[83.51897,23.97607],[83.51796,23.97672],[83.51743,23.97726],[83.51748,23.97862],[83.51713,23.97898],[83.51647,23.9794],[83.51605,23.98053],[83.51611,23.98059],[83.51617,23.98136],[83.51617,23.98219],[83.51605,23.98267],[83.51605,23.98362],[83.51623,23.98439],[83.51623,23.98713],[83.51641,23.98773],[83.51641,23.98945],[83.51623,23.99028],[83.51588,23.99064],[83.5154,23.99142],[83.51505,23.99165],[83.51433,23.99171],[83.51377,23.99253],[83.51361,23.99365],[83.51364,23.99519],[83.51382,23.99647],[83.51486,23.99789],[83.51518,23.99796],[83.51553,23.99825],[83.51578,23.99875],[83.51636,23.99946],[83.51646,23.99999],[83.51704,24.00033],[83.5174,24.00045],[83.51747,24.00105],[83.51823,24.00114],[83.52,24.00221],[83.52035,24.00271],[83.52064,24.00352],[83.52064,24.00364],[83.52049,24.00383],[83.52047,24.00416],[83.52066,24.00426],[83.52197,24.00426],[83.52228,24.0044],[83.52259,24.00478],[83.52273,24.00516],[83.52266,24.00564],[83.52247,24.00602],[83.52214,24.0064],[83.52173,24.00714],[83.52162,24.00748],[83.52202,24.00907],[83.52303,24.01095],[83.52311,24.01252],[83.52235,24.01389],[83.52189,24.01502],[83.52107,24.01576],[83.51927,24.01846],[83.51787,24.02032],[83.51679,24.02154],[83.51533,24.02301],[83.51505,24.0235],[83.51508,24.02506],[83.51541,24.02574],[83.51546,24.02609],[83.51529,24.02696],[83.51496,24.02711],[83.51494,24.02741],[83.51475,24.02761],[83.51366,24.02839],[83.51276,24.02883],[83.51211,24.02898],[83.51065,24.02963],[83.51006,24.03023],[83.50878,24.03097],[83.50756,24.03133],[83.50717,24.03136],[83.50567,24.032],[83.50524,24.03207],[83.50424,24.03207],[83.50364,24.03196],[83.50336,24.03182],[83.50252,24.03183],[83.50179,24.03197],[83.50014,24.03265],[83.49866,24.03358],[83.49697,24.03409],[83.4965,24.03447],[83.49639,24.03478],[83.49618,24.03493],[83.49547,24.03521],[83.49411,24.03607],[83.49239,24.03685],[83.49069,24.03792],[83.49004,24.03821],[83.48854,24.03864],[83.48769,24.03871],[83.48511,24.03871],[83.4839,24.03907],[83.48354,24.03928],[83.48326,24.03935],[83.48326,24.03942],[83.48283,24.03957],[83.48254,24.03978],[83.48048,24.04071],[83.47891,24.04107],[83.47655,24.04135],[83.47527,24.04164],[83.47483,24.04164],[83.47476,24.04171],[83.47348,24.04185],[83.4623,24.04178],[83.4612,24.04124],[83.45973,24.04139],[83.4585,24.04138],[83.45667,24.04149],[83.45405,24.04177],[83.4528,24.04257],[83.45161,24.04296],[83.45079,24.04338],[83.45037,24.04427],[83.45008,24.04647],[83.44977,24.04709],[83.44916,24.04802],[83.44843,24.04884],[83.44749,24.04941],[83.44671,24.05056],[83.44607,24.05113],[83.44578,24.05156],[83.44435,24.05313],[83.44328,24.05399],[83.4415,24.05484],[83.44107,24.05527],[83.44093,24.05556],[83.44078,24.05563],[83.44022,24.05641],[83.43909,24.0571],[83.43852,24.0579],[83.43838,24.05846],[83.43783,24.05884],[83.43707,24.0604],[83.43697,24.06174],[83.43642,24.06344],[83.4364,24.06385],[83.43657,24.06467],[83.43699,24.06555],[83.4376,24.06563],[83.43793,24.06605],[83.43814,24.06605],[83.43814,24.06612],[83.4385,24.06626],[83.43929,24.06691],[83.43957,24.06776],[83.43957,24.06898],[83.4395,24.06976],[83.43943,24.06981],[83.43914,24.07097],[83.43914,24.07155],[83.43893,24.07262],[83.43907,24.0744],[83.439,24.07747],[83.43893,24.07747],[83.43886,24.07768],[83.43886,24.07797],[83.4385,24.07911],[83.4385,24.07961],[83.43843,24.07968],[83.43829,24.08054],[83.4376,24.08152],[83.43697,24.08275],[83.43688,24.0828],[83.43607,24.08475],[83.43546,24.08537],[83.43441,24.08599],[83.43379,24.08613],[83.43198,24.08623],[83.42908,24.08623],[83.4278,24.08594],[83.42646,24.08594],[83.42565,24.08561],[83.42536,24.08523],[83.42527,24.08494],[83.42503,24.08471],[83.42355,24.08466],[83.42332,24.08456],[83.42199,24.08352],[83.42118,24.08342],[83.41989,24.08313],[83.41913,24.08309],[83.41847,24.0828],[83.41832,24.0828],[83.41827,24.08271],[83.41699,24.08213],[83.41618,24.08199],[83.41472,24.08194],[83.41407,24.08176],[83.41272,24.08116],[83.41019,24.08087],[83.40933,24.08084],[83.40865,24.08096],[83.40694,24.08087],[83.40541,24.08091],[83.40477,24.08103],[83.40457,24.08123],[83.40453,24.08148],[83.40488,24.082],[83.40493,24.08221],[83.40473,24.08249],[83.40438,24.08269],[83.40426,24.08313],[83.40396,24.08322],[83.40377,24.08354],[83.40378,24.08389],[83.40406,24.08414],[83.40416,24.08432],[83.40408,24.08462],[83.40322,24.0861],[83.40273,24.08658],[83.40229,24.0872],[83.40203,24.08798],[83.40175,24.0895],[83.40106,24.09067],[83.40072,24.09208],[83.4004,24.09262],[83.39982,24.09326],[83.39867,24.0944],[83.39825,24.09457],[83.39745,24.0946],[83.39609,24.09493],[83.39486,24.09574],[83.39372,24.096],[83.39135,24.09727],[83.39059,24.09757],[83.39007,24.0981],[83.38792,24.09903],[83.38603,24.09921],[83.38465,24.09916],[83.38275,24.09951],[83.37878,24.10034],[83.37857,24.10045],[83.37724,24.10062],[83.37524,24.10112],[83.374,24.10134],[83.37354,24.10155],[83.37282,24.10173],[83.37196,24.10173],[83.37054,24.10216],[83.37011,24.10234],[83.36968,24.10262],[83.36926,24.10262],[83.36886,24.10244],[83.36786,24.10244],[83.36747,24.10262],[83.36732,24.10277],[83.36711,24.10277],[83.3669,24.10248],[83.36643,24.10248],[83.36618,24.10252],[83.36561,24.10284],[83.36458,24.10291],[83.36372,24.10262],[83.36333,24.10237],[83.36276,24.10219],[83.3619,24.10216],[83.36094,24.10166],[83.36005,24.10137],[83.35912,24.10119],[83.3584,24.1008],[83.35761,24.10073],[83.3569,24.1008],[83.35644,24.10045],[83.35605,24.10041],[83.35584,24.1003],[83.35576,24.10002],[83.35555,24.0997],[83.3549,24.09927],[83.35412,24.09884],[83.35358,24.09866],[83.35219,24.09791],[83.35176,24.09738],[83.35169,24.09688],[83.351,24.09618],[83.35083,24.0961],[83.34979,24.09609],[83.34824,24.09632],[83.34765,24.09666],[83.3475,24.09688],[83.34712,24.09707],[83.34661,24.09716],[83.34543,24.09715],[83.345,24.09722],[83.34408,24.0976],[83.34342,24.0977],[83.34298,24.09788],[83.34202,24.09798],[83.34148,24.09813],[83.34148,24.0982],[83.34091,24.0982],[83.34067,24.09809],[83.33853,24.09824],[83.33727,24.0988],[83.33634,24.09909],[83.3357,24.09938],[83.3347,24.09956],[83.33399,24.09981],[83.3336,24.10003],[83.33263,24.10035],[83.33194,24.10081],[83.33095,24.1012],[83.32816,24.10171],[83.32796,24.10191]]}},{"type":"Feature","properties":{"kind":"state","name":"Chhattisgarh–Jharkhand","src":"OSM relations 1960191 and 1972004"},"geometry":{"type":"LineString","coordinates":[[83.32796,24.10191],[83.32811,24.10205]]}},{"type":"Feature","properties":{"kind":"state","name":"Chhattisgarh–Madhya Pradesh","src":"OSM relations 1950071 and 1972004"},"geometry":{"type":"LineString","coordinates":[[82.81261,23.95987],[82.81068,23.95982],[82.80891,23.96013],[82.80767,23.96003],[82.80559,23.95961],[82.80412,23.9597],[82.80335,23.95989],[82.80129,23.96097],[82.801,23.96096],[82.80074,23.9608],[82.80047,23.96009],[82.80008,23.95747],[82.79888,23.95461],[82.79864,23.95333],[82.79864,23.95119],[82.79837,23.95081],[82.79783,23.95043],[82.7961,23.94997],[82.79533,23.94961],[82.79449,23.94849],[82.79002,23.946],[82.78698,23.94164],[82.78589,23.94089],[82.78352,23.93983],[82.78107,23.93836],[82.77824,23.93713],[82.77662,23.93667],[82.77506,23.93653],[82.77034,23.93699],[82.766,23.93555],[82.76318,23.93477],[82.76201,23.93383],[82.759,23.93476],[82.75791,23.93473],[82.75703,23.93425],[82.75549,23.93381],[82.75446,23.93419],[82.75487,23.9328],[82.75563,23.93146],[82.75581,23.93035],[82.75567,23.92925],[82.75623,23.92626],[82.75609,23.92503],[82.75524,23.92418],[82.75499,23.92348],[82.75526,23.92171],[82.75441,23.92087],[82.75238,23.91979],[82.75069,23.91935],[82.74934,23.91934],[82.74809,23.91935],[82.74592,23.92004],[82.74491,23.92019],[82.74348,23.92006],[82.73415,23.91985],[82.73374,23.92005],[82.73381,23.92038],[82.73352,23.92109],[82.73334,23.92121],[82.72172,23.92157],[82.71979,23.92151],[82.71858,23.92124],[82.71677,23.92141],[82.715,23.92139],[82.71085,23.92368],[82.70991,23.9239],[82.70709,23.92423],[82.70351,23.92449],[82.70108,23.92164],[82.69803,23.91992],[82.69728,23.91961],[82.69342,23.9202],[82.69251,23.91583],[82.69121,23.91318],[82.68936,23.9121],[82.68912,23.91028],[82.68888,23.9098],[82.68817,23.90962],[82.68772,23.90976],[82.68674,23.90965],[82.68512,23.90971],[82.6834,23.90929],[82.68188,23.90843],[82.68058,23.90715],[82.67992,23.90735],[82.6787,23.90841],[82.67768,23.90897],[82.67691,23.9093],[82.67638,23.90925],[82.67604,23.90913],[82.67573,23.90877],[82.6754,23.90745],[82.67466,23.90674],[82.67316,23.90609],[82.67178,23.90601],[82.67115,23.90579],[82.67061,23.9058],[82.67009,23.90596],[82.66949,23.90636],[82.66897,23.90692],[82.66839,23.90723],[82.66514,23.90731],[82.66387,23.90762],[82.66203,23.90783],[82.66159,23.90764],[82.6576,23.90254],[82.65259,23.89279],[82.652,23.89186],[82.65106,23.88948],[82.65123,23.88676],[82.6537,23.88454],[82.66141,23.87814],[82.66374,23.87718],[82.66406,23.87687],[82.66437,23.87621],[82.66441,23.87579],[82.66481,23.8753],[82.66545,23.8739],[82.66682,23.87281],[82.66903,23.87196]]}},{"type":"Feature","properties":{"kind":"state","name":"Chhattisgarh–Madhya Pradesh","src":"OSM relations 1950071 and 1972004","river":"25700","rlen":27},"geometry":{"type":"LineString","coordinates":[[82.66903,23.87196],[82.6692,23.87086],[82.66873,23.87011],[82.66764,23.86794],[82.66733,23.86752],[82.667,23.86733],[82.6665,23.86719],[82.66637,23.86701],[82.66632,23.8666],[82.66643,23.86605],[82.66638,23.86561],[82.66626,23.86542],[82.66527,23.86485],[82.66508,23.86454],[82.66499,23.86415],[82.66504,23.86188],[82.66488,23.86181],[82.66437,23.86186],[82.66358,23.86237],[82.66214,23.86289],[82.66123,23.8629],[82.66075,23.86267],[82.66045,23.86232],[82.66037,23.86055],[82.66057,23.85945],[82.66119,23.85803],[82.66174,23.85735],[82.66176,23.85707],[82.66166,23.85644],[82.66154,23.85616],[82.66014,23.85399],[82.65981,23.85388],[82.65921,23.85406],[82.65721,23.85407],[82.65645,23.85427],[82.65503,23.85423],[82.6527,23.85481],[82.65223,23.85501],[82.65139,23.85509],[82.65026,23.85561],[82.65012,23.85571],[82.65008,23.85589],[82.65024,23.85625],[82.65061,23.85654],[82.65136,23.85686],[82.65183,23.85689],[82.65289,23.85661],[82.65304,23.85685],[82.65304,23.85773],[82.65288,23.85812],[82.6525,23.85835],[82.65126,23.85805],[82.65017,23.85887],[82.65026,23.85982],[82.65023,23.8601],[82.65015,23.86021],[82.64987,23.86028],[82.64958,23.8602],[82.64868,23.85937],[82.64786,23.85887],[82.64707,23.85879],[82.64675,23.85863],[82.64658,23.85823],[82.64658,23.85797],[82.64725,23.85543],[82.64722,23.85511],[82.6469,23.85495],[82.6451,23.85514],[82.64495,23.85506],[82.64491,23.85494],[82.64501,23.85471],[82.64555,23.85423],[82.64661,23.85365],[82.64696,23.85335],[82.64718,23.85299],[82.64716,23.85249],[82.64642,23.85176],[82.64605,23.85069],[82.6461,23.85046],[82.64633,23.85017],[82.6465,23.85008],[82.64676,23.85009],[82.64682,23.85001],[82.64704,23.8493],[82.64702,23.84911],[82.64686,23.84885],[82.64652,23.84856],[82.64632,23.84848],[82.6456,23.84838],[82.64531,23.84841],[82.64426,23.84822],[82.6435,23.84827],[82.64336,23.84819],[82.64301,23.84764],[82.64275,23.84738],[82.64256,23.84733],[82.64242,23.84736],[82.64233,23.84748],[82.64208,23.84817],[82.64199,23.84834],[82.64185,23.84841],[82.64142,23.84846],[82.64022,23.84806],[82.63892,23.84893],[82.63835,23.84899],[82.63814,23.84884],[82.63805,23.84859],[82.63794,23.84749],[82.63768,23.8468],[82.63694,23.84594],[82.63683,23.84572],[82.63686,23.84506],[82.63733,23.84391],[82.63921,23.84286],[82.63943,23.84239],[82.63926,23.84209],[82.63878,23.84167],[82.63762,23.84027],[82.63661,23.83919],[82.6359,23.83861],[82.63546,23.83742]]}},{"type":"Feature","properties":{"kind":"state","name":"Chhattisgarh–Madhya Pradesh","src":"OSM relations 1950071 and 1972004"},"geometry":{"type":"LineString","coordinates":[[82.63546,23.83742],[82.63325,23.83811],[82.63053,23.83883],[82.62954,23.83879],[82.62741,23.83782],[82.62472,23.83752],[82.61859,23.83597],[82.61771,23.83608],[82.61516,23.83568],[82.60756,23.83329],[82.60444,23.83216],[82.60193,23.82997],[82.59995,23.82653],[82.5957,23.82427],[82.59082,23.82208],[82.58862,23.82144],[82.58361,23.82071],[82.58326,23.82099],[82.58181,23.82301],[82.57922,23.82241],[82.57776,23.82423],[82.5732,23.82406],[82.56937,23.8203],[82.56476,23.82074],[82.56322,23.82285],[82.56137,23.82317],[82.55566,23.82551],[82.55483,23.82535],[82.55425,23.8262],[82.55175,23.82587],[82.54911,23.82579],[82.54674,23.82619],[82.54771,23.82276],[82.54749,23.82255],[82.54639,23.82235],[82.54406,23.82282],[82.53934,23.82306],[82.53769,23.82273],[82.53307,23.82215],[82.53355,23.82023],[82.53484,23.82057],[82.53654,23.82019],[82.53834,23.8202],[82.53949,23.81899],[82.53954,23.8184],[82.53918,23.81716],[82.5388,23.81637],[82.54263,23.81358],[82.54713,23.8098],[82.54844,23.80855],[82.54982,23.80391],[82.55043,23.79798],[82.55037,23.79619],[82.55073,23.79343],[82.55147,23.79064],[82.54788,23.79072],[82.547,23.79174],[82.54357,23.79136],[82.5428,23.7923],[82.54181,23.79149],[82.53982,23.79321],[82.53813,23.79425],[82.53549,23.7908],[82.53478,23.7903],[82.53101,23.78903],[82.52974,23.78816],[82.5285,23.78709],[82.52812,23.78628],[82.52534,23.78409],[82.52446,23.78374],[82.5234,23.78368],[82.51773,23.78431],[82.51531,23.78446],[82.51097,23.78602],[82.51039,23.78602],[82.50869,23.78558],[82.50634,23.78478],[82.50072,23.78562],[82.49799,23.78562],[82.4974,23.7849],[82.49659,23.78554],[82.49609,23.78578],[82.49561,23.78649],[82.49467,23.78684],[82.49354,23.78698],[82.49309,23.78716],[82.49201,23.78796],[82.49048,23.78873],[82.48893,23.78995],[82.48849,23.79084],[82.48802,23.7928],[82.48816,23.79293],[82.48802,23.79336],[82.48752,23.79393],[82.48663,23.79464],[82.48592,23.79547],[82.48514,23.79671],[82.48463,23.79722],[82.48465,23.79776],[82.48426,23.79838],[82.48402,23.79908],[82.48397,23.79965],[82.48418,23.80035],[82.48271,23.80197],[82.4823,23.80214],[82.48195,23.80214],[82.48036,23.8018],[82.47999,23.80183],[82.47957,23.80201],[82.47919,23.80246],[82.47911,23.80303],[82.47932,23.8055],[82.47906,23.80595],[82.4786,23.8061],[82.47703,23.80622],[82.47411,23.80745],[82.4736,23.80773],[82.4725,23.80883],[82.47127,23.81029],[82.47085,23.81058],[82.46926,23.81106],[82.46496,23.81048],[82.46115,23.81141],[82.45864,23.81176],[82.45686,23.81187],[82.45378,23.81155],[82.45298,23.81128],[82.45221,23.81075],[82.45089,23.80955],[82.45021,23.80919],[82.44992,23.80858],[82.44943,23.80684],[82.44691,23.80455],[82.44499,23.80398],[82.44256,23.80368],[82.44141,23.80397],[82.44125,23.80388],[82.44065,23.80279],[82.43956,23.80308],[82.4379,23.80374],[82.43673,23.80301],[82.43599,23.80264],[82.43574,23.80262],[82.43558,23.80303],[82.43563,23.80398],[82.4354,23.80437],[82.43483,23.80486],[82.43431,23.805],[82.43294,23.80492],[82.43159,23.80446],[82.42947,23.80484],[82.42777,23.8048],[82.4242,23.80444],[82.42326,23.80459],[82.42158,23.80436],[82.42018,23.80436],[82.41623,23.80399],[82.41438,23.80336],[82.41029,23.80278],[82.40848,23.8024],[82.40736,23.80202],[82.40613,23.80182],[82.40417,23.80204],[82.39861,23.80032],[82.39348,23.7999],[82.3932,23.79994],[82.39303,23.80042],[82.39287,23.80324],[82.39272,23.80348],[82.39062,23.8052],[82.3852,23.80757],[82.38058,23.80985],[82.37697,23.81104],[82.37605,23.81092],[82.37552,23.81068],[82.37471,23.81056],[82.37418,23.81008],[82.37358,23.81038],[82.37295,23.81035],[82.37048,23.80936],[82.36924,23.80905],[82.36669,23.80923],[82.3654,23.80979],[82.36405,23.80994],[82.36355,23.80847],[82.36352,23.80803],[82.36198,23.80782],[82.36041,23.80728],[82.35942,23.80671],[82.3587,23.80605],[82.35731,23.80522],[82.35265,23.80353],[82.35126,23.80373],[82.34691,23.80497],[82.3453,23.80567],[82.34437,23.80628],[82.34268,23.80711],[82.34237,23.80738],[82.34174,23.8085],[82.33947,23.80862],[82.33858,23.80839],[82.33835,23.8069],[82.33735,23.80468],[82.33682,23.80392],[82.3352,23.80279],[82.33466,23.80255],[82.33442,23.80258],[82.33431,23.80274],[82.33398,23.80415],[82.33086,23.80616],[82.3275,23.80774],[82.31874,23.81058],[82.31822,23.81091],[82.3175,23.81176],[82.31357,23.81085],[82.31152,23.8102],[82.30895,23.81107],[82.30578,23.81172],[82.30549,23.81103],[82.30516,23.80948],[82.30611,23.80775]]}},{"type":"Feature","properties":{"kind":"state","name":"Chhattisgarh–Madhya Pradesh","src":"OSM relations 1950071 and 1972004","river":"24115","rlen":255},"geometry":{"type":"LineString","coordinates":[[82.30611,23.80775],[82.30577,23.80758],[82.30356,23.80734],[82.30296,23.80714],[82.30175,23.8064],[82.30089,23.80606],[82.30005,23.80595],[82.29883,23.80611],[82.29601,23.80722],[82.29484,23.80757],[82.29152,23.80892],[82.28967,23.81012],[82.28904,23.81084],[82.28722,23.81239],[82.28404,23.81446],[82.28355,23.815],[82.28324,23.8152],[82.28224,23.81561],[82.28098,23.81607],[82.27913,23.81659],[82.27396,23.81692],[82.27154,23.81687],[82.27103,23.81742],[82.27029,23.81772],[82.26714,23.81808],[82.26626,23.81845],[82.26231,23.82074],[82.26062,23.82125],[82.25982,23.82128],[82.25879,23.82124],[82.25833,23.82099],[82.25794,23.82031],[82.25716,23.81937],[82.25651,23.81881],[82.25425,23.8172],[82.25374,23.81707],[82.25292,23.81703],[82.25106,23.81638],[82.2503,23.81598],[82.24965,23.81534],[82.24811,23.81351],[82.24619,23.8119],[82.24452,23.80975],[82.24274,23.80855],[82.24215,23.80805],[82.23821,23.80544],[82.23685,23.80472],[82.23554,23.8046],[82.23151,23.80511],[82.22961,23.80624],[82.2288,23.80654],[82.22811,23.80698],[82.22758,23.80781],[82.22714,23.80884],[82.22641,23.81025],[82.22601,23.81129],[82.22563,23.81373],[82.22571,23.81429],[82.22615,23.81538],[82.22634,23.81617],[82.22636,23.81918],[82.22613,23.82037],[82.22581,23.82088],[82.22532,23.82106],[82.22401,23.82102],[82.2213,23.8213],[82.21993,23.8219],[82.2184,23.82241],[82.21677,23.82307],[82.21344,23.82393],[82.21227,23.82444],[82.21021,23.82515],[82.20668,23.82662],[82.20645,23.82682],[82.20596,23.82759],[82.20572,23.82815],[82.20549,23.82896],[82.20546,23.82983],[82.20549,23.83025],[82.20585,23.83123],[82.20627,23.83302],[82.2069,23.83415],[82.20726,23.83454],[82.20826,23.83531],[82.20896,23.83547],[82.21043,23.83538],[82.21096,23.83545],[82.2115,23.83566],[82.21205,23.83605],[82.21344,23.83795],[82.21406,23.83909],[82.2146,23.84022],[82.21512,23.84177],[82.21534,23.84277],[82.21527,23.84445],[82.21488,23.84607],[82.21468,23.84652],[82.2124,23.84926],[82.21135,23.85068],[82.21124,23.85104]]}},{"type":"Feature","properties":{"kind":"state","name":"Chhattisgarh–Madhya Pradesh","src":"OSM relations 1950071 and 1972004"},"geometry":{"type":"LineString","coordinates":[[82.21124,23.85104],[82.2089,23.85053],[82.20845,23.85035],[82.20832,23.85053]]}},{"type":"Feature","properties":{"kind":"state","name":"Chhattisgarh–Madhya Pradesh","src":"OSM relations 1950071 and 1972004","river":"29562","rlen":64},"geometry":{"type":"LineString","coordinates":[[82.20832,23.85053],[82.20623,23.84919],[82.206,23.84911],[82.20436,23.84907],[82.20261,23.84933],[82.20226,23.84926],[82.20205,23.84912],[82.20113,23.84804],[82.20045,23.84651],[82.19954,23.84581],[82.1992,23.84541],[82.1985,23.84299],[82.1981,23.84218],[82.19784,23.84179],[82.19745,23.8414],[82.1971,23.84128],[82.19633,23.8413],[82.19582,23.84162],[82.19546,23.84172],[82.19482,23.84158],[82.19439,23.84159],[82.19248,23.84237],[82.19055,23.8428],[82.18945,23.84328],[82.18857,23.84327],[82.1879,23.84286],[82.18749,23.84226],[82.18719,23.84109],[82.18715,23.84023],[82.18705,23.8399],[82.18665,23.83931],[82.18604,23.83893],[82.18441,23.83824],[82.18205,23.8377],[82.18121,23.8372],[82.18067,23.8366],[82.1801,23.83513],[82.1796,23.83204],[82.17891,23.82682],[82.17858,23.82514],[82.1783,23.82309],[82.17823,23.82181],[82.17787,23.82066],[82.17772,23.81955]]}},{"type":"Feature","properties":{"kind":"state","name":"Chhattisgarh–Madhya Pradesh","src":"OSM relations 1950071 and 1972004"},"geometry":{"type":"LineString","coordinates":[[82.17772,23.81955],[82.17546,23.8198],[82.17433,23.8193],[82.17334,23.81911],[82.17199,23.8184],[82.17146,23.81824],[82.16785,23.8192],[82.16523,23.81947],[82.16501,23.81981],[82.16383,23.82068],[82.15986,23.81996],[82.15744,23.81872],[82.15616,23.81821],[82.15228,23.81717],[82.15041,23.81673],[82.14876,23.81689],[82.14589,23.81544],[82.14555,23.81542],[82.14478,23.81611],[82.14436,23.81623],[82.14309,23.81562],[82.14206,23.81555],[82.14172,23.81689],[82.13906,23.81675],[82.13856,23.81684],[82.13711,23.81825],[82.13532,23.81763],[82.1319,23.81873],[82.12929,23.81904],[82.12785,23.8205],[82.12614,23.82096],[82.12384,23.822],[82.12337,23.82205],[82.12267,23.82108],[82.12112,23.81939],[82.11659,23.81701],[82.11556,23.81688],[82.11394,23.81738],[82.11273,23.81699],[82.11167,23.81696],[82.11049,23.81761],[82.10745,23.81855],[82.10665,23.81868],[82.10452,23.81718],[82.10157,23.81694],[82.1004,23.81633],[82.0975,23.816],[82.09544,23.81553],[82.09449,23.81656],[82.09418,23.81668],[82.09257,23.81614],[82.09114,23.81596],[82.09047,23.81553],[82.08728,23.81562],[82.086,23.81648],[82.08488,23.81617],[82.08327,23.81542],[82.08141,23.81648],[82.08076,23.81726],[82.07929,23.81808],[82.07764,23.81864],[82.07617,23.8183],[82.07389,23.81743],[82.07233,23.81704],[82.07197,23.81707],[82.06901,23.81817],[82.06747,23.81744],[82.06686,23.81737],[82.06408,23.81814],[82.06173,23.81916],[82.05899,23.81901],[82.05691,23.81934],[82.05358,23.81838],[82.05329,23.81844],[82.05236,23.82002],[82.05244,23.82165],[82.05167,23.82177],[82.04974,23.82257],[82.04924,23.82422],[82.04589,23.82414],[82.0438,23.8256],[82.04332,23.8257],[82.04147,23.82514],[82.04098,23.82525],[82.03842,23.82684],[82.03932,23.82854],[82.03876,23.83313],[82.04087,23.83292],[82.04127,23.83688],[82.04405,23.83884],[82.04462,23.84043],[82.04469,23.84095],[82.04418,23.84165],[82.04363,23.84203],[82.04054,23.84276],[82.038,23.84452],[82.03654,23.84485],[82.03526,23.8461],[82.03475,23.84641],[82.03219,23.84712],[82.02687,23.84787],[82.02609,23.84843],[82.02558,23.84853],[82.02176,23.84854],[82.02125,23.84866],[82.02047,23.84907],[82.01745,23.85096],[82.01692,23.85382],[82.01423,23.85573],[82.01258,23.85613],[82.0092,23.86076],[82.00881,23.86108],[82.00698,23.86156],[82.00283,23.86122],[82.00093,23.86218],[81.99928,23.86157],[81.99823,23.86171],[81.99665,23.86167],[81.9956,23.86352]]}},{"type":"Feature","properties":{"kind":"state","name":"Chhattisgarh–Madhya Pradesh","src":"OSM relations 1950071 and 1972004","river":"26715","rlen":49},"geometry":{"type":"LineString","coordinates":[[81.9956,23.86352],[81.99447,23.86345],[81.99312,23.86222],[81.99063,23.86114],[81.98917,23.86083],[81.98869,23.8609],[81.98823,23.86104],[81.98735,23.8616],[81.98678,23.8618],[81.98614,23.86185],[81.98522,23.86174],[81.98201,23.86112],[81.98145,23.86089],[81.9796,23.85771],[81.97905,23.85715],[81.97754,23.85645],[81.97675,23.85621],[81.97572,23.85615],[81.97527,23.85622],[81.97481,23.85649],[81.97426,23.85698],[81.97343,23.85735],[81.9722,23.85776],[81.97157,23.85775],[81.96957,23.85737],[81.96815,23.85705],[81.96519,23.85608],[81.96491,23.85583],[81.96477,23.85554],[81.9646,23.85446],[81.96442,23.85411],[81.96415,23.85384],[81.9639,23.85373],[81.96328,23.85369],[81.96266,23.85395],[81.96226,23.8543],[81.96196,23.85483],[81.96156,23.85535],[81.96096,23.85584],[81.96034,23.85591],[81.96017,23.85586],[81.95981,23.85551],[81.9597,23.8547],[81.95978,23.85382],[81.95973,23.85351],[81.9592,23.85265],[81.95875,23.85245],[81.95778,23.85232],[81.95722,23.85239],[81.95651,23.85291],[81.95589,23.85352],[81.95577,23.8538],[81.95547,23.85401],[81.95498,23.85461],[81.95472,23.85669],[81.95455,23.85694],[81.95422,23.85718],[81.9536,23.8573],[81.95248,23.85723],[81.95178,23.857],[81.95029,23.8567],[81.94987,23.85668],[81.94922,23.85699],[81.949,23.85721],[81.94728,23.85822],[81.94591,23.85893],[81.9457,23.85912],[81.9457,23.85948],[81.94584,23.85963],[81.94638,23.85978],[81.94701,23.8601],[81.94717,23.86023],[81.9474,23.8607],[81.94721,23.8613],[81.94695,23.8618],[81.94664,23.86208],[81.94568,23.86225],[81.9416,23.86226],[81.94013,23.86211],[81.93948,23.86193],[81.93911,23.86198],[81.93877,23.86216],[81.93837,23.86246],[81.93809,23.86285],[81.93797,23.86325],[81.93797,23.8642],[81.93843,23.86454],[81.93966,23.86466],[81.94008,23.86498],[81.94033,23.86533],[81.94048,23.86562],[81.94052,23.86634],[81.94041,23.86681],[81.93997,23.86753],[81.93934,23.86784],[81.93678,23.86831],[81.93505,23.86893],[81.93436,23.86906],[81.93345,23.86908],[81.93285,23.86924],[81.93205,23.87005],[81.9312,23.87054],[81.93002,23.87061],[81.929,23.87046],[81.92664,23.87047],[81.92449,23.87036],[81.92351,23.8705],[81.92185,23.87051],[81.92112,23.87068],[81.91989,23.87067],[81.9196,23.87043],[81.91956,23.87024],[81.91971,23.86946],[81.92035,23.8686],[81.92043,23.86787],[81.92035,23.86741],[81.91919,23.86549],[81.91869,23.86476],[81.91823,23.86426],[81.918,23.86409],[81.91734,23.86389],[81.91691,23.86387]]}},{"type":"Feature","properties":{"kind":"state","name":"Chhattisgarh–Madhya Pradesh","src":"OSM relations 1950071 and 1972004"},"geometry":{"type":"LineString","coordinates":[[81.91691,23.86387],[81.91706,23.86184],[81.91642,23.86009],[81.91576,23.85893],[81.9154,23.85871],[81.91142,23.85744],[81.91044,23.85722],[81.91022,23.85617],[81.91029,23.85477],[81.9102,23.85419],[81.90866,23.85108],[81.90848,23.85084],[81.90781,23.85041],[81.90629,23.84992],[81.90654,23.84913],[81.90664,23.84758],[81.90635,23.84646],[81.90609,23.84606],[81.90455,23.84472],[81.90404,23.84464],[81.902,23.84486],[81.90131,23.84365],[81.90011,23.84193],[81.89903,23.84086],[81.89875,23.84073],[81.89787,23.84065],[81.89622,23.84076],[81.89223,23.84052],[81.89117,23.83906],[81.88917,23.8367],[81.88816,23.83555],[81.88785,23.83542],[81.88451,23.83547],[81.88179,23.83516],[81.877,23.83436],[81.87547,23.83431],[81.8721,23.83479],[81.87111,23.83473],[81.86771,23.83415],[81.86727,23.83175],[81.86647,23.82913],[81.86581,23.82803],[81.86482,23.82686],[81.86483,23.82493]]}},{"type":"Feature","properties":{"kind":"state","name":"Chhattisgarh–Madhya Pradesh","src":"OSM relations 1950071 and 1972004","river":"26651","rlen":50},"geometry":{"type":"LineString","coordinates":[[81.86483,23.82493],[81.86476,23.82493],[81.86261,23.82442],[81.86057,23.82445],[81.85986,23.82423],[81.85932,23.82397],[81.85913,23.8238],[81.85792,23.82323],[81.85734,23.82318],[81.85472,23.82315],[81.85416,23.82299],[81.85193,23.82346],[81.85113,23.82392],[81.85044,23.82388],[81.84935,23.82332],[81.8475,23.82212],[81.84524,23.82149],[81.84429,23.82136],[81.8433,23.82132],[81.84227,23.8216],[81.84118,23.82178],[81.83967,23.82162],[81.83846,23.82121],[81.83704,23.82062],[81.83634,23.81997],[81.83636,23.81952],[81.83702,23.81884],[81.8372,23.81838],[81.83724,23.81675],[81.83718,23.8165],[81.83673,23.81599],[81.83615,23.8157],[81.83512,23.81561],[81.83457,23.81562],[81.83315,23.81598],[81.83157,23.81594],[81.83023,23.8156],[81.82858,23.81494],[81.82782,23.81433],[81.82762,23.81399],[81.82745,23.81339],[81.82741,23.81228],[81.82778,23.81107],[81.82774,23.81058],[81.82746,23.81029],[81.82686,23.81014],[81.82668,23.81027],[81.82649,23.81065],[81.82617,23.81084],[81.82596,23.81086],[81.82542,23.8107],[81.82519,23.81046],[81.82452,23.80935],[81.82406,23.80811],[81.82308,23.80756],[81.82275,23.80747],[81.82189,23.80742],[81.82151,23.80744],[81.82067,23.80775],[81.82015,23.80782],[81.81888,23.80769],[81.81855,23.80754],[81.81769,23.80688],[81.81709,23.80631],[81.8166,23.80611],[81.81523,23.806],[81.81503,23.80612],[81.81485,23.80642],[81.814,23.80741],[81.81384,23.80784],[81.81285,23.80865],[81.81189,23.80929],[81.81133,23.80986],[81.81118,23.81025],[81.81118,23.81117],[81.81043,23.81279],[81.80962,23.81355],[81.80884,23.81385],[81.80791,23.814],[81.80733,23.8139],[81.80708,23.81331],[81.80682,23.81308],[81.80636,23.81308],[81.80571,23.81327],[81.80509,23.81332],[81.80427,23.81366],[81.80311,23.81396],[81.80174,23.81453],[81.80069,23.81466],[81.79974,23.81464],[81.79933,23.81452],[81.79896,23.81431],[81.79853,23.81423],[81.79714,23.8147],[81.79642,23.81487],[81.79544,23.81491],[81.7948,23.81468],[81.79435,23.81425],[81.79435,23.81405],[81.79463,23.81336],[81.79463,23.81253],[81.79386,23.81113],[81.79339,23.81049],[81.79322,23.80973],[81.79295,23.80934],[81.79175,23.80894],[81.79107,23.80889],[81.79094,23.80892],[81.7907,23.80936],[81.78974,23.80988],[81.78819,23.81006],[81.7875,23.81019],[81.78725,23.81031],[81.78707,23.81093],[81.78687,23.8111],[81.78562,23.81143],[81.78473,23.81234],[81.7843,23.81239],[81.78396,23.81261],[81.78368,23.81314],[81.78229,23.81393],[81.78114,23.81428],[81.77877,23.81412],[81.77848,23.81419],[81.77531,23.81568],[81.7741,23.81612],[81.77235,23.81648],[81.766,23.82085],[81.76525,23.82152],[81.76437,23.82191],[81.76237,23.82307],[81.7599,23.82566],[81.75868,23.82681],[81.75681,23.82832],[81.7541,23.83122],[81.75271,23.83198],[81.75171,23.83242],[81.74981,23.83287],[81.7483,23.83301],[81.7465,23.83396],[81.74508,23.83436],[81.74455,23.83439],[81.74335,23.83423],[81.74295,23.8341],[81.74225,23.83415],[81.7421,23.83426],[81.74173,23.83511],[81.74126,23.83556],[81.74088,23.83573],[81.73945,23.83731],[81.73861,23.83802],[81.73841,23.83831],[81.73782,23.83854],[81.73726,23.83908],[81.73653,23.83962],[81.73611,23.83975],[81.73489,23.83981],[81.73451,23.83994],[81.73388,23.84047],[81.73362,23.84083],[81.73349,23.84086],[81.72941,23.83965],[81.72817,23.83884],[81.72787,23.83883],[81.72722,23.83908],[81.7263,23.83954],[81.72566,23.83999],[81.72514,23.84066],[81.72482,23.84122],[81.72462,23.84174],[81.72472,23.84287],[81.72532,23.84527],[81.72589,23.84624],[81.72734,23.84761],[81.72821,23.84806],[81.72945,23.84851],[81.73028,23.84908],[81.73074,23.84989],[81.73118,23.85129],[81.7313,23.85452],[81.73221,23.85577],[81.73266,23.85653],[81.73266,23.85717],[81.73255,23.85743],[81.7314,23.85864],[81.72968,23.85958],[81.72871,23.85985],[81.7277,23.85998],[81.72698,23.85993],[81.72652,23.85976],[81.72439,23.85996],[81.72366,23.86023],[81.7227,23.86088],[81.72018,23.86219],[81.71836,23.86282],[81.71802,23.86285],[81.71551,23.86254],[81.71353,23.86168],[81.71265,23.86111],[81.71225,23.86075],[81.71151,23.86035],[81.71027,23.85995],[81.70963,23.85994],[81.70943,23.86002],[81.70895,23.86046],[81.70751,23.86146],[81.70726,23.86184],[81.70722,23.86216],[81.70728,23.86305],[81.7077,23.86598],[81.70896,23.86824],[81.70936,23.86858],[81.71013,23.86902],[81.71036,23.86944],[81.71036,23.87044],[81.70975,23.87126],[81.7097,23.87142],[81.70984,23.87213],[81.70981,23.87237],[81.70963,23.87269],[81.70811,23.87438],[81.70734,23.87482],[81.70625,23.87513],[81.70545,23.87515],[81.70453,23.87533],[81.70387,23.87581],[81.70372,23.87596],[81.70371,23.87616],[81.70398,23.87726],[81.70438,23.8778],[81.70702,23.88051],[81.70741,23.88114],[81.70755,23.88185],[81.70738,23.88246],[81.70666,23.8837],[81.70579,23.88474],[81.70406,23.88605],[81.70331,23.8863],[81.70237,23.8863],[81.70111,23.88587],[81.69868,23.8852],[81.69773,23.88478],[81.69718,23.88427],[81.69656,23.88407],[81.69327,23.88379],[81.69187,23.88374],[81.6909,23.88384],[81.69066,23.88405],[81.69006,23.88558],[81.68922,23.89009],[81.68881,23.89629],[81.68882,23.89864],[81.68912,23.90094],[81.68951,23.90228],[81.68957,23.9029],[81.68934,23.90422],[81.68909,23.90503],[81.6882,23.90635],[81.6868,23.90783],[81.68614,23.90821],[81.68556,23.90843],[81.68504,23.90882],[81.68424,23.91017],[81.68387,23.91132],[81.68345,23.91161],[81.68311,23.91172],[81.68226,23.91172],[81.68098,23.91157],[81.68001,23.91158],[81.67771,23.91225],[81.67666,23.91243],[81.6745,23.91249],[81.67386,23.91262],[81.67326,23.91291],[81.67259,23.91359],[81.67243,23.91402],[81.67227,23.91528],[81.6723,23.91651],[81.6722,23.91794],[81.67171,23.92055],[81.67104,23.92153],[81.67012,23.92257],[81.66993,23.92343],[81.66945,23.92447],[81.66849,23.92494],[81.66815,23.92496],[81.66717,23.92473],[81.6647,23.92462],[81.66327,23.92399],[81.66181,23.92301],[81.66145,23.92255],[81.66065,23.92114],[81.66019,23.91918],[81.66012,23.91832],[81.65991,23.91786],[81.65944,23.91718],[81.65882,23.91665],[81.65791,23.91626],[81.65497,23.91549],[81.6519,23.91422],[81.64971,23.91396],[81.64709,23.914],[81.64633,23.91388],[81.6454,23.91329],[81.64435,23.91243],[81.64377,23.91225],[81.64258,23.91206],[81.6412,23.91167],[81.63957,23.91159],[81.6387,23.9113],[81.63782,23.91081],[81.63744,23.91038],[81.63753,23.90902],[81.63743,23.9081],[81.63698,23.90777],[81.63573,23.9071],[81.63252,23.90592],[81.63098,23.90547],[81.6301,23.90547],[81.62925,23.90558],[81.62867,23.90576],[81.62799,23.90637],[81.6273,23.90678],[81.62677,23.90696],[81.62619,23.90696],[81.62374,23.90665],[81.62039,23.90652],[81.61848,23.90629],[81.61781,23.90613],[81.61574,23.90523],[81.61414,23.90509],[81.61358,23.90494],[81.61269,23.90423],[81.61188,23.90391],[81.61075,23.90398],[81.61033,23.90397],[81.61013,23.90388],[81.60987,23.90368],[81.60918,23.90266],[81.60879,23.90183],[81.6087,23.90124],[81.60879,23.90098],[81.60917,23.90055],[81.61016,23.89961],[81.61057,23.89898],[81.61135,23.89738],[81.61148,23.897],[81.61153,23.8964],[81.61145,23.89597],[81.6111,23.89533],[81.61106,23.89485],[81.6114,23.89414],[81.6118,23.89366],[81.61223,23.89294],[81.61237,23.89258],[81.61236,23.89217],[81.61203,23.8917],[81.61118,23.89083],[81.61014,23.88991],[81.61001,23.88972],[81.61011,23.88919],[81.61006,23.88904],[81.60987,23.88887],[81.60811,23.88777],[81.60621,23.88681],[81.60455,23.88622],[81.60378,23.88606],[81.60364,23.88605]]}},{"type":"Feature","properties":{"kind":"state","name":"Chhattisgarh–Madhya Pradesh","src":"OSM relations 1950071 and 1972004"},"geometry":{"type":"LineString","coordinates":[[81.60364,23.88605],[81.60381,23.88392],[81.60387,23.88347],[81.60351,23.88338]]}},{"type":"Feature","properties":{"kind":"state","name":"Chhattisgarh–Madhya Pradesh","src":"OSM relations 1950071 and 1972004","river":"21589","rlen":166},"geometry":{"type":"LineString","coordinates":[[81.60351,23.88338],[81.60363,23.88293],[81.60383,23.8826],[81.60727,23.88026],[81.6085,23.87893],[81.61237,23.87759],[81.61752,23.87498],[81.61958,23.87414],[81.6211,23.87327],[81.62194,23.87226],[81.6221,23.87171],[81.62206,23.87075],[81.62161,23.86962],[81.62043,23.86729],[81.61919,23.86552],[81.61862,23.86512],[81.61753,23.86474],[81.6158,23.86234],[81.61506,23.86179],[81.61417,23.86148],[81.61279,23.86143],[81.61203,23.86158],[81.60905,23.86271],[81.60839,23.86289],[81.60705,23.86289],[81.60649,23.86267],[81.6061,23.86237],[81.60527,23.8612],[81.60479,23.8599],[81.6045,23.85852],[81.60398,23.85707],[81.60313,23.85595],[81.60276,23.85412],[81.60314,23.85363],[81.60373,23.85334],[81.60461,23.85252],[81.60531,23.85105],[81.60559,23.84992],[81.60574,23.84967],[81.60634,23.84909],[81.60649,23.84878],[81.60669,23.84801],[81.60685,23.8477],[81.60731,23.8472],[81.60789,23.84675],[81.60907,23.84604],[81.6095,23.84564],[81.60997,23.84538],[81.61064,23.84534],[81.6111,23.84505],[81.61216,23.84415],[81.61247,23.84335],[81.61247,23.84264],[81.61221,23.84115],[81.61186,23.84045],[81.6117,23.8399],[81.61171,23.83956],[81.61194,23.83878],[81.61242,23.83634],[81.61265,23.83607],[81.61377,23.83535],[81.61605,23.83414],[81.61713,23.83403],[81.61863,23.83418],[81.61962,23.83438],[81.62101,23.83478],[81.62155,23.83498],[81.62286,23.83579],[81.62408,23.83578],[81.62453,23.83567],[81.62505,23.83532],[81.62694,23.83509],[81.62712,23.83502],[81.62733,23.83479],[81.62775,23.83477],[81.6287,23.8348],[81.62931,23.83507],[81.62986,23.83515],[81.63172,23.83516],[81.63217,23.83531],[81.63342,23.83528],[81.63411,23.8355],[81.63456,23.8355],[81.63505,23.83541],[81.6358,23.83482],[81.63691,23.83358],[81.63708,23.83328],[81.63733,23.83214],[81.6375,23.83084],[81.63751,23.8298],[81.63773,23.82869],[81.6378,23.8276],[81.63799,23.82672],[81.63869,23.82519],[81.63968,23.82383],[81.64047,23.82295],[81.64185,23.82011],[81.64194,23.81927],[81.64186,23.81843],[81.64155,23.81736],[81.6411,23.81649],[81.64082,23.81547],[81.64078,23.81484],[81.64088,23.81461],[81.64117,23.81432],[81.64175,23.81404],[81.64258,23.81383],[81.64348,23.81383],[81.64499,23.81366],[81.64561,23.81344],[81.64615,23.81296],[81.64684,23.81187],[81.64735,23.80966],[81.64894,23.80467],[81.64928,23.80389],[81.65017,23.80277],[81.65109,23.80124],[81.65188,23.7997],[81.65202,23.79823],[81.65193,23.79614],[81.65036,23.79158],[81.65022,23.79072],[81.65044,23.78823],[81.65032,23.7842],[81.65007,23.78342],[81.64955,23.78265],[81.64909,23.78224],[81.64461,23.77577],[81.64416,23.77436],[81.64366,23.77138],[81.64368,23.77055],[81.64394,23.77014],[81.64439,23.76958],[81.64575,23.76878],[81.646,23.76871],[81.64679,23.76874],[81.64753,23.76853],[81.6491,23.76713],[81.65189,23.76634],[81.65264,23.76603],[81.65425,23.76518],[81.65615,23.76449],[81.65754,23.76434],[81.6593,23.76402],[81.66198,23.76329],[81.66413,23.7625],[81.66504,23.76203],[81.66814,23.75936],[81.66884,23.75912],[81.67266,23.75826],[81.67332,23.75817],[81.67622,23.75806],[81.67713,23.75762],[81.67768,23.75722],[81.67854,23.75642],[81.68164,23.75287],[81.68258,23.75212],[81.68325,23.7517],[81.68515,23.75015],[81.6856,23.74953],[81.68595,23.74833],[81.68587,23.74682],[81.68523,23.74574],[81.68162,23.74293],[81.67951,23.7429],[81.67854,23.74235],[81.67752,23.73967],[81.6775,23.73929],[81.67763,23.7388],[81.67807,23.73827],[81.67923,23.73734],[81.6824,23.73568],[81.68469,23.73496],[81.68565,23.73409],[81.6861,23.73345],[81.68663,23.72919],[81.68727,23.72713],[81.68866,23.72457],[81.69014,23.72301],[81.69151,23.72231],[81.69218,23.722],[81.69472,23.7216],[81.69481,23.7216]]}},{"type":"Feature","properties":{"kind":"state","name":"Chhattisgarh–Madhya Pradesh","src":"OSM relations 1950071 and 1972004"},"geometry":{"type":"LineString","coordinates":[[81.69481,23.7216],[81.69475,23.71957],[81.69146,23.71426],[81.69035,23.7114],[81.69009,23.70985],[81.68896,23.70695],[81.68753,23.70406],[81.68502,23.70021],[81.6846,23.69657],[81.68436,23.69283],[81.68408,23.69092],[81.67987,23.69028],[81.67718,23.68961],[81.67526,23.6888],[81.6706,23.68735],[81.66811,23.68593],[81.66596,23.685],[81.66518,23.68492],[81.6628,23.68507],[81.66182,23.68464],[81.66062,23.68466],[81.65677,23.68338],[81.65555,23.68202],[81.65426,23.67959],[81.65422,23.6778],[81.65504,23.67598],[81.6561,23.67315],[81.6563,23.67214],[81.65564,23.67037],[81.65536,23.66782],[81.65517,23.66314],[81.65288,23.66185],[81.6492,23.66014],[81.64692,23.65802],[81.64617,23.65755],[81.64527,23.65727],[81.64455,23.65718],[81.64254,23.65782],[81.64164,23.65788],[81.64023,23.65775],[81.63925,23.6583],[81.63334,23.65919],[81.63057,23.65992],[81.62736,23.66036],[81.62611,23.66068],[81.62466,23.66137],[81.61814,23.66238],[81.61532,23.66299],[81.61457,23.66292],[81.61773,23.66071],[81.61838,23.65997],[81.61933,23.65839],[81.61952,23.65778],[81.61979,23.65511],[81.61952,23.65288],[81.61972,23.65237],[81.62024,23.65174],[81.62033,23.65143],[81.62006,23.64887],[81.6192,23.64571],[81.61903,23.64235],[81.61794,23.6359],[81.61765,23.63477],[81.61599,23.63009],[81.61516,23.62615],[81.6142,23.62244],[81.61045,23.6197],[81.60651,23.61387],[81.6077,23.61268],[81.60979,23.60597],[81.6111,23.60327],[81.61148,23.6017],[81.61166,23.59768],[81.61078,23.59568]]}},{"type":"Feature","properties":{"kind":"state","name":"Chhattisgarh–Madhya Pradesh","src":"OSM relations 1950071 and 1972004","river":"22931","rlen":61},"geometry":{"type":"LineString","coordinates":[[81.61078,23.59568],[81.61023,23.59588],[81.60917,23.59668],[81.6089,23.59681],[81.6085,23.59684],[81.60814,23.59678],[81.60768,23.59652],[81.60698,23.59585],[81.60442,23.59445],[81.60386,23.59411],[81.60343,23.59366],[81.60325,23.5936],[81.60292,23.59359],[81.60181,23.59428],[81.60128,23.59442],[81.5984,23.59453],[81.59788,23.59443],[81.59766,23.59432],[81.5973,23.59373],[81.59737,23.59354],[81.59769,23.59335],[81.59785,23.59311],[81.59771,23.59261],[81.59756,23.59248],[81.59685,23.59236],[81.59571,23.59248],[81.59528,23.59268],[81.59506,23.59297],[81.59484,23.59391],[81.59473,23.59539],[81.59446,23.59593],[81.59415,23.59619],[81.59198,23.59738],[81.59153,23.59771]]}},{"type":"Feature","properties":{"kind":"state","name":"Chhattisgarh–Madhya Pradesh","src":"OSM relations 1950071 and 1972004"},"geometry":{"type":"LineString","coordinates":[[81.59153,23.59771],[81.59014,23.59613],[81.58888,23.59573],[81.58673,23.59451],[81.58497,23.59455],[81.58452,23.59378],[81.58116,23.59053],[81.57869,23.58781],[81.57668,23.58534],[81.58112,23.56473],[81.58297,23.55534],[81.58378,23.55379],[81.58402,23.55358],[81.59549,23.55397],[81.59929,23.55458],[81.6016,23.55425],[81.60533,23.55406],[81.61004,23.55564],[81.61409,23.54567],[81.61292,23.5419],[81.61247,23.54086],[81.61332,23.53993],[81.61347,23.53922],[81.61369,23.53658],[81.61338,23.53572],[81.61323,23.53343],[81.61345,23.53284],[81.61449,23.53139],[81.61485,23.53128],[81.61663,23.53031]]}},{"type":"Feature","properties":{"kind":"state","name":"Chhattisgarh–Madhya Pradesh","src":"OSM relations 1950071 and 1972004","river":"27169","rlen":15},"geometry":{"type":"LineString","coordinates":[[81.61663,23.53031],[81.61639,23.52976],[81.61665,23.52832],[81.61663,23.52804],[81.61652,23.52779],[81.61622,23.52759],[81.61437,23.52744],[81.61364,23.5271],[81.61345,23.52679],[81.6135,23.52648],[81.61381,23.52586],[81.61451,23.525],[81.61466,23.52438],[81.61419,23.52322],[81.61379,23.52259],[81.61366,23.52174],[81.61389,23.52122],[81.6141,23.52107],[81.61483,23.52099],[81.61503,23.5209],[81.61527,23.52024],[81.61542,23.51945],[81.61516,23.51851],[81.61495,23.51813],[81.61468,23.51789],[81.61435,23.51787],[81.61409,23.51819],[81.61394,23.51828],[81.61348,23.51833],[81.61327,23.5182],[81.61269,23.51745],[81.61206,23.51686],[81.61149,23.51602],[81.61146,23.51454],[81.61132,23.51349],[81.61167,23.51163],[81.61194,23.51124],[81.61217,23.51043],[81.61282,23.5096],[81.61372,23.50875],[81.61491,23.5073],[81.61527,23.50635],[81.6153,23.50601],[81.61547,23.50551],[81.61564,23.50529],[81.61577,23.50523],[81.61706,23.50517],[81.61752,23.50498],[81.6186,23.5043],[81.61934,23.50374],[81.61996,23.50315],[81.62098,23.50155],[81.62174,23.50005],[81.6223,23.49834],[81.62258,23.49795],[81.62273,23.49786],[81.62329,23.49779],[81.62369,23.49757],[81.62397,23.49717],[81.62414,23.49644],[81.62397,23.49625],[81.62384,23.49616]]}},{"type":"Feature","properties":{"kind":"state","name":"Chhattisgarh–Madhya Pradesh","src":"OSM relations 1950071 and 1972004"},"geometry":{"type":"LineString","coordinates":[[81.62384,23.49616],[81.62529,23.49435],[81.62546,23.49327],[81.62562,23.49293],[81.62705,23.49132],[81.6273,23.49125],[81.62758,23.49137],[81.62841,23.49201],[81.62921,23.49215],[81.62961,23.49209],[81.63168,23.49031],[81.6321,23.49017],[81.63303,23.49018],[81.63406,23.48996],[81.63544,23.49035],[81.63689,23.49023],[81.63728,23.49036],[81.63788,23.49105],[81.6395,23.49333],[81.63987,23.49488],[81.64016,23.49544],[81.64067,23.49601],[81.64135,23.49652],[81.64222,23.49689],[81.64231,23.49739],[81.64181,23.49803],[81.64179,23.49843],[81.6419,23.49873],[81.64218,23.49895],[81.64276,23.49904],[81.64342,23.49849],[81.64492,23.49932],[81.64574,23.49949],[81.6464,23.49921],[81.64668,23.49921],[81.64699,23.49929],[81.64753,23.49966],[81.64849,23.49975],[81.64934,23.49928],[81.65015,23.49847],[81.65038,23.4984],[81.651,23.49887],[81.65147,23.49897],[81.65171,23.49892],[81.65254,23.49822],[81.65294,23.49803],[81.65333,23.49797],[81.6537,23.49806],[81.65403,23.49851],[81.65396,23.50004],[81.65459,23.50194],[81.65795,23.50467],[81.65832,23.50518],[81.65841,23.50578],[81.65791,23.50727],[81.65901,23.50913],[81.65919,23.51049],[81.65954,23.51177],[81.65989,23.51172],[81.66235,23.51395],[81.66117,23.51994],[81.66034,23.52289],[81.65885,23.52683],[81.65891,23.529],[81.66041,23.52978],[81.66461,23.5314],[81.66734,23.53265],[81.66812,23.53295],[81.67496,23.531],[81.68005,23.52925],[81.68279,23.52887],[81.68603,23.52897],[81.69034,23.52837],[81.6966,23.52378],[81.69754,23.5221]]}},{"type":"Feature","properties":{"kind":"state","name":"Chhattisgarh–Madhya Pradesh","src":"OSM relations 1950071 and 1972004","river":"22088","rlen":28},"geometry":{"type":"LineString","coordinates":[[81.69754,23.5221],[81.698,23.52231],[81.69828,23.52231],[81.69921,23.52177],[81.70007,23.52171],[81.70034,23.52183],[81.70119,23.52249],[81.70168,23.52318],[81.70206,23.52428],[81.70209,23.52499],[81.70197,23.52532],[81.70165,23.52579],[81.7014,23.52673],[81.70143,23.52712],[81.70184,23.52767],[81.7023,23.52804],[81.70308,23.5284],[81.70547,23.52848],[81.70597,23.52877],[81.70657,23.52942],[81.70674,23.52998],[81.70668,23.53071],[81.70677,23.53092],[81.70762,23.53179],[81.70827,23.53214],[81.71,23.53215],[81.71019,23.53247],[81.71043,23.53376],[81.71064,23.53428],[81.7111,23.5349],[81.71427,23.53531],[81.71516,23.5368],[81.71567,23.53836],[81.71558,23.53926],[81.71534,23.53992],[81.71541,23.54022],[81.71603,23.54098],[81.71671,23.5412],[81.7215,23.54212],[81.7227,23.54284],[81.72305,23.54345],[81.72309,23.54398],[81.72275,23.54542],[81.72225,23.5464],[81.72219,23.54671],[81.72231,23.54732],[81.72263,23.5477],[81.72351,23.54841],[81.72381,23.54879],[81.7246,23.55025],[81.72494,23.55119],[81.7251,23.55171],[81.72518,23.55504],[81.72538,23.55652],[81.72551,23.5568],[81.72572,23.55699],[81.72616,23.55706],[81.72699,23.5568],[81.72784,23.55622],[81.72824,23.55624],[81.72857,23.55654],[81.72891,23.55706],[81.72944,23.55858],[81.73029,23.56018],[81.7312,23.56126],[81.73203,23.56208],[81.73488,23.56446],[81.73556,23.56565],[81.73634,23.56657],[81.73674,23.5668],[81.73718,23.56682],[81.73738,23.56663],[81.73752,23.56632],[81.73764,23.56556],[81.73795,23.56549],[81.73843,23.56561],[81.73907,23.56605],[81.73991,23.56637],[81.74126,23.56613],[81.74204,23.56615],[81.74253,23.56626],[81.74312,23.56648],[81.74444,23.5672],[81.74507,23.56737],[81.74541,23.56824],[81.74597,23.56856],[81.74612,23.56897],[81.74603,23.56919],[81.74601,23.56957],[81.74613,23.56971],[81.74683,23.57009],[81.74761,23.57007],[81.74807,23.56975],[81.7485,23.56929],[81.74902,23.56837],[81.74952,23.56781],[81.75036,23.5674],[81.75106,23.56737],[81.75188,23.5676],[81.75334,23.56777],[81.75371,23.56757],[81.75383,23.56706],[81.75383,23.5664],[81.75396,23.56607],[81.75442,23.56575],[81.75521,23.5656],[81.75554,23.56559]]}},{"type":"Feature","properties":{"kind":"state","name":"Chhattisgarh–Madhya Pradesh","src":"OSM relations 1950071 and 1972004"},"geometry":{"type":"LineString","coordinates":[[81.75554,23.56559],[81.75549,23.56338],[81.75558,23.56311],[81.75508,23.56164],[81.75616,23.56066],[81.75566,23.55917],[81.75559,23.55847],[81.75713,23.55283],[81.75801,23.55018],[81.75826,23.54987],[81.76785,23.54996],[81.76858,23.55],[81.77067,23.55045],[81.77164,23.55054],[81.78383,23.54936],[81.79019,23.54928],[81.79782,23.54945],[81.80119,23.54851],[81.80191,23.5484],[81.80384,23.54861],[81.80867,23.54941],[81.80907,23.54934],[81.80955,23.54899],[81.81212,23.54636],[81.81674,23.54137],[81.81698,23.54087],[81.81893,23.53308],[81.81959,23.52972],[81.81946,23.52905],[81.81875,23.52726],[81.8176,23.52269],[81.81758,23.52212],[81.8177,23.52151],[81.81801,23.52092],[81.81954,23.51855],[81.81995,23.51686],[81.8203,23.5159],[81.82069,23.51524],[81.82113,23.51494],[81.8225,23.51448],[81.82643,23.51345],[81.82778,23.51325],[81.83075,23.51249],[81.83196,23.51236],[81.8337,23.51158],[81.83643,23.51091],[81.83965,23.51089],[81.83999,23.51108],[81.84104,23.51232],[81.84261,23.51384],[81.84311,23.51415],[81.84398,23.5144],[81.84534,23.51444],[81.84987,23.51354],[81.85026,23.51355],[81.85218,23.51529],[81.85635,23.51631],[81.86369,23.51757],[81.8642,23.51704],[81.86839,23.51366],[81.86912,23.51293],[81.87485,23.51262],[81.8756,23.51271],[81.878,23.51352],[81.88032,23.51452],[81.88126,23.51507],[81.88192,23.51619],[81.88253,23.51675],[81.8835,23.51726],[81.88491,23.51778],[81.88686,23.51887],[81.88958,23.52088],[81.89121,23.52186],[81.89166,23.52222],[81.89277,23.52368],[81.89368,23.52446],[81.89458,23.52471],[81.89522,23.52448],[81.89614,23.52438],[81.89685,23.52465],[81.90057,23.52745],[81.90444,23.52955],[81.90517,23.53099],[81.90787,23.53533],[81.91143,23.53519],[81.91596,23.53533],[81.91853,23.535],[81.92005,23.53448],[81.922,23.53322],[81.92329,23.53266],[81.9248,23.53133],[81.93027,23.5247],[81.93242,23.52182],[81.93325,23.52093],[81.93517,23.51828],[81.93676,23.5168],[81.93761,23.51652],[81.93785,23.51631],[81.938,23.51567],[81.9376,23.51435],[81.93763,23.51374],[81.93874,23.5122],[81.93924,23.51036],[81.93943,23.51003],[81.9408,23.50898],[81.94106,23.50863],[81.94117,23.50803],[81.94212,23.50591],[81.94234,23.50569],[81.94477,23.50411],[81.94782,23.5011],[81.95266,23.50005],[81.9543,23.50016],[81.95614,23.50082],[81.95708,23.50101],[81.95778,23.50091],[81.95791,23.5007],[81.95745,23.49925],[81.95707,23.49732],[81.95644,23.49538],[81.95584,23.48818],[81.9557,23.48728],[81.95503,23.4854],[81.95488,23.48281],[81.95511,23.48141],[81.95511,23.48055],[81.95473,23.47859],[81.95453,23.47628],[81.95468,23.47513],[81.95448,23.47233],[81.95471,23.4695],[81.95581,23.46769]]}},{"type":"Feature","properties":{"kind":"state","name":"Chhattisgarh–Madhya Pradesh","src":"OSM relations 1950071 and 1972004","river":"21823","rlen":23},"geometry":{"type":"LineString","coordinates":[[81.95581,23.46769],[81.95635,23.46773],[81.9567,23.46767],[81.95693,23.46754],[81.95703,23.46742],[81.95705,23.46679],[81.95676,23.46629],[81.95673,23.46609],[81.95793,23.46538],[81.95853,23.46534],[81.95911,23.46582],[81.95969,23.46587],[81.95986,23.46607],[81.96007,23.46615],[81.96044,23.46577],[81.96095,23.46558],[81.9615,23.46571],[81.96226,23.46574],[81.96264,23.46569],[81.9638,23.46534],[81.96435,23.46534],[81.96442,23.46545],[81.96442,23.466],[81.96453,23.46609],[81.96478,23.46603],[81.96502,23.46567],[81.96519,23.46557],[81.966,23.46525],[81.96608,23.46516],[81.96609,23.46489],[81.96588,23.46414],[81.96591,23.46376],[81.96601,23.46364],[81.96641,23.46359],[81.96651,23.46349],[81.96707,23.46258],[81.96781,23.46189],[81.96929,23.46018],[81.96935,23.45989],[81.96932,23.4595],[81.96896,23.45907],[81.96896,23.45872],[81.96924,23.45829],[81.96997,23.45783],[81.97013,23.45765],[81.97058,23.45681],[81.97063,23.45643],[81.97022,23.4558],[81.97022,23.45557],[81.97033,23.4553],[81.9706,23.4552],[81.97144,23.45533],[81.97165,23.45526],[81.97233,23.45468],[81.97319,23.45465],[81.97343,23.45455],[81.97371,23.4544],[81.97546,23.45253],[81.97612,23.45239],[81.97641,23.45224],[81.97662,23.45202],[81.97663,23.45167],[81.97654,23.45126],[81.97613,23.45053],[81.97576,23.45034],[81.97544,23.4506],[81.97517,23.45054],[81.97509,23.45044],[81.97511,23.44982],[81.97538,23.44945],[81.97553,23.44879],[81.97577,23.44843],[81.97616,23.4483],[81.97706,23.44835],[81.97788,23.44852],[81.9786,23.44852],[81.97982,23.44781],[81.98032,23.4472],[81.98037,23.44684],[81.98028,23.44637],[81.97937,23.44505],[81.97862,23.44463],[81.97826,23.44435],[81.97768,23.4436],[81.97754,23.44314],[81.97758,23.44197],[81.97786,23.44153],[81.9783,23.44115],[81.97885,23.44051],[81.97937,23.4403],[81.98004,23.44062],[81.98041,23.44034],[81.98047,23.43963],[81.98016,23.43823],[81.98022,23.43795],[81.98115,23.43675],[81.98301,23.43528],[81.98353,23.43463],[81.98364,23.43419],[81.98353,23.43393],[81.98337,23.43384],[81.9824,23.43399],[81.98214,23.43396],[81.98182,23.43386],[81.98148,23.43356],[81.98143,23.43339],[81.98182,23.43184],[81.98181,23.43169],[81.98148,23.43115],[81.98149,23.43086],[81.98179,23.43056],[81.9829,23.43002],[81.98317,23.42972],[81.9833,23.42944],[81.98333,23.4291],[81.98312,23.42869],[81.98177,23.42777],[81.98133,23.42736],[81.98037,23.42621],[81.98001,23.42614],[81.97906,23.42646],[81.97851,23.42642],[81.9767,23.42472],[81.97662,23.42404],[81.97682,23.42358],[81.97706,23.4233],[81.97747,23.42332],[81.97843,23.42362],[81.97867,23.42361],[81.979,23.42341],[81.97991,23.42275],[81.98281,23.42009],[81.9833,23.41914],[81.98381,23.41744],[81.98438,23.41615],[81.98499,23.41496],[81.98532,23.41467],[81.98599,23.41447],[81.98644,23.41446],[81.98699,23.41456],[81.98878,23.41557],[81.98913,23.41588],[81.98927,23.41615],[81.98928,23.41718],[81.9894,23.41759],[81.98977,23.41815],[81.9904,23.4187],[81.99221,23.41917],[81.99389,23.41975],[81.99533,23.42038],[81.99901,23.42165],[81.99982,23.42168],[82.00012,23.42154],[82.00038,23.42131],[82.00061,23.42076],[82.00068,23.4201],[82.00128,23.41892],[82.00161,23.41853],[82.00208,23.41726],[82.00263,23.4162],[82.00316,23.41552],[82.00465,23.41452],[82.00662,23.4134],[82.00808,23.41207],[82.00833,23.41199],[82.00864,23.41202],[82.00913,23.41247],[82.00926,23.41273],[82.00941,23.4133],[82.00939,23.41455],[82.00945,23.4147],[82.00974,23.41497],[82.01039,23.41525],[82.01074,23.41552],[82.01142,23.41619],[82.01203,23.41705],[82.01236,23.41714],[82.01319,23.41717],[82.01379,23.4177],[82.0146,23.41822],[82.01496,23.41862],[82.01533,23.41869],[82.01551,23.41892],[82.01593,23.41905],[82.01672,23.41954],[82.01736,23.41976],[82.01782,23.4198],[82.01848,23.42034],[82.01932,23.42064],[82.01956,23.42079],[82.02012,23.42169],[82.02033,23.42188],[82.02064,23.42202],[82.02091,23.4225],[82.02207,23.42338],[82.02229,23.42385],[82.02231,23.42432],[82.0226,23.42466],[82.02274,23.4252],[82.02293,23.42541],[82.02325,23.42553],[82.0235,23.42554],[82.02442,23.42543],[82.02536,23.42508],[82.02562,23.42447],[82.02564,23.42393],[82.02556,23.42369],[82.02529,23.42332],[82.02511,23.42243],[82.02495,23.42221],[82.02489,23.42182],[82.02525,23.42145],[82.02552,23.42015],[82.02612,23.41941],[82.02698,23.41807],[82.02772,23.41712],[82.02835,23.4166],[82.02833,23.41647],[82.02873,23.41613],[82.03046,23.41397],[82.03121,23.41292],[82.0315,23.4122],[82.03195,23.41178],[82.03236,23.4111],[82.03265,23.41092],[82.03302,23.41033],[82.03274,23.40951],[82.03227,23.40894],[82.03191,23.40865],[82.0315,23.40845],[82.0312,23.40845],[82.03036,23.40815],[82.02868,23.40817],[82.02808,23.4084],[82.02783,23.40864],[82.02747,23.40868],[82.02688,23.40888],[82.02613,23.40932],[82.02454,23.40968],[82.0241,23.40958],[82.0235,23.40888],[82.02348,23.40859],[82.02317,23.40813],[82.02314,23.40792],[82.02313,23.40661],[82.02321,23.40639],[82.02427,23.40505],[82.02504,23.40484],[82.02538,23.40464],[82.02574,23.40429],[82.02594,23.40424],[82.02691,23.40363],[82.0275,23.40284],[82.0279,23.40197],[82.02888,23.40065],[82.02892,23.40041],[82.02884,23.4001],[82.02894,23.39972],[82.02884,23.39949],[82.02846,23.39909],[82.02826,23.39859],[82.02784,23.39832],[82.02706,23.39791],[82.02648,23.39806],[82.02592,23.39775],[82.02589,23.39742],[82.02496,23.39694],[82.02444,23.39702],[82.02414,23.39697],[82.02373,23.39609],[82.02356,23.3951],[82.02334,23.39452],[82.02284,23.39417],[82.02258,23.3938],[82.0223,23.39372],[82.02191,23.39329],[82.02119,23.39273],[82.02105,23.39253],[82.0209,23.39186],[82.02098,23.39164],[82.02044,23.39103],[82.02037,23.38998],[82.02062,23.38924],[82.02069,23.38828],[82.02106,23.3879],[82.02113,23.38759],[82.02172,23.38663],[82.02236,23.38582],[82.02491,23.38492],[82.02653,23.38485],[82.02706,23.38468],[82.02779,23.38462],[82.02842,23.38435],[82.02932,23.38441],[82.0302,23.38404],[82.03133,23.38339],[82.03163,23.38315]]}},{"type":"Feature","properties":{"kind":"state","name":"Chhattisgarh–Madhya Pradesh","src":"OSM relations 1950071 and 1972004"},"geometry":{"type":"LineString","coordinates":[[82.03163,23.38315],[82.0337,23.38396],[82.03386,23.38439],[82.03332,23.3846]]}},{"type":"Feature","properties":{"kind":"state","name":"Chhattisgarh–Madhya Pradesh","src":"OSM relations 1950071 and 1972004","river":"25451","rlen":87},"geometry":{"type":"LineString","coordinates":[[82.03332,23.3846],[82.034,23.38608],[82.03418,23.3868],[82.03452,23.38759],[82.03577,23.38872],[82.03595,23.38881],[82.03684,23.38888],[82.03738,23.38869],[82.03922,23.38704],[82.03954,23.38622],[82.03987,23.38592],[82.04019,23.38539],[82.04084,23.38347],[82.04131,23.38274],[82.04235,23.38165],[82.04355,23.38083],[82.04456,23.3799],[82.04623,23.37898],[82.04756,23.37862],[82.04947,23.37849],[82.05029,23.37829],[82.05205,23.37823],[82.05246,23.37815],[82.05346,23.37768],[82.05437,23.37736],[82.05533,23.37641],[82.05608,23.37635],[82.05693,23.37667],[82.0573,23.37691],[82.05774,23.37732],[82.05848,23.37823],[82.05954,23.38022],[82.06003,23.38175],[82.06043,23.38225],[82.06155,23.38574],[82.06167,23.38662],[82.06146,23.38683],[82.06143,23.38707],[82.06167,23.38768],[82.0621,23.38816],[82.0622,23.38876],[82.06241,23.38914],[82.0624,23.38957],[82.06228,23.38982],[82.0623,23.39015],[82.06249,23.39054],[82.06283,23.3909],[82.06303,23.39193],[82.06383,23.39286],[82.06441,23.39323],[82.0651,23.39322],[82.0655,23.39312],[82.06607,23.39284],[82.06717,23.3922],[82.06792,23.39164],[82.06827,23.39151],[82.06887,23.39104],[82.06925,23.39062],[82.06967,23.39055],[82.07016,23.3906],[82.07082,23.39087],[82.07172,23.39142],[82.07298,23.39204],[82.07335,23.39246],[82.07411,23.39295],[82.07437,23.39334],[82.07527,23.39411],[82.07622,23.39452],[82.07665,23.39489],[82.07804,23.39538],[82.07864,23.39548],[82.0794,23.3953],[82.07987,23.39483],[82.08035,23.39411],[82.0807,23.39384],[82.08149,23.39378],[82.08206,23.39354],[82.08305,23.39362],[82.08394,23.39439],[82.08475,23.3961],[82.08563,23.39697],[82.08596,23.3972],[82.08674,23.39747],[82.08816,23.3975],[82.08891,23.39766],[82.0897,23.39803],[82.09087,23.39886],[82.09168,23.39907],[82.09224,23.39898],[82.09294,23.39844],[82.09328,23.39804],[82.09358,23.39794],[82.0936,23.39763],[82.09385,23.39706],[82.09349,23.39679],[82.09218,23.39514],[82.09175,23.39387],[82.09177,23.39362],[82.09189,23.39345],[82.09213,23.39333],[82.09318,23.39313],[82.09389,23.3931],[82.0943,23.39324],[82.09502,23.39378],[82.09661,23.39414],[82.09726,23.3944],[82.09745,23.39457],[82.09771,23.39498],[82.10019,23.3974],[82.1013,23.3981],[82.102,23.39839],[82.10304,23.39854],[82.10326,23.3985],[82.10387,23.39813],[82.10469,23.39783],[82.10522,23.39755],[82.10578,23.39693],[82.10573,23.39638],[82.10582,23.39566],[82.10576,23.39491],[82.10571,23.39473],[82.10527,23.39428],[82.10515,23.3938],[82.10578,23.39222],[82.10609,23.39212],[82.10632,23.3919],[82.10672,23.39186],[82.10677,23.39178],[82.10662,23.39146],[82.10665,23.39136],[82.10711,23.39135],[82.10728,23.39112],[82.10761,23.39089],[82.10806,23.39027],[82.10957,23.38937],[82.1102,23.38853],[82.11096,23.38806],[82.11173,23.38743],[82.11238,23.38672],[82.11265,23.38635],[82.11284,23.38574],[82.11409,23.38441],[82.11422,23.38419],[82.11443,23.38336],[82.11421,23.38209],[82.11426,23.38162],[82.11467,23.38091]]}},{"type":"Feature","properties":{"kind":"state","name":"Chhattisgarh–Madhya Pradesh","src":"OSM relations 1950071 and 1972004"},"geometry":{"type":"LineString","coordinates":[[82.11467,23.38091],[82.11293,23.37973],[82.11292,23.37582],[82.11263,23.37219],[82.11267,23.37124],[82.1119,23.36965],[82.11165,23.36883],[82.11155,23.36794],[82.1118,23.36613],[82.11159,23.36531],[82.11115,23.3645],[82.11071,23.36377],[82.11011,23.36317],[82.11165,23.36178],[82.11186,23.3605],[82.11232,23.35981],[82.11744,23.35523],[82.11943,23.35398],[82.12374,23.35372],[82.12485,23.35396],[82.12672,23.35559],[82.13221,23.35849],[82.13524,23.35962],[82.13797,23.36038],[82.14091,23.36181],[82.14152,23.36187],[82.14379,23.36169],[82.14462,23.36157],[82.14575,23.36118],[82.14643,23.36081],[82.14697,23.36025],[82.14745,23.35942],[82.14926,23.3572],[82.15296,23.35147],[82.15383,23.35036],[82.16208,23.34284],[82.16243,23.34049],[82.16281,23.33933],[82.1632,23.33605],[82.16343,23.33522],[82.16373,23.33467],[82.1647,23.33443],[82.16651,23.33351],[82.16812,23.33251],[82.17657,23.32986],[82.18064,23.32827],[82.18171,23.32768],[82.18281,23.32737],[82.18481,23.3269],[82.18639,23.32712],[82.19084,23.32696],[82.19208,23.32677],[82.19445,23.32301],[82.19478,23.32221],[82.19495,23.32133],[82.19534,23.32048],[82.19551,23.32022],[82.19597,23.32002],[82.19644,23.31962],[82.19663,23.31879],[82.19658,23.31802],[82.19683,23.3173],[82.19783,23.31596],[82.19942,23.31484]]}},{"type":"Feature","properties":{"kind":"state","name":"Chhattisgarh–Madhya Pradesh","src":"OSM relations 1950071 and 1972004","river":"10322","rlen":32},"geometry":{"type":"LineString","coordinates":[[82.19942,23.31484],[82.19929,23.31467],[82.19907,23.31426],[82.19878,23.31327],[82.1986,23.31217],[82.19835,23.31185],[82.19678,23.3102],[82.19642,23.3101],[82.19577,23.31008],[82.19541,23.30995],[82.19468,23.30913],[82.19427,23.30849],[82.19417,23.30819],[82.19423,23.30789],[82.19459,23.3077],[82.1951,23.30762],[82.19616,23.30724],[82.19687,23.30664],[82.19708,23.30632],[82.19711,23.30545],[82.19675,23.305],[82.19585,23.30422],[82.1957,23.30398],[82.19561,23.30367],[82.19557,23.30285],[82.19588,23.30195],[82.19699,23.3008],[82.19708,23.3006],[82.19707,23.30008],[82.1969,23.2998],[82.19637,23.29935],[82.19661,23.29778],[82.19658,23.29713],[82.19635,23.29652],[82.19608,23.29629],[82.19581,23.29622],[82.19393,23.29623],[82.19367,23.29596],[82.19314,23.29375],[82.19319,23.29135],[82.19291,23.29088],[82.19192,23.28993],[82.19169,23.28959],[82.19153,23.28816],[82.19167,23.28751],[82.19178,23.28729],[82.19217,23.28691],[82.19317,23.28655],[82.19423,23.28639],[82.19476,23.28637]]}},{"type":"Feature","properties":{"kind":"state","name":"Chhattisgarh–Madhya Pradesh","src":"OSM relations 1950071 and 1972004"},"geometry":{"type":"LineString","coordinates":[[82.19476,23.28637],[82.19465,23.2845],[82.19474,23.28439],[82.1943,23.28175],[82.19338,23.27797],[82.19296,23.27713],[82.19197,23.27614],[82.18941,23.27397],[82.1888,23.2735],[82.18844,23.27339],[82.1875,23.27346],[82.18533,23.2739],[82.18023,23.27144],[82.17568,23.26941],[82.17435,23.2687],[82.1743,23.26808],[82.17446,23.26752],[82.1745,23.26658],[82.17446,23.26572],[82.17423,23.26535],[82.17424,23.26434],[82.17356,23.26328],[82.17348,23.26297],[82.17366,23.26233],[82.17358,23.26199],[82.1731,23.26161],[82.1725,23.26056],[82.1725,23.25923],[82.17229,23.2584],[82.17196,23.25781],[82.17116,23.25717],[82.17012,23.25676],[82.16921,23.25623],[82.16861,23.25569],[82.16829,23.25515],[82.16846,23.25363],[82.16968,23.25204],[82.16964,23.25174],[82.16907,23.2512],[82.16792,23.25089],[82.16755,23.25056],[82.16651,23.25008],[82.16628,23.24736],[82.16645,23.24647],[82.16718,23.24589],[82.16529,23.24525],[82.16368,23.24507],[82.16276,23.24509],[82.15978,23.24633],[82.15739,23.24039],[82.15308,23.23047],[82.1512,23.22961],[82.14946,23.22811],[82.14857,23.22753],[82.14527,23.22672],[82.14604,23.22451],[82.14723,23.22329],[82.14791,23.22232],[82.14841,23.2211],[82.14854,23.22017],[82.14845,23.21974],[82.14812,23.21924],[82.14762,23.21897],[82.15111,23.21631],[82.15361,23.21274],[82.15336,23.21122],[82.15274,23.20912],[82.14976,23.20373],[82.14888,23.19922],[82.14928,23.19781],[82.14925,23.19738],[82.14729,23.19613],[82.14398,23.19514],[82.14439,23.19419],[82.14592,23.19154],[82.14825,23.18895],[82.14712,23.18811],[82.14571,23.18761],[82.14364,23.18711],[82.14369,23.18577],[82.14437,23.18251],[82.14464,23.17954],[82.14733,23.17844],[82.14905,23.17737],[82.14928,23.17712],[82.14912,23.17651],[82.1495,23.17548],[82.14906,23.17452],[82.14919,23.17348],[82.14895,23.17285],[82.1489,23.17192],[82.14854,23.17113],[82.14694,23.16933],[82.14661,23.1681],[82.146,23.16786],[82.14566,23.16719],[82.14532,23.16706],[82.14467,23.16648],[82.14446,23.16623],[82.14435,23.16565],[82.14535,23.16504],[82.14564,23.16466],[82.14541,23.16427],[82.14494,23.1639],[82.14491,23.1637],[82.14516,23.16341],[82.14576,23.16334],[82.14712,23.16386],[82.14798,23.16385],[82.14907,23.16347],[82.15034,23.16321],[82.15299,23.16335],[82.15416,23.1632],[82.15573,23.16227],[82.15694,23.16191],[82.15802,23.16189],[82.15943,23.16227],[82.16092,23.16205],[82.16111,23.15955],[82.16226,23.15728],[82.16225,23.15453],[82.16126,23.14851],[82.16154,23.1442],[82.16136,23.14311],[82.15795,23.13913],[82.15687,23.13847],[82.15606,23.13814],[82.15283,23.13723],[82.14997,23.13662],[82.14621,23.13558],[82.14182,23.13337],[82.1407,23.13293],[82.13819,23.13003],[82.13727,23.12864],[82.13699,23.12805],[82.13664,23.12544],[82.13645,23.12208],[82.13685,23.12012],[82.13796,23.11696],[82.13806,23.11583],[82.13809,23.11235],[82.13791,23.112],[82.13725,23.11151],[82.13542,23.1106],[82.13316,23.10996],[82.12996,23.1083],[82.12874,23.10738],[82.12755,23.1062],[82.12678,23.10514],[82.12337,23.10431],[82.12225,23.1038],[82.1191,23.10477],[82.11812,23.10555],[82.11736,23.10555],[82.11666,23.10539],[82.11609,23.1056],[82.11428,23.10652],[82.11262,23.10837],[82.1111,23.10935],[82.10749,23.10924],[82.09881,23.10847],[82.09787,23.10852],[82.0935,23.10907],[82.09216,23.11237],[82.0892,23.11246],[82.08537,23.11216],[82.08389,23.11223],[82.08042,23.11269],[82.07802,23.11354],[82.0749,23.11484],[82.07391,23.11606],[82.07325,23.11739],[82.07203,23.11908]]}},{"type":"Feature","properties":{"kind":"state","name":"Chhattisgarh–Madhya Pradesh","src":"OSM relations 1950071 and 1972004","river":"22252","rlen":25},"geometry":{"type":"LineString","coordinates":[[82.07203,23.11908],[82.07138,23.11887],[82.07091,23.11857],[82.07039,23.11854],[82.07026,23.11825],[82.07025,23.11742],[82.07013,23.11713],[82.06975,23.11693],[82.06939,23.11662],[82.06921,23.11664],[82.06912,23.11673],[82.06904,23.11707],[82.06889,23.11718],[82.06833,23.11697],[82.06819,23.11665],[82.06789,23.11662],[82.06771,23.11637],[82.06742,23.11634],[82.06684,23.11651],[82.067,23.11701],[82.06699,23.11707],[82.0668,23.11708],[82.06637,23.11639],[82.06635,23.11586],[82.06642,23.11583],[82.0667,23.11595],[82.06678,23.11594],[82.0668,23.11583],[82.06661,23.11551],[82.0662,23.11517],[82.06635,23.11494],[82.06581,23.11478],[82.06565,23.11507],[82.06545,23.11524],[82.06514,23.11508],[82.06472,23.11506],[82.06467,23.11484],[82.06439,23.11461],[82.06384,23.11456],[82.06379,23.11445],[82.06386,23.11434],[82.064,23.11425],[82.06452,23.11423],[82.06465,23.11411],[82.06466,23.11399],[82.06421,23.11373],[82.06397,23.11373],[82.06383,23.11366],[82.06384,23.11332],[82.06368,23.11323],[82.06339,23.11327],[82.06315,23.11299],[82.06306,23.11268],[82.06283,23.11269],[82.06276,23.11275],[82.06244,23.11323],[82.06225,23.1132],[82.06221,23.11285],[82.06177,23.11276],[82.06169,23.11265],[82.06186,23.1123],[82.06185,23.11205],[82.06174,23.11185],[82.06158,23.11181],[82.06121,23.11189],[82.06112,23.11182],[82.06128,23.11115],[82.06124,23.11095],[82.06108,23.11091],[82.06068,23.11105],[82.06056,23.11101],[82.06046,23.1102],[82.06034,23.11008],[82.06013,23.11008],[82.05982,23.10973],[82.05998,23.10941],[82.05995,23.10935],[82.05969,23.10935],[82.05927,23.10978],[82.05901,23.10977],[82.05879,23.10961],[82.0589,23.10939],[82.05925,23.10935],[82.0592,23.10904],[82.05928,23.10883],[82.05921,23.10864],[82.05887,23.10863],[82.05859,23.10894],[82.05841,23.1088],[82.0579,23.1087],[82.05779,23.10832],[82.05738,23.10814],[82.05733,23.10774],[82.05672,23.10786],[82.05643,23.10804],[82.05606,23.10785],[82.05555,23.10785],[82.05489,23.1076],[82.05479,23.10745],[82.0549,23.10713],[82.05446,23.10678],[82.05435,23.10633],[82.05445,23.10618],[82.05496,23.10597],[82.05499,23.10568],[82.05441,23.10532],[82.05434,23.10506],[82.05405,23.10476],[82.05386,23.10436],[82.05372,23.10374],[82.05379,23.10353],[82.05407,23.10329],[82.05403,23.10203],[82.05374,23.10165],[82.05335,23.10175],[82.05315,23.10165],[82.05308,23.10132],[82.05324,23.10105],[82.05315,23.10067],[82.05326,23.10028],[82.0527,23.10037],[82.05264,23.10024],[82.05285,23.09992],[82.05284,23.09969],[82.05269,23.09959],[82.05219,23.09968],[82.05197,23.09961],[82.05183,23.09913],[82.05173,23.09906],[82.05148,23.09911],[82.05133,23.09941],[82.05086,23.09938],[82.05084,23.09917],[82.05115,23.09887],[82.05117,23.09873],[82.05102,23.09864],[82.05032,23.09864],[82.05018,23.09845],[82.04985,23.09833],[82.04974,23.09821],[82.04982,23.09781],[82.04971,23.09769],[82.04949,23.09773],[82.04879,23.09835],[82.04864,23.09841],[82.04844,23.098],[82.04861,23.09756],[82.04853,23.09737],[82.04819,23.09725],[82.04794,23.09707],[82.04769,23.09716],[82.0475,23.09705],[82.04738,23.09677],[82.04744,23.09655],[82.04799,23.09631],[82.04791,23.09599],[82.04797,23.09589],[82.04859,23.0956],[82.04845,23.09521],[82.04848,23.09501],[82.04871,23.09488],[82.04917,23.09497],[82.04933,23.09478],[82.0493,23.0946],[82.04887,23.09428],[82.0484,23.09415],[82.04817,23.09398],[82.04809,23.0938],[82.04809,23.09345],[82.048,23.0933],[82.04766,23.09324],[82.04741,23.09345],[82.04719,23.09345],[82.04695,23.093],[82.04655,23.09267],[82.04645,23.09247],[82.04652,23.09233],[82.04702,23.09232],[82.04736,23.09209],[82.04736,23.09193],[82.04668,23.09168],[82.04647,23.09143],[82.04599,23.09137],[82.04586,23.09103],[82.04565,23.09092],[82.04538,23.09093],[82.04519,23.09103],[82.04503,23.09156],[82.04471,23.09172],[82.0445,23.09166],[82.04413,23.09119],[82.04361,23.09095],[82.04355,23.09057],[82.04366,23.09027],[82.04332,23.08978],[82.04328,23.08947],[82.04339,23.08936],[82.04385,23.08919],[82.04395,23.08899],[82.0439,23.08884],[82.04361,23.08864],[82.04285,23.08872],[82.04252,23.08846],[82.04212,23.0883],[82.04204,23.08819],[82.042,23.08785],[82.04169,23.08739],[82.04119,23.0873],[82.04091,23.08704],[82.04074,23.08643],[82.04021,23.08522],[82.04003,23.08517],[82.03956,23.08543],[82.03921,23.08545],[82.03902,23.0852],[82.03886,23.08424],[82.03845,23.08386],[82.03825,23.08353],[82.03812,23.08345],[82.03796,23.08348],[82.03777,23.08384],[82.03754,23.08389],[82.03741,23.08374],[82.03731,23.08325],[82.0366,23.08302],[82.03651,23.08223],[82.03633,23.08187],[82.0364,23.08145],[82.03603,23.081],[82.03581,23.08097],[82.03555,23.08115],[82.03539,23.08115],[82.03523,23.08078],[82.03494,23.08057],[82.03454,23.08044],[82.03346,23.08044],[82.03293,23.0808],[82.03282,23.08124],[82.03266,23.08143],[82.0325,23.08145],[82.03215,23.08124],[82.03213,23.08107],[82.03233,23.08064],[82.0321,23.08041],[82.03173,23.08039],[82.03121,23.08061],[82.03066,23.08048],[82.03008,23.08068],[82.0294,23.08046],[82.02889,23.08047],[82.02831,23.08089],[82.02783,23.081],[82.02762,23.08114],[82.0275,23.08133],[82.0274,23.08206],[82.02731,23.08219],[82.02681,23.08248],[82.02633,23.08257],[82.02615,23.08244],[82.02588,23.0818],[82.02556,23.0814],[82.02525,23.08138],[82.0248,23.08157],[82.02449,23.08159],[82.02356,23.08069],[82.02306,23.0805],[82.02286,23.0803],[82.02268,23.08028],[82.02254,23.08049],[82.02272,23.08097],[82.02256,23.08118],[82.02235,23.08116],[82.02222,23.08098],[82.02167,23.08059],[82.02142,23.08057],[82.02129,23.08065],[82.02111,23.081],[82.0213,23.0813],[82.02129,23.08148],[82.02108,23.08175],[82.02076,23.08169],[82.0204,23.08131],[82.02019,23.0812],[82.01989,23.08128],[82.01961,23.08185],[82.01961,23.08217],[82.01977,23.08235],[82.02039,23.08263],[82.02048,23.08275],[82.0205,23.08298],[82.02041,23.08314],[82.02016,23.08328],[82.01924,23.08332],[82.01897,23.08342],[82.01893,23.08425],[82.01869,23.08453],[82.01843,23.08457],[82.01822,23.08447],[82.01799,23.08419],[82.01785,23.08388],[82.01774,23.08318],[82.01762,23.08299],[82.01744,23.08288],[82.01617,23.08258],[82.01568,23.08202],[82.01514,23.08191],[82.01478,23.08174],[82.01436,23.08175],[82.01414,23.08189],[82.01375,23.0825],[82.01365,23.08255],[82.01253,23.08261],[82.01217,23.08255],[82.01201,23.08242],[82.012,23.08232],[82.01237,23.08202],[82.01248,23.08172],[82.01245,23.08157],[82.01192,23.08074],[82.01169,23.08055],[82.01128,23.08034],[82.01039,23.08033],[82.00947,23.07967],[82.009,23.07947],[82.00839,23.07939],[82.00719,23.08001],[82.00618,23.08026],[82.0057,23.08028],[82.0055,23.08043],[82.00543,23.08059],[82.00536,23.08137],[82.00498,23.08189],[82.00475,23.08208],[82.00425,23.08204],[82.00396,23.08188],[82.00356,23.08147],[82.00252,23.08126],[82.0016,23.08157],[82.00002,23.08186],[81.99973,23.08206],[81.99804,23.08375],[81.99753,23.08438],[81.99668,23.08496],[81.99611,23.08493],[81.99511,23.08423],[81.99439,23.08387],[81.99414,23.08383],[81.9939,23.08383],[81.99377,23.08391],[81.9931,23.08453],[81.99205,23.08465],[81.9915,23.08487],[81.9913,23.08507],[81.99126,23.08527],[81.99158,23.08638],[81.99155,23.08658],[81.99131,23.08699],[81.99097,23.08719],[81.99032,23.08692],[81.98995,23.08651],[81.98984,23.08532],[81.98919,23.08477],[81.98871,23.08464],[81.98825,23.08473],[81.9881,23.0849],[81.98813,23.08544],[81.98848,23.08613],[81.98843,23.08638],[81.98824,23.08655],[81.98761,23.08652],[81.98729,23.0863],[81.98692,23.08582],[81.9866,23.08562],[81.98628,23.0857],[81.98563,23.08618],[81.98519,23.08615],[81.98489,23.08527],[81.98493,23.08481],[81.98484,23.08419],[81.98498,23.0839],[81.98498,23.08334],[81.98466,23.08285],[81.98443,23.08271],[81.98373,23.0826],[81.98316,23.08267],[81.98256,23.08293],[81.98212,23.08297],[81.98178,23.08284],[81.98167,23.08268],[81.98164,23.08197],[81.9815,23.08154],[81.98107,23.08048],[81.98084,23.08019],[81.98061,23.08017],[81.98044,23.08027],[81.98034,23.08044],[81.98023,23.08139],[81.98071,23.08219],[81.98072,23.08233],[81.98068,23.08257],[81.98047,23.0828],[81.98018,23.08275],[81.97951,23.08209],[81.97911,23.08183],[81.97838,23.08159],[81.97666,23.08133],[81.97647,23.08094],[81.97664,23.08046],[81.97659,23.0799],[81.97634,23.07963],[81.97532,23.07925],[81.9745,23.07932],[81.97357,23.07972],[81.97328,23.08011],[81.97317,23.08083],[81.97298,23.08102],[81.97243,23.08098],[81.97167,23.08026],[81.97117,23.08004],[81.97082,23.08007],[81.97039,23.08028],[81.96991,23.08082],[81.96925,23.08115],[81.96848,23.08122],[81.96798,23.08112],[81.96739,23.08088],[81.9671,23.08068],[81.9669,23.0804],[81.96635,23.07991],[81.96562,23.07953],[81.96325,23.07876],[81.96258,23.07842],[81.96251,23.07818],[81.96255,23.07804],[81.96309,23.07691],[81.96312,23.0765],[81.96295,23.07579],[81.9625,23.0751]]}},{"type":"Feature","properties":{"kind":"state","name":"Chhattisgarh–Madhya Pradesh","src":"OSM relations 1950071 and 1972004"},"geometry":{"type":"LineString","coordinates":[[81.9625,23.0751],[81.96052,23.07569],[81.96016,23.07571],[81.95873,23.07536],[81.95805,23.0753],[81.95445,23.07592],[81.95222,23.07644],[81.94777,23.0778],[81.94591,23.07633]]}},{"type":"Feature","properties":{"kind":"state","name":"Chhattisgarh–Madhya Pradesh","src":"OSM relations 1950071 and 1972004","river":"24178","rlen":24},"geometry":{"type":"LineString","coordinates":[[81.94591,23.07633],[81.94596,23.07612],[81.94588,23.07597],[81.94519,23.0754],[81.94487,23.07473],[81.94479,23.07408],[81.94482,23.07239],[81.94485,23.07224],[81.94543,23.07166],[81.94636,23.07103],[81.94682,23.0703],[81.94673,23.06952],[81.94628,23.06902],[81.94571,23.06878],[81.94506,23.06811],[81.9443,23.06779],[81.94331,23.06684],[81.94309,23.06643],[81.94297,23.06586],[81.94316,23.06468],[81.94294,23.06435],[81.94274,23.06426],[81.94245,23.06429],[81.94204,23.06451],[81.94157,23.0652],[81.94139,23.06533],[81.93961,23.06601],[81.93915,23.06608],[81.93865,23.06581],[81.93811,23.06577],[81.93786,23.06524],[81.93786,23.06462],[81.93788,23.06431],[81.93819,23.06339],[81.93834,23.0625],[81.93826,23.06232],[81.93708,23.06202],[81.93511,23.06194],[81.93459,23.06186],[81.93336,23.06121],[81.93289,23.06124],[81.93258,23.06134],[81.93225,23.06159],[81.93151,23.06244],[81.93121,23.0626],[81.93035,23.06209],[81.92958,23.06213],[81.92919,23.06193],[81.92907,23.06163],[81.92907,23.0614],[81.92925,23.06079],[81.92957,23.06035],[81.92985,23.05966],[81.92998,23.05886],[81.92993,23.05873],[81.92939,23.05848],[81.92809,23.05837],[81.9276,23.05824],[81.92709,23.05792],[81.92685,23.05764],[81.92648,23.057],[81.92645,23.05668],[81.9265,23.05628],[81.92742,23.05532],[81.92802,23.05438],[81.92803,23.05417],[81.92779,23.0538],[81.92716,23.05323],[81.9271,23.05274],[81.9272,23.05237],[81.92806,23.05147],[81.92886,23.05102],[81.92906,23.05055],[81.92908,23.0501],[81.92886,23.04978],[81.92886,23.04951],[81.92874,23.04937],[81.92731,23.04828],[81.92664,23.04794],[81.92476,23.04739],[81.92406,23.04675],[81.92396,23.04655],[81.92402,23.04569],[81.92361,23.04432],[81.92341,23.04387],[81.92276,23.043],[81.9226,23.04246],[81.92224,23.04203],[81.92195,23.04144],[81.92209,23.04086],[81.92189,23.04056],[81.92182,23.04018],[81.92197,23.03973],[81.92199,23.03891],[81.92241,23.03833],[81.92248,23.03736],[81.92295,23.03679],[81.92401,23.03574],[81.92414,23.03547],[81.92425,23.03512],[81.92434,23.0326],[81.92588,23.02878],[81.92615,23.02841],[81.92646,23.02806],[81.9275,23.02731],[81.9283,23.02687],[81.92874,23.02674],[81.9299,23.0267],[81.93106,23.02649],[81.93194,23.02592],[81.93225,23.02552],[81.9323,23.02507],[81.93217,23.02454],[81.93094,23.02379],[81.93049,23.02336],[81.92982,23.02248],[81.92951,23.0219],[81.9294,23.02132],[81.92961,23.02072],[81.93036,23.01992],[81.93203,23.01861],[81.9335,23.01809],[81.93492,23.01797],[81.93534,23.01787],[81.93564,23.0177],[81.93589,23.01731],[81.9359,23.01673],[81.93598,23.01647],[81.93671,23.01561],[81.93684,23.01531],[81.93686,23.01501],[81.9366,23.01403],[81.93667,23.01338],[81.93708,23.01291],[81.93754,23.01254],[81.93817,23.01171],[81.93872,23.0104],[81.93881,23.0096],[81.93878,23.00908],[81.93862,23.00855],[81.93861,23.00744],[81.93847,23.00694],[81.9382,23.00651],[81.93818,23.0061],[81.93827,23.00539],[81.93975,23.00322],[81.93987,23.00268],[81.94003,23.00239],[81.9406,23.00172],[81.94168,23.00002],[81.94248,22.99917],[81.94274,22.99902],[81.94298,22.99876],[81.94313,22.99847],[81.94315,22.99772],[81.94333,22.99745],[81.94361,22.99719],[81.9439,22.99711],[81.94409,22.99692],[81.94435,22.99685],[81.94452,22.99669],[81.9446,22.99585],[81.9448,22.99559],[81.94497,22.99506],[81.94506,22.99433],[81.94549,22.99385],[81.94552,22.99352],[81.94592,22.99286],[81.94596,22.99254],[81.9461,22.99229],[81.94607,22.99178],[81.94573,22.99128],[81.94545,22.99114],[81.94527,22.99065],[81.94469,22.99031],[81.94424,22.9902],[81.94413,22.99008],[81.94408,22.98983],[81.94419,22.98911],[81.94445,22.98885],[81.94459,22.98841],[81.94479,22.98827],[81.94521,22.98816],[81.94592,22.9882],[81.94619,22.98802],[81.94674,22.9873],[81.94675,22.98693],[81.94651,22.98633],[81.94654,22.98573],[81.94731,22.98514],[81.94752,22.98503],[81.94828,22.98489],[81.94884,22.98447],[81.94906,22.98424],[81.94922,22.98388],[81.94955,22.98265],[81.94948,22.98123],[81.94955,22.98052],[81.94945,22.98033],[81.94904,22.97977],[81.94806,22.97896],[81.94723,22.97839],[81.9464,22.9774],[81.94626,22.97689],[81.94627,22.97662],[81.94658,22.97624],[81.94668,22.97597],[81.94697,22.97565],[81.94691,22.9755],[81.94652,22.97526],[81.94532,22.97385],[81.94521,22.97348],[81.9458,22.97267],[81.94605,22.97182],[81.9463,22.97136],[81.94632,22.97094],[81.94645,22.97067],[81.9464,22.97038],[81.94707,22.97006],[81.94718,22.96983],[81.9472,22.9694],[81.94742,22.96912],[81.9476,22.96903],[81.94765,22.96878],[81.94808,22.96846],[81.94808,22.96813],[81.94824,22.96801],[81.94856,22.968],[81.94882,22.96786],[81.94922,22.96715],[81.94943,22.96695],[81.94955,22.96647],[81.94939,22.96583],[81.94966,22.96519],[81.94967,22.96491],[81.94966,22.96471],[81.94937,22.96417],[81.94935,22.96352],[81.94954,22.96311]]}},{"type":"Feature","properties":{"kind":"state","name":"Chhattisgarh–Madhya Pradesh","src":"OSM relations 1950071 and 1972004"},"geometry":{"type":"LineString","coordinates":[[81.94954,22.96311],[81.94749,22.96207],[81.94658,22.95734],[81.94631,22.95678],[81.94562,22.95622],[81.94461,22.9557],[81.94363,22.95536],[81.94165,22.95502],[81.94034,22.95501],[81.9374,22.95399],[81.93526,22.95299],[81.93064,22.95137],[81.92874,22.95072],[81.92667,22.95023],[81.92533,22.94919],[81.92379,22.94832],[81.91987,22.94709],[81.91892,22.94655],[81.91584,22.944],[81.91274,22.94165],[81.9093,22.93708],[81.90666,22.93386],[81.90601,22.93281],[81.90469,22.93145],[81.90171,22.92877],[81.89815,22.92593],[81.89468,22.924],[81.8904,22.92266],[81.88888,22.92087],[81.8866,22.91852],[81.88518,22.91675],[81.87942,22.91088],[81.87824,22.90981],[81.87765,22.91013],[81.87379,22.91348],[81.87113,22.91542],[81.86933,22.91713],[81.86805,22.91872]]}},{"type":"Feature","properties":{"kind":"state","name":"Chhattisgarh–Madhya Pradesh","src":"OSM relations 1950071 and 1972004","river":"21068","rlen":44},"geometry":{"type":"LineString","coordinates":[[81.86805,22.91872],[81.86764,22.91847],[81.8669,22.91768],[81.86627,22.91724],[81.86576,22.91638],[81.86542,22.91619],[81.86499,22.91609],[81.86407,22.91522],[81.86378,22.9147],[81.86389,22.91448],[81.86397,22.91339],[81.86385,22.91252],[81.86416,22.91175],[81.86453,22.91137],[81.86503,22.91134],[81.86586,22.91164],[81.86681,22.91136],[81.86719,22.91106],[81.86789,22.91068],[81.86813,22.91037],[81.86828,22.91003],[81.86826,22.90858],[81.86811,22.90823],[81.86824,22.90786],[81.86824,22.90762],[81.86802,22.90659],[81.86808,22.90595],[81.86795,22.9053],[81.86799,22.90464],[81.86694,22.90232],[81.86663,22.9018],[81.8664,22.90103],[81.86664,22.90044],[81.86671,22.89998],[81.86707,22.8994],[81.86747,22.89885],[81.86825,22.89811],[81.86849,22.89758],[81.86851,22.89712],[81.86865,22.89688],[81.86844,22.89644],[81.86824,22.89621],[81.86741,22.89591],[81.86666,22.89538],[81.8663,22.89458],[81.86634,22.89373],[81.86681,22.89292],[81.86686,22.89157],[81.86675,22.89075]]}},{"type":"Feature","properties":{"kind":"state","name":"Chhattisgarh–Madhya Pradesh","src":"OSM relations 1950071 and 1972004"},"geometry":{"type":"LineString","coordinates":[[81.86675,22.89075],[81.86438,22.89103],[81.86163,22.88926],[81.8594,22.88984],[81.85831,22.89031],[81.85647,22.89054],[81.85589,22.89084],[81.85319,22.89089],[81.84953,22.88853],[81.84626,22.88672],[81.84207,22.88775],[81.83824,22.88525],[81.83843,22.88373],[81.83837,22.88278],[81.83392,22.8809],[81.83346,22.8809],[81.83251,22.88134],[81.82805,22.88272],[81.82748,22.8828],[81.82568,22.88254],[81.81758,22.88228],[81.78458,22.87632],[81.77651,22.87473],[81.77568,22.87444],[81.7763,22.87309],[81.77674,22.87157],[81.77746,22.86752],[81.7749,22.86391],[81.77487,22.86247],[81.77523,22.86102],[81.77566,22.85957],[81.77699,22.85651],[81.77729,22.85549],[81.77726,22.85449],[81.77653,22.85164],[81.77528,22.85116],[81.77436,22.85067],[81.77401,22.85022],[81.77397,22.84882],[81.77371,22.84753],[81.77313,22.84607],[81.77223,22.84395],[81.76862,22.83766],[81.76841,22.83655],[81.76784,22.83541],[81.76698,22.83436],[81.7623,22.83071],[81.76135,22.83029],[81.76314,22.82964],[81.76946,22.82776],[81.77283,22.82364],[81.77432,22.82162],[81.77523,22.81947],[81.77642,22.81783],[81.77766,22.81643],[81.77822,22.81466],[81.77791,22.81328],[81.78089,22.81172],[81.78178,22.81095],[81.7821,22.8099],[81.78221,22.80816],[81.78291,22.8033],[81.78338,22.80103],[81.78413,22.7987],[81.78399,22.79771],[81.78335,22.79661],[81.78193,22.79607],[81.78143,22.79179],[81.78098,22.78994],[81.78175,22.78777],[81.78222,22.78521],[81.7837,22.78395],[81.78358,22.77918],[81.79245,22.76935],[81.79439,22.76646],[81.79052,22.76405],[81.78848,22.76355],[81.78733,22.76198],[81.78427,22.75724],[81.78072,22.75453],[81.78048,22.75197],[81.77928,22.75086],[81.77654,22.75139],[81.77307,22.75055],[81.77007,22.74572],[81.76902,22.74187],[81.76896,22.74025],[81.76906,22.73929],[81.76931,22.73889],[81.76987,22.73717],[81.77004,22.73604],[81.76993,22.73558],[81.76633,22.73534],[81.76429,22.73562],[81.76328,22.73562],[81.75797,22.7342],[81.75573,22.73379],[81.75533,22.73354],[81.75431,22.7311],[81.75359,22.72852],[81.75327,22.72288],[81.75344,22.72102],[81.7548,22.71808],[81.75596,22.71399],[81.75693,22.70831],[81.75757,22.70668],[81.75912,22.70375],[81.76067,22.70121],[81.76115,22.69753],[81.76137,22.69714],[81.76324,22.69576],[81.76488,22.6937],[81.76622,22.69122],[81.76672,22.6905],[81.7678,22.68959],[81.77006,22.68807],[81.77124,22.68708],[81.77284,22.6847],[81.77302,22.68246],[81.77277,22.67806],[81.77283,22.67674],[81.77248,22.67484],[81.77251,22.66858],[81.77237,22.66821],[81.76905,22.66496],[81.76826,22.66384],[81.76743,22.66293],[81.76697,22.66223],[81.7667,22.66096],[81.76632,22.66006],[81.7657,22.65918],[81.76337,22.65726],[81.76146,22.65349],[81.75959,22.65032],[81.75704,22.6472],[81.75629,22.64641],[81.7554,22.6458],[81.75455,22.64535],[81.75339,22.64499],[81.75263,22.64449],[81.75086,22.64491],[81.74998,22.64558],[81.74939,22.64629],[81.74847,22.64837],[81.74835,22.64943],[81.74863,22.65079],[81.74901,22.65178],[81.75001,22.65324],[81.75202,22.65437],[81.75113,22.65648],[81.75029,22.65935],[81.7497,22.66039],[81.74908,22.66093],[81.74828,22.66129],[81.74737,22.66195],[81.7464,22.66291],[81.74573,22.66544],[81.74484,22.66807],[81.74299,22.67254],[81.74186,22.67407],[81.74029,22.67496],[81.73953,22.67509],[81.7393,22.67496],[81.73919,22.67449],[81.73964,22.67314],[81.73947,22.67212],[81.7372,22.67238],[81.73488,22.67304],[81.7333,22.6741],[81.73238,22.67447],[81.7296,22.67512],[81.72785,22.67535],[81.72526,22.67308],[81.72467,22.67126],[81.72432,22.67098],[81.72422,22.66897],[81.72394,22.66764],[81.72419,22.66734],[81.72416,22.66651],[81.72464,22.66498],[81.72349,22.65959],[81.72272,22.65706],[81.72124,22.6551],[81.71695,22.65135],[81.71516,22.65042],[81.71395,22.64865],[81.71314,22.64809],[81.7011,22.64508],[81.69889,22.64476],[81.69516,22.6456],[81.69095,22.648],[81.68877,22.64847],[81.68465,22.64782],[81.68332,22.64691],[81.68018,22.64223],[81.67816,22.64048],[81.67641,22.63967],[81.67576,22.63912],[81.67451,22.63755],[81.6742,22.6368],[81.67358,22.63446],[81.67267,22.63315],[81.67205,22.63256],[81.67119,22.6323],[81.66904,22.63196],[81.66755,22.63101],[81.66519,22.62925],[81.66244,22.62681],[81.66202,22.62598],[81.66163,22.62249],[81.6609,22.61929],[81.656,22.61926],[81.65274,22.61856],[81.65135,22.61776],[81.64921,22.61599],[81.64725,22.61326],[81.64689,22.61181],[81.64644,22.60807],[81.64571,22.60487],[81.64686,22.60342],[81.64722,22.60222],[81.64803,22.5977],[81.64689,22.59627],[81.64644,22.59505],[81.64649,22.59341],[81.64705,22.59238],[81.64899,22.5898],[81.64943,22.58895],[81.64599,22.58746],[81.64498,22.58686],[81.64548,22.58444],[81.64588,22.58429],[81.64896,22.58496],[81.64935,22.58471],[81.64971,22.58145],[81.65184,22.58085],[81.65268,22.5813],[81.65568,22.58419],[81.65658,22.5845],[81.65783,22.58444],[81.65803,22.58421],[81.65739,22.58361],[81.65646,22.58045],[81.6557,22.57998],[81.65517,22.57881],[81.65556,22.57582],[81.65635,22.5748],[81.65654,22.57432],[81.65607,22.57291],[81.65618,22.57229],[81.66004,22.56992],[81.65993,22.56946],[81.65416,22.56345],[81.65346,22.56302],[81.64929,22.56328],[81.64386,22.56128],[81.64277,22.55971],[81.64078,22.56063],[81.63874,22.5611],[81.63625,22.56005],[81.63591,22.56089],[81.63577,22.56198],[81.63594,22.56404],[81.6358,22.56484],[81.63519,22.56528],[81.63423,22.56539],[81.62903,22.56336],[81.62872,22.56294],[81.62788,22.56045],[81.62404,22.55588],[81.62441,22.5543],[81.62642,22.54961],[81.62807,22.54538],[81.62869,22.54483],[81.62869,22.54442],[81.6274,22.54299],[81.62194,22.53802],[81.61612,22.53692],[81.61542,22.53692],[81.61369,22.53848],[81.61321,22.53867],[81.61221,22.53804],[81.61131,22.53726],[81.6072,22.53544],[81.60499,22.53461],[81.59998,22.53526],[81.59687,22.53609],[81.59634,22.53653],[81.59584,22.53916],[81.59435,22.54223],[81.59248,22.54465],[81.59183,22.54522],[81.59062,22.54545],[81.58928,22.54514],[81.58738,22.54402],[81.58623,22.54392],[81.57884,22.54654],[81.57699,22.54769],[81.57523,22.54779],[81.57445,22.54821],[81.57251,22.55],[81.5714,22.55057],[81.56955,22.55073],[81.56748,22.55047],[81.5651,22.54946],[81.56283,22.5475],[81.56275,22.54236],[81.56303,22.53396],[81.5672,22.53311],[81.56997,22.53266],[81.57014,22.53246],[81.57003,22.53227],[81.56877,22.53219],[81.56561,22.53243],[81.56253,22.53344],[81.56194,22.53324],[81.55895,22.53079],[81.55296,22.53105],[81.55176,22.5305],[81.5472,22.5275],[81.54608,22.52758],[81.54448,22.52833],[81.54179,22.53213],[81.54098,22.53304],[81.5371,22.53611],[81.53267,22.53853],[81.52584,22.5386],[81.52223,22.53901],[81.52134,22.5366],[81.52187,22.53623],[81.52322,22.53464],[81.52355,22.53334],[81.52344,22.53217],[81.5228,22.53035],[81.52168,22.52786],[81.52087,22.5251],[81.52015,22.52409],[81.51824,22.5198],[81.51696,22.51988],[81.51452,22.52084],[81.51105,22.52159],[81.51049,22.52196],[81.51007,22.52284],[81.50973,22.52489],[81.50931,22.52606],[81.50572,22.52444],[81.50352,22.52299],[81.50163,22.52151],[81.49979,22.52051],[81.49831,22.51991],[81.49743,22.5199],[81.49665,22.51952],[81.49647,22.51923],[81.4963,22.51767],[81.49553,22.51426],[81.49562,22.51382],[81.49586,22.51353],[81.49712,22.51274],[81.49734,22.51243],[81.49744,22.51164],[81.49548,22.50877],[81.49522,22.5081],[81.49485,22.50616],[81.49442,22.50501],[81.48938,22.50317],[81.48813,22.50059],[81.48813,22.4996],[81.48766,22.49833],[81.48769,22.49614],[81.48707,22.4953],[81.48631,22.49376],[81.48631,22.49313],[81.48669,22.49192],[81.48701,22.49024],[81.48546,22.48843],[81.48471,22.48783],[81.48363,22.48824],[81.48261,22.48843],[81.47856,22.49222],[81.47708,22.49271],[81.47513,22.49298],[81.4728,22.49374],[81.46601,22.49326],[81.46513,22.49334],[81.46301,22.49307],[81.46257,22.49163],[81.46199,22.4909],[81.46003,22.48968],[81.45954,22.4895],[81.45884,22.48947],[81.45837,22.48958],[81.45747,22.49004],[81.45633,22.4909],[81.4554,22.49188],[81.45299,22.49551],[81.45257,22.49581],[81.4517,22.49605],[81.45047,22.49597],[81.44942,22.49576],[81.44689,22.49343],[81.44549,22.49327],[81.44348,22.49411],[81.44261,22.49435],[81.44252,22.49386],[81.44263,22.49329],[81.44397,22.49072],[81.44677,22.48901],[81.44866,22.48812],[81.45108,22.4866],[81.45091,22.48636],[81.44986,22.48582],[81.4482,22.4853],[81.44724,22.48465],[81.44677,22.48413],[81.44503,22.48151],[81.44254,22.4792],[81.4425,22.47893],[81.4437,22.47786],[81.4464,22.47618],[81.44676,22.47641],[81.44842,22.47829],[81.44987,22.47913],[81.45066,22.47906],[81.45088,22.47859],[81.45084,22.47779],[81.45048,22.47651],[81.4507,22.4758],[81.45037,22.47433],[81.45019,22.47124],[81.44857,22.47107],[81.4477,22.47081],[81.44662,22.46976],[81.44795,22.46806],[81.44903,22.46752],[81.45286,22.46839],[81.45354,22.46967],[81.4542,22.47004],[81.45499,22.46976],[81.45531,22.4694],[81.45589,22.4695],[81.45618,22.46973],[81.45694,22.47121],[81.4573,22.47168],[81.45868,22.47121],[81.45893,22.46929],[81.45745,22.46859],[81.45701,22.46762],[81.45683,22.46748],[81.45611,22.46732],[81.45528,22.46688],[81.45278,22.46638],[81.45138,22.46648],[81.44737,22.46588],[81.44628,22.46668],[81.4447,22.46752],[81.4434,22.46967],[81.44239,22.47051],[81.44174,22.47088],[81.44102,22.47178],[81.44102,22.47209],[81.44293,22.4734],[81.44293,22.4738],[81.4421,22.47638],[81.442,22.47759],[81.44153,22.47991],[81.44019,22.48138],[81.43921,22.48213],[81.43882,22.48226],[81.43448,22.48112],[81.43329,22.47991],[81.43221,22.47921],[81.43112,22.47914],[81.42971,22.47931],[81.4282,22.47981],[81.42784,22.47981],[81.42679,22.47907],[81.426,22.47783],[81.42274,22.47146],[81.42278,22.47005],[81.42339,22.46666],[81.42382,22.46548],[81.42382,22.46481],[81.42451,22.46327],[81.42555,22.46219],[81.42671,22.46145],[81.42671,22.46011],[81.42754,22.45853],[81.4287,22.45726],[81.4287,22.45689],[81.42411,22.44914],[81.42295,22.44769],[81.42223,22.44726],[81.42104,22.44686],[81.42039,22.44619],[81.41923,22.44565],[81.41808,22.44531],[81.41667,22.44528],[81.41631,22.44545],[81.41526,22.44514],[81.41317,22.44374],[81.40876,22.4426],[81.4067,22.44095],[81.40464,22.44069],[81.40363,22.44069],[81.3997,22.43971],[81.39641,22.44008],[81.39504,22.44116],[81.39497,22.44263],[81.39428,22.44354],[81.39338,22.44532],[81.39298,22.44904],[81.39064,22.45106],[81.39006,22.45226],[81.38995,22.45361],[81.39057,22.45522],[81.39045,22.45582],[81.38919,22.45784],[81.38811,22.45921],[81.38843,22.46106],[81.38981,22.46244],[81.39006,22.46331],[81.38988,22.46596],[81.3897,22.46663],[81.38865,22.46821],[81.39075,22.47015],[81.39125,22.47109],[81.39125,22.47586],[81.3915,22.47771],[81.39128,22.47848],[81.39009,22.48019],[81.38854,22.48187],[81.38684,22.48499],[81.38428,22.48909],[81.38406,22.48976],[81.38493,22.49318],[81.38507,22.49486],[81.38609,22.49664],[81.38623,22.49734],[81.38619,22.49855],[81.3852,22.50347],[81.38482,22.50466],[81.38358,22.50645],[81.38195,22.50823],[81.38186,22.50856],[81.38211,22.5096],[81.38206,22.50982],[81.37967,22.51016],[81.37826,22.51047],[81.37725,22.5109],[81.37582,22.51105],[81.37505,22.51157],[81.37286,22.51434],[81.37241,22.51472],[81.37063,22.51488],[81.36793,22.51466],[81.36352,22.51501],[81.36136,22.515],[81.36126,22.5131],[81.36111,22.51241],[81.36059,22.51204],[81.35909,22.51166],[81.35431,22.51126],[81.3539,22.51233],[81.35388,22.51423],[81.35321,22.51504],[81.35204,22.5159],[81.3506,22.51759],[81.34376,22.51899],[81.34205,22.51883],[81.34006,22.51951],[81.33824,22.52036],[81.33742,22.52127],[81.3368,22.5225],[81.33632,22.52308],[81.33554,22.52379],[81.33474,22.52424],[81.33355,22.52478],[81.3306,22.5256],[81.32839,22.52597],[81.32653,22.52614],[81.32552,22.5256],[81.32321,22.52374],[81.32287,22.52302],[81.32274,22.52196],[81.32292,22.52089],[81.32345,22.51955],[81.32338,22.51893],[81.32186,22.51773],[81.31839,22.51686],[81.31801,22.51652],[81.31721,22.51461],[81.31781,22.51169],[81.31976,22.50806],[81.31993,22.50705],[81.31988,22.50648],[81.31941,22.50546],[81.31942,22.50489],[81.31982,22.5039],[81.31985,22.50323],[81.3182,22.50186],[81.31948,22.49927],[81.32048,22.49683],[81.32089,22.49523],[81.32057,22.49455],[81.31912,22.49476],[81.31813,22.49392],[81.31953,22.4935],[81.32053,22.49291],[81.32225,22.49118],[81.3227,22.49042],[81.3228,22.48916],[81.32248,22.48811],[81.32085,22.48608],[81.32049,22.48596],[81.31776,22.48672],[81.31518,22.48777],[81.31481,22.48709],[81.31405,22.4833],[81.31373,22.48292],[81.31115,22.48233],[81.30852,22.48191],[81.30729,22.48191],[81.30647,22.48287],[81.30589,22.48338],[81.30498,22.48384],[81.30384,22.48485],[81.30266,22.4878],[81.29995,22.49029],[81.29923,22.49072],[81.29727,22.49148],[81.29514,22.49261],[81.29351,22.49332],[81.29178,22.49429],[81.28688,22.49912],[81.28425,22.50036],[81.28127,22.50295],[81.27917,22.50058],[81.278,22.4988],[81.27768,22.49812],[81.27696,22.49761],[81.27546,22.49614],[81.27483,22.49517],[81.27428,22.49458],[81.27378,22.49369],[81.27329,22.49319],[81.27224,22.49361],[81.27056,22.49407],[81.26907,22.49432],[81.26771,22.49419],[81.26598,22.49373],[81.26322,22.49369],[81.26213,22.49327],[81.26159,22.49196],[81.26104,22.48939],[81.25978,22.48513],[81.2601,22.48286],[81.26064,22.48168],[81.2616,22.4789],[81.26178,22.47519],[81.26214,22.47323],[81.26214,22.47278],[81.26193,22.47217],[81.2581,22.4694],[81.25685,22.46828],[81.25385,22.4649],[81.25146,22.46152],[81.24949,22.45998],[81.24831,22.45878],[81.24506,22.45704],[81.24189,22.4556],[81.23696,22.45406],[81.2333,22.45244],[81.23219,22.45216],[81.22963,22.45265],[81.22373,22.45349],[81.21641,22.45486],[81.21156,22.456],[81.20774,22.45659],[81.20774,22.45802],[81.20738,22.45925],[81.20701,22.46],[81.20612,22.46084],[81.2046,22.46186],[81.20342,22.46215],[81.20124,22.46294]]}},{"type":"Feature","properties":{"kind":"state","name":"Chhattisgarh–Madhya Pradesh","src":"OSM relations 1950071 and 1972004","river":"1461","rlen":21},"geometry":{"type":"LineString","coordinates":[[81.20124,22.46294],[81.20188,22.46445],[81.20217,22.46555],[81.20234,22.46695],[81.20234,22.46786],[81.20137,22.47009],[81.20122,22.47092],[81.20134,22.47154],[81.2016,22.47208],[81.20154,22.4731],[81.20013,22.47635],[81.20008,22.47732],[81.20025,22.47911],[81.20005,22.48069],[81.20008,22.48155],[81.20031,22.48254],[81.20052,22.48473],[81.20029,22.48553],[81.19948,22.4873],[81.19842,22.48934],[81.19818,22.48948],[81.19765,22.49003],[81.19739,22.48992],[81.19701,22.49018],[81.19651,22.49009],[81.19623,22.49032],[81.19586,22.49035],[81.19564,22.4905],[81.19547,22.49121]]}},{"type":"Feature","properties":{"kind":"state","name":"Chhattisgarh–Madhya Pradesh","src":"OSM relations 1950071 and 1972004"},"geometry":{"type":"LineString","coordinates":[[81.19547,22.49121],[81.19325,22.49084],[81.19154,22.49009],[81.18944,22.48964],[81.18697,22.48884],[81.18489,22.48865],[81.18064,22.48796],[81.18,22.48796],[81.17795,22.48845],[81.17597,22.4885],[81.17387,22.48781],[81.17269,22.48791],[81.17221,22.48776],[81.17178,22.48722],[81.17081,22.48537],[81.17028,22.48462],[81.16969,22.48278],[81.16878,22.48184],[81.16859,22.48087],[81.16805,22.47938],[81.16724,22.47797],[81.16606,22.47692],[81.16324,22.47515],[81.16282,22.47455],[81.16066,22.47011],[81.15845,22.46285],[81.15761,22.46076],[81.15657,22.45881],[81.15642,22.45817],[81.15643,22.45637],[81.15577,22.45581],[81.15512,22.45491],[81.15387,22.45409],[81.1526,22.45365],[81.15085,22.45344],[81.1497,22.45313],[81.14871,22.45318],[81.14662,22.45398],[81.14603,22.45402],[81.14452,22.45383],[81.14208,22.4542],[81.14103,22.45423],[81.13879,22.45327],[81.13663,22.45263],[81.13492,22.45183],[81.13136,22.45086],[81.12701,22.44923],[81.12417,22.44776],[81.12317,22.44745],[81.12245,22.44709],[81.12053,22.4458],[81.11391,22.44019],[81.11248,22.43874],[81.1115,22.43793],[81.11092,22.43724],[81.11006,22.43553],[81.10882,22.42876],[81.10915,22.42356],[81.10915,22.42164],[81.11005,22.41951],[81.11034,22.41744],[81.10868,22.40932],[81.1084,22.40609],[81.10834,22.40096],[81.10771,22.39829],[81.10695,22.39363],[81.10602,22.38908],[81.10598,22.38769],[81.10579,22.38711],[81.10376,22.38383],[81.1037,22.38267],[81.10499,22.38006],[81.10589,22.37917],[81.10634,22.37854],[81.10867,22.37382],[81.10937,22.36919],[81.10969,22.36793],[81.11056,22.36569],[81.11181,22.36318],[81.11286,22.35751],[81.11282,22.35541],[81.11294,22.35383],[81.11312,22.35327],[81.11431,22.35155],[81.1186,22.34736],[81.11959,22.34577],[81.12017,22.34451],[81.12087,22.34373],[81.12121,22.3426],[81.12124,22.3415],[81.11904,22.33728],[81.11433,22.32743],[81.11374,22.32542],[81.11355,22.32413],[81.11369,22.32303],[81.11411,22.32196],[81.11519,22.32026],[81.11545,22.31946],[81.11617,22.31551],[81.11736,22.31339],[81.11862,22.31075],[81.11894,22.30922],[81.11889,22.30732],[81.11922,22.30174],[81.11869,22.29845],[81.11814,22.29639],[81.11864,22.29336],[81.11872,22.29126],[81.11843,22.29047],[81.11773,22.28975],[81.11589,22.2883],[81.11381,22.28718],[81.11349,22.28683],[81.11121,22.28584],[81.11044,22.28525],[81.10799,22.2845],[81.10558,22.28158],[81.10371,22.28011],[81.10316,22.27985],[81.10185,22.2783],[81.09866,22.27154],[81.09731,22.26898],[81.09612,22.26378],[81.09575,22.26292],[81.09547,22.2613],[81.09462,22.25811],[81.09325,22.2535],[81.09153,22.249],[81.08951,22.24707],[81.08889,22.24669],[81.08776,22.24633],[81.08452,22.24498],[81.08241,22.24383],[81.08207,22.24323],[81.08162,22.24171],[81.08109,22.24071],[81.07955,22.23938],[81.07872,22.23885],[81.07825,22.23876],[81.07771,22.23904],[81.07714,22.24015],[81.07604,22.24465],[81.07518,22.24583],[81.07429,22.24662],[81.07303,22.24816],[81.07261,22.24837],[81.07096,22.24813],[81.0658,22.24625],[81.063,22.24558],[81.0617,22.24498],[81.05961,22.24429],[81.05773,22.2444],[81.05587,22.24473],[81.05224,22.24476],[81.05006,22.24455],[81.04896,22.24419],[81.0484,22.24383],[81.04414,22.23983],[81.0433,22.23929],[81.04264,22.23857],[81.04182,22.23801],[81.03924,22.23545],[81.03791,22.23389],[81.03266,22.23119],[81.03171,22.23095],[81.03073,22.23037],[81.02705,22.22892],[81.02609,22.22886],[81.02438,22.22932],[81.02424,22.22932],[81.0242,22.22917],[81.02382,22.22936],[81.02364,22.22928],[81.0235,22.22913],[81.02272,22.22634],[81.02235,22.22546],[81.02183,22.22477],[81.02096,22.22302],[81.01946,22.22118],[81.01937,22.21903],[81.01952,22.21734],[81.02,22.21578],[81.02176,22.21212],[81.02246,22.21131],[81.02427,22.21038],[81.02483,22.20987],[81.02538,22.20929],[81.02702,22.20668],[81.02858,22.20521],[81.03037,22.20317],[81.03131,22.20159],[81.03164,22.19965],[81.0315,22.19861],[81.03081,22.19636],[81.03043,22.19558],[81.02986,22.19508],[81.02919,22.19335],[81.02901,22.1925],[81.02911,22.19163],[81.03071,22.1877],[81.03066,22.1874],[81.02553,22.1874],[81.02476,22.18781],[81.02422,22.18831],[81.02243,22.18947],[81.02202,22.18937],[81.02006,22.1884],[81.01681,22.18597],[81.01666,22.18553],[81.01674,22.18332],[81.01703,22.18135],[81.01703,22.18001],[81.01716,22.17961],[81.01889,22.17767],[81.01995,22.17617],[81.02297,22.17266],[81.02675,22.16639],[81.02681,22.16543],[81.02667,22.16414],[81.02631,22.16284],[81.02447,22.16146],[81.02254,22.15869],[81.02221,22.15773],[81.02239,22.15585],[81.023,22.15416],[81.02317,22.15324],[81.02322,22.15099],[81.0237,22.14957],[81.02378,22.14867],[81.02289,22.14423],[81.02248,22.14093],[81.02208,22.13946],[81.02185,22.1374],[81.02153,22.13652],[81.02165,22.13623],[81.02191,22.13273],[81.01869,22.1333],[81.01557,22.13361],[81.01368,22.13367],[81.01047,22.13291],[81.00853,22.13224],[81.0063,22.13177],[81.00571,22.13177],[81.00384,22.13149],[80.99906,22.13132],[80.99837,22.13164],[80.9978,22.13251],[80.99734,22.13292],[80.99571,22.13316],[80.99487,22.13302],[80.99405,22.13273],[80.9902,22.1299],[80.98895,22.12825],[80.98803,22.12793],[80.98617,22.12756],[80.9846,22.12686],[80.9826,22.1257],[80.98061,22.1241],[80.98,22.12331],[80.97869,22.12079],[80.97814,22.12011],[80.97834,22.11997],[80.97845,22.11966],[80.97826,22.11831],[80.97858,22.11719],[80.97881,22.1166],[80.97929,22.11629],[80.97967,22.11621],[80.97978,22.11598],[80.97967,22.11517],[80.97979,22.11397],[80.97958,22.11258],[80.97965,22.11222],[80.9799,22.11183],[80.97999,22.1112],[80.98096,22.11021],[80.98119,22.11021],[80.9818,22.11067],[80.98214,22.11063],[80.98239,22.11112],[80.98287,22.11311],[80.98318,22.11377],[80.98352,22.11422],[80.98434,22.11456],[80.98485,22.11466],[80.98543,22.11459],[80.99048,22.11355],[80.99077,22.11322],[80.99121,22.11201],[80.99156,22.11153],[80.99295,22.11046],[80.9948,22.10879],[80.99767,22.10659],[81.00039,22.10471],[81.00168,22.10356],[81.00232,22.10247],[81.00255,22.10172],[81.00316,22.10106],[81.0039,22.1008],[81.00587,22.10047],[81.00666,22.09995],[81.00748,22.09902],[81.00882,22.09798],[81.00996,22.09677],[81.01133,22.09557],[81.01133,22.09547],[81.00947,22.09417],[81.00776,22.09328],[81.00612,22.09219],[81.00555,22.09142],[81.00519,22.08995],[81.00332,22.08733],[81.00195,22.08477],[81.00145,22.0835],[81.00147,22.08303],[81.00215,22.08127],[81.0023,22.08041],[81.00215,22.07947],[81.00376,22.07705],[81.00458,22.07536],[81.0067,22.075],[81.00842,22.0729],[81.00895,22.07177],[81.00911,22.0709],[81.00906,22.0699],[81.0086,22.06841],[81.00727,22.06537],[81.00527,22.06155],[81.00317,22.05849],[81.00251,22.05824],[80.99831,22.0576],[80.99488,22.05861],[80.9944,22.0573],[80.99428,22.05642],[80.99424,22.05435],[80.99491,22.05075],[80.99497,22.04982],[80.99483,22.04943],[80.99439,22.04924],[80.99395,22.0493],[80.99238,22.04994],[80.99164,22.05035],[80.99073,22.05115],[80.99002,22.0514],[80.98967,22.05138],[80.98873,22.05101],[80.98585,22.049],[80.9851,22.04869],[80.98354,22.0486],[80.98279,22.04908],[80.98197,22.05023],[80.98167,22.05117],[80.98138,22.05307],[80.9809,22.05425],[80.98054,22.05471],[80.97973,22.05522],[80.97748,22.05617],[80.97693,22.05627],[80.97346,22.05627],[80.97196,22.0566],[80.97004,22.05741],[80.9694,22.05799],[80.9691,22.05873],[80.96893,22.06142],[80.96902,22.06475],[80.96918,22.06671],[80.96955,22.06813],[80.96959,22.06925],[80.97005,22.07216],[80.97006,22.07402],[80.97056,22.0755],[80.97203,22.07827],[80.97213,22.07995],[80.97188,22.08235],[80.9712,22.08401],[80.97016,22.0853],[80.96809,22.08833],[80.96761,22.08925],[80.96683,22.09292],[80.96655,22.09353],[80.96542,22.09483],[80.96325,22.09811],[80.9621,22.09907],[80.96126,22.09958],[80.96101,22.10003],[80.96103,22.10241],[80.96076,22.10357],[80.96024,22.10467],[80.95867,22.10674],[80.95792,22.10862],[80.95698,22.11042],[80.95473,22.11289],[80.95139,22.11528],[80.95038,22.11648],[80.94959,22.11713],[80.94758,22.11827],[80.94692,22.11842],[80.94371,22.11833],[80.94187,22.11849],[80.93759,22.11896],[80.93559,22.11935],[80.93052,22.11974],[80.92563,22.12036],[80.92465,22.12036],[80.92195,22.11995],[80.91784,22.11581],[80.91469,22.11319],[80.91086,22.11174],[80.90793,22.10957],[80.906,22.10086],[80.90496,22.09739],[80.9029,22.08968],[80.90129,22.08281],[80.90022,22.07996],[80.89951,22.07742],[80.89921,22.07476],[80.8987,22.07212],[80.89815,22.06797],[80.89775,22.06653],[80.89681,22.06434],[80.89615,22.06398],[80.8953,22.06407],[80.89428,22.06394],[80.89339,22.06346],[80.89295,22.06308],[80.89211,22.06107],[80.89177,22.06071],[80.89095,22.06023],[80.89071,22.05938],[80.89,22.05851],[80.88936,22.05735],[80.88901,22.0571],[80.88829,22.05705],[80.88769,22.0572],[80.88725,22.05747],[80.88686,22.05856],[80.88664,22.05888],[80.88611,22.05915],[80.88269,22.05903],[80.88234,22.058],[80.88211,22.05661],[80.88232,22.05536],[80.88205,22.05462],[80.88181,22.05434],[80.88176,22.05376],[80.88199,22.05297],[80.88216,22.05248],[80.88287,22.05168],[80.8858,22.04962],[80.88092,22.0431],[80.87908,22.04136],[80.8766,22.03934],[80.87595,22.039],[80.87579,22.03853],[80.87633,22.03593],[80.87681,22.03512],[80.87693,22.03463],[80.87695,22.03391],[80.87647,22.0287],[80.87632,22.02434],[80.87638,22.02153],[80.87582,22.0175],[80.87595,22.01514],[80.87578,22.01104],[80.87382,22.00845],[80.87202,22.00512],[80.86923,22.00052],[80.86575,21.99426],[80.86277,21.98632],[80.86244,21.9835],[80.86207,21.98146],[80.86153,21.97979],[80.86044,21.97505],[80.86038,21.97439],[80.85914,21.97078],[80.85717,21.9672],[80.85643,21.96563],[80.85589,21.96413],[80.85492,21.96238],[80.8542,21.96062],[80.85356,21.95942],[80.85294,21.95767]]}},{"type":"Feature","properties":{"kind":"state","name":"Chhattisgarh–Madhya Pradesh","src":"OSM relations 1950071 and 1972004","river":"2157","rlen":16},"geometry":{"type":"LineString","coordinates":[[80.85294,21.95767],[80.85246,21.95782],[80.85153,21.95776],[80.8502,21.95732],[80.84947,21.95696],[80.84834,21.95607],[80.84744,21.95592],[80.84687,21.95567],[80.84621,21.95569],[80.84563,21.9558],[80.84503,21.95578],[80.84443,21.95607],[80.84377,21.95623],[80.84317,21.95608],[80.84264,21.95608],[80.84236,21.95582],[80.84163,21.95581],[80.84132,21.95559],[80.84026,21.95563],[80.83978,21.9559],[80.83968,21.95618],[80.83965,21.95699],[80.83929,21.95747],[80.83849,21.95797],[80.83809,21.95803],[80.83709,21.95717],[80.83698,21.95667],[80.83684,21.95643],[80.83688,21.95621],[80.83711,21.95587],[80.83704,21.95503],[80.83709,21.95462],[80.83691,21.95436],[80.83644,21.95422],[80.83504,21.9546],[80.83368,21.95555],[80.83218,21.95634],[80.83184,21.95692],[80.83117,21.95761]]}},{"type":"Feature","properties":{"kind":"state","name":"Chhattisgarh–Madhya Pradesh","src":"OSM relations 1950071 and 1972004"},"geometry":{"type":"LineString","coordinates":[[80.83117,21.95761],[80.83131,21.95773],[80.83084,21.95782],[80.82918,21.959]]}},{"type":"Feature","properties":{"kind":"state","name":"Chhattisgarh–Madhya Pradesh","src":"OSM relations 1950071 and 1972004","river":"2313","rlen":208},"geometry":{"type":"LineString","coordinates":[[80.82918,21.959],[80.8291,21.9589],[80.82819,21.95816],[80.82782,21.95776],[80.82763,21.95768],[80.82742,21.95767],[80.82696,21.95782],[80.82643,21.95849],[80.82599,21.95875],[80.82562,21.95872],[80.82554,21.95857],[80.82577,21.95807],[80.82649,21.95705],[80.82663,21.95687],[80.82727,21.95643],[80.82742,21.95604],[80.82734,21.95522],[80.82687,21.95487],[80.8261,21.95455],[80.82581,21.95423],[80.82576,21.9531],[80.82586,21.9528],[80.82616,21.95254],[80.82657,21.95252],[80.82683,21.95262],[80.82724,21.95293],[80.82737,21.95311],[80.82764,21.95402],[80.82777,21.95418],[80.82791,21.95423],[80.82816,21.95413],[80.82883,21.95317],[80.82893,21.95276],[80.82887,21.95237],[80.82782,21.95228],[80.82731,21.95153],[80.82732,21.95137],[80.8275,21.95106],[80.8284,21.95008],[80.82859,21.94959],[80.8287,21.94896],[80.82852,21.94812],[80.82869,21.94795],[80.82906,21.94795],[80.82955,21.94808],[80.83056,21.94911],[80.83074,21.9492],[80.83124,21.94919],[80.83155,21.94934],[80.83178,21.94983],[80.83191,21.94993],[80.83245,21.94985],[80.83307,21.94996],[80.83326,21.94994],[80.83341,21.94982],[80.83354,21.94967],[80.83352,21.94933],[80.83304,21.94891],[80.83284,21.94891],[80.83232,21.94918],[80.8321,21.94921],[80.83192,21.94914],[80.83181,21.94894],[80.83194,21.94803],[80.83183,21.94786],[80.83156,21.94767],[80.83087,21.94731],[80.83073,21.94707],[80.831,21.94657],[80.83117,21.94646],[80.83167,21.94643],[80.83207,21.94602],[80.83232,21.9461],[80.83273,21.94651],[80.83304,21.9464],[80.83309,21.94616],[80.83279,21.94573],[80.8329,21.94546],[80.83324,21.94525],[80.83345,21.94518],[80.83376,21.94522],[80.8345,21.94648],[80.83475,21.94711],[80.83559,21.94757],[80.83573,21.9481],[80.83574,21.94896],[80.83582,21.9493],[80.83644,21.94959],[80.83686,21.94957],[80.83708,21.94941],[80.83732,21.94921],[80.83782,21.9485],[80.8378,21.94813],[80.83722,21.94771],[80.83716,21.94752],[80.8374,21.94644],[80.8375,21.94629],[80.83768,21.94627],[80.83775,21.94689],[80.83811,21.94709],[80.83829,21.94706],[80.83878,21.94654],[80.83907,21.94645],[80.8416,21.94648],[80.84213,21.94664],[80.84254,21.94657],[80.8429,21.94636],[80.84323,21.94597],[80.84336,21.94568],[80.84349,21.94509],[80.84345,21.94491],[80.84314,21.94482],[80.84273,21.94485],[80.84204,21.94521],[80.84178,21.94521],[80.84161,21.94512],[80.84158,21.945],[80.84172,21.94404],[80.842,21.94386],[80.84245,21.94371],[80.84317,21.94362],[80.84327,21.94343],[80.84322,21.94297],[80.84397,21.94255],[80.84444,21.94248],[80.84461,21.94275],[80.84473,21.94281],[80.84541,21.94294],[80.84563,21.94288],[80.8459,21.94263],[80.84588,21.94234],[80.84547,21.94138],[80.8453,21.9413],[80.84493,21.94128],[80.84473,21.94136],[80.84446,21.94197],[80.84396,21.94226],[80.84356,21.94232],[80.84291,21.94226],[80.84243,21.94236],[80.842,21.94225],[80.84136,21.9418],[80.84129,21.94157],[80.84134,21.94136],[80.84169,21.94053],[80.8425,21.94008],[80.84286,21.94004],[80.84361,21.94029],[80.84501,21.94034],[80.84534,21.94033],[80.84553,21.94022],[80.84574,21.93995],[80.84615,21.93884],[80.84607,21.93819],[80.84612,21.93755],[80.84583,21.93666],[80.84595,21.93584],[80.84591,21.9345],[80.84576,21.93398],[80.84582,21.93363],[80.84594,21.93351],[80.84613,21.93347],[80.84685,21.93341],[80.84747,21.93313],[80.84753,21.93298],[80.84731,21.93247],[80.84784,21.93085],[80.84781,21.93059],[80.84769,21.93048],[80.84689,21.93053],[80.84584,21.93083],[80.84566,21.93079],[80.84561,21.93067],[80.84596,21.93007],[80.84598,21.92977],[80.84565,21.9294],[80.84559,21.92909],[80.84539,21.92874],[80.84542,21.92865],[80.84605,21.92842],[80.84623,21.92828],[80.84637,21.92803],[80.8464,21.92709],[80.84611,21.92657],[80.84576,21.92631],[80.84467,21.92582],[80.84368,21.92509],[80.84337,21.92476],[80.84325,21.92428],[80.84299,21.92391],[80.84146,21.92362],[80.841,21.92308],[80.84088,21.92305],[80.84014,21.92323],[80.83996,21.92321],[80.83965,21.92299],[80.83926,21.92237],[80.83927,21.92214],[80.83944,21.9218],[80.83908,21.92135],[80.83897,21.92113],[80.83898,21.92098],[80.83911,21.92056],[80.83959,21.92001],[80.8398,21.91933],[80.84006,21.9189],[80.84003,21.91878],[80.83976,21.91859],[80.83872,21.9182],[80.83841,21.91801],[80.83829,21.91788],[80.83813,21.91722],[80.83795,21.91704],[80.83759,21.9169],[80.83752,21.91675],[80.83757,21.91639],[80.83785,21.91605],[80.83835,21.91577],[80.83843,21.91564],[80.83834,21.91523],[80.83806,21.9148],[80.83765,21.91468],[80.83619,21.91451],[80.83599,21.91432],[80.83597,21.91385],[80.8361,21.91335],[80.83585,21.91295],[80.83588,21.91237],[80.8358,21.91174],[80.83588,21.91107],[80.83581,21.91068],[80.83558,21.91051],[80.8349,21.91045],[80.83475,21.91035],[80.83465,21.91027],[80.83446,21.90983],[80.83403,21.90944],[80.83401,21.90927],[80.83413,21.90916],[80.83487,21.90911],[80.83512,21.90886],[80.83518,21.9087],[80.83497,21.90847],[80.83482,21.90786],[80.8346,21.90769],[80.8343,21.90767],[80.83375,21.90805],[80.83318,21.90813],[80.83276,21.90853],[80.83247,21.90843],[80.83232,21.90816],[80.83201,21.90727],[80.83202,21.90695],[80.83222,21.90666],[80.83304,21.9062],[80.83389,21.90612],[80.83427,21.906],[80.83461,21.90605],[80.83478,21.90623],[80.83488,21.907],[80.83496,21.90715],[80.8353,21.90728],[80.83554,21.90708],[80.83568,21.90654],[80.83566,21.90609],[80.83529,21.90524],[80.83452,21.90494],[80.8342,21.90466],[80.8342,21.90442],[80.83428,21.90427],[80.83501,21.90367],[80.83513,21.90354],[80.83514,21.90338],[80.83448,21.90235],[80.83364,21.90134],[80.83356,21.90115],[80.8336,21.90098],[80.83427,21.90026],[80.83432,21.89978],[80.83404,21.89948],[80.83333,21.89906],[80.83314,21.89817],[80.83343,21.89745],[80.83377,21.8972],[80.83412,21.89718],[80.83426,21.89707],[80.83429,21.89638],[80.8346,21.89604],[80.83463,21.89591],[80.8339,21.89491],[80.83305,21.8948],[80.83287,21.89456],[80.83289,21.89423],[80.83312,21.8939],[80.83325,21.89352],[80.83325,21.89295],[80.83347,21.89258],[80.83348,21.89243],[80.83336,21.89216],[80.8332,21.89211],[80.83302,21.89211],[80.83258,21.89239],[80.83237,21.89237],[80.83221,21.89213],[80.83208,21.89147],[80.83183,21.89115],[80.83202,21.89076],[80.83198,21.89007],[80.83244,21.89002],[80.83248,21.88978],[80.83237,21.88952],[80.83237,21.88905],[80.83251,21.88899],[80.83301,21.88912],[80.83333,21.88898],[80.83347,21.88869],[80.83348,21.8881],[80.83383,21.88782],[80.83414,21.88774],[80.83439,21.8875],[80.83437,21.88694],[80.83443,21.88678],[80.83473,21.88648],[80.83477,21.8863],[80.83453,21.88552],[80.83456,21.88518],[80.83466,21.88505],[80.83506,21.88496],[80.83597,21.88493],[80.8365,21.8848],[80.83753,21.88391],[80.83794,21.88382],[80.83912,21.88387],[80.83935,21.88377],[80.83967,21.88334],[80.84008,21.88304],[80.84018,21.88274],[80.84065,21.88204],[80.84075,21.88163],[80.84086,21.88154],[80.84183,21.88147],[80.84225,21.8817],[80.84242,21.88174],[80.84264,21.88166],[80.84281,21.88136],[80.84242,21.88093],[80.8421,21.88039],[80.84212,21.88018],[80.84225,21.88008],[80.84265,21.88011],[80.84305,21.88044],[80.84352,21.88065],[80.84401,21.88056],[80.84421,21.8804],[80.84431,21.88018],[80.84431,21.87989],[80.84421,21.87923],[80.84409,21.87889],[80.84409,21.87862],[80.84421,21.87836],[80.84471,21.87816],[80.8448,21.878],[80.84476,21.87747],[80.84466,21.87734],[80.84428,21.87724],[80.84391,21.87723],[80.84342,21.87698],[80.84331,21.8767],[80.84333,21.87649],[80.8437,21.87585],[80.84426,21.87554],[80.84478,21.87466],[80.84535,21.87456],[80.84552,21.8744],[80.84581,21.87383],[80.84591,21.87376],[80.84613,21.87381],[80.84637,21.87393],[80.84809,21.87552],[80.84842,21.87561],[80.8488,21.87552],[80.84904,21.87554],[80.84962,21.87594],[80.85001,21.87609],[80.85019,21.87607],[80.85043,21.87595],[80.8507,21.87531],[80.85068,21.87517],[80.84985,21.87484],[80.84959,21.87405],[80.84962,21.87342],[80.84973,21.8733],[80.85005,21.87328],[80.85024,21.87335],[80.8507,21.8741],[80.85106,21.87423],[80.85145,21.87421],[80.85155,21.87413],[80.85151,21.8736],[80.85127,21.8733],[80.85092,21.87312],[80.85086,21.87297],[80.8509,21.8728],[80.85104,21.87274],[80.85124,21.87277],[80.85159,21.87295],[80.85194,21.87304],[80.85223,21.87345],[80.85247,21.87361],[80.85262,21.87357],[80.85277,21.87342],[80.8531,21.87279],[80.85287,21.87198],[80.85258,21.87158],[80.85257,21.87141],[80.85276,21.87118],[80.85276,21.87102],[80.85244,21.87068],[80.85169,21.87075],[80.85155,21.87083],[80.85122,21.8713],[80.85062,21.87134],[80.85022,21.87146],[80.84966,21.87146],[80.84867,21.87115],[80.84825,21.87088],[80.84787,21.87053],[80.84719,21.87043],[80.84675,21.86982],[80.84659,21.86979],[80.84628,21.86991],[80.84586,21.8699],[80.84537,21.86974],[80.84529,21.86934],[80.84531,21.86912],[80.84554,21.86887],[80.84546,21.8686],[80.84538,21.86845],[80.84493,21.86824],[80.84476,21.86806],[80.84413,21.86715],[80.8437,21.86666],[80.84367,21.86641],[80.84384,21.86624],[80.84397,21.86594],[80.84394,21.86571],[80.84366,21.86549],[80.84313,21.86538],[80.84217,21.86492],[80.84234,21.86453],[80.84279,21.86432],[80.8431,21.86433],[80.84342,21.86462],[80.84359,21.86471],[80.84376,21.86469],[80.84384,21.86463],[80.84384,21.8645],[80.8436,21.86407],[80.8436,21.86395],[80.84408,21.86372],[80.84423,21.86372],[80.84448,21.86385],[80.8446,21.86416],[80.84475,21.8641],[80.84486,21.86359],[80.84526,21.86276],[80.84496,21.8622],[80.84503,21.86198],[80.84544,21.86208],[80.84559,21.86266],[80.84589,21.86281],[80.84603,21.86281],[80.84617,21.86247],[80.84631,21.86245],[80.84628,21.86315],[80.84657,21.86329],[80.84683,21.86311],[80.84714,21.86269],[80.84708,21.86214],[80.84715,21.86205],[80.8475,21.86214],[80.84796,21.86208],[80.84817,21.86164],[80.8481,21.86106],[80.84786,21.86107],[80.84763,21.86131],[80.84702,21.86133],[80.8465,21.8605],[80.84647,21.86015],[80.84636,21.85993],[80.84636,21.85965],[80.84649,21.85955],[80.84699,21.85951],[80.84761,21.85974],[80.84819,21.85974],[80.84878,21.85935],[80.84908,21.85904],[80.84943,21.85833],[80.84961,21.85815],[80.85052,21.85802],[80.85062,21.85764],[80.85057,21.85759],[80.85027,21.8577],[80.85015,21.85765],[80.85001,21.8574],[80.85005,21.8569],[80.8503,21.85663],[80.85027,21.85627],[80.85048,21.85612],[80.85095,21.85615],[80.85128,21.85591],[80.85156,21.85596],[80.85173,21.85581],[80.85174,21.85569],[80.85128,21.85514],[80.85109,21.85477],[80.8511,21.85456],[80.85132,21.85427],[80.85156,21.85433],[80.85191,21.85455],[80.85224,21.85463],[80.85253,21.85444],[80.85254,21.85433],[80.85243,21.85407],[80.85184,21.8538],[80.85148,21.85327],[80.85108,21.85299],[80.85106,21.85238],[80.85074,21.85216],[80.85025,21.8522],[80.85014,21.85226],[80.84995,21.85258],[80.84929,21.85264],[80.84902,21.85294],[80.84851,21.85308],[80.84789,21.85288],[80.84748,21.85289],[80.84731,21.8532],[80.8471,21.85332],[80.84643,21.85309],[80.84581,21.85241],[80.84563,21.85202],[80.84536,21.85199],[80.84515,21.85213],[80.84489,21.85214],[80.84467,21.85196],[80.84456,21.85163],[80.84342,21.85142],[80.84332,21.85136],[80.84319,21.85106],[80.84297,21.85108],[80.84263,21.85135],[80.84235,21.85135],[80.84195,21.85109],[80.84135,21.85015],[80.84099,21.85001],[80.8412,21.84939],[80.8411,21.84866],[80.84102,21.84855],[80.84045,21.84821],[80.83956,21.8482],[80.83929,21.84796],[80.83948,21.84733],[80.83958,21.84628],[80.83995,21.84545],[80.83969,21.84496],[80.8399,21.84411],[80.84017,21.84351],[80.8406,21.84357],[80.84096,21.84343],[80.84121,21.8432],[80.84133,21.84283],[80.84128,21.84261],[80.84069,21.84253],[80.84053,21.84241],[80.84052,21.84226],[80.8407,21.84205],[80.84109,21.84222],[80.84138,21.84216],[80.84139,21.84201],[80.84084,21.84158],[80.84086,21.84148],[80.84114,21.84128],[80.84117,21.8409],[80.84153,21.8407],[80.84163,21.84044],[80.84147,21.84012],[80.84097,21.83995],[80.84072,21.84004],[80.84019,21.84007],[80.8399,21.84049],[80.83962,21.84066],[80.83877,21.84066],[80.83871,21.84061],[80.83867,21.84029],[80.83851,21.8401],[80.8388,21.83959],[80.83906,21.83943],[80.83957,21.8393],[80.83977,21.8391],[80.84006,21.83897],[80.84023,21.83871],[80.84008,21.8384],[80.83998,21.8384],[80.83968,21.8386],[80.83958,21.83825],[80.8395,21.83823],[80.83927,21.83832],[80.83907,21.83853],[80.83886,21.83851],[80.83871,21.83824],[80.83886,21.83799],[80.83884,21.8378],[80.83876,21.83767],[80.83846,21.8376],[80.83847,21.83684],[80.83852,21.83678],[80.83882,21.83676],[80.83936,21.83694],[80.83947,21.83714],[80.83947,21.83755],[80.83959,21.83763],[80.83993,21.83759],[80.84105,21.83631],[80.84139,21.8356],[80.84162,21.8355],[80.84173,21.83556],[80.84183,21.83584],[80.84197,21.83587],[80.8426,21.83538],[80.84275,21.83448],[80.84306,21.83418],[80.84317,21.83397],[80.84309,21.83371],[80.84287,21.83349],[80.84289,21.8334],[80.84312,21.83317],[80.84408,21.83251],[80.84419,21.83241],[80.84416,21.83211],[80.84426,21.8319],[80.84471,21.83173],[80.84474,21.83164],[80.84475,21.83152],[80.84445,21.83127],[80.84438,21.83108],[80.84472,21.83082],[80.84475,21.83071],[80.84473,21.8302],[80.84485,21.82926],[80.8445,21.8287],[80.84409,21.82868],[80.84401,21.82855],[80.84458,21.82788],[80.84459,21.82771],[80.84441,21.82722],[80.84401,21.827],[80.84422,21.82664],[80.84419,21.82603],[80.84412,21.82595],[80.84372,21.82587],[80.84349,21.82542],[80.84296,21.82512],[80.84255,21.82472],[80.84269,21.82398],[80.84243,21.82321],[80.84263,21.82296],[80.84264,21.82267],[80.84236,21.82185],[80.84201,21.82153],[80.84166,21.82135],[80.84164,21.82075],[80.84142,21.82042],[80.84102,21.82021],[80.84057,21.81927],[80.84018,21.81897],[80.83981,21.81884],[80.83978,21.81876],[80.83994,21.8186],[80.84062,21.81822],[80.84052,21.81693],[80.84067,21.81669],[80.84068,21.81638],[80.8409,21.81615],[80.84086,21.81608],[80.84024,21.81587],[80.83966,21.81607],[80.83959,21.816],[80.83963,21.81575],[80.83979,21.81558],[80.84016,21.81552],[80.84035,21.81537],[80.8406,21.81537],[80.84084,21.81549],[80.8409,21.81534],[80.84063,21.81495],[80.84063,21.81447],[80.84028,21.81413],[80.84012,21.81364],[80.83995,21.81358],[80.83972,21.8137],[80.83936,21.81346],[80.83889,21.81341],[80.83862,21.81315],[80.83847,21.81288],[80.83871,21.81257],[80.83937,21.81249],[80.83966,21.81225],[80.83987,21.8122],[80.83997,21.81206],[80.83993,21.81196],[80.83959,21.8116],[80.83941,21.81157],[80.83917,21.8117],[80.83907,21.81159],[80.839,21.81122],[80.83856,21.81091],[80.83854,21.80996],[80.83865,21.80981],[80.83837,21.80928],[80.83821,21.80916],[80.83781,21.80918],[80.83732,21.80903],[80.83719,21.80891],[80.83724,21.80862],[80.83769,21.80834],[80.83771,21.80794],[80.83808,21.80789],[80.83822,21.80772],[80.83797,21.80717],[80.83821,21.80703],[80.83826,21.80686],[80.83818,21.80647],[80.83794,21.80611],[80.83824,21.80592],[80.83876,21.80607],[80.83883,21.80603],[80.83875,21.80566],[80.83889,21.80541],[80.83871,21.80528],[80.83825,21.8053],[80.83796,21.80522],[80.83789,21.80491],[80.83812,21.80463],[80.83812,21.80435],[80.83764,21.80427],[80.8376,21.80421],[80.8377,21.80388],[80.83833,21.80385],[80.8385,21.80377],[80.83863,21.80337],[80.83869,21.80288],[80.83839,21.80274],[80.83827,21.80261],[80.83793,21.80258],[80.83787,21.80248],[80.83822,21.80208],[80.83832,21.80211],[80.83848,21.80235],[80.83859,21.80233],[80.83856,21.80202],[80.83873,21.80176],[80.83877,21.80137],[80.83876,21.80126],[80.83852,21.80095],[80.83863,21.8006],[80.8386,21.80028],[80.8385,21.8002],[80.83809,21.80027],[80.83802,21.79988],[80.83793,21.79984],[80.83781,21.79987],[80.83766,21.80018],[80.83743,21.80013],[80.83664,21.79897],[80.83621,21.79875],[80.83616,21.79853],[80.83637,21.79835],[80.83639,21.79804],[80.83616,21.79786],[80.83566,21.79766],[80.83506,21.79683],[80.83512,21.79667],[80.83587,21.7965],[80.83605,21.7963],[80.83604,21.7962],[80.83591,21.7961],[80.83511,21.79612],[80.83468,21.79604],[80.83389,21.79638],[80.8335,21.79637],[80.8332,21.79619],[80.83298,21.79559],[80.83249,21.7955],[80.83231,21.7954],[80.83225,21.79501],[80.83183,21.79501],[80.83177,21.79495],[80.83178,21.79417],[80.83189,21.794],[80.83189,21.79386],[80.83181,21.79357],[80.83141,21.79314],[80.83142,21.79261],[80.83115,21.79251],[80.83078,21.79186],[80.83097,21.79113],[80.83089,21.79102],[80.83013,21.79058],[80.83,21.79041],[80.83007,21.7899],[80.82931,21.78926],[80.82928,21.78915],[80.82953,21.78864],[80.82961,21.78802],[80.82992,21.78777],[80.82981,21.78709],[80.8293,21.78653],[80.82883,21.78638],[80.82839,21.78608],[80.82767,21.78599],[80.82783,21.78551],[80.82765,21.78547],[80.82728,21.78556],[80.82703,21.78533],[80.82682,21.78527],[80.82667,21.78498],[80.82662,21.78454],[80.82651,21.78427],[80.82666,21.78412],[80.82664,21.78393],[80.82641,21.78379],[80.82594,21.78387],[80.82536,21.7833],[80.82554,21.78295],[80.82545,21.78274],[80.82548,21.78259],[80.82592,21.78265],[80.82607,21.78253],[80.82599,21.78223],[80.82543,21.78198],[80.82551,21.78175],[80.82616,21.78153],[80.82665,21.78148],[80.8267,21.78138],[80.82656,21.78095],[80.82693,21.78078],[80.82711,21.78054],[80.82745,21.78034],[80.82756,21.78015],[80.82792,21.78016],[80.82837,21.78057],[80.82858,21.78065],[80.82875,21.78026],[80.82893,21.78008],[80.82918,21.77944],[80.82908,21.77929],[80.82878,21.77918],[80.82844,21.77869],[80.82801,21.77885],[80.82715,21.77901],[80.82679,21.77882],[80.8267,21.77865],[80.82658,21.77802],[80.82695,21.77728],[80.82733,21.77722],[80.82745,21.77725],[80.82754,21.7774],[80.82785,21.77749],[80.82814,21.77724],[80.82814,21.77704],[80.82806,21.77692],[80.82769,21.77665],[80.82778,21.77602],[80.82764,21.77586],[80.8273,21.77585],[80.82697,21.77646],[80.82624,21.77645],[80.82593,21.77625],[80.82582,21.77566],[80.82512,21.7748],[80.82455,21.77465],[80.82428,21.77423],[80.82396,21.77424],[80.8238,21.7745],[80.82356,21.7746],[80.82309,21.77459],[80.82323,21.77404],[80.82321,21.77383],[80.82277,21.7734],[80.82257,21.77301],[80.82231,21.77289],[80.82224,21.77271],[80.82262,21.77227],[80.82345,21.77219],[80.82377,21.77183],[80.82368,21.7717],[80.82353,21.7717],[80.8233,21.77184],[80.82314,21.77171],[80.82302,21.77144],[80.82233,21.77133],[80.82225,21.77121],[80.82225,21.77096],[80.82244,21.7707],[80.82295,21.77048],[80.82375,21.77072],[80.82411,21.77054],[80.8242,21.77018],[80.824,21.76996],[80.82361,21.76978],[80.82314,21.76983],[80.82306,21.76924],[80.8225,21.76897],[80.82251,21.76856],[80.82225,21.76828],[80.82207,21.7677],[80.82202,21.76718],[80.82175,21.76669],[80.82174,21.76612],[80.82164,21.76595],[80.82138,21.76594],[80.82105,21.76631],[80.82012,21.76642],[80.82,21.76634],[80.81986,21.76556],[80.81973,21.76541],[80.81959,21.7654],[80.81931,21.76583],[80.81919,21.76589],[80.81906,21.76585],[80.81888,21.7655],[80.81826,21.76538],[80.81825,21.76518],[80.8188,21.76436],[80.81882,21.76401],[80.81853,21.76379],[80.81786,21.76378],[80.81769,21.76333],[80.81702,21.76292],[80.817,21.76275],[80.81712,21.76239],[80.81659,21.7619],[80.81658,21.7617],[80.81684,21.76113],[80.81686,21.76085],[80.81669,21.76027],[80.81692,21.75994],[80.81697,21.75971],[80.81691,21.75956],[80.81682,21.75953],[80.81642,21.75958],[80.81622,21.75929],[80.81617,21.75916],[80.81627,21.75899],[80.81656,21.75871],[80.81659,21.7582],[80.81584,21.75738],[80.81587,21.75692],[80.81552,21.75648],[80.8156,21.75591],[80.81542,21.75555],[80.81574,21.75528],[80.8158,21.75485],[80.81591,21.75474],[80.81622,21.75489],[80.81689,21.75481],[80.81715,21.7546],[80.81717,21.75435],[80.8173,21.75428],[80.81739,21.7541],[80.81775,21.75407],[80.81839,21.75371],[80.8186,21.75378],[80.81889,21.75377],[80.81973,21.75339],[80.81982,21.75318],[80.8198,21.75255],[80.81971,21.7524],[80.81942,21.75235],[80.8192,21.7516],[80.81935,21.75131],[80.81978,21.75115],[80.82001,21.75096],[80.82003,21.75076],[80.81992,21.75037],[80.82021,21.75024],[80.82025,21.75015],[80.81998,21.74982],[80.8202,21.74971],[80.82026,21.74949],[80.82008,21.7485],[80.81975,21.74835],[80.81961,21.74758]]}},{"type":"Feature","properties":{"kind":"state","name":"Chhattisgarh–Madhya Pradesh","src":"OSM relations 1950071 and 1972004"},"geometry":{"type":"LineString","coordinates":[[80.81961,21.74758],[80.81727,21.74797],[80.81543,21.74794],[80.80926,21.74843],[80.80636,21.74769],[80.80451,21.74662],[80.80389,21.74476],[80.80326,21.74447],[80.79506,21.74228],[80.79265,21.7414],[80.79101,21.74103],[80.78543,21.74031],[80.78517,21.7404],[80.78447,21.74164],[80.78446,21.74287],[80.78578,21.74767],[80.78593,21.74844],[80.78585,21.74876],[80.78548,21.74904],[80.78226,21.74983],[80.78065,21.75007],[80.77963,21.7507],[80.77819,21.75191],[80.7777,21.75254],[80.77627,21.75363],[80.77792,21.75477],[80.77203,21.75852],[80.76999,21.75845],[80.76863,21.75853],[80.76651,21.75963],[80.76443,21.75824],[80.75938,21.75918],[80.75599,21.76207],[80.74929,21.7567],[80.74747,21.75554],[80.74635,21.75387],[80.74488,21.75119],[80.74323,21.74897],[80.74261,21.74749],[80.74184,21.74662],[80.74034,21.74413],[80.73932,21.74205],[80.73862,21.74025],[80.73803,21.73802],[80.73788,21.73683],[80.73736,21.73492]]}},{"type":"Feature","properties":{"kind":"state","name":"Chhattisgarh–Madhya Pradesh","src":"OSM relations 1950071 and 1972004","river":"6340","rlen":59},"geometry":{"type":"LineString","coordinates":[[80.73736,21.73492],[80.73771,21.7348],[80.73864,21.734],[80.73943,21.73364],[80.73965,21.73336],[80.73974,21.73299],[80.73965,21.73229],[80.73872,21.73152],[80.73763,21.73107],[80.73638,21.73072],[80.73541,21.73028],[80.73504,21.73003],[80.73395,21.72886],[80.73358,21.72816],[80.73345,21.72765],[80.73347,21.72656],[80.73397,21.7257],[80.73405,21.72539],[80.73381,21.72369],[80.73436,21.72278],[80.73444,21.72157],[80.73425,21.72101],[80.73253,21.71749],[80.73242,21.71692],[80.73228,21.7142],[80.73211,21.71369],[80.73179,21.71346],[80.7314,21.71345],[80.72987,21.71395],[80.72796,21.71471],[80.72747,21.7148],[80.72699,21.71478],[80.72673,21.71466],[80.72643,21.71436],[80.72597,21.7133],[80.72576,21.71258],[80.72574,21.71212],[80.72586,21.71175],[80.72733,21.71033],[80.72757,21.70979],[80.72822,21.70874],[80.72838,21.7077],[80.72866,21.70729],[80.72921,21.7068],[80.72959,21.70619],[80.7298,21.70607],[80.73022,21.70606],[80.73184,21.70657],[80.73244,21.70661],[80.73317,21.70641],[80.7342,21.70631],[80.73447,21.7061],[80.73472,21.70568],[80.7349,21.70515],[80.73503,21.70415],[80.73504,21.70249],[80.73492,21.70193],[80.73464,21.70167],[80.73381,21.70141],[80.73338,21.70105],[80.73304,21.70054],[80.73267,21.69951],[80.73219,21.69868],[80.73204,21.69819],[80.73207,21.69793],[80.73229,21.69763],[80.7335,21.69689],[80.73377,21.69662],[80.73387,21.69586],[80.73429,21.69498],[80.73434,21.6945],[80.73427,21.69423],[80.73368,21.69311],[80.73318,21.69271],[80.73238,21.69265],[80.73146,21.69304],[80.73073,21.69312],[80.73026,21.69288],[80.72924,21.69204],[80.72902,21.69157],[80.72896,21.68945],[80.72879,21.68857],[80.72805,21.687],[80.72731,21.68639],[80.72704,21.68606],[80.72699,21.68556],[80.72679,21.68497],[80.7258,21.68334],[80.72551,21.68268],[80.72549,21.68162],[80.72523,21.6813],[80.72475,21.68092],[80.7234,21.68034],[80.72271,21.67985],[80.72262,21.67959],[80.72271,21.67884],[80.72266,21.67848],[80.72203,21.67779],[80.72142,21.67687],[80.71926,21.67583],[80.7181,21.67508],[80.71747,21.67498],[80.71626,21.67493],[80.71598,21.67481],[80.71574,21.67459],[80.71528,21.67392],[80.71532,21.67355],[80.71557,21.67334],[80.71595,21.67318],[80.71613,21.67299],[80.71672,21.67147],[80.71736,21.67073],[80.71775,21.67047],[80.71867,21.67009],[80.7189,21.66977],[80.71898,21.66937],[80.71885,21.66814],[80.71887,21.66693],[80.71879,21.66667],[80.71857,21.66644],[80.71788,21.66603],[80.71663,21.66584],[80.71459,21.66598],[80.71413,21.66582],[80.71402,21.66571],[80.714,21.66557],[80.71405,21.6654],[80.71424,21.66522],[80.71584,21.66421],[80.71632,21.66346],[80.71635,21.66286],[80.71618,21.66242],[80.71599,21.66225],[80.71523,21.66222],[80.71453,21.66201],[80.71398,21.66148],[80.71382,21.66117],[80.71378,21.6608],[80.71395,21.66054],[80.71437,21.66033],[80.7155,21.66032],[80.71611,21.66023],[80.71695,21.65957],[80.71714,21.65925],[80.71719,21.65875],[80.71705,21.65797],[80.71693,21.65763],[80.71644,21.65691],[80.71641,21.65643],[80.71657,21.65564],[80.71674,21.65539],[80.71709,21.65519],[80.71774,21.65514],[80.718,21.65504],[80.71822,21.65482],[80.71833,21.65458],[80.7183,21.6542],[80.71798,21.65317],[80.71787,21.65218],[80.71784,21.65061],[80.71793,21.64981],[80.71852,21.64843],[80.71883,21.64729],[80.71882,21.64675],[80.71862,21.64562],[80.71869,21.645],[80.71892,21.64472],[80.71965,21.64428],[80.72005,21.64389],[80.72038,21.64378],[80.72092,21.64409],[80.72139,21.64421],[80.72325,21.64429],[80.72491,21.64411],[80.72513,21.64419],[80.72528,21.64436],[80.72548,21.6453],[80.7256,21.64545],[80.72604,21.64563],[80.72626,21.64559],[80.72642,21.64547],[80.72666,21.64502],[80.72671,21.6447],[80.72667,21.64225],[80.72684,21.64159],[80.72686,21.64108],[80.72795,21.63973],[80.72812,21.63935],[80.72812,21.63908],[80.72785,21.63831],[80.72735,21.63619],[80.72728,21.63555],[80.72757,21.63531],[80.72893,21.63497],[80.72931,21.63473],[80.72952,21.63433],[80.72974,21.63312],[80.72977,21.63224],[80.7297,21.63177],[80.72953,21.63136],[80.72916,21.63096],[80.72909,21.63057],[80.72915,21.63038],[80.72953,21.63004],[80.72979,21.62968],[80.72985,21.62921],[80.72967,21.6288],[80.72851,21.62713],[80.72842,21.62671],[80.7287,21.62629],[80.72914,21.62608],[80.73046,21.62623],[80.73082,21.62658],[80.73111,21.62669],[80.73151,21.62665],[80.7317,21.62644],[80.73165,21.626],[80.7314,21.62549],[80.73102,21.62493],[80.73027,21.62427],[80.73015,21.62372],[80.72929,21.62248],[80.72909,21.62178],[80.72879,21.61985],[80.7289,21.61889],[80.72877,21.61834],[80.72881,21.61789],[80.72981,21.61762],[80.73046,21.61715],[80.73091,21.61704],[80.73102,21.61691],[80.73099,21.61663],[80.73047,21.61612],[80.7301,21.61594],[80.72959,21.6158],[80.72854,21.61574],[80.72735,21.61491],[80.72667,21.61469],[80.72588,21.61454],[80.72496,21.61422],[80.72384,21.61364],[80.72312,21.61298],[80.72295,21.61275],[80.72286,21.6123],[80.72294,21.61137],[80.72305,21.61094],[80.72326,21.61059],[80.7235,21.6104],[80.72436,21.61016],[80.72497,21.6098],[80.72514,21.60954],[80.72511,21.60915],[80.72483,21.60903],[80.72392,21.60909],[80.72349,21.609],[80.72237,21.60895],[80.72186,21.60878],[80.7216,21.60857],[80.72125,21.60808],[80.7211,21.60645],[80.72087,21.60578],[80.72066,21.60543],[80.71928,21.60486],[80.7187,21.60455],[80.71817,21.60375],[80.71767,21.60253],[80.7175,21.6024],[80.71698,21.60222],[80.71667,21.60189],[80.71666,21.6017],[80.71679,21.60138],[80.71769,21.60069],[80.71816,21.60006],[80.71849,21.59979],[80.71872,21.59928],[80.71868,21.59869],[80.71838,21.59832],[80.71801,21.59829],[80.71748,21.59842],[80.71635,21.59856],[80.7162,21.5985],[80.71609,21.59826],[80.71662,21.5958],[80.71695,21.59537],[80.71776,21.59491],[80.71808,21.59441],[80.71812,21.59397],[80.718,21.59234],[80.71786,21.59194],[80.71727,21.59125],[80.71716,21.59065],[80.71704,21.59042],[80.71607,21.59001],[80.71534,21.58994],[80.71523,21.58986],[80.71522,21.58974],[80.71531,21.58956],[80.7155,21.58942],[80.71679,21.58895],[80.71762,21.58805],[80.7184,21.58772],[80.71849,21.58757],[80.71851,21.58705],[80.7184,21.58656],[80.71826,21.58635],[80.71782,21.58597],[80.71607,21.58528],[80.71557,21.58495],[80.71515,21.58445],[80.71514,21.58395],[80.71557,21.58371],[80.71667,21.58376],[80.7172,21.58358],[80.7178,21.58349],[80.71879,21.58306],[80.72106,21.5825],[80.7216,21.58231],[80.72279,21.58167],[80.72297,21.58117],[80.72319,21.581],[80.72353,21.58047],[80.72381,21.58036],[80.72434,21.58033],[80.72562,21.5798],[80.7259,21.57931],[80.72594,21.57822],[80.7258,21.57756],[80.72607,21.57664],[80.72621,21.57644],[80.72765,21.57524],[80.72795,21.57457],[80.72843,21.57439],[80.7285,21.57359],[80.729,21.57246],[80.72897,21.57213],[80.72865,21.57126],[80.72861,21.5708],[80.7287,21.56992],[80.72857,21.56951],[80.72819,21.56926],[80.72796,21.5692],[80.72737,21.56924],[80.72685,21.56938],[80.72633,21.56937],[80.72578,21.56882],[80.72567,21.56834],[80.72571,21.56788],[80.72638,21.56676],[80.72641,21.56619],[80.72609,21.56574],[80.7251,21.56486],[80.72465,21.56426],[80.72455,21.56388],[80.72455,21.56328],[80.72444,21.56306],[80.7235,21.56224],[80.72174,21.56109],[80.72112,21.56049],[80.72091,21.5602],[80.72094,21.55994],[80.72123,21.55981],[80.72207,21.55988],[80.72218,21.55981],[80.72223,21.55884],[80.72198,21.55843],[80.72013,21.55623],[80.71983,21.55541],[80.71966,21.55438],[80.71974,21.55424],[80.71993,21.55418],[80.72068,21.55441],[80.72096,21.55443],[80.72141,21.55417],[80.72173,21.55372],[80.72202,21.5528],[80.72246,21.55204]]}},{"type":"Feature","properties":{"kind":"state","name":"Chhattisgarh–Madhya Pradesh","src":"OSM relations 1950071 and 1972004"},"geometry":{"type":"LineString","coordinates":[[80.72246,21.55204],[80.72479,21.5524],[80.72515,21.55163],[80.727,21.5492],[80.72763,21.54869],[80.73065,21.54751],[80.73094,21.54732],[80.73117,21.54676],[80.73182,21.54628],[80.7337,21.54601],[80.73419,21.54577],[80.73484,21.54527],[80.73519,21.54481],[80.7355,21.54406],[80.73693,21.54286],[80.73875,21.5416],[80.74078,21.53923],[80.74035,21.53803],[80.738,21.53396],[80.7367,21.53032],[80.73282,21.52281],[80.73049,21.52229]]}},{"type":"Feature","properties":{"kind":"state","name":"Chhattisgarh–Madhya Pradesh","src":"OSM relations 1950071 and 1972004","river":"6340","rlen":59},"geometry":{"type":"LineString","coordinates":[[80.73049,21.52229],[80.73059,21.52088],[80.73121,21.51925],[80.73135,21.5186],[80.73135,21.51774],[80.73119,21.51723],[80.7309,21.51667],[80.73069,21.51591],[80.73058,21.51513],[80.73059,21.51445],[80.73071,21.51408],[80.73096,21.51383],[80.73226,21.51342],[80.73322,21.51301],[80.73337,21.51286],[80.73351,21.51238],[80.73351,21.51206],[80.73313,21.51074],[80.73214,21.50874],[80.73172,21.5082],[80.73135,21.50749],[80.73153,21.50632],[80.7312,21.50513],[80.73118,21.50446],[80.73128,21.50418],[80.73226,21.50363],[80.73242,21.50343],[80.73252,21.50281],[80.73226,21.50193],[80.73225,21.50145],[80.73253,21.50099],[80.73256,21.50065],[80.73241,21.50046],[80.73225,21.50039],[80.7301,21.50001],[80.72963,21.49968],[80.72877,21.49864],[80.72829,21.49777],[80.72781,21.49656],[80.72737,21.49615]]}},{"type":"Feature","properties":{"kind":"state","name":"Chhattisgarh–Madhya Pradesh","src":"OSM relations 1950071 and 1972004"},"geometry":{"type":"LineString","coordinates":[[80.72737,21.49615],[80.72907,21.49459],[80.72909,21.49401],[80.72966,21.49205],[80.73077,21.48996],[80.73188,21.48747],[80.73289,21.48434],[80.73419,21.48306],[80.73602,21.4819],[80.73716,21.48098],[80.73732,21.47843],[80.73766,21.47672],[80.73775,21.47312],[80.73683,21.46871],[80.73613,21.46642],[80.73527,21.46092],[80.73493,21.45991],[80.73404,21.45834],[80.73001,21.45256],[80.72602,21.44862],[80.7251,21.44675],[80.72481,21.44589],[80.7244,21.44518],[80.72355,21.4443],[80.71774,21.43982],[80.71609,21.4379],[80.71429,21.43619],[80.70897,21.43367],[80.70723,21.43331],[80.70682,21.43307],[80.70574,21.43088],[80.70665,21.42857],[80.70719,21.42546],[80.70725,21.42169],[80.70709,21.41854],[80.70725,21.41558],[80.70687,21.41279],[80.70655,21.41156],[80.70592,21.41025],[80.70382,21.40767],[80.7018,21.4059],[80.70018,21.40465],[80.69993,21.40458],[80.69995,21.40405],[80.70016,21.40356],[80.70064,21.40295],[80.70069,21.40148],[80.70081,21.40101],[80.70109,21.40063],[80.70081,21.39925],[80.70036,21.39792],[80.70055,21.3966],[80.69958,21.39591],[80.69829,21.39535],[80.69773,21.39457],[80.69742,21.39358],[80.69716,21.39343],[80.69742,21.39293],[80.69805,21.39289],[80.69844,21.39271],[80.69866,21.39244],[80.6991,21.39148],[80.69911,21.39094],[80.69616,21.38641],[80.69537,21.38493],[80.69508,21.38374],[80.69502,21.38104],[80.69473,21.38025],[80.69219,21.37595],[80.69029,21.37207],[80.68884,21.37065],[80.68739,21.36996],[80.68641,21.3699],[80.68537,21.37032],[80.68493,21.37015],[80.6846,21.36977],[80.68373,21.36817],[80.68254,21.36802],[80.68211,21.36738],[80.68158,21.36622],[80.68128,21.36583],[80.68047,21.36527],[80.6802,21.36486],[80.68085,21.3617],[80.68178,21.36069],[80.68188,21.35995],[80.68176,21.3597],[80.68076,21.35868],[80.68045,21.35817],[80.67972,21.35754],[80.67922,21.35666],[80.6791,21.35629],[80.67953,21.35447],[80.67929,21.35385],[80.67835,21.35285],[80.67744,21.35241],[80.67687,21.3518],[80.67648,21.35101],[80.6767,21.35059],[80.67751,21.34984],[80.67776,21.34934],[80.67778,21.34881],[80.67755,21.34843],[80.67696,21.34823],[80.67669,21.34848],[80.67643,21.34843],[80.67591,21.34817],[80.67534,21.34744],[80.67438,21.34728],[80.67333,21.3467],[80.67235,21.34652],[80.67182,21.34607],[80.67128,21.34519],[80.67116,21.34465],[80.67129,21.3436],[80.67181,21.34266],[80.67192,21.34188],[80.67242,21.34096],[80.67218,21.3402],[80.67134,21.33844],[80.67114,21.33825],[80.66854,21.33721],[80.66767,21.33712],[80.66545,21.33752],[80.66477,21.33753],[80.66418,21.33733],[80.66301,21.3365],[80.66238,21.33642],[80.66163,21.33613],[80.66121,21.33575],[80.66108,21.33514],[80.66005,21.33408]]}},{"type":"Feature","properties":{"kind":"state","name":"Chhattisgarh–Maharashtra","src":"OSM relations 1950884 and 1972004"},"geometry":{"type":"LineString","coordinates":[[80.66005,21.33408],[80.66237,21.33485],[80.66351,21.33371],[80.6646,21.33304],[80.66537,21.33127],[80.66584,21.32913],[80.66751,21.327],[80.66957,21.32625],[80.67377,21.32336],[80.67438,21.32253],[80.67466,21.3219],[80.67498,21.32087],[80.6753,21.31902],[80.67571,21.31777],[80.67617,21.31688],[80.67863,21.31518],[80.68036,21.31431],[80.68082,21.31373],[80.68114,21.31278],[80.68089,21.30947],[80.67926,21.30435],[80.67915,21.30277],[80.6795,21.30183],[80.67962,21.29935],[80.67919,21.29793],[80.67692,21.29643],[80.67235,21.29277],[80.67074,21.29169],[80.66806,21.29143],[80.6655,21.29169],[80.66141,21.29129],[80.66046,21.29059],[80.65945,21.28853],[80.65911,21.28296],[80.65832,21.2818],[80.65621,21.28114],[80.65448,21.28044],[80.6507,21.27776],[80.64948,21.27462],[80.64915,21.2725],[80.64928,21.26728],[80.64851,21.2626],[80.64514,21.25412],[80.6445,21.25156],[80.64023,21.24812],[80.63755,21.24766],[80.63551,21.24744],[80.63373,21.24688],[80.63149,21.24546],[80.62516,21.2423],[80.62145,21.23918],[80.61916,21.23562],[80.61727,21.23096],[80.61641,21.22936],[80.61562,21.22802],[80.61437,21.22702],[80.61341,21.2266],[80.61042,21.22588],[80.60832,21.22506],[80.60594,21.2249],[80.5998,21.22554],[80.59778,21.22536],[80.59637,21.22498],[80.59135,21.2231],[80.58641,21.22144],[80.57963,21.21834],[80.57738,21.21672],[80.57566,21.21444],[80.57199,21.20838],[80.5692,21.20548],[80.56762,21.2047],[80.56201,21.20304],[80.5589,21.20192],[80.5553,21.20122],[80.55167,21.20088],[80.54232,21.2009],[80.53796,21.20198],[80.53457,21.20324],[80.53154,21.20478],[80.52923,21.20464],[80.52715,21.20316],[80.52275,21.1993],[80.51753,21.19321],[80.5159,21.18515],[80.51691,21.18345]]}},{"type":"Feature","properties":{"kind":"state","name":"Chhattisgarh–Maharashtra","src":"OSM relations 1950884 and 1972004","river":"5202","rlen":21},"geometry":{"type":"LineString","coordinates":[[80.51691,21.18345],[80.51665,21.18332],[80.51589,21.18304],[80.51531,21.1829],[80.51469,21.18286],[80.51309,21.18311],[80.51254,21.18326],[80.51164,21.18365],[80.51045,21.18449],[80.5095,21.18558],[80.50876,21.18595],[80.5082,21.1859],[80.50745,21.18521],[80.50688,21.18486],[80.50597,21.18453],[80.50566,21.18453],[80.50543,21.18464],[80.50484,21.18514],[80.50444,21.18531],[80.50329,21.18542],[80.50191,21.18541],[80.50165,21.18529],[80.50173,21.18445],[80.50129,21.18371],[80.50098,21.18341],[80.49954,21.18277],[80.49939,21.18264],[80.49762,21.18035],[80.49716,21.17997],[80.49573,21.17915],[80.49542,21.17922],[80.49451,21.1798],[80.4942,21.17985],[80.49383,21.17973],[80.49326,21.17933],[80.49264,21.17902],[80.49245,21.17872],[80.49217,21.17785],[80.49153,21.17655],[80.49111,21.17611],[80.49075,21.176],[80.49035,21.17607],[80.48991,21.17638],[80.48935,21.17699],[80.48852,21.17677],[80.48826,21.17679],[80.48788,21.17702],[80.48764,21.17707],[80.48731,21.17706],[80.4867,21.17689],[80.4865,21.17663],[80.48648,21.17637],[80.48615,21.17605],[80.48419,21.17535],[80.48385,21.17485],[80.48195,21.17252],[80.48175,21.1724],[80.48114,21.17232],[80.48046,21.17196],[80.48033,21.17187],[80.47995,21.1713],[80.47937,21.17116],[80.47803,21.1702],[80.47749,21.16991],[80.47711,21.16982],[80.47676,21.16989],[80.47491,21.17074],[80.47406,21.1707],[80.47381,21.1708],[80.47332,21.17181],[80.4733,21.17245],[80.47358,21.17323],[80.47339,21.17373],[80.47318,21.17393],[80.47283,21.17403],[80.47249,21.17403],[80.47208,21.17398],[80.47174,21.17385],[80.47082,21.17331],[80.46995,21.17247],[80.46958,21.17229],[80.46926,21.17229],[80.46893,21.17254],[80.46854,21.17348],[80.46807,21.17409],[80.46763,21.17448],[80.4666,21.17512],[80.46572,21.17535],[80.46542,21.17536],[80.46424,21.17486],[80.46374,21.17482]]}},{"type":"Feature","properties":{"kind":"state","name":"Chhattisgarh–Maharashtra","src":"OSM relations 1950884 and 1972004"},"geometry":{"type":"LineString","coordinates":[[80.46374,21.17482],[80.46291,21.1729],[80.46219,21.17123],[80.46164,21.1672],[80.46093,21.16366],[80.46112,21.15974],[80.45977,21.15308],[80.45876,21.14973],[80.4543,21.13927],[80.45131,21.13326],[80.45003,21.13114],[80.44816,21.1285],[80.44539,21.1222],[80.44578,21.12101],[80.44713,21.12061],[80.44988,21.11945],[80.45239,21.11865],[80.45473,21.11767],[80.45668,21.11597],[80.45754,21.11493],[80.45732,21.11381],[80.45664,21.11317],[80.45402,21.11211],[80.44947,21.11233],[80.44777,21.11221],[80.4473,21.11165],[80.44681,21.10664],[80.44612,21.10496],[80.44522,21.10386],[80.4443,21.10296],[80.44254,21.10172],[80.43961,21.09764],[80.43808,21.09616]]}},{"type":"Feature","properties":{"kind":"state","name":"Chhattisgarh–Maharashtra","src":"OSM relations 1950884 and 1972004","river":"4323","rlen":134},"geometry":{"type":"LineString","coordinates":[[80.43808,21.09616],[80.43872,21.09557],[80.43959,21.09462],[80.44056,21.09381],[80.4408,21.09351],[80.44121,21.09271],[80.44126,21.09186],[80.44099,21.09092],[80.4403,21.08949],[80.44035,21.0891],[80.44059,21.08884],[80.44113,21.08849],[80.44217,21.08796],[80.44276,21.08736],[80.4438,21.08599],[80.44494,21.08519],[80.44553,21.08451],[80.44594,21.08388],[80.44612,21.08329],[80.44611,21.08282],[80.44585,21.08148],[80.44587,21.08101],[80.44597,21.08066],[80.44613,21.08031],[80.44702,21.07958],[80.44714,21.07933],[80.44724,21.07878],[80.44724,21.07795],[80.44671,21.07591],[80.44674,21.07468],[80.44655,21.07379],[80.44657,21.07339],[80.44686,21.07292],[80.44781,21.07228],[80.44811,21.07194],[80.44845,21.07133],[80.44904,21.06989],[80.44951,21.06919],[80.4496,21.0686],[80.44957,21.06834],[80.4493,21.06775],[80.44852,21.06643],[80.44674,21.06422],[80.44663,21.06394],[80.44665,21.06364],[80.44697,21.06316],[80.4475,21.06262],[80.44806,21.06226],[80.44879,21.06201],[80.44939,21.06151],[80.44965,21.06119],[80.44969,21.06068],[80.44946,21.05949],[80.44946,21.0586],[80.44955,21.05808],[80.45082,21.05538],[80.45156,21.05281],[80.45174,21.05166],[80.45177,21.04893],[80.4516,21.04658],[80.45165,21.04572],[80.45198,21.04479],[80.45287,21.04357],[80.45347,21.04291],[80.45384,21.04205],[80.45388,21.04168],[80.45386,21.04063],[80.45347,21.03958],[80.45249,21.03819],[80.45159,21.0374],[80.45077,21.03646],[80.45023,21.03433],[80.4499,21.03227],[80.44959,21.03163],[80.44912,21.03107],[80.44786,21.02997],[80.44687,21.02952],[80.44589,21.02917],[80.44371,21.02866],[80.43973,21.02851],[80.43949,21.02847],[80.4391,21.02824],[80.43838,21.02687],[80.43818,21.02602],[80.43817,21.02531],[80.43827,21.02477],[80.43869,21.02339],[80.43897,21.02288],[80.43893,21.02227],[80.43846,21.0217],[80.4377,21.02103],[80.43751,21.02047],[80.4373,21.02022],[80.43702,21.02011],[80.43674,21.02014],[80.43647,21.02031],[80.43634,21.02051],[80.43613,21.02051],[80.4356,21.02028],[80.43524,21.01996],[80.43445,21.01872],[80.43359,21.01769],[80.43259,21.01606],[80.432,21.01485],[80.43168,21.01439],[80.43122,21.01394],[80.43065,21.01347],[80.42975,21.01297],[80.42918,21.01213],[80.42839,21.01147],[80.42732,21.01122],[80.42662,21.01122],[80.42496,21.01148],[80.42421,21.01145],[80.42339,21.01116],[80.42257,21.01046]]}},{"type":"Feature","properties":{"kind":"state","name":"Chhattisgarh–Maharashtra","src":"OSM relations 1950884 and 1972004"},"geometry":{"type":"LineString","coordinates":[[80.42257,21.01046],[80.42418,21.0088],[80.42533,21.00666],[80.42668,21.00548],[80.43254,21.00233],[80.43747,20.99991],[80.44007,20.99776],[80.44267,20.99532],[80.4437,20.99366],[80.44378,20.99023],[80.44361,20.98709],[80.44475,20.98464],[80.44507,20.98352],[80.44537,20.98077],[80.44518,20.97945],[80.44408,20.97723],[80.44443,20.97557],[80.44601,20.96992],[80.44709,20.96725],[80.449,20.96487],[80.45001,20.96108],[80.45181,20.95793],[80.45292,20.95467],[80.45447,20.95228],[80.45455,20.94835],[80.45543,20.94587],[80.4564,20.94457],[80.45792,20.94338],[80.45919,20.9414],[80.46119,20.93994],[80.46211,20.93876],[80.46234,20.93753],[80.46232,20.93601],[80.46198,20.93336],[80.46273,20.93142],[80.46299,20.93002],[80.46496,20.92898],[80.47163,20.9289],[80.47608,20.92859],[80.48123,20.92861],[80.48638,20.92887],[80.49277,20.92986],[80.4973,20.93004],[80.50367,20.93088],[80.5068,20.93068],[80.51215,20.92988],[80.52094,20.93012],[80.52281,20.93062],[80.52605,20.93114],[80.52845,20.9324],[80.53195,20.93397],[80.5338,20.93465],[80.53616,20.93316],[80.53908,20.93262],[80.54069,20.93294],[80.54438,20.93399],[80.54684,20.93499],[80.54714,20.93377],[80.54699,20.93262],[80.5465,20.93174],[80.54569,20.93068],[80.54264,20.92916],[80.54315,20.92216],[80.54388,20.91939],[80.54521,20.91803],[80.54657,20.91543],[80.55043,20.90484],[80.553,20.89686],[80.55618,20.8876],[80.55639,20.88448],[80.55545,20.88159],[80.55545,20.87589],[80.55459,20.87184],[80.55476,20.86771],[80.55579,20.86551],[80.55626,20.86262],[80.55648,20.85472],[80.55511,20.84642],[80.55588,20.84133],[80.55674,20.8382],[80.55811,20.83471],[80.56134,20.83098],[80.5594,20.81718],[80.55853,20.81369],[80.55852,20.81165],[80.55757,20.81024],[80.55617,20.80872],[80.55522,20.80745],[80.5545,20.80586],[80.55404,20.80423],[80.55347,20.80342],[80.55174,20.80202],[80.55086,20.7995],[80.54994,20.79857],[80.54941,20.79769],[80.54923,20.79591],[80.55023,20.78981],[80.55132,20.78641],[80.55152,20.78271],[80.55231,20.78111],[80.55129,20.77545],[80.55131,20.77429],[80.55192,20.77181],[80.55228,20.76771],[80.55176,20.76392],[80.55282,20.76148],[80.55484,20.75801],[80.55884,20.75168],[80.55933,20.75066],[80.56096,20.74983],[80.56277,20.74809],[80.56292,20.74324],[80.5627,20.73974],[80.56285,20.73372],[80.56118,20.72955],[80.56053,20.72914],[80.55985,20.7282],[80.56045,20.72731],[80.56051,20.72705],[80.56042,20.72587],[80.56059,20.72509],[80.56037,20.72418],[80.56137,20.72336],[80.56131,20.72306],[80.56176,20.72135],[80.56291,20.72043],[80.56337,20.7187],[80.56303,20.71765],[80.56389,20.71666],[80.56411,20.71492],[80.56479,20.71305],[80.56485,20.71128],[80.56642,20.70832],[80.56748,20.70719],[80.56944,20.70658],[80.57193,20.70547],[80.57451,20.70401],[80.57622,20.70286],[80.58082,20.69835],[80.58137,20.69741],[80.58318,20.69524],[80.58647,20.68879],[80.58761,20.68474],[80.5872,20.68267],[80.58345,20.67639],[80.58044,20.67303],[80.57698,20.67263],[80.57211,20.67275],[80.56787,20.67216],[80.56292,20.6718],[80.55843,20.67081],[80.55522,20.66984],[80.553,20.66869],[80.5518,20.66752],[80.54956,20.66491],[80.54857,20.66305],[80.54755,20.66206],[80.54588,20.66088],[80.54397,20.66017],[80.54191,20.65972],[80.5362,20.66044],[80.53338,20.66052],[80.53099,20.66023],[80.52904,20.6596],[80.52512,20.65792],[80.52098,20.65731],[80.51824,20.65555],[80.51486,20.6527],[80.51131,20.64944],[80.50613,20.64575],[80.50098,20.64131],[80.4947,20.6367],[80.49103,20.63493],[80.48854,20.63248],[80.48767,20.63033],[80.48704,20.62748],[80.48588,20.62469],[80.48404,20.62177],[80.48144,20.61927],[80.48129,20.61874],[80.48584,20.61326],[80.4879,20.61019],[80.49097,20.60495],[80.49296,20.6027],[80.49825,20.59937],[80.50059,20.59738],[80.50243,20.595],[80.50311,20.59291],[80.50351,20.58999],[80.50369,20.58715],[80.50419,20.58576],[80.50439,20.5836],[80.50629,20.58348],[80.51023,20.58355],[80.51687,20.58207],[80.52002,20.58107],[80.52076,20.58072],[80.52234,20.58053],[80.52597,20.58099],[80.52854,20.58227],[80.53028,20.58246],[80.53386,20.58418],[80.53678,20.58485],[80.5382,20.58499],[80.53909,20.58545],[80.54169,20.58804],[80.54415,20.59015],[80.54718,20.59115],[80.55561,20.59346],[80.55828,20.5952],[80.56038,20.59799],[80.56429,20.60373],[80.568,20.6048],[80.57533,20.60742],[80.58015,20.60846],[80.58256,20.60836],[80.58613,20.60775],[80.58835,20.60795],[80.59465,20.60918],[80.59894,20.60936],[80.60266,20.60865],[80.60538,20.6074],[80.60928,20.60312],[80.61151,20.60102],[80.61285,20.60079],[80.61588,20.60074],[80.6222,20.59974],[80.62405,20.60001],[80.62729,20.59995],[80.62851,20.60018],[80.63035,20.59941],[80.63114,20.59763]]}},{"type":"Feature","properties":{"kind":"state","name":"Chhattisgarh–Maharashtra","src":"OSM relations 1950884 and 1972004","river":"10943","rlen":385},"geometry":{"type":"LineString","coordinates":[[80.63114,20.59763],[80.63107,20.59761],[80.62949,20.59682],[80.62885,20.59621],[80.62813,20.59576],[80.6277,20.59535],[80.62652,20.59344],[80.62618,20.59307],[80.62529,20.59242],[80.62426,20.59184],[80.62392,20.59139],[80.62355,20.59054],[80.62351,20.58998],[80.62364,20.58941],[80.62365,20.58885],[80.62348,20.58856],[80.62134,20.58826],[80.62005,20.58788],[80.61894,20.58726],[80.61843,20.58682],[80.61797,20.58633],[80.61742,20.58555],[80.61734,20.58511],[80.61743,20.5843],[80.61739,20.58406],[80.618,20.58332],[80.61826,20.58314],[80.61939,20.58285],[80.61961,20.58285],[80.62032,20.58259],[80.62107,20.58241],[80.62139,20.58241],[80.622,20.58206],[80.62249,20.58167],[80.62278,20.58121],[80.62279,20.58085],[80.62305,20.58031],[80.62328,20.5801],[80.62422,20.57953],[80.62464,20.57914],[80.62477,20.57881],[80.62517,20.57823],[80.62546,20.57796],[80.6255,20.57736],[80.62544,20.57712],[80.62474,20.57587],[80.62426,20.57559],[80.62381,20.57519],[80.62237,20.57472],[80.62205,20.57472],[80.62138,20.57426],[80.62087,20.57365],[80.62091,20.57298],[80.62136,20.57247],[80.62182,20.57156],[80.6218,20.57117],[80.62125,20.57068],[80.62113,20.5704],[80.62113,20.57007],[80.62117,20.56974],[80.6213,20.5695],[80.62146,20.56938],[80.62182,20.56932],[80.62275,20.56945],[80.62391,20.56946],[80.62426,20.5694],[80.62501,20.56895],[80.62569,20.56829],[80.62605,20.56748],[80.62619,20.5669],[80.62611,20.5653],[80.62663,20.56421],[80.62671,20.56354],[80.62639,20.56269],[80.62598,20.56206],[80.62609,20.5612],[80.62561,20.56083],[80.62545,20.56062],[80.62456,20.56001],[80.6244,20.55982],[80.62437,20.55906],[80.6245,20.55882],[80.62446,20.55725],[80.62469,20.55673],[80.62459,20.55625],[80.62426,20.55551],[80.62393,20.55524],[80.62367,20.55521],[80.62341,20.55533],[80.62277,20.55535],[80.62257,20.55547],[80.61964,20.55556],[80.61881,20.55546],[80.61795,20.55461],[80.61795,20.55394],[80.61823,20.55243],[80.61711,20.55145],[80.61686,20.55135],[80.61638,20.55077],[80.61548,20.55016],[80.61536,20.54982],[80.6155,20.54879],[80.6157,20.54852],[80.6167,20.54753],[80.61738,20.54736],[80.61787,20.54691],[80.618,20.54669],[80.6182,20.54588],[80.61824,20.54518],[80.61774,20.54399],[80.61768,20.54372],[80.61772,20.54314],[80.61818,20.54221],[80.61857,20.54176],[80.61903,20.5404],[80.61917,20.53961],[80.61969,20.53868],[80.6198,20.5381],[80.62003,20.53765],[80.62011,20.5361],[80.62005,20.53522],[80.62013,20.53446],[80.62074,20.53389],[80.62139,20.53354],[80.62152,20.53305],[80.62153,20.53275],[80.62121,20.53223],[80.6199,20.53128],[80.61959,20.53073],[80.61959,20.52988],[80.61999,20.52931],[80.62002,20.52898],[80.6199,20.52843],[80.61958,20.52803],[80.61862,20.52742],[80.6184,20.52702],[80.61831,20.52647],[80.61809,20.52611],[80.61771,20.52571],[80.61784,20.5255],[80.61813,20.52544],[80.61925,20.52588],[80.61993,20.52591],[80.62041,20.52567],[80.62064,20.52519],[80.62064,20.52504],[80.62052,20.52474],[80.61969,20.52397],[80.61976,20.52376],[80.62018,20.5234],[80.62031,20.52294],[80.62029,20.52216],[80.62016,20.52191],[80.61978,20.52148],[80.61933,20.52118],[80.61917,20.52108],[80.61869,20.52105],[80.6185,20.5209],[80.61818,20.52083],[80.61802,20.52059],[80.61803,20.51983],[80.61809,20.51965],[80.61878,20.51902],[80.61878,20.51881],[80.61875,20.51859],[80.61856,20.51847],[80.61801,20.51841],[80.61776,20.5181],[80.61776,20.51758],[80.61792,20.51746],[80.61812,20.5171],[80.61768,20.51594],[80.61743,20.5157],[80.6173,20.51524],[80.61731,20.51479],[80.61744,20.51467],[80.61795,20.51471],[80.61843,20.51492],[80.61869,20.51477],[80.61882,20.51456],[80.61883,20.51438],[80.61873,20.51402],[80.61851,20.51377],[80.61832,20.5131],[80.61843,20.51271],[80.61834,20.51186],[80.61802,20.51155],[80.61718,20.51158],[80.61696,20.51145],[80.6169,20.51087],[80.61704,20.50988],[80.61727,20.50921],[80.61747,20.50891],[80.61766,20.50873],[80.61827,20.5088],[80.61843,20.50877],[80.6185,20.50868],[80.61854,20.50819],[80.61839,20.50731],[80.61868,20.5071],[80.6191,20.50714],[80.61944,20.50781],[80.61967,20.50799],[80.61983,20.50802],[80.62005,20.50778],[80.62032,20.50727],[80.62042,20.50675],[80.62058,20.50648],[80.62059,20.506],[80.62005,20.50511],[80.62002,20.50478],[80.62028,20.5043]]}},{"type":"Feature","properties":{"kind":"state","name":"Chhattisgarh–Maharashtra","src":"OSM relations 1950884 and 1972004"},"geometry":{"type":"LineString","coordinates":[[80.62028,20.5043],[80.61819,20.50326],[80.61758,20.50189],[80.61694,20.50081],[80.61643,20.49767],[80.61508,20.49388],[80.61475,20.49144],[80.61637,20.48803],[80.61566,20.48506],[80.61522,20.48191],[80.61463,20.47553],[80.61366,20.47222],[80.61334,20.4695],[80.61289,20.46706],[80.61257,20.46167],[80.60974,20.45865],[80.608,20.45731],[80.60233,20.45094],[80.60201,20.44756],[80.6028,20.44575],[80.60351,20.44597],[80.60768,20.44386],[80.61105,20.44159],[80.61353,20.43721],[80.61334,20.43485],[80.61212,20.43292],[80.61143,20.43073],[80.60997,20.42699],[80.60716,20.42408],[80.60175,20.41999],[80.6003,20.41804],[80.59931,20.41239],[80.59791,20.40823],[80.59675,20.40399],[80.59435,20.39906],[80.59227,20.3953],[80.59186,20.39295],[80.59287,20.38908],[80.59392,20.38721],[80.59542,20.38552],[80.59903,20.38305],[80.59976,20.3827],[80.60191,20.38358]]}},{"type":"Feature","properties":{"kind":"state","name":"Chhattisgarh–Maharashtra","src":"OSM relations 1950884 and 1972004","river":"6784","rlen":29},"geometry":{"type":"LineString","coordinates":[[80.60191,20.38358],[80.6023,20.38273],[80.60266,20.38227],[80.60382,20.38161],[80.60418,20.38149],[80.60542,20.38176],[80.60756,20.38162],[80.60794,20.3815],[80.60837,20.38122],[80.60879,20.38082],[80.60942,20.379],[80.60955,20.37802],[80.60967,20.37767],[80.61005,20.37706],[80.61081,20.37615],[80.611,20.37566],[80.61101,20.37521],[80.61089,20.37475],[80.60946,20.37083],[80.60942,20.37036],[80.60952,20.37004],[80.60981,20.36951],[80.61077,20.36826],[80.61172,20.36662],[80.61246,20.36553],[80.61264,20.36493],[80.61266,20.36395],[80.61276,20.36378],[80.61328,20.36347],[80.61471,20.36297],[80.61578,20.36222],[80.61614,20.36193],[80.61674,20.36116],[80.61699,20.36055],[80.61703,20.36033],[80.61694,20.36],[80.61565,20.3587],[80.61492,20.35754],[80.61476,20.35703],[80.61469,20.35644],[80.61475,20.35545],[80.61484,20.35462],[80.61508,20.35374],[80.6151,20.35255],[80.61517,20.35223],[80.61561,20.3515],[80.61585,20.3513],[80.6162,20.35118],[80.61729,20.35125],[80.61749,20.35121],[80.61785,20.35095],[80.61898,20.34925],[80.61928,20.34842],[80.61928,20.34733],[80.6188,20.3463],[80.61843,20.34577],[80.6184,20.34539],[80.61882,20.34446],[80.62061,20.34217],[80.62081,20.34176],[80.62089,20.34064],[80.62098,20.34051],[80.62146,20.34007],[80.62194,20.33945],[80.62228,20.3392],[80.62366,20.3385],[80.62475,20.33821],[80.62532,20.33793],[80.6257,20.33759],[80.62631,20.33673],[80.62637,20.33628],[80.62625,20.33573],[80.62625,20.33525],[80.62654,20.33426],[80.62659,20.33251],[80.62612,20.33061],[80.62559,20.32985],[80.62541,20.32933],[80.62543,20.32876],[80.62553,20.32848],[80.62612,20.32772],[80.62621,20.32713],[80.62598,20.32655],[80.62575,20.32621],[80.62529,20.32576],[80.62499,20.32517]]}},{"type":"Feature","properties":{"kind":"state","name":"Chhattisgarh–Maharashtra","src":"OSM relations 1950884 and 1972004"},"geometry":{"type":"LineString","coordinates":[[80.62499,20.32517],[80.62283,20.32583],[80.62253,20.32559],[80.62006,20.32499],[80.61813,20.32425],[80.61343,20.32008],[80.61201,20.31915],[80.6092,20.31879],[80.60639,20.31879],[80.6006,20.31815],[80.59461,20.31841],[80.58869,20.31807],[80.5839,20.31724],[80.57663,20.31426],[80.56382,20.31098],[80.55918,20.30958],[80.55487,20.30901],[80.55279,20.30889],[80.54965,20.30825],[80.5468,20.30609],[80.54618,20.30501],[80.54575,20.30346],[80.54646,20.29907],[80.54562,20.29651],[80.54468,20.29424],[80.54043,20.29011],[80.53757,20.28679],[80.53485,20.28331],[80.52942,20.27882],[80.52397,20.27482],[80.52114,20.27289],[80.51959,20.26754],[80.5186,20.26586]]}},{"type":"Feature","properties":{"kind":"state","name":"Chhattisgarh–Maharashtra","src":"OSM relations 1950884 and 1972004","river":"5468","rlen":21},"geometry":{"type":"LineString","coordinates":[[80.5186,20.26586],[80.51829,20.2659],[80.51805,20.26587],[80.5175,20.26544],[80.51682,20.26504],[80.5164,20.26492],[80.51554,20.2649],[80.51525,20.26497],[80.51511,20.26518],[80.51467,20.26628],[80.51439,20.2664],[80.51419,20.2664],[80.51338,20.26621],[80.51291,20.26627],[80.51258,20.26643],[80.51186,20.26709],[80.51162,20.26712],[80.5113,20.26695],[80.51067,20.26636],[80.51032,20.26624],[80.5097,20.26628],[80.50917,20.26659],[80.50844,20.26659],[80.507,20.26719],[80.50658,20.26743],[80.50638,20.26769],[80.50623,20.26821],[80.50663,20.26929],[80.50659,20.26954],[80.50637,20.26981],[80.50613,20.26993],[80.50481,20.27014],[80.504,20.27015],[80.50375,20.27003],[80.50354,20.26974],[80.50344,20.26953],[80.50336,20.26891],[80.50298,20.2688],[80.50276,20.26887],[80.5027,20.26905],[80.50272,20.26938],[80.50287,20.26972],[80.50289,20.27003],[80.5028,20.27033],[80.50258,20.27059],[80.50121,20.27125],[80.50098,20.27128],[80.50019,20.27102],[80.49995,20.27101],[80.499,20.27136],[80.49824,20.27139],[80.49816,20.27165],[80.49826,20.27226],[80.4979,20.2728],[80.49733,20.27342],[80.49665,20.27442],[80.49633,20.27465],[80.49559,20.27481],[80.49435,20.27484],[80.49387,20.27473],[80.49342,20.27452],[80.49225,20.27373],[80.49196,20.2736],[80.49162,20.27357],[80.49065,20.27383],[80.48961,20.27373],[80.48921,20.27378],[80.48894,20.27399],[80.48819,20.27497],[80.48751,20.27546],[80.48599,20.27539],[80.48518,20.27514],[80.48454,20.2745],[80.4841,20.27379],[80.48372,20.27356],[80.48331,20.27345],[80.48221,20.27338],[80.48152,20.27352],[80.48126,20.2739],[80.48119,20.27458],[80.48104,20.27478],[80.48083,20.2749],[80.48061,20.2749],[80.48028,20.2748],[80.47929,20.27431],[80.47807,20.27356],[80.47753,20.27291],[80.47639,20.27182],[80.47581,20.27143],[80.47538,20.27124],[80.47486,20.2711],[80.47407,20.27104],[80.47262,20.27167],[80.47191,20.27172],[80.47094,20.27143],[80.46981,20.27074],[80.46915,20.27071],[80.46787,20.27135],[80.46668,20.27125]]}},{"type":"Feature","properties":{"kind":"state","name":"Chhattisgarh–Maharashtra","src":"OSM relations 1950884 and 1972004"},"geometry":{"type":"LineString","coordinates":[[80.46668,20.27125],[80.46482,20.27007],[80.46041,20.26858],[80.45683,20.26447],[80.45453,20.26085],[80.45286,20.25922],[80.45076,20.25805],[80.44805,20.2572],[80.44599,20.25678],[80.4399,20.25459],[80.43687,20.25406],[80.43432,20.25249],[80.43177,20.25233],[80.42984,20.25253],[80.42773,20.25308],[80.42338,20.25227],[80.42271,20.25013]]}},{"type":"Feature","properties":{"kind":"state","name":"Chhattisgarh–Maharashtra","src":"OSM relations 1950884 and 1972004","river":"5299","rlen":94},"geometry":{"type":"LineString","coordinates":[[80.42271,20.25013],[80.42248,20.25012],[80.42217,20.24992],[80.42194,20.24962],[80.42159,20.24886],[80.42137,20.24875],[80.4207,20.24866],[80.42044,20.24877],[80.42011,20.24937],[80.41952,20.24983],[80.41814,20.24992],[80.41791,20.24987],[80.41749,20.24956],[80.41677,20.24873],[80.4163,20.24837],[80.41461,20.24761],[80.41433,20.24764],[80.41377,20.24787],[80.41314,20.24798],[80.41274,20.24819],[80.41243,20.24812],[80.41197,20.24744],[80.41111,20.24671],[80.41082,20.24633],[80.41055,20.24622],[80.41028,20.24583],[80.40856,20.2452],[80.40778,20.245],[80.40739,20.24472],[80.40721,20.24473],[80.4067,20.24498],[80.40628,20.24528],[80.40592,20.246],[80.40558,20.24629],[80.40482,20.24654],[80.40406,20.24702],[80.40387,20.24704],[80.40349,20.24678],[80.40264,20.24672],[80.40201,20.24557],[80.40196,20.24532],[80.40206,20.24491],[80.40178,20.24421],[80.40159,20.24403],[80.40087,20.24372],[80.39968,20.24357],[80.39933,20.2437],[80.39886,20.24438],[80.3983,20.2448],[80.39781,20.24542],[80.39745,20.24571],[80.39717,20.2458],[80.39623,20.24585],[80.3961,20.2459]]}},{"type":"Feature","properties":{"kind":"state","name":"Chhattisgarh–Maharashtra","src":"OSM relations 1950884 and 1972004"},"geometry":{"type":"LineString","coordinates":[[80.3961,20.2459],[80.39543,20.244],[80.39535,20.24307],[80.39578,20.23802],[80.39696,20.23377],[80.39928,20.23093],[80.40046,20.22797],[80.4057,20.21879],[80.41035,20.21452],[80.41466,20.21116],[80.41932,20.20838],[80.42166,20.20643],[80.42222,20.20431],[80.42235,20.20202],[80.42205,20.19783],[80.42164,20.19668],[80.41939,20.19549],[80.41801,20.19515],[80.41419,20.19459],[80.40917,20.19306],[80.40576,20.19187],[80.40376,20.19114],[80.402,20.18977],[80.39986,20.18681],[80.39769,20.18015],[80.39731,20.17646],[80.39486,20.17183],[80.39342,20.17062],[80.39115,20.16947],[80.38853,20.16625],[80.38909,20.16466],[80.39211,20.15998],[80.39497,20.15497],[80.39799,20.15185],[80.40128,20.14889],[80.40316,20.14667],[80.41016,20.14381],[80.42093,20.14131],[80.42499,20.13972],[80.42943,20.13623],[80.43239,20.13575],[80.43722,20.13623],[80.44009,20.13617],[80.44344,20.13591],[80.4464,20.13617],[80.44919,20.13646],[80.45202,20.1369],[80.45477,20.13785],[80.45552,20.13952],[80.45513,20.1422],[80.45558,20.14596],[80.45715,20.14824],[80.45958,20.14969],[80.46215,20.15058],[80.46505,20.15028],[80.47865,20.1456],[80.48389,20.14461],[80.48846,20.14357],[80.49279,20.14455],[80.49807,20.1452],[80.50247,20.14457],[80.50779,20.14298],[80.51131,20.14057],[80.5135,20.13668],[80.51577,20.13519],[80.52172,20.13412],[80.52646,20.13297],[80.53159,20.13069],[80.53556,20.12803],[80.53766,20.1254],[80.54142,20.12229],[80.54507,20.12056],[80.5474,20.11959],[80.5496,20.11881],[80.55133,20.11865],[80.55214,20.11835],[80.55237,20.11074],[80.55128,20.10888],[80.54964,20.10689],[80.54757,20.10551],[80.54408,20.09784],[80.5441,20.09622],[80.54717,20.08995],[80.55262,20.08164],[80.55485,20.07969],[80.55653,20.07285],[80.55675,20.07047],[80.55593,20.06893],[80.55448,20.06565],[80.55326,20.06456],[80.55081,20.06138],[80.55061,20.05818],[80.54926,20.05546],[80.54911,20.05286],[80.55042,20.04979],[80.55014,20.04583],[80.55107,20.04183],[80.54937,20.03725],[80.54796,20.03415],[80.54732,20.03104],[80.54626,20.02427],[80.54622,20.02001],[80.54605,20.01747],[80.54523,20.0144],[80.54378,20.01126],[80.5433,20.00952],[80.54386,20.00783],[80.54562,20.00505],[80.54991,20.00182],[80.55017,19.99674],[80.54953,19.98605],[80.54648,19.98113],[80.54236,19.97637],[80.54043,19.97541],[80.53841,19.975],[80.53768,19.97351],[80.53627,19.96605],[80.53708,19.96472],[80.53867,19.96314],[80.53897,19.96153],[80.53811,19.95955],[80.53742,19.9583],[80.53794,19.95613],[80.53811,19.95411],[80.53841,19.95237],[80.53721,19.95157],[80.5333,19.95007],[80.53232,19.94858],[80.53137,19.9464],[80.53047,19.94063],[80.52948,19.93878],[80.5273,19.93757],[80.52309,19.93366],[80.51888,19.93333],[80.51236,19.93123],[80.50764,19.92942],[80.50477,19.92853],[80.50155,19.92898],[80.49944,19.92958],[80.49314,19.93027],[80.48936,19.93055],[80.48644,19.93132],[80.48146,19.93402],[80.48022,19.93539],[80.47979,19.93721],[80.47957,19.94084],[80.47884,19.94306],[80.47756,19.94576],[80.47546,19.94828],[80.47444,19.9502]]}},{"type":"Feature","properties":{"kind":"state","name":"Chhattisgarh–Maharashtra","src":"OSM relations 1950884 and 1972004","river":"5438","rlen":26},"geometry":{"type":"LineString","coordinates":[[80.47444,19.9502],[80.47313,19.9504],[80.4722,19.95034],[80.47086,19.94974],[80.46954,19.94952],[80.46862,19.94915],[80.46739,19.94804],[80.46718,19.94793],[80.46674,19.94785],[80.46627,19.94796],[80.46579,19.94831],[80.4653,19.94892],[80.46487,19.94991],[80.46463,19.95009],[80.46409,19.95003],[80.46361,19.94966],[80.46322,19.9495],[80.46258,19.9496],[80.46217,19.94983],[80.46068,19.9515],[80.45853,19.95347],[80.45537,19.95563],[80.45169,19.9579]]}},{"type":"Feature","properties":{"kind":"state","name":"Chhattisgarh–Maharashtra","src":"OSM relations 1950884 and 1972004"},"geometry":{"type":"LineString","coordinates":[[80.45169,19.9579],[80.45059,19.95631],[80.44923,19.95475],[80.4473,19.95294],[80.44481,19.95096],[80.44292,19.94915],[80.43782,19.94661],[80.43383,19.94293],[80.42756,19.93999],[80.42172,19.94035],[80.41958,19.94027],[80.41413,19.93967],[80.41112,19.93846],[80.41203,19.93608],[80.4125,19.93337],[80.41284,19.92938],[80.41207,19.9222],[80.41035,19.91961],[80.40975,19.91647],[80.40889,19.91372],[80.40868,19.91223],[80.41164,19.9092],[80.41533,19.90682],[80.41859,19.90517],[80.42138,19.90412],[80.42735,19.90255],[80.43507,19.90089],[80.44078,19.89871],[80.44353,19.89783],[80.447,19.89706],[80.4494,19.89678],[80.45101,19.89768],[80.45398,19.90079],[80.45612,19.90412],[80.45846,19.90527],[80.46,19.90511],[80.46305,19.90444],[80.46676,19.90539],[80.47129,19.90458],[80.47618,19.90341],[80.4799,19.90279],[80.48713,19.90251],[80.49086,19.90134],[80.49558,19.89742],[80.49974,19.89145],[80.5012,19.8856],[80.50309,19.87692],[80.50416,19.87434],[80.50554,19.87192],[80.50451,19.87075],[80.50262,19.8701],[80.4994,19.86873],[80.49043,19.8657],[80.48588,19.86227],[80.48395,19.86001],[80.48348,19.85848],[80.48369,19.85274],[80.48099,19.84556],[80.47949,19.84193],[80.47764,19.83874],[80.47498,19.83753],[80.47314,19.8364],[80.47172,19.83393],[80.47125,19.83135],[80.46927,19.82836],[80.46696,19.8255],[80.46352,19.82437],[80.4546,19.8192],[80.44696,19.81371],[80.43898,19.80902],[80.43254,19.80749],[80.42953,19.807],[80.42702,19.8089],[80.42456,19.81102],[80.42149,19.8132],[80.41355,19.81564],[80.40803,19.81573],[80.40615,19.81587],[80.40318,19.81663],[80.40261,19.81619],[80.40308,19.81496],[80.40452,19.813],[80.40643,19.80945],[80.40739,19.80599],[80.40758,19.80458],[80.40726,19.80337],[80.40647,19.80184],[80.40413,19.7999],[80.4034,19.79731],[80.4022,19.79639],[80.40207,19.79554],[80.40267,19.79416],[80.40542,19.79356],[80.41134,19.79376],[80.42301,19.79675],[80.42657,19.79695],[80.43078,19.79618],[80.4346,19.7959],[80.43958,19.79453],[80.44322,19.79194],[80.44623,19.79033],[80.44816,19.78996],[80.45099,19.79061],[80.4537,19.79146],[80.45636,19.79287],[80.45829,19.79372],[80.46198,19.79501],[80.46468,19.79525],[80.46764,19.79114],[80.46854,19.78928],[80.47069,19.78778],[80.47339,19.78613],[80.47781,19.78387],[80.48108,19.78148],[80.48258,19.77636],[80.48258,19.77393],[80.48331,19.77131],[80.48541,19.77026],[80.48747,19.77014],[80.49056,19.77155],[80.49129,19.77385],[80.49138,19.77688],[80.4912,19.7808],[80.49082,19.7856],[80.49017,19.78883],[80.48876,19.79198],[80.48666,19.79574],[80.48537,19.80143],[80.48382,19.80305],[80.4809,19.80204],[80.47842,19.8024],[80.47515,19.80377],[80.47297,19.80555],[80.47099,19.80809],[80.47005,19.81023],[80.47056,19.81229],[80.47279,19.81641],[80.48056,19.8261],[80.48181,19.82723],[80.48769,19.82715],[80.50017,19.82723],[80.50674,19.83078],[80.52266,19.83022],[80.53039,19.82582],[80.5388,19.82198],[80.543,19.8198],[80.54631,19.8177],[80.54678,19.81516],[80.54674,19.81189],[80.54523,19.80583],[80.54536,19.8022],[80.54687,19.79869],[80.54699,19.79493],[80.54674,19.79251],[80.54348,19.78661],[80.54348,19.78015],[80.54438,19.77615],[80.54592,19.77319],[80.54599,19.77115]]}},{"type":"Feature","properties":{"kind":"state","name":"Chhattisgarh–Maharashtra","src":"OSM relations 1950884 and 1972004","river":"5811","rlen":20},"geometry":{"type":"LineString","coordinates":[[80.54599,19.77115],[80.54649,19.77103],[80.54669,19.77089],[80.54683,19.77077],[80.54723,19.77011],[80.54754,19.76979],[80.5489,19.76883],[80.54947,19.76833],[80.55041,19.7673],[80.55097,19.76643],[80.55151,19.76526],[80.55201,19.76479],[80.55231,19.76464],[80.55353,19.76432],[80.5541,19.76399],[80.55493,19.76331],[80.55616,19.7627],[80.55867,19.76184],[80.55989,19.76151],[80.56023,19.76137],[80.56076,19.76096],[80.56098,19.76088],[80.56144,19.76097],[80.56171,19.7609],[80.56296,19.75964],[80.56341,19.7596],[80.56403,19.75979],[80.56419,19.75993],[80.56426,19.76042],[80.56434,19.76053],[80.56462,19.7607],[80.56488,19.76071],[80.56587,19.76008],[80.56615,19.75997],[80.56681,19.75992],[80.56739,19.76005],[80.56781,19.76005],[80.56801,19.75999],[80.56888,19.75934],[80.57,19.75931],[80.57055,19.75905],[80.57078,19.75865],[80.57083,19.75825],[80.57138,19.7577],[80.57172,19.75718],[80.57269,19.75442],[80.57289,19.75418],[80.57358,19.75381],[80.57526,19.754],[80.57562,19.75397],[80.57622,19.75376],[80.57699,19.75327],[80.57721,19.75305],[80.57767,19.75193],[80.57829,19.75131],[80.57877,19.75108],[80.57996,19.75101],[80.58049,19.75085],[80.58124,19.75046],[80.5816,19.75017],[80.58192,19.74981],[80.5822,19.7493],[80.58253,19.749],[80.5834,19.74873],[80.58384,19.748],[80.58389,19.7475],[80.58382,19.74723],[80.5835,19.74706],[80.58309,19.74708],[80.58223,19.7475],[80.58152,19.74752],[80.58108,19.74722],[80.5808,19.74683],[80.58067,19.74648],[80.58067,19.74624],[80.58096,19.74589],[80.58283,19.74506],[80.58414,19.74457],[80.58455,19.74425],[80.58473,19.74393],[80.58484,19.74344],[80.58482,19.74235],[80.5849,19.74206],[80.58594,19.74139],[80.58641,19.74125],[80.58745,19.74132],[80.588,19.74152],[80.58833,19.74179],[80.58885,19.74207],[80.59003,19.74239],[80.59089,19.74205],[80.59219,19.7418],[80.59258,19.74163],[80.59297,19.74121],[80.59336,19.74015],[80.59376,19.73976],[80.5943,19.73966],[80.59506,19.74008],[80.59539,19.74038],[80.59573,19.7405],[80.59612,19.7405],[80.59654,19.74021],[80.59691,19.74006],[80.59769,19.74004],[80.5987,19.74066],[80.59907,19.74056],[80.59967,19.74014],[80.60042,19.73935],[80.60097,19.73899],[80.60139,19.73884],[80.60298,19.73857],[80.6036,19.7384],[80.60535,19.73734],[80.60639,19.73661],[80.60683,19.73661],[80.60722,19.73688],[80.60769,19.7374],[80.60844,19.73848],[80.60896,19.73863],[80.61047,19.73817],[80.61167,19.73802],[80.61199,19.73778],[80.61235,19.73733],[80.61311,19.73583],[80.61355,19.73527],[80.6141,19.73477],[80.61457,19.73455],[80.61501,19.73448],[80.616,19.73451],[80.61762,19.7337],[80.61843,19.73355],[80.61905,19.73355],[80.62075,19.73326],[80.62129,19.73299],[80.62163,19.73269],[80.62187,19.73203],[80.62255,19.73087],[80.62406,19.7288],[80.62498,19.72834],[80.6255,19.72794],[80.62576,19.7275],[80.62581,19.72701],[80.62615,19.72644],[80.62657,19.72602],[80.62719,19.7257],[80.62956,19.72524],[80.63042,19.72529],[80.63146,19.72544],[80.63222,19.72606],[80.63308,19.72641],[80.63355,19.72638],[80.63388,19.72619],[80.63454,19.72547],[80.63503,19.7254],[80.6355,19.72548],[80.63597,19.7258],[80.6363,19.72627],[80.6367,19.72655]]}},{"type":"Feature","properties":{"kind":"state","name":"Chhattisgarh–Maharashtra","src":"OSM relations 1950884 and 1972004"},"geometry":{"type":"LineString","coordinates":[[80.6367,19.72655],[80.63695,19.72624],[80.63741,19.72633],[80.63941,19.72725]]}},{"type":"Feature","properties":{"kind":"state","name":"Chhattisgarh–Maharashtra","src":"OSM relations 1950884 and 1972004","river":"5966","rlen":181},"geometry":{"type":"LineString","coordinates":[[80.63941,19.72725],[80.63973,19.72662],[80.64152,19.72418],[80.64345,19.72216],[80.64447,19.72078],[80.64593,19.71902],[80.64599,19.71849],[80.64585,19.71769],[80.64601,19.71723],[80.64624,19.71704],[80.64671,19.71706],[80.64685,19.71697],[80.64697,19.71682],[80.64702,19.71642],[80.64713,19.71622],[80.64799,19.71535],[80.64844,19.71403],[80.64843,19.71345],[80.64851,19.71313],[80.64862,19.71291],[80.64975,19.7116],[80.65167,19.71028],[80.6522,19.70971],[80.65274,19.70928],[80.65447,19.70843],[80.65526,19.70841],[80.65547,19.70831],[80.65669,19.70716],[80.65792,19.70636],[80.65936,19.7063],[80.66083,19.70603],[80.66149,19.70602],[80.66222,19.7059],[80.66308,19.7057],[80.66443,19.70519],[80.66552,19.7045],[80.66633,19.70409],[80.66692,19.7039],[80.66796,19.70381],[80.66847,19.70399],[80.66875,19.70393],[80.66919,19.70336],[80.66964,19.7031],[80.67008,19.70259],[80.67044,19.70192],[80.67073,19.70099],[80.67109,19.70048],[80.67302,19.69933],[80.67343,19.69885],[80.67353,19.69852],[80.67344,19.69735],[80.67318,19.69667],[80.67313,19.69556],[80.67288,19.69453],[80.67284,19.69351],[80.67331,19.69212],[80.67376,19.6915],[80.67431,19.69099],[80.67443,19.69034],[80.67485,19.68979],[80.6749,19.68961],[80.67486,19.68835],[80.67503,19.68755],[80.67502,19.68724],[80.67451,19.68683],[80.67439,19.68655],[80.67451,19.6832],[80.67422,19.68246],[80.67332,19.68149],[80.67325,19.6813],[80.67315,19.67984],[80.67317,19.6782],[80.67293,19.67759],[80.67261,19.67718],[80.67216,19.67677],[80.67254,19.6764],[80.67258,19.67625],[80.67248,19.67578],[80.67217,19.67534],[80.67207,19.67503],[80.67205,19.6735],[80.67175,19.67274],[80.67139,19.67242],[80.67119,19.67137],[80.67129,19.67091],[80.67124,19.6704],[80.67059,19.66953],[80.67046,19.66925],[80.67027,19.66851],[80.67007,19.66692],[80.66912,19.66467],[80.66912,19.66446],[80.6692,19.66434],[80.66936,19.66422],[80.66972,19.66428],[80.6698,19.66413],[80.66972,19.66376],[80.66977,19.66319],[80.66972,19.66296],[80.6694,19.66254],[80.66902,19.66223],[80.66836,19.66132],[80.66776,19.65971],[80.66779,19.65721],[80.66793,19.65633],[80.66834,19.65511],[80.66834,19.65445],[80.66816,19.65398],[80.66682,19.65183],[80.66678,19.65135],[80.66695,19.6496],[80.66694,19.64888],[80.66686,19.64852],[80.66639,19.64782],[80.66578,19.64714],[80.66561,19.64677],[80.66563,19.64566],[80.66552,19.64528],[80.66555,19.64512],[80.66584,19.64466],[80.66587,19.64424],[80.66574,19.64323],[80.66579,19.64144],[80.66568,19.64094],[80.66588,19.63977],[80.66568,19.63875],[80.66579,19.63794],[80.66567,19.63674],[80.6655,19.63579],[80.66513,19.63454],[80.66512,19.63379],[80.66359,19.63084],[80.66358,19.62939],[80.66371,19.62903],[80.66375,19.62851],[80.66357,19.62628],[80.66344,19.62585],[80.66292,19.62516],[80.66249,19.62416],[80.66258,19.62376],[80.66331,19.62225],[80.66349,19.62133],[80.66394,19.62032],[80.66408,19.61925],[80.66451,19.61787],[80.66498,19.61588],[80.66518,19.61444],[80.66495,19.61352],[80.66472,19.61204],[80.66473,19.61106]]}},{"type":"Feature","properties":{"kind":"state","name":"Chhattisgarh–Maharashtra","src":"OSM relations 1950884 and 1972004"},"geometry":{"type":"LineString","coordinates":[[80.66473,19.61106],[80.66679,19.61022],[80.67012,19.60934],[80.67299,19.60972],[80.67872,19.61179],[80.68291,19.61201],[80.68572,19.61239],[80.69067,19.61328],[80.69879,19.61314],[80.70297,19.61326],[80.7061,19.61399],[80.70906,19.6153],[80.71263,19.61627],[80.71499,19.6165],[80.71657,19.61623],[80.71979,19.615],[80.72329,19.61342],[80.72552,19.61164],[80.72715,19.61084],[80.73007,19.61027],[80.73123,19.60827],[80.73275,19.60693],[80.73398,19.60615],[80.739,19.60623],[80.74091,19.60556],[80.74316,19.60362],[80.74468,19.60206],[80.75144,19.59972],[80.75631,19.59721],[80.75876,19.59511],[80.75915,19.59335],[80.75973,19.5919],[80.76082,19.59119],[80.7646,19.59056],[80.76681,19.58947],[80.76863,19.58737],[80.7694,19.58555],[80.76869,19.58286],[80.76863,19.57922],[80.76779,19.57722],[80.76724,19.57518],[80.76816,19.57417],[80.76865,19.57332],[80.76932,19.57125],[80.76945,19.57034],[80.77028,19.56871],[80.77236,19.56737],[80.77408,19.56521],[80.77462,19.56402],[80.77482,19.56322],[80.77573,19.56155]]}},{"type":"Feature","properties":{"kind":"state","name":"Chhattisgarh–Maharashtra","src":"OSM relations 1950884 and 1972004","river":"5867","rlen":54},"geometry":{"type":"LineString","coordinates":[[80.77573,19.56155],[80.77816,19.56274],[80.77888,19.56296],[80.78039,19.56326],[80.78111,19.5632],[80.78187,19.56302],[80.78259,19.56271],[80.78439,19.56145],[80.78509,19.56084],[80.78599,19.56029],[80.78696,19.5602],[80.78917,19.56022],[80.79139,19.56053],[80.79568,19.56159],[80.79783,19.56271],[80.7988,19.56337],[80.80007,19.56404],[80.80258,19.56486],[80.80418,19.56556],[80.80523,19.56649],[80.80574,19.56717],[80.80617,19.56806],[80.80667,19.56885],[80.80766,19.57013]]}},{"type":"Feature","properties":{"kind":"state","name":"Chhattisgarh–Maharashtra","src":"OSM relations 1950884 and 1972004"},"geometry":{"type":"LineString","coordinates":[[80.80766,19.57013],[80.80948,19.56886],[80.81073,19.56897],[80.81579,19.57085],[80.81775,19.57091],[80.81927,19.5698],[80.82391,19.56596],[80.82961,19.5665],[80.83232,19.56695],[80.83453,19.56662],[80.83526,19.56608],[80.83661,19.564],[80.83869,19.55961],[80.83951,19.55706],[80.84004,19.55383],[80.84021,19.54851],[80.84073,19.54669],[80.84148,19.54489],[80.84232,19.54109],[80.8436,19.53854],[80.84466,19.53678],[80.84774,19.5355],[80.8497,19.53387],[80.84946,19.53164],[80.84942,19.52984],[80.85167,19.52752],[80.85347,19.52606],[80.85513,19.52424],[80.85646,19.52341],[80.85854,19.52287],[80.86101,19.52133],[80.8642,19.52009],[80.86714,19.52028],[80.86822,19.52078],[80.87008,19.52028],[80.87148,19.5191],[80.87388,19.51868],[80.87442,19.51884],[80.87588,19.51973],[80.87937,19.52343],[80.8812,19.52477],[80.88242,19.52556],[80.88474,19.52584],[80.88682,19.52434],[80.88869,19.52317],[80.88957,19.52242],[80.891,19.5209],[80.89283,19.52011],[80.89444,19.51989],[80.89527,19.5191],[80.89457,19.51451],[80.89369,19.5115],[80.89336,19.5078],[80.89414,19.50268],[80.89517,19.49833],[80.89611,19.49212],[80.89714,19.48654],[80.89778,19.48029],[80.89699,19.4782],[80.89562,19.47559],[80.89562,19.47205],[80.89514,19.46999],[80.89457,19.46825],[80.89221,19.4652],[80.89032,19.46342],[80.88899,19.46081],[80.88821,19.45969],[80.88628,19.45801],[80.88173,19.45182],[80.87839,19.44818],[80.8747,19.44537],[80.87373,19.44492],[80.87195,19.44504],[80.86975,19.44561]]}},{"type":"Feature","properties":{"kind":"state","name":"Chhattisgarh–Maharashtra","src":"OSM relations 1950884 and 1972004","river":"5553","rlen":27},"geometry":{"type":"LineString","coordinates":[[80.86975,19.44561],[80.86957,19.44536],[80.86918,19.44516],[80.8685,19.44511],[80.86782,19.44493],[80.86714,19.44462],[80.86667,19.44457],[80.86617,19.44432],[80.86539,19.44376],[80.8649,19.44359],[80.8644,19.44356],[80.86403,19.44418],[80.86358,19.44442],[80.86316,19.44459],[80.86166,19.44466],[80.86137,19.44485],[80.86113,19.44517],[80.86077,19.44519],[80.86045,19.44512],[80.85993,19.44472],[80.85938,19.44449],[80.8587,19.44436],[80.85834,19.44438],[80.85781,19.44465],[80.85681,19.44554],[80.85654,19.44561],[80.85615,19.44558],[80.85472,19.44475],[80.85372,19.44479],[80.85265,19.44474],[80.85217,19.44496],[80.85133,19.44507],[80.85094,19.44522],[80.85088,19.44537],[80.85057,19.44559],[80.85001,19.44628],[80.84983,19.44638],[80.84972,19.4462],[80.84965,19.44573],[80.84931,19.44568],[80.8487,19.44598],[80.84838,19.44574],[80.84831,19.44553],[80.84807,19.44529],[80.84744,19.44521],[80.8467,19.44533],[80.84616,19.44559],[80.84547,19.44609],[80.84499,19.44668],[80.84411,19.44677],[80.84338,19.44665],[80.84262,19.44627],[80.8423,19.44619],[80.84161,19.44621],[80.84081,19.44593],[80.84044,19.44576],[80.83983,19.44521],[80.83933,19.44499],[80.8358,19.44425],[80.83258,19.44328],[80.82984,19.44314],[80.82969,19.44308],[80.82954,19.44293],[80.82885,19.4412],[80.8283,19.44068],[80.8277,19.44026],[80.82684,19.43996],[80.82654,19.43999],[80.82568,19.4403],[80.82517,19.4403],[80.82303,19.43982],[80.82277,19.43967],[80.82262,19.43945],[80.82218,19.43817],[80.82206,19.43791],[80.82185,19.43772],[80.82124,19.43748],[80.8199,19.43729],[80.81947,19.43709],[80.819,19.43682],[80.81853,19.4364],[80.81829,19.4357],[80.81795,19.43536],[80.81715,19.4353],[80.81652,19.4354],[80.81588,19.43454],[80.81525,19.43428],[80.81419,19.4337],[80.81276,19.43269],[80.81196,19.43232],[80.81133,19.43214]]}},{"type":"Feature","properties":{"kind":"state","name":"Chhattisgarh–Maharashtra","src":"OSM relations 1950884 and 1972004"},"geometry":{"type":"LineString","coordinates":[[80.81133,19.43214],[80.81147,19.42994],[80.81146,19.42813],[80.81017,19.42151],[80.80899,19.41398],[80.80985,19.40872],[80.81406,19.40212],[80.81672,19.39759],[80.82358,19.3867],[80.82607,19.38213],[80.82942,19.37925],[80.83268,19.3769],[80.84178,19.37091],[80.8483,19.36905],[80.85122,19.36715],[80.85144,19.36561],[80.85209,19.3639]]}},{"type":"Feature","properties":{"kind":"state","name":"Chhattisgarh–Maharashtra","src":"OSM relations 1950884 and 1972004","river":"5312","rlen":30},"geometry":{"type":"LineString","coordinates":[[80.85209,19.3639],[80.85111,19.36276],[80.85059,19.36151],[80.85042,19.36085],[80.84998,19.36028],[80.84983,19.35974],[80.84938,19.359],[80.84792,19.35763],[80.84549,19.35503],[80.84299,19.35386],[80.8415,19.35296],[80.8403,19.35241],[80.83918,19.35199],[80.83887,19.35194],[80.83851,19.35198],[80.83828,19.35192],[80.83737,19.3515],[80.83705,19.35125],[80.83695,19.35055],[80.83634,19.35011],[80.8346,19.35006],[80.83378,19.34986],[80.83304,19.34956],[80.83229,19.34949],[80.83168,19.34929],[80.83073,19.34864],[80.82999,19.34801],[80.82927,19.34715],[80.82867,19.34663],[80.82693,19.34536],[80.82255,19.34332],[80.81999,19.34197],[80.81976,19.34142],[80.8192,19.3407],[80.81829,19.34],[80.81708,19.33932],[80.81612,19.33847],[80.81572,19.33833],[80.81538,19.33808],[80.81232,19.3376],[80.81075,19.33706],[80.81004,19.33668],[80.80973,19.33635],[80.80945,19.3352],[80.8089,19.33442],[80.80907,19.33291],[80.80789,19.33144],[80.80767,19.33108],[80.80752,19.3306],[80.8072,19.33031],[80.80699,19.32977],[80.80687,19.32863],[80.80666,19.32809],[80.80634,19.32754],[80.80576,19.32683],[80.80539,19.3267],[80.80504,19.32678],[80.80439,19.32677],[80.80423,19.32674],[80.80402,19.3265],[80.80367,19.32633],[80.80253,19.32626],[80.80209,19.32631],[80.80076,19.32668],[80.79933,19.32691],[80.79829,19.32725],[80.79795,19.32722],[80.79783,19.32711],[80.79743,19.32633],[80.79698,19.32521],[80.7967,19.32367],[80.79654,19.32357],[80.79521,19.32352],[80.79492,19.32341],[80.79392,19.32274],[80.79365,19.32268],[80.79343,19.32271],[80.79305,19.32295],[80.79255,19.32312],[80.79095,19.32353],[80.79067,19.3236],[80.79035,19.32352],[80.78947,19.32229],[80.78888,19.32192],[80.78831,19.32137],[80.78515,19.3196],[80.78455,19.31912],[80.78332,19.31855],[80.7806,19.31766],[80.77997,19.3173],[80.77932,19.31685],[80.77875,19.31631],[80.77625,19.31461],[80.7753,19.31412],[80.77435,19.31341],[80.77347,19.31293],[80.77326,19.31265],[80.77327,19.31236],[80.77313,19.31165],[80.77322,19.31113],[80.77302,19.3108],[80.77301,19.31043],[80.77311,19.30998],[80.77281,19.30895],[80.77226,19.30859],[80.7717,19.30753],[80.77145,19.30725],[80.77037,19.3065],[80.77026,19.30578],[80.76977,19.3041],[80.76932,19.3032],[80.76887,19.30273],[80.76855,19.30258],[80.76826,19.30256],[80.76791,19.30263],[80.76735,19.30292],[80.76712,19.30296],[80.76665,19.30277],[80.76603,19.30233],[80.76549,19.30162],[80.7654,19.30137],[80.76499,19.29945],[80.76458,19.29909],[80.76388,19.29878],[80.76367,19.29856],[80.7635,19.29823],[80.76332,19.29732],[80.76311,19.29711],[80.76276,19.29693],[80.76228,19.2969],[80.76163,19.29701],[80.76119,19.297],[80.7605,19.29677],[80.76015,19.29652],[80.75923,19.29533],[80.75907,19.2949],[80.75917,19.29434],[80.75935,19.29396],[80.76,19.29316],[80.76038,19.2925],[80.76044,19.29216],[80.76038,19.2914],[80.76024,19.29112],[80.75951,19.29053],[80.75769,19.28997],[80.7567,19.28894],[80.75595,19.28869],[80.75523,19.2887],[80.75394,19.2892],[80.75364,19.28921],[80.75348,19.28913],[80.75328,19.28864],[80.75275,19.28819],[80.7523,19.28755],[80.7515,19.28687],[80.75114,19.28686],[80.75079,19.28698],[80.7502,19.28751],[80.74943,19.28778],[80.74845,19.28798],[80.74779,19.28802],[80.74491,19.28879],[80.74428,19.28871],[80.74399,19.28852],[80.74369,19.28853],[80.74316,19.28888],[80.74259,19.28889],[80.74241,19.2888],[80.74235,19.28866],[80.74253,19.2875],[80.74248,19.28689],[80.74236,19.28679],[80.74179,19.28681],[80.74098,19.28664],[80.73947,19.28576],[80.73865,19.28545],[80.73826,19.2854],[80.73773,19.28542],[80.73746,19.28558],[80.7372,19.28595],[80.73676,19.28616],[80.7359,19.28624],[80.73464,19.28648],[80.73241,19.28651],[80.73026,19.28666],[80.72904,19.28694],[80.72734,19.28716],[80.72647,19.28718],[80.7259,19.28709],[80.72493,19.28682],[80.72343,19.28605],[80.72192,19.28505],[80.72155,19.28455],[80.72109,19.28417],[80.71932,19.2842],[80.71867,19.28439],[80.71807,19.28474],[80.71774,19.28485],[80.71734,19.28483],[80.71656,19.28448],[80.71599,19.28396],[80.7154,19.28367],[80.71458,19.28276],[80.71432,19.28259],[80.713,19.2821],[80.71158,19.28184],[80.71061,19.28188],[80.71025,19.28197],[80.70936,19.28257],[80.70835,19.28289],[80.70791,19.28322],[80.70784,19.28364],[80.70775,19.28377],[80.70752,19.28383],[80.7071,19.28367],[80.70671,19.28296],[80.70654,19.28235],[80.70635,19.28215],[80.70599,19.28201],[80.7053,19.28188],[80.70506,19.28194],[80.7045,19.28281],[80.70419,19.28298],[80.70374,19.28304],[80.70348,19.28294],[80.70349,19.28248],[80.70284,19.2821],[80.70234,19.28203],[80.70178,19.28176],[80.7016,19.28175],[80.70119,19.28212],[80.70112,19.28245],[80.70058,19.28318],[80.70048,19.28357],[80.7003,19.28372],[80.69985,19.28386],[80.69953,19.28438],[80.69914,19.2847],[80.69894,19.28477],[80.69861,19.28475],[80.69759,19.28434],[80.69578,19.28423],[80.69509,19.28444],[80.69341,19.28519],[80.69318,19.28516],[80.69265,19.28473],[80.69234,19.28473],[80.6921,19.28513],[80.69173,19.28554],[80.69023,19.286],[80.68987,19.28631],[80.68942,19.28691],[80.68898,19.28719],[80.68866,19.28726]]}},{"type":"Feature","properties":{"kind":"state","name":"Chhattisgarh–Maharashtra","src":"OSM relations 1950884 and 1972004"},"geometry":{"type":"LineString","coordinates":[[80.68866,19.28726],[80.68914,19.28937],[80.68909,19.28982],[80.68841,19.28978]]}},{"type":"Feature","properties":{"kind":"state","name":"Chhattisgarh–Maharashtra","src":"OSM relations 1950884 and 1972004","river":"5060","rlen":639},"geometry":{"type":"LineString","coordinates":[[80.68841,19.28978],[80.68835,19.29071],[80.68843,19.29183],[80.68888,19.29352],[80.68893,19.2961],[80.68903,19.29658],[80.6894,19.29759],[80.68941,19.29811],[80.68935,19.29839],[80.68918,19.29862],[80.68904,19.29907],[80.68909,19.30009],[80.68956,19.30239],[80.68983,19.30324],[80.69139,19.30768],[80.69258,19.31078],[80.69295,19.312],[80.69307,19.31315],[80.69308,19.31417],[80.69291,19.31789],[80.69282,19.31814],[80.69205,19.31904],[80.69126,19.31966]]}},{"type":"Feature","properties":{"kind":"state","name":"Chhattisgarh–Maharashtra","src":"OSM relations 1950884 and 1972004"},"geometry":{"type":"LineString","coordinates":[[80.69126,19.31966],[80.691,19.31936],[80.69079,19.31976],[80.68881,19.32082]]}},{"type":"Feature","properties":{"kind":"state","name":"Chhattisgarh–Maharashtra","src":"OSM relations 1950884 and 1972004","river":"5060","rlen":639},"geometry":{"type":"LineString","coordinates":[[80.68881,19.32082],[80.68836,19.32118],[80.68831,19.32192],[80.68842,19.32224],[80.68926,19.32337],[80.68922,19.32388],[80.68863,19.32471],[80.68622,19.32718],[80.68525,19.32765],[80.68457,19.32766],[80.68433,19.32751],[80.68397,19.32752],[80.68336,19.32798],[80.68263,19.32822],[80.68201,19.32892],[80.68102,19.32934],[80.68047,19.32942],[80.67998,19.32979],[80.67946,19.33004],[80.67835,19.33044],[80.67783,19.33059],[80.67552,19.33099],[80.67483,19.33097],[80.67393,19.33105],[80.67372,19.33101],[80.67251,19.33029],[80.67139,19.32951],[80.66992,19.32924],[80.66905,19.32887],[80.66855,19.32847],[80.66705,19.3268],[80.66647,19.32644],[80.66555,19.32641],[80.66469,19.32669],[80.66435,19.32676],[80.66416,19.32673],[80.66363,19.32611],[80.66319,19.32572],[80.65782,19.32408],[80.65609,19.32327],[80.65456,19.32231],[80.65309,19.3216],[80.65246,19.32098],[80.65192,19.3203],[80.65179,19.31997],[80.65176,19.31941],[80.65163,19.31904],[80.6506,19.31833],[80.64949,19.317],[80.64911,19.31661],[80.64873,19.31635],[80.64829,19.31632],[80.64775,19.31646],[80.64727,19.31673],[80.64684,19.31672],[80.64631,19.31662],[80.64609,19.31649],[80.64516,19.31635],[80.64451,19.31591],[80.64293,19.31522],[80.64249,19.31519],[80.64165,19.31528],[80.64038,19.31597],[80.63984,19.31609],[80.6389,19.31607],[80.63833,19.3159],[80.63701,19.31516],[80.63636,19.31512],[80.63595,19.3153],[80.63561,19.31567],[80.63521,19.31592],[80.63485,19.31602],[80.63444,19.31602],[80.63416,19.31593],[80.63397,19.31568],[80.63392,19.31541],[80.63403,19.31467],[80.63403,19.31384],[80.63379,19.31137],[80.6335,19.31051],[80.63331,19.31016],[80.63299,19.30986],[80.63239,19.30966],[80.63143,19.30948],[80.63057,19.30901],[80.63022,19.30895],[80.62941,19.30894],[80.62852,19.30916],[80.62749,19.30922],[80.62649,19.30898],[80.62597,19.30898],[80.62572,19.3088],[80.62554,19.30849],[80.62516,19.30845],[80.62415,19.30912],[80.62386,19.30907],[80.62223,19.30934]]}},{"type":"Feature","properties":{"kind":"state","name":"Chhattisgarh–Maharashtra","src":"OSM relations 1950884 and 1972004"},"geometry":{"type":"LineString","coordinates":[[80.62223,19.30934],[80.62165,19.30725],[80.61754,19.30769],[80.61562,19.30836],[80.61481,19.30885],[80.61314,19.30736]]}},{"type":"Feature","properties":{"kind":"state","name":"Chhattisgarh–Maharashtra","src":"OSM relations 1950884 and 1972004","river":"5060","rlen":639},"geometry":{"type":"LineString","coordinates":[[80.61314,19.30736],[80.6127,19.3078],[80.61207,19.30857],[80.61167,19.30887],[80.61139,19.30899],[80.6111,19.30899],[80.61014,19.30886],[80.60975,19.3089],[80.60882,19.30993],[80.60796,19.3104],[80.60759,19.31052],[80.60726,19.3105],[80.60657,19.31021],[80.60577,19.31022],[80.60548,19.31042],[80.60479,19.31114],[80.60456,19.31155],[80.6043,19.31276],[80.6043,19.31498],[80.60377,19.31655],[80.60341,19.31888],[80.60317,19.31969],[80.60296,19.32008],[80.60235,19.32084],[80.60224,19.32119],[80.60214,19.32238],[80.60182,19.32384],[80.60187,19.3251],[80.60199,19.3254],[80.60267,19.32584],[80.60268,19.32599],[80.60254,19.32642],[80.60169,19.32822],[80.60084,19.32945],[80.59944,19.33098],[80.59899,19.3316]]}},{"type":"Feature","properties":{"kind":"state","name":"Chhattisgarh–Maharashtra","src":"OSM relations 1950884 and 1972004"},"geometry":{"type":"LineString","coordinates":[[80.59899,19.3316],[80.60095,19.33288],[80.60072,19.33344],[80.60061,19.336],[80.6026,19.33694]]}},{"type":"Feature","properties":{"kind":"state","name":"Chhattisgarh–Maharashtra","src":"OSM relations 1950884 and 1972004","river":"5060","rlen":639},"geometry":{"type":"LineString","coordinates":[[80.6026,19.33694],[80.60191,19.33826],[80.60131,19.33994],[80.60031,19.34146],[80.60016,19.34191],[80.60002,19.3431],[80.59938,19.34411],[80.59868,19.34504],[80.59826,19.34547],[80.59789,19.34608],[80.5979,19.34768],[80.5967,19.34923],[80.59585,19.34968],[80.59541,19.35022],[80.59517,19.35087],[80.59483,19.35276],[80.59476,19.35497],[80.59455,19.35564],[80.59428,19.35611],[80.59349,19.35806],[80.59335,19.35963],[80.59363,19.36082],[80.5936,19.36332],[80.59335,19.36388],[80.59221,19.36569],[80.59099,19.36794],[80.59065,19.36899],[80.59048,19.36992],[80.59044,19.37067],[80.59368,19.37161],[80.59427,19.37202],[80.59487,19.37226],[80.59522,19.37249],[80.59544,19.37278],[80.59566,19.37329],[80.59576,19.3742],[80.59588,19.37457],[80.59615,19.37488],[80.5965,19.3751],[80.5971,19.37569],[80.59723,19.37615],[80.59727,19.37693],[80.5975,19.37746],[80.59758,19.37806],[80.59787,19.37857],[80.59797,19.37984],[80.59792,19.38044],[80.59703,19.38177],[80.5948,19.38289],[80.59425,19.38339],[80.5933,19.38391]]}},{"type":"Feature","properties":{"kind":"state","name":"Chhattisgarh–Maharashtra","src":"OSM relations 1950884 and 1972004"},"geometry":{"type":"LineString","coordinates":[[80.5933,19.38391],[80.59348,19.38578],[80.59326,19.38618],[80.593,19.38612]]}},{"type":"Feature","properties":{"kind":"state","name":"Chhattisgarh–Maharashtra","src":"OSM relations 1950884 and 1972004","river":"5060","rlen":639},"geometry":{"type":"LineString","coordinates":[[80.593,19.38612],[80.59289,19.38658],[80.59261,19.38734],[80.59173,19.38888],[80.5869,19.39575],[80.58586,19.39738],[80.58359,19.40148],[80.58216,19.40358],[80.5815,19.40425],[80.58042,19.40496],[80.5793,19.40539],[80.57808,19.40579],[80.57739,19.40588],[80.57697,19.40585],[80.57636,19.40572],[80.5754,19.40514],[80.57406,19.40451],[80.57069,19.40315],[80.56937,19.4025]]}},{"type":"Feature","properties":{"kind":"state","name":"Chhattisgarh–Maharashtra","src":"OSM relations 1950884 and 1972004"},"geometry":{"type":"LineString","coordinates":[[80.56937,19.4025],[80.56813,19.40075],[80.56385,19.3996],[80.56019,19.39714],[80.55764,19.39479],[80.5534,19.3897],[80.54482,19.38421],[80.54065,19.37975],[80.53699,19.37549],[80.53445,19.37095],[80.5238,19.3532],[80.51917,19.34717],[80.51486,19.34501],[80.50739,19.34271],[80.49796,19.3432],[80.491,19.34264],[80.48797,19.34125],[80.48615,19.34251]]}},{"type":"Feature","properties":{"kind":"state","name":"Chhattisgarh–Maharashtra","src":"OSM relations 1950884 and 1972004","river":"5060","rlen":639},"geometry":{"type":"LineString","coordinates":[[80.48615,19.34251],[80.48581,19.34209],[80.48417,19.34116],[80.48387,19.34065],[80.48345,19.34018],[80.4816,19.33918],[80.48057,19.33885],[80.47967,19.33842],[80.47867,19.33744],[80.47706,19.3365],[80.47531,19.33499],[80.4752,19.33431],[80.47492,19.33403],[80.47475,19.33368],[80.47484,19.33328],[80.47497,19.33308],[80.47498,19.33279],[80.47496,19.33244],[80.47477,19.33199],[80.47454,19.33177],[80.47351,19.33127],[80.47321,19.33099],[80.47314,19.33083],[80.47314,19.33026],[80.47213,19.32823],[80.47176,19.32778],[80.47082,19.32709],[80.47053,19.32672],[80.46979,19.32492],[80.46969,19.32427],[80.46973,19.32393],[80.46992,19.32364],[80.47025,19.32338],[80.47083,19.3227],[80.47097,19.32238],[80.47099,19.32206],[80.4709,19.3218],[80.47067,19.32164],[80.46957,19.32157],[80.46933,19.32138],[80.4692,19.32106],[80.46949,19.32053],[80.46976,19.32024],[80.46991,19.31942],[80.46983,19.31907],[80.46942,19.31867],[80.469,19.31804],[80.4689,19.31775],[80.46901,19.31673],[80.46876,19.31634],[80.46906,19.31524],[80.46907,19.3149],[80.46896,19.31466],[80.46824,19.31398],[80.46774,19.31366],[80.46694,19.31297],[80.46627,19.31253],[80.46541,19.31166],[80.45981,19.30302],[80.45902,19.30164],[80.45752,19.29843],[80.4574,19.29806],[80.45747,19.29637],[80.4574,19.29593],[80.45595,19.29244],[80.45571,19.29206],[80.45543,19.2918],[80.45505,19.29172],[80.45404,19.29191],[80.45375,19.29187],[80.45342,19.29171],[80.45315,19.29128],[80.45301,19.29078],[80.45292,19.28937],[80.45295,19.28863],[80.45312,19.2881],[80.45328,19.28772],[80.45353,19.28735],[80.45482,19.28618],[80.45524,19.28559],[80.45554,19.28137],[80.45555,19.28096],[80.4554,19.28038],[80.45513,19.27958],[80.45377,19.27781],[80.45368,19.27738],[80.45343,19.27689],[80.45232,19.27509],[80.45205,19.27452],[80.45167,19.27326],[80.45156,19.27245],[80.4514,19.27222],[80.45095,19.27209],[80.45017,19.27154],[80.44893,19.27021],[80.44646,19.26719],[80.44616,19.26626],[80.44609,19.26473],[80.44568,19.2639]]}},{"type":"Feature","properties":{"kind":"state","name":"Chhattisgarh–Maharashtra","src":"OSM relations 1950884 and 1972004"},"geometry":{"type":"LineString","coordinates":[[80.44568,19.2639],[80.44609,19.26372],[80.44569,19.26348],[80.44441,19.26169]]}},{"type":"Feature","properties":{"kind":"state","name":"Chhattisgarh–Maharashtra","src":"OSM relations 1950884 and 1972004","river":"5060","rlen":639},"geometry":{"type":"LineString","coordinates":[[80.44441,19.26169],[80.44403,19.26137],[80.44229,19.26039],[80.44124,19.25941],[80.44069,19.25904],[80.44026,19.25883],[80.43946,19.25872],[80.43925,19.25842],[80.43908,19.25831],[80.43534,19.2564],[80.43433,19.2562],[80.43325,19.25613],[80.43222,19.25586],[80.43085,19.25524],[80.42897,19.25455],[80.42493,19.25329],[80.42424,19.25315],[80.42144,19.25289],[80.42066,19.25238],[80.41975,19.25209],[80.41937,19.25188],[80.41883,19.2513],[80.41854,19.25117],[80.41669,19.25106],[80.41608,19.2511],[80.41595,19.25097],[80.41595,19.2505],[80.41577,19.25026],[80.41532,19.24994],[80.41503,19.24985],[80.41296,19.24971],[80.41219,19.24944],[80.41142,19.24894],[80.4109,19.24847],[80.41011,19.24802],[80.40912,19.24786],[80.40877,19.24791],[80.40756,19.24838],[80.40664,19.24856],[80.40575,19.24851],[80.40412,19.24827],[80.40154,19.24821],[80.40086,19.24811],[80.39849,19.24757],[80.39679,19.24698],[80.39603,19.2466],[80.39544,19.24619],[80.39451,19.24581],[80.39401,19.24537],[80.39359,19.24484],[80.39299,19.24395],[80.39244,19.24275],[80.39074,19.2369],[80.39053,19.23647],[80.39034,19.23617],[80.39007,19.23595],[80.38968,19.23583],[80.38842,19.2358],[80.38809,19.23569],[80.38777,19.23546],[80.38715,19.23481],[80.38671,19.23416],[80.3862,19.23312],[80.38599,19.23225],[80.38585,19.23111],[80.38587,19.22605],[80.38578,19.22557],[80.38528,19.22453],[80.38486,19.22403],[80.38415,19.22341],[80.38394,19.22295],[80.38369,19.21992],[80.38312,19.21622],[80.38315,19.21546],[80.38338,19.21469],[80.38384,19.2135],[80.38415,19.21289],[80.38908,19.2065],[80.39204,19.2024],[80.39359,19.19972],[80.39416,19.19852],[80.39492,19.19661],[80.39535,19.19477],[80.39541,19.19293],[80.39527,19.19139],[80.39511,19.19063],[80.39452,19.18932],[80.39387,19.18841],[80.39275,19.18744],[80.3916,19.18676],[80.39008,19.1856],[80.38917,19.1847],[80.38743,19.18267],[80.38583,19.18126],[80.38481,19.18053],[80.38427,19.18024],[80.38328,19.18014],[80.38196,19.17987],[80.38147,19.17963],[80.38038,19.17884],[80.37862,19.17776]]}},{"type":"Feature","properties":{"kind":"state","name":"Chhattisgarh–Maharashtra","src":"OSM relations 1950884 and 1972004"},"geometry":{"type":"LineString","coordinates":[[80.37862,19.17776],[80.37796,19.17563],[80.37755,19.17539],[80.37673,19.17666]]}},{"type":"Feature","properties":{"kind":"state","name":"Chhattisgarh–Maharashtra","src":"OSM relations 1950884 and 1972004","river":"5060","rlen":639},"geometry":{"type":"LineString","coordinates":[[80.37673,19.17666],[80.37416,19.17516],[80.37223,19.17393],[80.36989,19.17229],[80.36111,19.16772],[80.35975,19.16694],[80.35898,19.16661],[80.35766,19.16633],[80.35616,19.16631],[80.35447,19.16652],[80.35408,19.16644],[80.35367,19.16621],[80.35218,19.1648],[80.34894,19.16279],[80.3481,19.16214],[80.34666,19.16078],[80.34641,19.16036],[80.34628,19.15996],[80.34629,19.15964],[80.34632,19.15934],[80.34708,19.15837],[80.3477,19.15653],[80.34785,19.15623],[80.34846,19.15565],[80.34875,19.15526],[80.34891,19.15477],[80.34902,19.15376],[80.34893,19.15288],[80.34868,19.15218],[80.34847,19.15191],[80.34824,19.15171],[80.346,19.15048],[80.34482,19.15003],[80.34418,19.14968],[80.34102,19.14704],[80.33979,19.14628],[80.3388,19.14603],[80.33704,19.14616],[80.33642,19.1461],[80.33529,19.14572],[80.33446,19.1451],[80.33337,19.14398],[80.33288,19.14299],[80.3328,19.14289]]}},{"type":"Feature","properties":{"kind":"state","name":"Chhattisgarh–Maharashtra","src":"OSM relations 1950884 and 1972004"},"geometry":{"type":"LineString","coordinates":[[80.3328,19.14289],[80.33218,19.1434],[80.33194,19.14301],[80.33147,19.141]]}},{"type":"Feature","properties":{"kind":"state","name":"Chhattisgarh–Maharashtra","src":"OSM relations 1950884 and 1972004","river":"5060","rlen":639},"geometry":{"type":"LineString","coordinates":[[80.33147,19.141],[80.33146,19.14025],[80.33121,19.13976],[80.33065,19.13939],[80.32984,19.1391],[80.32911,19.13852],[80.32762,19.13651],[80.32729,19.13581],[80.32722,19.13549],[80.32723,19.1345],[80.32733,19.13417],[80.32799,19.13297],[80.32801,19.13275],[80.32799,19.13253],[80.32773,19.13205],[80.32772,19.13083],[80.32778,19.13063],[80.32819,19.13006],[80.3283,19.12978],[80.3283,19.12929],[80.32781,19.12777],[80.32744,19.12625],[80.32729,19.12429],[80.32749,19.12367],[80.32823,19.12246],[80.32857,19.12133],[80.32886,19.12082],[80.32989,19.11967],[80.33011,19.11919],[80.33025,19.11866],[80.33026,19.11783],[80.32983,19.1164],[80.3298,19.11564],[80.32988,19.11548],[80.33047,19.11506],[80.33104,19.11449],[80.3318,19.11362],[80.33265,19.11237],[80.3331,19.11191],[80.33348,19.11129],[80.33374,19.11098],[80.33423,19.11058],[80.33421,19.11017],[80.334,19.10978],[80.33393,19.1093],[80.33409,19.10879],[80.33494,19.10724],[80.33523,19.10621],[80.33531,19.10579],[80.33528,19.10339],[80.33516,19.10042],[80.33488,19.09956],[80.33461,19.09919],[80.33359,19.09815],[80.33192,19.0969],[80.33104,19.09587],[80.33064,19.09515],[80.33039,19.09496],[80.32977,19.09492],[80.32836,19.09529],[80.32821,19.0952],[80.32811,19.09377],[80.32813,19.09189],[80.32838,19.09071],[80.32915,19.08909],[80.3294,19.08766],[80.33029,19.08493],[80.33034,19.08456],[80.33029,19.08382],[80.32994,19.08299],[80.32988,19.08268],[80.33024,19.08224],[80.33047,19.08173],[80.3304,19.08059],[80.33058,19.08006],[80.33057,19.07966],[80.3295,19.07873],[80.3293,19.07844],[80.32912,19.07786],[80.32887,19.07592],[80.32923,19.07354],[80.32997,19.0702],[80.33,19.06991],[80.32992,19.06966],[80.32979,19.06951],[80.32897,19.06935],[80.32863,19.0692],[80.32799,19.06861],[80.32758,19.0684],[80.32725,19.0683],[80.32657,19.06827],[80.3256,19.06762],[80.32519,19.06744],[80.32431,19.06729],[80.32353,19.06738],[80.32283,19.06735],[80.32183,19.06689],[80.32126,19.06654],[80.32031,19.06574],[80.31945,19.06455],[80.31893,19.0642],[80.31672,19.0633],[80.3159,19.06287],[80.31448,19.06194],[80.31346,19.061],[80.31274,19.06055],[80.31197,19.05985],[80.31128,19.05918],[80.31051,19.05828],[80.30885,19.05681],[80.30324,19.05356],[80.30113,19.05253],[80.30013,19.05187],[80.29947,19.05108],[80.29891,19.05011],[80.29727,19.04855],[80.29697,19.04803],[80.29677,19.04753],[80.29667,19.04699],[80.29666,19.04561],[80.29782,19.04224],[80.29803,19.04191],[80.29846,19.04157],[80.29959,19.04134],[80.3,19.0412],[80.30037,19.04096],[80.30059,19.04069],[80.30093,19.03958],[80.30115,19.03929],[80.30256,19.03807],[80.30311,19.03741],[80.30371,19.03621],[80.30471,19.0349],[80.30511,19.03424],[80.30543,19.03334],[80.30569,19.0329],[80.30581,19.03255],[80.30579,19.0322],[80.30535,19.03051],[80.30563,19.02771],[80.30548,19.02538],[80.30519,19.02436],[80.30494,19.02384],[80.30452,19.02332],[80.30331,19.02242],[80.30169,19.02082],[80.30116,19.02017],[80.30037,19.01961],[80.29935,19.01902],[80.29885,19.01863],[80.29787,19.01759],[80.29709,19.01625],[80.2914,19.00929],[80.291,19.00866],[80.29004,19.008],[80.28928,19.00779],[80.28756,19.008],[80.28704,19.00793],[80.28656,19.00763],[80.28619,19.00714],[80.28575,19.00621],[80.28483,19.00476],[80.28437,19.00341],[80.28403,19.00281],[80.28373,19.00232],[80.28316,19.00168],[80.2796,18.99868],[80.27862,18.99774],[80.27772,18.99705],[80.27624,18.99629],[80.27545,18.99605],[80.27427,18.99553],[80.27321,18.99451],[80.27269,18.99329],[80.27237,18.99177],[80.27206,18.98934],[80.27208,18.9867],[80.27262,18.98407],[80.27339,18.97769],[80.27385,18.9706],[80.27375,18.96796],[80.27313,18.96441],[80.2712,18.95826],[80.2702,18.95315],[80.26965,18.94949],[80.2687,18.94759],[80.26839,18.94711],[80.26825,18.94635],[80.26825,18.94592],[80.26833,18.9453],[80.26872,18.94384],[80.26912,18.94292],[80.2693,18.94073],[80.27032,18.93837],[80.27113,18.93553],[80.27211,18.93284],[80.27374,18.93104],[80.27819,18.92775],[80.28438,18.92291],[80.28668,18.92149],[80.29298,18.9165],[80.29503,18.915],[80.29811,18.91291],[80.29837,18.91268],[80.29936,18.91129],[80.29996,18.91098],[80.30094,18.91022],[80.30132,18.90969],[80.30144,18.90926],[80.30147,18.90896],[80.30141,18.90875],[80.3012,18.90845],[80.3011,18.90808],[80.30129,18.90739],[80.3017,18.90667],[80.30286,18.90522],[80.30448,18.90412],[80.30545,18.90295],[80.30595,18.90207],[80.30665,18.8995],[80.30662,18.89904],[80.30691,18.89741],[80.30726,18.89661],[80.30793,18.89551],[80.30955,18.89336],[80.31142,18.89166],[80.31285,18.89084],[80.31362,18.89025],[80.31468,18.88966],[80.31543,18.88892],[80.31659,18.88716],[80.31706,18.88667],[80.31828,18.88573],[80.31898,18.88508],[80.31976,18.88468],[80.32079,18.88443],[80.32217,18.88432],[80.32248,18.88416],[80.32323,18.88357],[80.32485,18.88203],[80.32566,18.88141],[80.32705,18.87976],[80.32774,18.87855],[80.32872,18.87707],[80.33143,18.87434],[80.33614,18.86777],[80.3386,18.86454],[80.34021,18.86221],[80.34233,18.85755],[80.34337,18.85554],[80.3441,18.85431],[80.34618,18.85126],[80.34707,18.84968],[80.34795,18.84846],[80.34837,18.84767],[80.34993,18.84615],[80.35055,18.84501],[80.35123,18.84423],[80.35201,18.84349],[80.35237,18.84285],[80.35269,18.84206],[80.35285,18.84128],[80.35328,18.83779],[80.35425,18.83362],[80.35521,18.82843],[80.3553,18.82717],[80.35522,18.82591],[80.35497,18.82449],[80.35442,18.82319],[80.35324,18.81897],[80.35257,18.81726],[80.3521,18.81629],[80.35147,18.81547],[80.35079,18.81482],[80.34981,18.81413],[80.34875,18.81364],[80.34407,18.81216],[80.34164,18.81118],[80.33851,18.80953],[80.33695,18.80807],[80.33565,18.80646],[80.33405,18.80471],[80.33249,18.8032],[80.33139,18.80238],[80.32797,18.80027],[80.32612,18.7989],[80.32548,18.79851],[80.32501,18.79831],[80.32417,18.79822],[80.32116,18.79898],[80.31945,18.79928],[80.31847,18.79932],[80.30897,18.79803],[80.30595,18.79727],[80.30494,18.79687],[80.30114,18.79424],[80.30057,18.79376],[80.30043,18.79257],[80.30032,18.79215],[80.30015,18.79184],[80.29902,18.79101],[80.29843,18.79044],[80.29748,18.78899],[80.29694,18.78851],[80.29669,18.78842],[80.29577,18.78851],[80.29537,18.7883],[80.29521,18.78807],[80.29499,18.78745],[80.29519,18.7858],[80.29511,18.78549],[80.29494,18.78524],[80.29435,18.78469],[80.2911,18.78255],[80.29075,18.78238],[80.28883,18.78028],[80.28843,18.77925],[80.28836,18.7787],[80.28841,18.77777],[80.28861,18.7764],[80.28907,18.77522],[80.2891,18.7748],[80.28888,18.77421],[80.28843,18.77377],[80.28747,18.77313],[80.287,18.77263],[80.28597,18.77194],[80.2854,18.77173],[80.28372,18.77141],[80.28331,18.77122],[80.28004,18.76849],[80.27861,18.76778],[80.27667,18.76723],[80.27569,18.76711],[80.27456,18.7671],[80.27255,18.76721],[80.27001,18.76772],[80.26857,18.76822],[80.26449,18.76987],[80.26125,18.77139],[80.26034,18.77167],[80.25933,18.77179],[80.25692,18.77159],[80.25646,18.77151],[80.25562,18.77115],[80.25481,18.7706],[80.25323,18.76934],[80.25296,18.769],[80.25289,18.76881],[80.25294,18.76783],[80.25287,18.76758],[80.25249,18.7671],[80.24969,18.76588],[80.24766,18.76432],[80.24686,18.76352],[80.24583,18.76283],[80.24483,18.76134],[80.24479,18.75963],[80.24486,18.75788],[80.24474,18.75646],[80.24551,18.75507],[80.2462,18.75477],[80.247,18.75417],[80.24788,18.75375],[80.24874,18.753],[80.25062,18.75187],[80.25496,18.74901],[80.25662,18.74758],[80.25771,18.74649],[80.25913,18.7446],[80.2606,18.74214],[80.26251,18.73818],[80.26394,18.73465],[80.26411,18.73445],[80.26479,18.73397],[80.26504,18.73372],[80.26517,18.73346],[80.26523,18.73254],[80.26683,18.73105],[80.26828,18.72919],[80.26875,18.72808],[80.2693,18.72622],[80.26946,18.72593],[80.2697,18.72562],[80.27054,18.72489],[80.27226,18.72387]]}},{"type":"Feature","properties":{"kind":"state","name":"Chhattisgarh–Maharashtra","src":"OSM relations 1950884 and 1972004"},"geometry":{"type":"LineString","coordinates":[[80.27226,18.72387],[80.27288,18.72372]]}},{"type":"Feature","properties":{"kind":"state","name":"Chhattisgarh–Odisha","src":"OSM relations 1972004 and 1984022"},"geometry":{"type":"LineString","coordinates":[[81.39183,17.81583],[81.39101,17.81556]]}},{"type":"Feature","properties":{"kind":"state","name":"Chhattisgarh–Odisha","src":"OSM relations 1972004 and 1984022","river":"5426","rlen":445},"geometry":{"type":"LineString","coordinates":[[81.39101,17.81556],[81.39092,17.81582],[81.3893,17.81986],[81.3886,17.8225],[81.38844,17.82436],[81.38857,17.82613],[81.38874,17.827],[81.38906,17.8283],[81.38942,17.8292],[81.39001,17.83025],[81.39076,17.83125],[81.39241,17.8332],[81.39407,17.83484],[81.39439,17.83507],[81.39638,17.83758],[81.3966,17.83811],[81.39724,17.83914],[81.39887,17.84095],[81.3997,17.842],[81.40007,17.84267],[81.40061,17.84398],[81.40144,17.84653],[81.40171,17.847],[81.40297,17.84863],[81.40346,17.84988],[81.40359,17.85063],[81.40361,17.8514],[81.40352,17.8527],[81.40311,17.8544],[81.40226,17.8564],[81.40154,17.85759],[81.40081,17.8586],[81.39783,17.86219],[81.39596,17.86473],[81.39518,17.86594],[81.39487,17.86673],[81.3946,17.86818],[81.39468,17.86927],[81.39525,17.87195],[81.39552,17.87365],[81.39554,17.87444],[81.39512,17.87905],[81.39509,17.87975],[81.39519,17.88033],[81.39734,17.88571],[81.3991,17.88964],[81.40033,17.89334],[81.40069,17.89385],[81.40123,17.89427],[81.40374,17.89529],[81.40447,17.8955],[81.40616,17.89565],[81.40793,17.89525],[81.40976,17.89502],[81.4167,17.89218],[81.41852,17.89136],[81.42024,17.89029],[81.42131,17.88909],[81.42401,17.8863],[81.42508,17.88532],[81.4268,17.88449],[81.43014,17.88246],[81.433,17.88086],[81.43584,17.87963],[81.43662,17.8795],[81.43773,17.87954],[81.43826,17.87986],[81.44036,17.88173],[81.44085,17.88243],[81.44144,17.88307],[81.44186,17.88386],[81.44307,17.88491],[81.44334,17.8851],[81.44378,17.88523],[81.44512,17.88522],[81.44573,17.88533],[81.44604,17.88549],[81.44659,17.88595],[81.44745,17.88693],[81.44798,17.8878],[81.44836,17.88907],[81.44848,17.89062],[81.44834,17.89189],[81.44807,17.89271],[81.44731,17.89372],[81.44643,17.89506],[81.44596,17.89564],[81.44589,17.89598],[81.44607,17.89666],[81.44721,17.89866],[81.44874,17.90096],[81.44949,17.90167],[81.44987,17.90186],[81.45117,17.90209],[81.45162,17.90224],[81.45204,17.90245],[81.45245,17.90276],[81.45321,17.90379],[81.45364,17.90467],[81.4537,17.905],[81.4537,17.90535],[81.45347,17.90666],[81.45383,17.90783],[81.45383,17.90871],[81.45371,17.90937],[81.45347,17.90997],[81.45238,17.91177],[81.45168,17.91277],[81.45107,17.91356],[81.44928,17.91562],[81.44887,17.9162],[81.44829,17.9176],[81.44805,17.91928],[81.44834,17.92093],[81.44871,17.92244],[81.44876,17.92346],[81.44867,17.92407],[81.44848,17.92463],[81.44792,17.92538],[81.44787,17.92554],[81.44792,17.92584],[81.44875,17.92649],[81.44902,17.92696],[81.44899,17.92735],[81.44854,17.92924],[81.44854,17.93026],[81.44871,17.93082],[81.44893,17.93119],[81.44937,17.93166],[81.45008,17.93222],[81.45227,17.93431],[81.45323,17.9354],[81.4534,17.93571],[81.45345,17.9361],[81.45333,17.93652],[81.45282,17.93755],[81.45243,17.9392],[81.45234,17.94058],[81.45249,17.94109],[81.45337,17.94285],[81.45391,17.94543],[81.45415,17.94572],[81.45485,17.94626],[81.45517,17.94672],[81.45553,17.94766],[81.45615,17.94969],[81.45668,17.95087],[81.45727,17.95174],[81.45806,17.95254],[81.45848,17.95349],[81.45976,17.95479],[81.46061,17.95524],[81.46175,17.95547],[81.4637,17.95687],[81.46497,17.95789],[81.46568,17.95859],[81.46598,17.95945],[81.46633,17.95975],[81.46658,17.95987],[81.46743,17.96003],[81.46986,17.96008],[81.47087,17.96024],[81.47189,17.96072],[81.47242,17.96109],[81.47388,17.96238],[81.4743,17.96328],[81.47445,17.96391],[81.47447,17.96515],[81.47459,17.96592],[81.47495,17.96695],[81.4757,17.96822],[81.4764,17.96913],[81.47735,17.97014],[81.47999,17.97249],[81.48214,17.9742],[81.48251,17.9747],[81.48259,17.97504],[81.48251,17.97583],[81.48225,17.97636],[81.48139,17.97728],[81.48108,17.97828],[81.48105,17.97934],[81.48055,17.97981],[81.48033,17.98096],[81.48019,17.98129],[81.47696,17.984],[81.47671,17.98428],[81.47665,17.98454],[81.47667,17.98466],[81.47707,17.98511],[81.47705,17.98553],[81.47687,17.98611],[81.47688,17.98718],[81.47712,17.98869],[81.4775,17.98976],[81.47928,17.99145],[81.48017,17.99276],[81.48235,17.99525],[81.48294,17.9962],[81.48319,17.99676],[81.48333,17.99741],[81.48334,17.99831],[81.48303,18.00185],[81.4831,18.00312],[81.48331,18.00403],[81.4842,18.00595],[81.48432,18.00641],[81.48421,18.00729],[81.48396,18.00845],[81.48346,18.01039],[81.48289,18.0119],[81.48278,18.01255],[81.48298,18.01541],[81.48312,18.01622],[81.48326,18.01658],[81.48332,18.01754],[81.48316,18.01893],[81.48241,18.02181],[81.48242,18.02303],[81.48217,18.02483],[81.48239,18.02556],[81.48239,18.02617],[81.48216,18.02718],[81.48177,18.02798],[81.48158,18.0297],[81.48055,18.03388],[81.48048,18.03542],[81.48052,18.03613],[81.48076,18.03781],[81.48106,18.04227],[81.4819,18.04679],[81.48207,18.0484],[81.48198,18.0497],[81.48169,18.05089],[81.48147,18.0514],[81.48065,18.0526],[81.48033,18.05365],[81.48029,18.05426],[81.48016,18.05468],[81.48022,18.05526],[81.48075,18.05644],[81.48124,18.05727],[81.48189,18.05814],[81.48274,18.05889],[81.48442,18.05981],[81.48596,18.06115],[81.48755,18.06211],[81.48953,18.06363],[81.49071,18.06432],[81.49198,18.06452],[81.49303,18.06434],[81.49366,18.06439],[81.49522,18.065],[81.49541,18.06512],[81.49618,18.0659],[81.4973,18.06725],[81.49824,18.06871],[81.49861,18.06957],[81.49896,18.071],[81.49898,18.07234],[81.49887,18.07346],[81.49871,18.0747],[81.49834,18.07648],[81.49834,18.0771],[81.49843,18.07745],[81.49885,18.07832],[81.50164,18.08206],[81.5025,18.08389],[81.50278,18.08475],[81.50282,18.08557],[81.50289,18.08578],[81.50298,18.08601],[81.50364,18.08692],[81.50377,18.08723],[81.50363,18.0886],[81.5039,18.08949],[81.5044,18.09018],[81.5051,18.09077],[81.50584,18.09108],[81.50753,18.09138],[81.5079,18.09153],[81.50811,18.09183],[81.50812,18.09221],[81.5082,18.09237],[81.50857,18.09267],[81.50948,18.0932],[81.51004,18.09367],[81.51073,18.09463],[81.51239,18.09763],[81.51274,18.09806],[81.51399,18.09919],[81.51428,18.09954],[81.51485,18.10045],[81.51545,18.10169],[81.5156,18.10212],[81.51564,18.10291],[81.51517,18.10513],[81.5143,18.10777],[81.51341,18.10953],[81.51327,18.10993],[81.51318,18.11056],[81.51323,18.11121],[81.51392,18.1129],[81.51403,18.11344],[81.51403,18.11446],[81.51368,18.1155],[81.51369,18.11582],[81.51493,18.12228],[81.51502,18.12339],[81.51497,18.12401],[81.51488,18.12467],[81.51446,18.12589],[81.51323,18.12815],[81.5129,18.12928],[81.51282,18.1308],[81.51306,18.13379],[81.51254,18.13508],[81.51161,18.13805],[81.51145,18.1394],[81.51147,18.14005],[81.5117,18.14141],[81.51221,18.14264],[81.51262,18.14326],[81.51359,18.1442],[81.5171,18.14654],[81.5203,18.14912],[81.5223,18.14981],[81.52347,18.15035],[81.52435,18.15091],[81.52499,18.15173],[81.52525,18.15225],[81.52552,18.15359],[81.52574,18.15901],[81.52563,18.16155],[81.52537,18.16313],[81.5246,18.16548],[81.52283,18.16976],[81.52241,18.17093],[81.52101,18.17313],[81.52083,18.17386],[81.52035,18.17459],[81.51922,18.17577],[81.51846,18.17592],[81.51585,18.17593],[81.51348,18.17665],[81.51296,18.17688],[81.51141,18.17839],[81.51071,18.17919],[81.50945,18.18144],[81.50924,18.18171],[81.50856,18.18213],[81.50823,18.1826],[81.50769,18.18403],[81.50746,18.18551],[81.50721,18.18602],[81.50708,18.18653],[81.50712,18.18715],[81.50743,18.18844],[81.50783,18.19131],[81.50847,18.19357],[81.50873,18.19487],[81.50909,18.19543],[81.50934,18.19563],[81.51078,18.19632],[81.51142,18.19679],[81.51215,18.19782],[81.5125,18.19849],[81.51287,18.19949],[81.51336,18.20136],[81.51386,18.20373],[81.51435,18.20688],[81.5149,18.20801],[81.51556,18.20871],[81.51567,18.20893],[81.51571,18.2093],[81.51562,18.20995],[81.51506,18.21131],[81.51502,18.21162],[81.51515,18.21225],[81.51541,18.21274],[81.5164,18.21414],[81.51832,18.21631],[81.51882,18.21676],[81.51964,18.2171],[81.51975,18.2172],[81.51973,18.21764],[81.51926,18.21903],[81.5192,18.21951],[81.51945,18.2207],[81.51985,18.22181],[81.52016,18.2224],[81.52091,18.22344],[81.52299,18.22568],[81.52446,18.22752],[81.5247,18.22796],[81.52488,18.22852],[81.525,18.22917],[81.52518,18.23143],[81.5255,18.23247],[81.52608,18.23361],[81.52655,18.23431],[81.52919,18.2377],[81.5299,18.23889],[81.5303,18.2401],[81.53042,18.2407],[81.5305,18.2418],[81.53042,18.24238],[81.53023,18.2431],[81.52743,18.2506],[81.5273,18.25107],[81.52727,18.25161],[81.52752,18.25224],[81.52749,18.25241],[81.5274,18.25261],[81.52691,18.25301],[81.52568,18.25338],[81.52519,18.25362],[81.52428,18.25434],[81.52377,18.25492],[81.52357,18.2559],[81.52357,18.25642],[81.52374,18.25759],[81.52405,18.25831],[81.52577,18.25973],[81.52621,18.26031],[81.52651,18.26085],[81.52766,18.26156],[81.52808,18.26214],[81.52845,18.26299],[81.52919,18.264],[81.53095,18.26522],[81.53357,18.26722],[81.53571,18.26835],[81.53638,18.26863],[81.5382,18.26906],[81.53988,18.26995],[81.54037,18.27014],[81.542,18.27038],[81.54334,18.27041],[81.5443,18.27032],[81.5486,18.26929],[81.54924,18.2692],[81.54993,18.26915],[81.55126,18.26928],[81.55275,18.26984],[81.55617,18.27184],[81.55738,18.27245],[81.55957,18.27324],[81.56219,18.27383],[81.56267,18.27405],[81.56393,18.27487],[81.56448,18.27538],[81.56694,18.27837],[81.56758,18.27905],[81.56918,18.28001],[81.57187,18.28143],[81.57377,18.28277],[81.57442,18.28385],[81.57501,18.28591],[81.57655,18.28835],[81.57712,18.28877],[81.57749,18.2889],[81.57891,18.28923],[81.57997,18.28963],[81.58045,18.28993],[81.58093,18.29034],[81.58148,18.2909],[81.58203,18.2917],[81.58416,18.29526],[81.58484,18.29611],[81.58565,18.29689],[81.58631,18.29747],[81.58709,18.29801],[81.58792,18.29841],[81.59136,18.29978],[81.59248,18.30047],[81.59299,18.30092],[81.59352,18.30151],[81.59466,18.30319],[81.59499,18.30394],[81.59522,18.30474],[81.59561,18.3068],[81.59603,18.30776],[81.59634,18.30816],[81.5973,18.30891],[81.59841,18.30929],[81.5994,18.30944],[81.60117,18.30933],[81.60315,18.30899],[81.60411,18.30899],[81.60577,18.30867],[81.60888,18.3074],[81.60997,18.30707],[81.61055,18.30698],[81.61255,18.307],[81.613,18.30711],[81.6133,18.3073],[81.61364,18.30797],[81.61383,18.30808],[81.61482,18.30787],[81.61574,18.30741],[81.61649,18.30739],[81.61696,18.30763],[81.61796,18.30767],[81.61831,18.30808],[81.61875,18.30831],[81.62083,18.30824],[81.62132,18.30845],[81.62189,18.30887],[81.62233,18.30945],[81.62257,18.31097],[81.62298,18.3116],[81.62319,18.31247],[81.62393,18.31329],[81.62409,18.31379],[81.6248,18.31467],[81.62598,18.31549],[81.62656,18.31574],[81.62834,18.31573],[81.6287,18.3158],[81.62948,18.31615],[81.63008,18.31614],[81.63029,18.31613],[81.63141,18.31563],[81.63157,18.31567],[81.63168,18.31591],[81.63184,18.31604],[81.6322,18.31614],[81.63308,18.31626],[81.63373,18.31627],[81.63425,18.31649],[81.63494,18.31659],[81.6352,18.31674],[81.63551,18.31679],[81.63601,18.3171],[81.63703,18.31721],[81.6376,18.31734],[81.63815,18.31757],[81.6388,18.31802],[81.63958,18.31839],[81.64006,18.3184],[81.64063,18.31815],[81.64102,18.31815],[81.64153,18.31819],[81.64172,18.31827],[81.64191,18.31849],[81.64208,18.31851],[81.64273,18.31827],[81.64323,18.31822],[81.64351,18.31826],[81.64392,18.31857],[81.64441,18.31845],[81.64477,18.31852],[81.64607,18.31954],[81.6472,18.3201],[81.64757,18.32017],[81.64777,18.32046],[81.64794,18.32058],[81.64885,18.32069],[81.64932,18.32102],[81.64968,18.32149],[81.65005,18.32165],[81.651,18.3217],[81.65276,18.32195],[81.65359,18.32224],[81.6546,18.32249],[81.65547,18.32251],[81.65609,18.32225],[81.65658,18.32187],[81.65677,18.32183],[81.65703,18.32182],[81.65733,18.32205],[81.65762,18.32214],[81.65941,18.32242],[81.65976,18.32236],[81.66014,18.32217],[81.66145,18.32134],[81.66169,18.32131],[81.6619,18.32145],[81.66247,18.32253],[81.66271,18.32372],[81.66267,18.32437],[81.66239,18.32487],[81.66117,18.32638],[81.65964,18.32755],[81.65783,18.32853],[81.65764,18.32871],[81.65752,18.32896],[81.65743,18.32963],[81.65725,18.33001],[81.65663,18.33051],[81.65567,18.33103],[81.654,18.33174],[81.65267,18.33188],[81.65173,18.33212],[81.65121,18.33217],[81.65101,18.33251],[81.65105,18.3332],[81.65078,18.33332],[81.65008,18.33387],[81.64998,18.33426],[81.64973,18.33455],[81.64905,18.33499],[81.64882,18.33535],[81.64879,18.33562],[81.64887,18.33695],[81.6496,18.33805],[81.65001,18.33884],[81.6503,18.34037],[81.65106,18.34109],[81.65253,18.34165],[81.65401,18.34246],[81.65458,18.34288],[81.65616,18.34443],[81.65635,18.34503],[81.65708,18.3465],[81.65747,18.34704]]}},{"type":"Feature","properties":{"kind":"state","name":"Chhattisgarh–Odisha","src":"OSM relations 1972004 and 1984022"},"geometry":{"type":"LineString","coordinates":[[81.65747,18.34704],[81.65931,18.34581],[81.66739,18.34654],[81.69768,18.34874],[81.71536,18.35037],[81.74034,18.35167],[81.75047,18.35257],[81.75433,18.36601],[81.7624,18.39142],[81.76849,18.41846],[81.78635,18.43117],[81.84274,18.47928],[81.8575,18.49263],[81.8581,18.49491],[81.85707,18.49923],[81.85673,18.50582],[81.85756,18.50795],[81.85981,18.51102],[81.86257,18.51428],[81.86366,18.51666],[81.86658,18.5213],[81.86887,18.52403],[81.87055,18.52499],[81.87233,18.52537],[81.87415,18.52523],[81.87728,18.5246],[81.87851,18.5246],[81.87949,18.52488],[81.88059,18.52574],[81.88303,18.52798],[81.88617,18.53314],[81.88861,18.53677],[81.89022,18.5374],[81.89149,18.53713],[81.89293,18.53658],[81.89632,18.53498],[81.90035,18.53496],[81.90381,18.53534],[81.90591,18.53573],[81.90735,18.53638],[81.90868,18.53738],[81.90915,18.53896],[81.90917,18.54033],[81.90687,18.54346],[81.90267,18.54706],[81.90239,18.54763],[81.90376,18.54887],[81.9069,18.55095],[81.90835,18.55272],[81.90793,18.55463],[81.90763,18.5568],[81.90653,18.55874],[81.90612,18.56036],[81.9061,18.5613],[81.90679,18.5634],[81.9082,18.56457],[81.90986,18.56539],[81.91065,18.56655],[81.91112,18.56803],[81.91155,18.57043],[81.91267,18.57153],[81.91415,18.57196],[81.91574,18.5719],[81.91662,18.57123],[81.91713,18.5706],[81.9181,18.57084],[81.91876,18.57165],[81.91983,18.57228],[81.92114,18.57232],[81.9223,18.57169],[81.92415,18.57037],[81.92571,18.56893],[81.92621,18.56738],[81.92674,18.56663],[81.92893,18.5663],[81.93292,18.56612],[81.9361,18.56612],[81.9385,18.56681],[81.94168,18.56889],[81.94322,18.56931],[81.94447,18.56948],[81.94816,18.5697],[81.94977,18.57029],[81.95028,18.57167],[81.9503,18.5731],[81.95116,18.57434],[81.95239,18.57503],[81.95335,18.57574],[81.95395,18.57859],[81.95342,18.58072],[81.95361,18.58207],[81.9555,18.58331],[81.95696,18.58388],[81.95781,18.58575],[81.96028,18.5891],[81.96254,18.58919],[81.96432,18.59037]]}},{"type":"Feature","properties":{"kind":"state","name":"Chhattisgarh–Odisha","src":"OSM relations 1972004 and 1984022","river":"5426","rlen":445},"geometry":{"type":"LineString","coordinates":[[81.96432,18.59037],[81.96377,18.59125],[81.96307,18.59401],[81.96256,18.59476],[81.96146,18.59559],[81.96003,18.59637],[81.95893,18.5969],[81.95631,18.59711],[81.95517,18.59739],[81.95431,18.59796],[81.95349,18.59936],[81.95287,18.60001],[81.95156,18.60054],[81.95067,18.60061],[81.94662,18.60037],[81.94519,18.60036],[81.944,18.60055],[81.94119,18.60158],[81.93729,18.60446],[81.93544,18.60595],[81.93453,18.60681],[81.93424,18.60753],[81.93408,18.61009],[81.93395,18.61083],[81.93323,18.61301],[81.93132,18.61627],[81.92884,18.61869],[81.92506,18.62067],[81.91887,18.62386],[81.91612,18.62498],[81.91423,18.62556],[81.91197,18.62638],[81.90953,18.62768],[81.9073,18.62849],[81.90567,18.62897],[81.90318,18.62944],[81.9015,18.62942],[81.89772,18.62924],[81.89678,18.62917],[81.89614,18.62899],[81.89546,18.62897]]}},{"type":"Feature","properties":{"kind":"state","name":"Chhattisgarh–Odisha","src":"OSM relations 1972004 and 1984022"},"geometry":{"type":"LineString","coordinates":[[81.89546,18.62897],[81.89538,18.63115],[81.89557,18.63156],[81.89456,18.63168]]}},{"type":"Feature","properties":{"kind":"state","name":"Chhattisgarh–Odisha","src":"OSM relations 1972004 and 1984022","river":"4460","rlen":32},"geometry":{"type":"LineString","coordinates":[[81.89456,18.63168],[81.89466,18.63254],[81.89493,18.63302],[81.89517,18.63316],[81.8965,18.63335],[81.89705,18.63354],[81.89799,18.63417],[81.89855,18.63489],[81.89853,18.63512],[81.89838,18.63538],[81.89736,18.63643],[81.89735,18.63694],[81.8976,18.63784],[81.89742,18.63833],[81.8955,18.63965],[81.89428,18.64068],[81.89401,18.64104],[81.89389,18.64164],[81.89395,18.64196],[81.89487,18.64358],[81.89511,18.64388],[81.89573,18.64432],[81.8959,18.64458],[81.89593,18.64481],[81.89559,18.64585],[81.89559,18.64609],[81.89654,18.64779],[81.89701,18.64843],[81.89703,18.64875],[81.89687,18.64919],[81.89692,18.64966],[81.89788,18.65063],[81.89814,18.65282],[81.8982,18.65406],[81.89807,18.65439],[81.89793,18.65448],[81.89732,18.65446],[81.89712,18.65439],[81.89615,18.65366],[81.89585,18.65362],[81.89562,18.65383],[81.89532,18.65394],[81.89407,18.65479],[81.89372,18.65517],[81.8935,18.65574],[81.89344,18.65648],[81.89349,18.6568],[81.89395,18.65729],[81.89604,18.65805],[81.89687,18.65814],[81.89789,18.65791],[81.8987,18.65848],[81.89995,18.65907],[81.9002,18.65931],[81.90028,18.65956]]}},{"type":"Feature","properties":{"kind":"state","name":"Chhattisgarh–Odisha","src":"OSM relations 1972004 and 1984022"},"geometry":{"type":"LineString","coordinates":[[81.90028,18.65956],[81.90245,18.65924],[81.9076,18.65576],[81.91011,18.65419],[81.91172,18.65336],[81.91318,18.65304],[81.91494,18.65192],[81.9161,18.65051],[81.91943,18.64751],[81.91998,18.646],[81.92084,18.6445],[81.92168,18.64362],[81.92348,18.6432],[81.92917,18.64332],[81.93335,18.64358],[81.93659,18.64407],[81.93897,18.64391],[81.94065,18.64332],[81.94286,18.64293],[81.94483,18.64295],[81.94882,18.64334],[81.94994,18.64446],[81.9505,18.64679],[81.95146,18.64954],[81.95277,18.65169],[81.95342,18.6531],[81.95382,18.65482],[81.95369,18.65897],[81.95354,18.65995],[81.95453,18.66318],[81.95685,18.66564],[81.95844,18.66676],[81.96116,18.66932],[81.96507,18.67086],[81.96719,18.67192],[81.96786,18.67298],[81.96794,18.67456],[81.96745,18.67617],[81.9644,18.68225],[81.96275,18.68658],[81.96174,18.6878],[81.96215,18.68883],[81.96331,18.68967],[81.96633,18.69381],[81.96748,18.69612],[81.97496,18.69902],[81.97929,18.70052],[81.98158,18.70166],[81.98817,18.70432],[81.98918,18.70449],[81.99333,18.70437],[81.99525,18.70474],[81.9979,18.70609],[81.99941,18.70706],[82.00022,18.71034],[82.00472,18.71379],[82.0067,18.71349],[82.00798,18.71296],[82.00957,18.71306],[82.01109,18.71369],[82.01238,18.71487],[82.01333,18.71617],[82.0174,18.71942],[82.02152,18.72072],[82.02541,18.7208],[82.02839,18.72154],[82.03165,18.72355],[82.03575,18.72237],[82.03747,18.72282],[82.03884,18.72349],[82.04056,18.72391],[82.04319,18.72284],[82.04616,18.7221],[82.04802,18.72147],[82.04965,18.72143],[82.05259,18.72324],[82.05467,18.72365],[82.05633,18.72284],[82.05761,18.72188],[82.05976,18.71904],[82.06283,18.71873],[82.06452,18.71906],[82.06663,18.72507],[82.06802,18.72605],[82.07012,18.72566],[82.07229,18.72491],[82.07399,18.72402],[82.07532,18.72288],[82.07575,18.72221],[82.07796,18.72078],[82.08332,18.7191],[82.08478,18.719],[82.08622,18.71928],[82.08718,18.72005],[82.08757,18.7207],[82.08772,18.72278],[82.08729,18.7241],[82.08626,18.72599],[82.08693,18.72723],[82.08819,18.72851],[82.08933,18.73131],[82.08993,18.73387],[82.0904,18.73517],[82.09392,18.73698],[82.09259,18.74068],[82.09431,18.74417],[82.09332,18.75263],[82.09246,18.75389],[82.09062,18.7571],[82.08972,18.76027],[82.0901,18.76161],[82.09079,18.76258],[82.09203,18.76364],[82.09409,18.76486],[82.09534,18.76474],[82.09877,18.76368],[82.10113,18.76404],[82.10362,18.76474],[82.10516,18.76555],[82.10641,18.76669],[82.10774,18.76758],[82.10954,18.766],[82.11049,18.76551],[82.11212,18.76587],[82.11559,18.76811],[82.11752,18.76872],[82.12036,18.7688],[82.12375,18.7686],[82.12933,18.7673],[82.13129,18.76608],[82.13343,18.76602]]}},{"type":"Feature","properties":{"kind":"state","name":"Chhattisgarh–Odisha","src":"OSM relations 1972004 and 1984022","river":"5426","rlen":445},"geometry":{"type":"LineString","coordinates":[[82.13343,18.76602],[82.13345,18.76654],[82.13409,18.76749],[82.13408,18.76794],[82.13398,18.76814],[82.1334,18.76871],[82.13156,18.76959],[82.1312,18.76999],[82.1312,18.77022],[82.13142,18.77059],[82.13184,18.77091],[82.13269,18.77109],[82.13354,18.77158],[82.13384,18.77194],[82.13398,18.77232],[82.13399,18.77258],[82.13384,18.77312],[82.1333,18.7737],[82.13315,18.77411],[82.13315,18.77423],[82.13346,18.77454],[82.13376,18.7751],[82.13398,18.77711],[82.13387,18.77788],[82.13348,18.77831],[82.13321,18.77892],[82.13319,18.77927],[82.1333,18.77992],[82.13337,18.78012],[82.13363,18.78043],[82.13449,18.78097],[82.13516,18.78123],[82.13604,18.78129],[82.13676,18.7811],[82.13693,18.78097],[82.13714,18.7806],[82.13741,18.77951],[82.13769,18.77926],[82.1377,18.77866],[82.1378,18.77856],[82.13824,18.77841],[82.13867,18.77809],[82.13887,18.77804],[82.13927,18.77808],[82.14006,18.77838],[82.14075,18.7788],[82.14155,18.77943],[82.14271,18.77998],[82.14323,18.78031],[82.144,18.78104],[82.14458,18.78093],[82.14489,18.78102],[82.14546,18.78161],[82.14625,18.78201],[82.14728,18.78233],[82.14807,18.78241],[82.14832,18.78233],[82.14852,18.78217],[82.14884,18.78219],[82.14942,18.78239],[82.1501,18.78298],[82.15116,18.78467],[82.15163,18.78517],[82.15181,18.78525],[82.15257,18.7854],[82.15446,18.78541],[82.15642,18.78501],[82.15676,18.78506],[82.157,18.78517],[82.1578,18.78568],[82.15828,18.78606],[82.15895,18.78678],[82.15954,18.78715],[82.16001,18.78755],[82.16075,18.7888],[82.16102,18.78948],[82.16107,18.78975],[82.1609,18.79061],[82.16067,18.79098],[82.16014,18.79375],[82.15979,18.79486],[82.15979,18.79506],[82.15997,18.79553],[82.16015,18.79574],[82.16051,18.79598],[82.16159,18.79625],[82.16416,18.79762],[82.16527,18.79812],[82.16573,18.7984],[82.16596,18.79863],[82.16609,18.79889],[82.16613,18.79937],[82.16599,18.80009],[82.16545,18.80114],[82.16498,18.80171],[82.16455,18.80192],[82.16384,18.80202],[82.16239,18.80181],[82.16045,18.80189],[82.16029,18.80203],[82.16025,18.80263],[82.16012,18.80278],[82.15805,18.80334],[82.15738,18.80371],[82.15693,18.80419],[82.15679,18.80495],[82.15714,18.80589],[82.1574,18.80626],[82.15785,18.80647],[82.15863,18.80641],[82.15911,18.8065],[82.15978,18.80692],[82.1603,18.8076],[82.1605,18.80824],[82.16048,18.80881],[82.16075,18.81029],[82.16084,18.81168],[82.16096,18.81201],[82.16119,18.8123],[82.16167,18.81272],[82.16239,18.8131],[82.16341,18.81311],[82.16441,18.813],[82.16605,18.81341],[82.1664,18.81357],[82.16681,18.81434],[82.16669,18.81483],[82.16622,18.81533],[82.1644,18.81617],[82.16377,18.81665],[82.16303,18.81745],[82.16149,18.81816],[82.16114,18.81841],[82.16064,18.81901],[82.16059,18.81947],[82.16141,18.82177],[82.16164,18.82195],[82.16188,18.82198],[82.16234,18.82252],[82.16258,18.82303],[82.16313,18.82482],[82.16308,18.82497],[82.16312,18.82537],[82.16396,18.82638],[82.16446,18.82712],[82.1655,18.82926],[82.16611,18.82992],[82.16637,18.8304],[82.16933,18.83378],[82.16976,18.83478],[82.16984,18.8358],[82.16969,18.83692],[82.16936,18.83726],[82.16896,18.83743],[82.16858,18.83781],[82.16851,18.83848],[82.16861,18.83998],[82.16853,18.84047],[82.16788,18.84146],[82.16661,18.84294],[82.16636,18.84342],[82.16632,18.84417],[82.16656,18.8453],[82.16681,18.84576],[82.1674,18.84652],[82.16759,18.847],[82.16759,18.84758],[82.16721,18.84888],[82.16708,18.85],[82.16726,18.85122],[82.16758,18.85192],[82.16785,18.85233],[82.16793,18.85298],[82.16761,18.8534],[82.16707,18.85368],[82.16582,18.85395],[82.1642,18.85407],[82.16374,18.8543],[82.16338,18.85464],[82.16321,18.85486],[82.16294,18.85559],[82.16288,18.85628],[82.16296,18.85742],[82.1629,18.85796],[82.16216,18.85999],[82.16195,18.86034],[82.1613,18.86097],[82.1603,18.86125],[82.16015,18.86149],[82.16027,18.86203],[82.16056,18.86248],[82.1611,18.8632],[82.16157,18.86358],[82.16213,18.86384],[82.16338,18.86411],[82.16493,18.86465],[82.16571,18.8652],[82.16659,18.86619],[82.16664,18.86647],[82.16613,18.86704],[82.16603,18.86738],[82.16654,18.86854],[82.16691,18.87038],[82.16719,18.87087],[82.16767,18.87126],[82.1681,18.8718],[82.16806,18.87228],[82.16784,18.87314],[82.16778,18.87445],[82.16762,18.87469],[82.16737,18.87487],[82.16607,18.87492],[82.16505,18.8751],[82.1629,18.87592],[82.16069,18.87723],[82.16044,18.87744],[82.16014,18.8779],[82.16008,18.87824],[82.16012,18.87857],[82.16088,18.88003],[82.16156,18.88083],[82.16218,18.88129],[82.16373,18.88198],[82.1643,18.88242],[82.16487,18.883],[82.16528,18.88327],[82.16588,18.8834],[82.16666,18.88324],[82.16817,18.88163],[82.16854,18.88158],[82.16877,18.88164],[82.17081,18.88285],[82.1727,18.88412],[82.17449,18.88514],[82.17523,18.88568],[82.17649,18.88679],[82.1768,18.88732],[82.17684,18.88799],[82.17671,18.88827],[82.1757,18.88932],[82.17542,18.89076],[82.17497,18.89221],[82.1748,18.89314],[82.17481,18.89412],[82.17543,18.8991],[82.17536,18.90117],[82.17544,18.90168],[82.17553,18.90194],[82.17591,18.90252],[82.17692,18.90359],[82.17776,18.90388],[82.17898,18.90411],[82.17982,18.90461],[82.18015,18.90501],[82.18064,18.90641],[82.18101,18.90683],[82.18149,18.90706],[82.18189,18.90709],[82.18325,18.90694],[82.1841,18.90693],[82.18513,18.90727],[82.18598,18.90746],[82.18642,18.90748],[82.1872,18.90747],[82.1898,18.90691],[82.19077,18.90686],[82.1913,18.90692],[82.19173,18.90709],[82.19366,18.90816],[82.19587,18.90955],[82.19869,18.9116],[82.2003,18.91286],[82.20144,18.91388],[82.20325,18.91489],[82.20514,18.91573],[82.20724,18.91649],[82.2079,18.91684],[82.21259,18.91854],[82.2137,18.9191],[82.21463,18.91966],[82.21606,18.92113],[82.21726,18.92197],[82.21836,18.92262],[82.21883,18.92265],[82.21947,18.92243],[82.22009,18.92208],[82.22143,18.92108],[82.2222,18.92061],[82.22278,18.92036],[82.22441,18.91996],[82.22723,18.91888],[82.22847,18.91904],[82.22869,18.91917],[82.22907,18.91961],[82.22959,18.92005],[82.22994,18.9202],[82.23063,18.92029],[82.231,18.92025],[82.2313,18.92011],[82.23162,18.91985],[82.23178,18.91923],[82.23274,18.91791],[82.2333,18.91613],[82.23375,18.91555],[82.2344,18.91503],[82.23491,18.91475],[82.23779,18.91392],[82.23837,18.91396],[82.23871,18.91408],[82.24161,18.91616],[82.24439,18.91796],[82.24578,18.91867],[82.24632,18.91904],[82.2466,18.91933],[82.24693,18.91987],[82.24757,18.92123],[82.24786,18.9217],[82.24816,18.92199]]}},{"type":"Feature","properties":{"kind":"state","name":"Chhattisgarh–Odisha","src":"OSM relations 1972004 and 1984022"},"geometry":{"type":"LineString","coordinates":[[82.24816,18.92199],[82.24666,18.92362],[82.24642,18.92762],[82.24505,18.9302],[82.24535,18.93519],[82.2438,18.93815],[82.24303,18.94276],[82.24249,18.94684],[82.24254,18.94997],[82.24116,18.95388],[82.24095,18.95823],[82.24007,18.96042],[82.23968,18.96373],[82.23912,18.97203],[82.2384,18.97637],[82.23807,18.98434],[82.23694,18.9869],[82.23691,18.99418],[82.23588,18.99759],[82.2346,19.0035],[82.2337,19.01822],[82.23196,19.02222],[82.23028,19.0277],[82.22857,19.03048],[82.22286,19.03731],[82.21979,19.04246],[82.21368,19.0509],[82.20956,19.05628],[82.20576,19.06098],[82.20357,19.06498],[82.20376,19.06828],[82.20496,19.07343],[82.20698,19.07599],[82.21142,19.07978],[82.21586,19.08538],[82.21887,19.09112],[82.22009,19.0939],[82.21958,19.09627],[82.21859,19.09757],[82.21756,19.09815],[82.21574,19.09866],[82.21436,19.0987],[82.21301,19.09807],[82.21179,19.09813],[82.21067,19.09874],[82.20926,19.09894],[82.2082,19.09791],[82.20722,19.09671],[82.20629,19.09696],[82.20593,19.09815],[82.20625,19.10016],[82.20679,19.10152],[82.20679,19.10486],[82.20563,19.10649],[82.20451,19.10752],[82.20387,19.10851],[82.2043,19.1102],[82.20516,19.11196],[82.20578,19.11423],[82.20644,19.11571],[82.20825,19.11864],[82.20962,19.12007]]}},{"type":"Feature","properties":{"kind":"state","name":"Chhattisgarh–Odisha","src":"OSM relations 1972004 and 1984022","river":"5060","rlen":639},"geometry":{"type":"LineString","coordinates":[[82.20962,19.12007],[82.20941,19.12026],[82.20755,19.12227],[82.20588,19.12366],[82.20481,19.12372],[82.20358,19.12369],[82.20043,19.1216],[82.2001,19.12156],[82.19971,19.12137],[82.19853,19.121],[82.19713,19.12132],[82.19551,19.12244],[82.19458,19.1233],[82.19329,19.12582],[82.19217,19.12759],[82.19088,19.12851],[82.18918,19.12919],[82.18816,19.1293],[82.18683,19.12932],[82.18548,19.12951],[82.18343,19.13051],[82.18281,19.13065],[82.18228,19.13065],[82.18194,19.13034],[82.18186,19.13],[82.1818,19.12818],[82.18186,19.1267],[82.18171,19.1257],[82.18127,19.1252],[82.17866,19.12327],[82.17816,19.12279],[82.17779,19.12182],[82.1773,19.11986],[82.17671,19.11808],[82.17651,19.11781],[82.17627,19.11768],[82.17545,19.1176],[82.17506,19.11764],[82.17416,19.11798],[82.17246,19.11823],[82.17137,19.11876],[82.17096,19.11914],[82.17045,19.11988],[82.16994,19.12116],[82.16968,19.12209],[82.16953,19.123],[82.16954,19.12836],[82.16921,19.12953],[82.16873,19.13026],[82.16793,19.13102],[82.16725,19.13147]]}},{"type":"Feature","properties":{"kind":"state","name":"Chhattisgarh–Odisha","src":"OSM relations 1972004 and 1984022"},"geometry":{"type":"LineString","coordinates":[[82.16725,19.13147],[82.16718,19.13138],[82.16684,19.1317],[82.16518,19.13311]]}},{"type":"Feature","properties":{"kind":"state","name":"Chhattisgarh–Odisha","src":"OSM relations 1972004 and 1984022","river":"4448","rlen":121},"geometry":{"type":"LineString","coordinates":[[82.16518,19.13311],[82.16557,19.13354],[82.16585,19.13397],[82.16621,19.135],[82.16692,19.13573],[82.16752,19.13614],[82.16923,19.13651],[82.17265,19.13663],[82.17376,19.13712],[82.17433,19.13753],[82.17455,19.13839],[82.17435,19.13894],[82.17436,19.14067],[82.17378,19.142],[82.17345,19.14246],[82.17319,19.14268],[82.17123,19.14347],[82.17085,19.14366],[82.17062,19.14393],[82.17057,19.14493],[82.17072,19.14613],[82.17044,19.14768],[82.17046,19.14886],[82.17068,19.14928],[82.17121,19.14982],[82.17165,19.1501],[82.17261,19.15013],[82.17301,19.14994],[82.17327,19.14964],[82.17367,19.1494],[82.17546,19.14869],[82.1765,19.14842],[82.17711,19.14807],[82.17765,19.14796],[82.17833,19.14798],[82.17861,19.14822],[82.17876,19.14861],[82.17878,19.14915],[82.17762,19.15029],[82.17749,19.15051],[82.17741,19.15127],[82.17704,19.15191],[82.17689,19.15293],[82.17701,19.15369],[82.17778,19.15474],[82.17913,19.15557],[82.18202,19.15761],[82.18226,19.15807],[82.18237,19.15859],[82.18253,19.15893],[82.18253,19.16056],[82.18291,19.16149],[82.18361,19.16243],[82.18429,19.16294],[82.18541,19.16359],[82.18607,19.16415],[82.18631,19.1646],[82.18677,19.16669],[82.18672,19.16721],[82.1864,19.16766],[82.18585,19.16805],[82.18446,19.16858],[82.18364,19.16876],[82.18264,19.16882],[82.18199,19.16853],[82.18115,19.16847],[82.17823,19.16923],[82.17736,19.16953],[82.17627,19.17019],[82.17588,19.17059],[82.17557,19.17111],[82.17542,19.17166],[82.17546,19.17237],[82.17568,19.17296],[82.17578,19.17314],[82.1763,19.17339],[82.17652,19.17344],[82.17682,19.1734],[82.17818,19.17244],[82.17861,19.1723],[82.17969,19.17236],[82.18016,19.17224],[82.1817,19.17273],[82.18196,19.17295],[82.18213,19.17328],[82.18199,19.17564],[82.18205,19.17594],[82.18204,19.17766],[82.18186,19.17887],[82.18157,19.17937],[82.18102,19.17974],[82.17984,19.17991],[82.17855,19.17986],[82.17752,19.17952],[82.17689,19.17951],[82.17599,19.17998],[82.17566,19.18029],[82.17543,19.18063],[82.17528,19.18107],[82.17525,19.18134],[82.17536,19.1819],[82.17586,19.18314],[82.17648,19.18397],[82.17709,19.18507],[82.17734,19.18541],[82.17774,19.18578],[82.17963,19.18726],[82.18133,19.19015],[82.18142,19.19113],[82.18107,19.19167],[82.18053,19.19202],[82.17894,19.19352],[82.17861,19.19389]]}},{"type":"Feature","properties":{"kind":"state","name":"Chhattisgarh–Odisha","src":"OSM relations 1972004 and 1984022"},"geometry":{"type":"LineString","coordinates":[[82.17861,19.19389],[82.17694,19.19254],[82.17494,19.19332],[82.17134,19.19422],[82.16816,19.19519],[82.1661,19.19636],[82.16409,19.19807],[82.16289,19.20005],[82.16233,19.20192],[82.16228,19.20342],[82.16327,19.20565],[82.16649,19.21144],[82.16804,19.21229],[82.16876,19.21322],[82.16374,19.21841],[82.16044,19.22121],[82.15919,19.22335],[82.15877,19.22493],[82.15752,19.23101],[82.15769,19.24357],[82.15735,19.25468],[82.15855,19.26412],[82.15859,19.26723],[82.16048,19.27315],[82.1658,19.28757],[82.17301,19.29352],[82.17602,19.29879],[82.17675,19.30138],[82.17902,19.31973],[82.18061,19.32216],[82.18288,19.32346],[82.18821,19.32471],[82.18923,19.32482],[82.19017,19.3267]]}},{"type":"Feature","properties":{"kind":"state","name":"Chhattisgarh–Odisha","src":"OSM relations 1972004 and 1984022","river":"5455","rlen":30},"geometry":{"type":"LineString","coordinates":[[82.19017,19.3267],[82.18943,19.32745],[82.18854,19.32798],[82.18801,19.32856],[82.18734,19.32961],[82.18728,19.32998],[82.18772,19.33293],[82.18816,19.33353],[82.18809,19.33439],[82.1875,19.33558],[82.18648,19.33717],[82.18577,19.33783],[82.18523,19.33816],[82.18472,19.33831],[82.1839,19.33841],[82.18363,19.33839],[82.18336,19.33821],[82.18307,19.33821],[82.18287,19.33829],[82.18208,19.33894],[82.18146,19.33924],[82.17893,19.33964],[82.17864,19.33963],[82.17828,19.33949],[82.17804,19.33951],[82.17775,19.33972],[82.17734,19.34046],[82.1769,19.34104],[82.17835,19.34245],[82.17857,19.34275],[82.17861,19.34333],[82.1784,19.3436],[82.17805,19.34371],[82.17737,19.34365],[82.17714,19.34356],[82.17669,19.34322],[82.17641,19.34323],[82.1762,19.34334],[82.17524,19.34449],[82.17497,19.34456],[82.174,19.3446],[82.17282,19.34528],[82.17231,19.34549],[82.17209,19.34549],[82.17176,19.3452],[82.17154,19.34511],[82.1707,19.34521],[82.17021,19.34539],[82.16951,19.34591],[82.16799,19.34629],[82.16759,19.34653],[82.16709,19.34714],[82.1669,19.34805],[82.16653,19.34851],[82.16606,19.3488],[82.16558,19.349],[82.16465,19.34908],[82.16449,19.34914],[82.16441,19.34927]]}},{"type":"Feature","properties":{"kind":"state","name":"Chhattisgarh–Odisha","src":"OSM relations 1972004 and 1984022"},"geometry":{"type":"LineString","coordinates":[[82.16441,19.34927],[82.16236,19.34932],[82.16087,19.34935],[82.15877,19.34988],[82.15535,19.34953],[82.15477,19.34959],[82.15407,19.34988],[82.15351,19.35063],[82.15302,19.35202],[82.15252,19.35273],[82.15164,19.35298],[82.14999,19.35279],[82.14926,19.35304],[82.14879,19.35403],[82.14887,19.35532],[82.1484,19.35897],[82.14853,19.36168],[82.14836,19.36433],[82.14796,19.36746],[82.14829,19.3686],[82.14823,19.36952],[82.14833,19.37034],[82.14816,19.37124],[82.14778,19.37199],[82.14888,19.3727],[82.1494,19.37357],[82.15144,19.37477],[82.15286,19.37702],[82.15332,19.37734],[82.15676,19.37756],[82.15989,19.37724],[82.16062,19.37666],[82.1622,19.3747],[82.16286,19.37425],[82.16503,19.37364],[82.16698,19.37271],[82.16935,19.37246],[82.17126,19.37265]]}},{"type":"Feature","properties":{"kind":"state","name":"Chhattisgarh–Odisha","src":"OSM relations 1972004 and 1984022","river":"5455","rlen":30},"geometry":{"type":"LineString","coordinates":[[82.17126,19.37265],[82.17127,19.37281],[82.17148,19.37314],[82.17197,19.37361],[82.17219,19.37371],[82.17273,19.37373],[82.1729,19.3739],[82.17325,19.37548],[82.17324,19.37563],[82.17283,19.37627],[82.17295,19.37719],[82.17304,19.37736],[82.17312,19.37745],[82.17344,19.37748],[82.17458,19.37694],[82.1751,19.37688],[82.17538,19.37698],[82.17554,19.37719],[82.17565,19.37847],[82.17643,19.3791],[82.17668,19.37915],[82.17679,19.3791],[82.17711,19.37851],[82.17741,19.37835],[82.17808,19.37849],[82.1784,19.37871],[82.17871,19.37905],[82.17888,19.37942],[82.17891,19.37981],[82.17882,19.38049],[82.1781,19.38175],[82.17747,19.38251],[82.17744,19.38281],[82.1775,19.38295],[82.17823,19.38348],[82.17859,19.38358],[82.17918,19.38349],[82.17991,19.38308],[82.18028,19.38313],[82.18114,19.3836],[82.18148,19.38395],[82.18174,19.38436],[82.18173,19.38497],[82.18082,19.38566],[82.18066,19.38601],[82.18088,19.38706],[82.18121,19.38757],[82.1819,19.38836],[82.18202,19.38863],[82.18203,19.38916],[82.18175,19.3895],[82.18099,19.38982],[82.18066,19.39022],[82.18062,19.39073],[82.18115,19.39153],[82.18116,19.39175],[82.18099,19.39202],[82.18054,19.39225],[82.18048,19.39251],[82.18072,19.39311],[82.1812,19.39368],[82.18175,19.39473],[82.18222,19.39624],[82.18278,19.39708],[82.18285,19.39804],[82.18305,19.39834],[82.18347,19.39852],[82.18356,19.39863],[82.18335,19.39933],[82.18339,19.39958],[82.18394,19.40009],[82.18404,19.40033],[82.18404,19.40086],[82.18385,19.40151],[82.18331,19.402],[82.1831,19.40234],[82.18283,19.40257],[82.18197,19.40277],[82.18188,19.40293],[82.1822,19.40382],[82.18205,19.40443],[82.18183,19.40487],[82.18182,19.40512],[82.18203,19.40572],[82.18205,19.40602],[82.18165,19.40666],[82.18165,19.4068],[82.18183,19.40715],[82.18262,19.40806],[82.18259,19.4084],[82.18219,19.40914],[82.1822,19.40954],[82.18246,19.40989],[82.18289,19.41011],[82.18305,19.41032],[82.18293,19.41105],[82.1829,19.41191],[82.183,19.41228],[82.18338,19.41246],[82.18386,19.41253],[82.18406,19.41267],[82.1841,19.41302],[82.18457,19.41326],[82.18467,19.41388],[82.18487,19.41408],[82.18568,19.41455],[82.18592,19.41462],[82.18754,19.41463],[82.1878,19.41478],[82.1884,19.41536],[82.18886,19.41536],[82.18907,19.41557],[82.18897,19.416],[82.18924,19.41663],[82.18928,19.4169],[82.18892,19.418],[82.18922,19.41835],[82.18941,19.41916],[82.1899,19.42004],[82.1899,19.42016],[82.1898,19.42037],[82.18949,19.42057],[82.18874,19.42089],[82.18857,19.42104],[82.18851,19.42121],[82.18865,19.42143],[82.18911,19.42147],[82.18931,19.42186],[82.18975,19.42205],[82.18987,19.4222],[82.18986,19.42249],[82.18955,19.42305],[82.18969,19.42337],[82.18966,19.42357],[82.18938,19.42384],[82.18912,19.42388],[82.18892,19.42402],[82.18881,19.42416],[82.1888,19.42432],[82.18883,19.42452],[82.18896,19.42468],[82.18946,19.42506],[82.18963,19.42573],[82.18961,19.42622],[82.18944,19.42654],[82.18939,19.42696],[82.18907,19.42729],[82.18886,19.42745],[82.18815,19.42759],[82.18796,19.42771]]}},{"type":"Feature","properties":{"kind":"state","name":"Chhattisgarh–Odisha","src":"OSM relations 1972004 and 1984022"},"geometry":{"type":"LineString","coordinates":[[82.18796,19.42771],[82.1859,19.42703],[82.18539,19.42743],[82.18434,19.4288],[82.18436,19.42948],[82.18404,19.42996],[82.1834,19.43023],[82.18233,19.43046],[82.18184,19.43094],[82.1814,19.43177],[82.18032,19.43273],[82.17857,19.43598],[82.17781,19.4368],[82.17294,19.43687],[82.17054,19.43711],[82.16603,19.4363],[82.16085,19.43644],[82.15888,19.43602],[82.15658,19.4357],[82.15482,19.43524],[82.15308,19.43497],[82.15056,19.4343],[82.14851,19.43407],[82.14373,19.43319],[82.13357,19.4309],[82.12774,19.42985],[82.12486,19.42985],[82.12121,19.4356],[82.11877,19.44057],[82.11345,19.44782],[82.1131,19.45114],[82.11392,19.45474],[82.11388,19.45814],[82.11302,19.46085],[82.11087,19.46247],[82.10568,19.46429],[82.10362,19.46546],[82.10268,19.46675],[82.10727,19.47335],[82.10821,19.48108],[82.108,19.49419],[82.10182,19.49657],[82.09929,19.49783],[82.09774,19.4992],[82.098,19.50353],[82.09993,19.5166],[82.09637,19.51773],[82.08924,19.51939],[82.08491,19.52063],[82.07723,19.52323],[82.07594,19.52396],[82.07401,19.52129],[82.06937,19.51639],[82.06804,19.51445],[82.06714,19.51283],[82.06611,19.51158],[82.06427,19.51081],[82.05942,19.51016],[82.05285,19.50875],[82.04774,19.50871],[82.04435,19.50842],[82.03611,19.50879],[82.0317,19.50825],[82.03013,19.507]]}},{"type":"Feature","properties":{"kind":"state","name":"Chhattisgarh–Odisha","src":"OSM relations 1972004 and 1984022","river":"5672","rlen":85},"geometry":{"type":"LineString","coordinates":[[82.03013,19.507],[82.02975,19.50718],[82.02922,19.50725],[82.02882,19.50741],[82.02853,19.50774],[82.02851,19.50817],[82.02876,19.50866],[82.02931,19.50935],[82.03005,19.51009],[82.03055,19.51043],[82.03121,19.51048],[82.03139,19.51066],[82.03163,19.51138],[82.03147,19.51251],[82.03161,19.5134],[82.03153,19.51369],[82.03112,19.51413],[82.03108,19.51435],[82.03114,19.51444],[82.03178,19.51472],[82.03238,19.51479],[82.03347,19.51427],[82.03385,19.51423],[82.03413,19.51437],[82.03427,19.51458],[82.03434,19.51508],[82.0346,19.51569],[82.03463,19.51619],[82.03455,19.51678],[82.03449,19.51699],[82.03423,19.51729],[82.03418,19.51768],[82.03428,19.51781],[82.03597,19.51893],[82.03619,19.51918],[82.03626,19.51937],[82.03629,19.51964],[82.03617,19.52021],[82.03636,19.52065],[82.03636,19.52084],[82.03618,19.52136],[82.03608,19.52218],[82.0369,19.52386],[82.03652,19.52473],[82.0365,19.52504],[82.03665,19.52548],[82.03699,19.52583],[82.03715,19.52613],[82.03721,19.5264],[82.03707,19.52722],[82.03679,19.52748],[82.03688,19.52801],[82.03769,19.52878],[82.03845,19.52878],[82.03873,19.52884],[82.03893,19.52914],[82.03899,19.52992],[82.03906,19.53004],[82.03925,19.53019],[82.03956,19.53024],[82.04,19.53046],[82.04016,19.53046],[82.04042,19.53023],[82.04049,19.53011],[82.04048,19.52982],[82.04061,19.5297],[82.04189,19.52956],[82.04277,19.5293],[82.04302,19.52931],[82.04336,19.5296],[82.04356,19.53001],[82.04357,19.53037],[82.04342,19.53084],[82.04352,19.53129],[82.04465,19.53191],[82.0454,19.53275],[82.04592,19.533],[82.04603,19.5335],[82.04617,19.53368],[82.04659,19.53381],[82.04679,19.53376],[82.04698,19.53358],[82.04699,19.53337],[82.04675,19.53279],[82.04693,19.53255],[82.04735,19.53261],[82.04763,19.53289],[82.04769,19.53304],[82.0478,19.53468],[82.04734,19.53566],[82.04729,19.5365],[82.04748,19.53677],[82.04791,19.53705],[82.04839,19.53761],[82.04845,19.53795],[82.04784,19.53838],[82.04741,19.53879],[82.04724,19.53945],[82.04735,19.53967],[82.04773,19.53999],[82.04799,19.5407],[82.04833,19.54119],[82.04844,19.54154],[82.04907,19.54194],[82.04958,19.54304],[82.04989,19.54493],[82.04961,19.54561],[82.0496,19.54608],[82.05003,19.54679],[82.04989,19.54772],[82.05023,19.54816],[82.05071,19.54938],[82.05063,19.54968],[82.05006,19.55],[82.04973,19.55034],[82.04972,19.55072],[82.05021,19.551],[82.05035,19.55126],[82.05035,19.55163],[82.05025,19.55195],[82.0498,19.55205],[82.0492,19.55182],[82.04899,19.55178],[82.04891,19.55183],[82.04881,19.55218],[82.049,19.55254],[82.04902,19.5528],[82.04833,19.55358],[82.04827,19.55374],[82.04825,19.55475],[82.04811,19.555],[82.04794,19.55561],[82.04752,19.55641],[82.04716,19.55682],[82.04601,19.55715],[82.04591,19.55754],[82.04588,19.55835],[82.04571,19.55882],[82.04574,19.55922],[82.04588,19.55962],[82.04581,19.55983],[82.04536,19.56026],[82.04532,19.56051],[82.04537,19.56121],[82.04547,19.56152],[82.04564,19.56175],[82.0462,19.56197],[82.04645,19.56216],[82.04642,19.56239],[82.04631,19.56251],[82.04594,19.56242],[82.04576,19.5626],[82.04587,19.56284],[82.04626,19.56311],[82.04623,19.56386],[82.04629,19.56417],[82.04648,19.56435],[82.04731,19.5646],[82.04777,19.56481],[82.04787,19.5652],[82.04777,19.56547],[82.0475,19.56574],[82.04753,19.5661],[82.04772,19.56635],[82.0481,19.56667],[82.04855,19.56747],[82.0493,19.56807],[82.04936,19.5682],[82.04933,19.56856],[82.0492,19.56863],[82.04905,19.56864],[82.04867,19.56841],[82.04788,19.5685],[82.04787,19.56927],[82.04796,19.56936],[82.04829,19.56935],[82.04846,19.56956],[82.04806,19.57161],[82.04812,19.57182],[82.04838,19.5721],[82.04938,19.57239],[82.04962,19.57253],[82.04982,19.57272],[82.04993,19.57335],[82.04978,19.57381],[82.04951,19.5742],[82.04866,19.57487],[82.04847,19.57515],[82.04857,19.5762],[82.0484,19.57682],[82.04852,19.57745],[82.04869,19.5778],[82.04869,19.57825],[82.04854,19.57853],[82.04701,19.57925],[82.04619,19.5794],[82.04591,19.5796],[82.0457,19.57992],[82.04569,19.58051],[82.04558,19.5809],[82.04511,19.58144],[82.0447,19.58165],[82.0445,19.58188],[82.04432,19.58233],[82.04389,19.58303],[82.04365,19.58429],[82.04316,19.58472],[82.04296,19.58502],[82.04309,19.58585],[82.04262,19.58624],[82.0426,19.58654],[82.04288,19.58787],[82.04321,19.58854],[82.04319,19.58904],[82.0428,19.58932],[82.04194,19.58942],[82.04162,19.58955],[82.04072,19.5905],[82.04006,19.5914],[82.04004,19.59171],[82.04046,19.59285],[82.04047,19.59324],[82.04006,19.59438],[82.03981,19.59484],[82.0398,19.596],[82.03956,19.59673],[82.03948,19.59728],[82.03952,19.59748],[82.04006,19.59834],[82.04011,19.59861],[82.04067,19.5993],[82.04056,19.59959],[82.04069,19.59982],[82.04148,19.60005],[82.04174,19.60039],[82.04188,19.6006],[82.04195,19.6014],[82.04247,19.60221],[82.04309,19.60278],[82.04313,19.60294],[82.04304,19.6034],[82.04311,19.60356],[82.0433,19.60376],[82.04381,19.60401],[82.0438,19.60514],[82.0439,19.60552],[82.04431,19.60607],[82.04538,19.60669],[82.04555,19.60687],[82.04658,19.60741],[82.04716,19.60735],[82.04741,19.60712],[82.04754,19.60709],[82.04823,19.60705],[82.0484,19.60709],[82.04882,19.60753],[82.04996,19.60762],[82.05047,19.60784],[82.05034,19.60819],[82.05037,19.60844],[82.05062,19.60889],[82.05067,19.60919],[82.05112,19.60964],[82.05118,19.60996],[82.05086,19.61033],[82.05071,19.61094],[82.05056,19.61113],[82.0499,19.61131],[82.04981,19.61145],[82.04979,19.61195],[82.04998,19.61245],[82.05014,19.61263],[82.05105,19.61306],[82.05129,19.61329],[82.05129,19.61354],[82.05125,19.61386],[82.0511,19.61405],[82.05035,19.61439],[82.05037,19.61457],[82.05076,19.6148],[82.05085,19.615],[82.05076,19.6152],[82.0504,19.61537],[82.05034,19.61558],[82.05033,19.6158],[82.0505,19.6161],[82.05045,19.61667],[82.05025,19.61715],[82.05028,19.61758],[82.05042,19.6177],[82.05109,19.61799],[82.05163,19.61867],[82.0518,19.61906],[82.05255,19.61954],[82.0528,19.61957],[82.05304,19.61988],[82.05375,19.62041],[82.05387,19.62064],[82.0546,19.62136],[82.05464,19.62194],[82.05479,19.6223],[82.05561,19.62312],[82.05571,19.62333],[82.05571,19.62351],[82.05535,19.62428],[82.05533,19.62458],[82.05544,19.62506],[82.05655,19.62595],[82.057,19.62586],[82.05741,19.6262],[82.05749,19.6264],[82.05767,19.62633],[82.05775,19.62638],[82.05779,19.62652],[82.05756,19.62695],[82.05765,19.62727],[82.05809,19.62705],[82.05862,19.62701],[82.05893,19.62731],[82.05896,19.62822],[82.05882,19.62883],[82.05816,19.62934],[82.05803,19.62953],[82.05745,19.62982],[82.0575,19.62999],[82.05733,19.6303],[82.05733,19.63046],[82.05761,19.63065],[82.05776,19.63145],[82.05746,19.63172],[82.05748,19.63213],[82.05729,19.63229],[82.0565,19.63267],[82.0562,19.63303],[82.05617,19.63355],[82.05647,19.63502],[82.05645,19.63568],[82.05587,19.63656],[82.05431,19.63744],[82.05399,19.63772],[82.05422,19.63921],[82.05493,19.64022],[82.05517,19.64073],[82.05528,19.6414],[82.05511,19.64202],[82.05439,19.64365],[82.05391,19.64444],[82.05368,19.64511],[82.05332,19.64573],[82.05308,19.64635],[82.05261,19.64708],[82.05213,19.64753],[82.05174,19.64841],[82.05159,19.64903],[82.05217,19.64985],[82.05312,19.65234],[82.05384,19.65296],[82.05486,19.65358],[82.0553,19.65406],[82.05552,19.65469],[82.05547,19.65582],[82.05527,19.65628],[82.05449,19.6571],[82.05406,19.65744],[82.05377,19.65799],[82.05369,19.65903],[82.05282,19.66048],[82.05267,19.66144],[82.05274,19.66289],[82.05288,19.66358],[82.05288,19.66516],[82.05201,19.66675],[82.05201,19.66744],[82.05215,19.66834],[82.05237,19.66889],[82.05237,19.66951],[82.05208,19.6702],[82.05193,19.67165],[82.05193,19.67254],[82.05251,19.67454]]}},{"type":"Feature","properties":{"kind":"state","name":"Chhattisgarh–Odisha","src":"OSM relations 1972004 and 1984022"},"geometry":{"type":"LineString","coordinates":[[82.05251,19.67454],[82.05244,19.6767],[82.05191,19.67936],[82.05208,19.67989],[82.04918,19.68454],[82.04845,19.68652],[82.04792,19.68854],[82.04766,19.69128],[82.04639,19.69565],[82.04534,19.69848],[82.04444,19.70013],[82.04435,19.7086],[82.04489,19.70973],[82.05043,19.71698],[82.05081,19.71898],[82.04989,19.72512],[82.04965,19.72837],[82.05086,19.73449],[82.05064,19.73795],[82.05023,19.74019],[82.0503,19.74386],[82.05107,19.74726],[82.05231,19.74825],[82.05504,19.74948],[82.05607,19.75025],[82.05609,19.75249],[82.05714,19.75392],[82.06126,19.75606],[82.06306,19.75754],[82.06399,19.75848],[82.06409,19.76004],[82.063,19.7623],[82.06118,19.76487],[82.06094,19.76608],[82.06118,19.7668],[82.06203,19.76802],[82.06435,19.77664],[82.06579,19.78082],[82.06639,19.7833],[82.06598,19.78685],[82.06527,19.78942],[82.0615,19.79499],[82.06058,19.79604],[82.05864,19.79624],[82.05721,19.79554],[82.05592,19.79346],[82.05461,19.79289],[82.05311,19.79271],[82.05186,19.79295],[82.05077,19.79338],[82.04901,19.7959],[82.04824,19.79673],[82.03629,19.79695],[82.03004,19.798],[82.02403,19.79988],[82.01689,19.80186],[82.00921,19.80438],[82.00346,19.80297],[81.99869,19.79953],[81.9953,19.79675],[81.9924,19.79893],[81.98567,19.80097],[81.98672,19.80311],[81.98616,19.80484],[81.98483,19.80658],[81.98286,19.8088],[81.97683,19.81825],[81.96987,19.83012],[81.96537,19.83652],[81.96736,19.85024],[81.96835,19.85981],[81.96316,19.86255],[81.95831,19.86542],[81.95234,19.86796],[81.94385,19.872],[81.93316,19.87571],[81.91857,19.88015],[81.90587,19.88475],[81.89608,19.88903],[81.88477,19.89466],[81.88358,19.89536],[81.87029,19.90218],[81.85355,19.91844],[81.85252,19.92228],[81.85282,19.92474],[81.85338,19.92752],[81.85467,19.93107],[81.85703,19.94733],[81.8499,19.94991],[81.84536,19.95189],[81.84523,19.95976],[81.84862,19.96468],[81.85518,19.97218],[81.85814,19.99146],[81.8602,20.0021],[81.86098,20.00513],[81.86437,20.00811],[81.86698,20.01023],[81.8675,20.01301],[81.86716,20.0144],[81.86625,20.01624],[81.86604,20.01868],[81.86602,20.02358],[81.8652,20.02471],[81.86475,20.0262],[81.86561,20.02751],[81.86724,20.029],[81.86827,20.03019],[81.86885,20.03106],[81.86924,20.03311],[81.86913,20.03985],[81.87241,20.04735],[81.87568,20.05214],[81.8818,20.04464],[81.88589,20.04411],[81.88932,20.04508],[81.89647,20.04972],[81.90076,20.05787],[81.90381,20.06097],[81.91123,20.06726],[81.91501,20.07093],[81.91634,20.07286],[81.92204,20.08262],[81.92269,20.08507],[81.92235,20.08661],[81.92488,20.08927],[81.92488,20.09044],[81.92625,20.09185],[81.92844,20.09334],[81.92968,20.09471],[81.9317,20.0958],[81.93363,20.09624],[81.93398,20.09878],[81.93492,20.09983],[81.93591,20.1012],[81.93672,20.10317],[81.9381,20.10184],[81.93973,20.10321],[81.94209,20.10422],[81.94599,20.10555],[81.94925,20.10434],[81.9523,20.10216],[81.95402,20.10031],[81.95633,20.09825],[81.95839,20.09846],[81.96204,20.0937],[81.96427,20.09011],[81.97281,20.08536],[81.97646,20.08121],[81.97783,20.07883],[81.98397,20.07403],[81.98406,20.07008],[81.98457,20.06754],[81.98672,20.06274],[81.98813,20.06029],[81.99054,20.05847],[81.99333,20.05553],[81.99543,20.05307],[82.00178,20.054],[82.00234,20.05529],[82.00483,20.05585],[82.00835,20.0548],[82.01234,20.05384],[82.01763,20.04829],[82.02094,20.03783],[82.02195,20.03263],[82.02251,20.03045],[82.02178,20.0271],[82.02079,20.02352],[82.03266,20.01601],[82.03388,20.01685],[82.03444,20.0177],[82.03526,20.01849],[82.03595,20.02025],[82.03754,20.02102],[82.03802,20.02143],[82.03837,20.02238],[82.03943,20.02237],[82.03984,20.02259],[82.03999,20.02303],[82.03998,20.02356],[82.03962,20.02383],[82.03858,20.02507],[82.03778,20.02658],[82.03766,20.02821],[82.03801,20.02895],[82.0386,20.0295],[82.04016,20.03014],[82.04101,20.0308],[82.04215,20.03206],[82.04228,20.03357],[82.04297,20.03494],[82.04352,20.03496],[82.04534,20.0343],[82.04647,20.03427],[82.04845,20.03465]]}},{"type":"Feature","properties":{"kind":"state","name":"Chhattisgarh–Odisha","src":"OSM relations 1972004 and 1984022","river":"10970","rlen":92},"geometry":{"type":"LineString","coordinates":[[82.04845,20.03465],[82.04838,20.0352],[82.04817,20.03549],[82.04776,20.03586],[82.04773,20.03627],[82.04867,20.03672],[82.04907,20.03677],[82.04978,20.03664],[82.05008,20.03672],[82.05023,20.03691],[82.05011,20.0375],[82.05092,20.03841],[82.0515,20.0389],[82.05198,20.03913],[82.05294,20.0392],[82.05325,20.0393],[82.05435,20.04035],[82.05433,20.04078],[82.05452,20.04106],[82.055,20.0412],[82.05614,20.04113],[82.0565,20.04128],[82.05712,20.04235],[82.05731,20.04304],[82.05785,20.0435],[82.05829,20.04404],[82.05876,20.04417],[82.05929,20.0451],[82.05931,20.0454],[82.05888,20.0458],[82.05873,20.04604],[82.05862,20.04673],[82.05865,20.04691],[82.05902,20.04737],[82.05927,20.04817],[82.05944,20.04836],[82.05992,20.04859],[82.06091,20.04879],[82.06178,20.04877],[82.06205,20.04885],[82.06232,20.04911],[82.06241,20.04947],[82.06225,20.04959],[82.06175,20.04967],[82.06133,20.05026],[82.0612,20.05099],[82.06124,20.05131],[82.06143,20.05142],[82.06194,20.05132],[82.06228,20.05136],[82.06264,20.05153],[82.06298,20.05183],[82.06317,20.05216],[82.06321,20.05284],[82.06266,20.05362],[82.06266,20.05375],[82.06276,20.05385],[82.06318,20.05391],[82.06346,20.05423],[82.06367,20.05464],[82.06373,20.05533],[82.06385,20.05567],[82.06413,20.05593],[82.06445,20.05604],[82.06485,20.05639],[82.06513,20.05652],[82.06539,20.05652],[82.06599,20.05628],[82.06623,20.0563],[82.06653,20.05702],[82.0673,20.05796]]}},{"type":"Feature","properties":{"kind":"state","name":"Chhattisgarh–Odisha","src":"OSM relations 1972004 and 1984022"},"geometry":{"type":"LineString","coordinates":[[82.0673,20.05796],[82.06915,20.05659],[82.07009,20.0566],[82.07101,20.05626],[82.07272,20.05547],[82.07525,20.05454],[82.07642,20.05387],[82.08544,20.0514],[82.08552,20.05061],[82.08571,20.05009],[82.08605,20.04979],[82.08609,20.04942],[82.08478,20.04708],[82.08475,20.04655],[82.08516,20.04622],[82.08598,20.04597],[82.08656,20.04546],[82.08679,20.04442],[82.08674,20.04278],[82.08855,20.04026],[82.08886,20.0396],[82.08974,20.03891],[82.09003,20.03836],[82.08993,20.03802],[82.08963,20.03788],[82.0889,20.03781],[82.08875,20.03748],[82.08875,20.03721],[82.08937,20.03675],[82.08994,20.03673],[82.09088,20.03755],[82.09142,20.03762],[82.0925,20.03727],[82.09304,20.03745],[82.09356,20.03739],[82.0941,20.03908],[82.09564,20.03957],[82.09607,20.03961],[82.09644,20.03906],[82.09657,20.03912],[82.09658,20.03953],[82.0969,20.03962],[82.09764,20.03927],[82.09776,20.03907],[82.09838,20.03982],[82.09908,20.03947],[82.09947,20.03964],[82.09922,20.04011],[82.09952,20.04059],[82.09988,20.04084],[82.10012,20.04064],[82.10134,20.04047],[82.10199,20.04019],[82.10229,20.03868],[82.10231,20.03688],[82.10261,20.03563],[82.10371,20.03602],[82.10416,20.0345],[82.10416,20.03378],[82.10398,20.03315],[82.10364,20.03279],[82.10332,20.03164],[82.1033,20.0311],[82.1036,20.0307],[82.1046,20.03102],[82.10528,20.03098],[82.10563,20.03049],[82.10575,20.02987],[82.10566,20.02901],[82.10575,20.02856],[82.10614,20.02799],[82.10676,20.02778],[82.10703,20.02696],[82.10735,20.02679],[82.10781,20.02685],[82.10787,20.02734],[82.1082,20.0274],[82.10907,20.0269],[82.1095,20.02703],[82.10978,20.02735],[82.11015,20.02745],[82.11037,20.02733],[82.1107,20.02701],[82.11068,20.02653],[82.11099,20.02653],[82.11152,20.0262],[82.11181,20.02543],[82.11212,20.02516],[82.113,20.02474],[82.11462,20.02274],[82.11797,20.02017],[82.11902,20.0199],[82.12071,20.01923],[82.12289,20.01747],[82.12362,20.01729],[82.12502,20.01641],[82.12664,20.01514],[82.12726,20.01444],[82.13048,20.01545],[82.133,20.01723],[82.13379,20.01797],[82.13529,20.01856],[82.13636,20.01922],[82.13733,20.01938],[82.13825,20.0189],[82.14053,20.01846],[82.14175,20.01785],[82.14591,20.01475],[82.14866,20.01327],[82.15012,20.01164],[82.15147,20.01051],[82.15353,20.00823],[82.15422,20.00773],[82.15542,20.00779],[82.16066,20.00935],[82.16204,20.0093],[82.16525,20.0074],[82.16737,20.00699],[82.17148,20.00568],[82.17174,20.00391],[82.17172,20.00346],[82.1714,20.00241],[82.17135,20.00151],[82.17271,20.0009],[82.1739,19.99988],[82.17541,19.9966],[82.17603,19.99674],[82.17689,19.99712],[82.17747,19.99711],[82.17797,19.99635],[82.17858,19.99436],[82.17991,19.99185],[82.18044,19.99127],[82.18227,19.98979],[82.18325,19.98937],[82.18449,19.98733],[82.18387,19.98353],[82.18404,19.98309],[82.18515,19.98264],[82.18567,19.98316],[82.18645,19.98458],[82.18707,19.98517],[82.18984,19.98662],[82.19082,19.98682],[82.19213,19.9868],[82.19327,19.98698],[82.19421,19.98696],[82.1966,19.98663],[82.20386,19.98653],[82.2074,19.98638],[82.2102,19.98611],[82.21211,19.98878],[82.2161,19.99569],[82.21835,19.99773],[82.22046,19.99854],[82.22237,19.99886],[82.22835,19.99946],[82.23061,19.99999],[82.23181,20.00035],[82.23519,20.00227],[82.23653,20.00277],[82.23804,20.00272],[82.23971,20.00089],[82.24072,19.99939],[82.24243,19.99752],[82.24351,19.99666],[82.24534,19.99556],[82.24689,19.99496],[82.24818,19.99212],[82.25005,19.98946],[82.25189,19.98765],[82.25563,19.98452],[82.26007,19.98055],[82.26522,19.97686],[82.26627,19.97639],[82.26876,19.97664],[82.2699,19.97343],[82.27472,19.96248],[82.2753,19.95798],[82.27554,19.95338],[82.28665,19.93148],[82.29378,19.91905],[82.29918,19.9088],[82.30167,19.90356],[82.30288,19.89323],[82.30459,19.88943],[82.31275,19.88128],[82.32193,19.86812],[82.32614,19.86126],[82.3282,19.85319],[82.3324,19.84479],[82.34427,19.83672],[82.34544,19.83523]]}},{"type":"Feature","properties":{"kind":"state","name":"Chhattisgarh–Odisha","src":"OSM relations 1972004 and 1984022","river":"11019","rlen":307},"geometry":{"type":"LineString","coordinates":[[82.34544,19.83523],[82.34591,19.83556],[82.34727,19.83583],[82.34771,19.83575],[82.34847,19.83593],[82.34901,19.83616],[82.35078,19.83785],[82.35093,19.83814],[82.3515,19.83872],[82.35142,19.839],[82.35146,19.83913],[82.35228,19.83935],[82.35265,19.83958],[82.35305,19.83994],[82.35328,19.84032],[82.35391,19.84074],[82.35478,19.84219],[82.35489,19.8427],[82.3551,19.84281],[82.35539,19.84335],[82.35605,19.84407],[82.35645,19.84429],[82.35678,19.84479],[82.35741,19.84488],[82.35804,19.8454],[82.3585,19.84565],[82.35867,19.84612],[82.35921,19.84665],[82.35958,19.84685],[82.36045,19.84697],[82.36056,19.84711],[82.36058,19.84777],[82.36021,19.84878],[82.36025,19.84931],[82.36088,19.84994],[82.36103,19.85033],[82.36154,19.85076],[82.36176,19.85119],[82.36301,19.85135],[82.3633,19.85108],[82.36353,19.85099],[82.36419,19.85089],[82.36444,19.85092],[82.36469,19.85109],[82.36482,19.85128],[82.36488,19.85172],[82.36439,19.85218],[82.36436,19.85232],[82.36468,19.8526],[82.36475,19.85299],[82.36497,19.85318],[82.365,19.8543],[82.36496,19.85449],[82.36477,19.85474],[82.36464,19.85481],[82.36412,19.85473],[82.36389,19.85479],[82.36168,19.85584],[82.36113,19.85625],[82.36058,19.85628],[82.36045,19.85638],[82.36054,19.85709],[82.3613,19.85801],[82.36152,19.85878],[82.3615,19.85907],[82.36129,19.85927],[82.36111,19.85981],[82.36084,19.86016],[82.36111,19.86087],[82.36081,19.86186],[82.3608,19.86227],[82.36111,19.86254],[82.36134,19.86289],[82.36186,19.86309],[82.3624,19.86305],[82.36279,19.86289],[82.3632,19.86261],[82.36385,19.86247],[82.36433,19.86248],[82.36462,19.86178],[82.36527,19.86177],[82.36634,19.8615],[82.36712,19.86156],[82.36822,19.86088],[82.37046,19.861],[82.37102,19.86093],[82.37171,19.8607],[82.37229,19.86075],[82.3727,19.86066],[82.37291,19.86056],[82.3733,19.85993],[82.37349,19.85975],[82.37385,19.8596],[82.3748,19.85938],[82.37526,19.85957],[82.37554,19.86],[82.37556,19.86046],[82.37543,19.86091],[82.37546,19.86131],[82.37574,19.86162],[82.37594,19.8622],[82.37637,19.86236],[82.37714,19.86333],[82.37759,19.86353],[82.3778,19.86371],[82.37811,19.86445],[82.37813,19.86466],[82.37858,19.86516],[82.37874,19.86607],[82.37893,19.86641],[82.37942,19.86689],[82.37988,19.86721],[82.38021,19.86733],[82.38032,19.8675],[82.38036,19.86791],[82.38092,19.86849],[82.3828,19.86935],[82.38346,19.87],[82.38356,19.87108],[82.3838,19.87173],[82.38381,19.87197],[82.38375,19.87231],[82.38358,19.87263],[82.3829,19.87316],[82.38256,19.87353],[82.38258,19.87376],[82.38284,19.87421],[82.38307,19.87442],[82.38385,19.87447],[82.38449,19.87464],[82.385,19.87495],[82.38531,19.87545],[82.3854,19.87606],[82.38581,19.87681],[82.38686,19.878],[82.38884,19.87966],[82.39096,19.88091],[82.39138,19.88133],[82.39219,19.88127],[82.39238,19.88132],[82.39243,19.88157],[82.39225,19.88201],[82.39257,19.88232],[82.39252,19.88268],[82.3928,19.88306],[82.39291,19.88358],[82.39348,19.88419],[82.39376,19.88464],[82.39371,19.88551],[82.39473,19.88768],[82.39505,19.88788],[82.39653,19.8883],[82.3979,19.88899],[82.39926,19.88938],[82.39959,19.88963],[82.40087,19.89031],[82.40274,19.89106],[82.40392,19.89216],[82.40512,19.89357],[82.40605,19.89437],[82.40709,19.89505],[82.40998,19.89649],[82.41068,19.89699],[82.41162,19.89786],[82.41196,19.89805],[82.4136,19.89853],[82.41583,19.89899],[82.4179,19.89922],[82.41868,19.89951],[82.41889,19.89973],[82.41894,19.89992],[82.41887,19.90011],[82.41853,19.90036],[82.41751,19.90068],[82.41675,19.90143],[82.41665,19.90172],[82.41666,19.90228],[82.41676,19.90257],[82.41789,19.9041],[82.41826,19.90434],[82.41852,19.90435],[82.41899,19.90415],[82.41978,19.90321],[82.4202,19.90315],[82.42046,19.90319],[82.42099,19.90342],[82.4216,19.90422],[82.42245,19.90431],[82.42301,19.90476],[82.42356,19.90491],[82.42399,19.90512],[82.42489,19.90505],[82.42582,19.90537],[82.42665,19.90533],[82.4275,19.90518],[82.42899,19.90444],[82.42972,19.90431],[82.43033,19.90436],[82.43173,19.90482],[82.43372,19.90495],[82.43486,19.90496],[82.43642,19.90468],[82.43715,19.90469],[82.43792,19.90492],[82.43877,19.90544],[82.44188,19.90841],[82.44253,19.90894],[82.44313,19.90927],[82.44374,19.90949],[82.44518,19.90975],[82.44752,19.90988],[82.44831,19.90981],[82.44903,19.90966],[82.45111,19.90904],[82.45202,19.90869],[82.45392,19.90752],[82.45758,19.90495],[82.45944,19.90385],[82.46194,19.90273],[82.46386,19.90139],[82.46465,19.90119],[82.46646,19.90119],[82.46781,19.90101],[82.47001,19.90105],[82.47119,19.90132],[82.47164,19.90153],[82.47243,19.90217],[82.47266,19.9025],[82.47282,19.90289],[82.47287,19.9034],[82.47261,19.90449],[82.47255,19.9061],[82.47264,19.90647],[82.47287,19.90675],[82.47322,19.90699],[82.47403,19.90719],[82.47702,19.90686],[82.48009,19.9069],[82.48106,19.90707],[82.48173,19.90731],[82.48292,19.90758],[82.48447,19.90757],[82.48491,19.90746],[82.48561,19.90716],[82.48758,19.90612],[82.48962,19.90454],[82.4902,19.90421],[82.49272,19.90317],[82.49453,19.90319],[82.49521,19.90332],[82.49681,19.9038],[82.49746,19.90385],[82.49799,19.9038],[82.49949,19.90331],[82.49985,19.9031],[82.50014,19.90275],[82.50034,19.90229],[82.50122,19.90195],[82.50178,19.90151],[82.50248,19.90107],[82.50356,19.9002],[82.50372,19.89967],[82.5038,19.8988],[82.50329,19.89406],[82.50345,19.89306],[82.50393,19.89235],[82.50432,19.89158],[82.50454,19.89064],[82.505,19.88932],[82.50551,19.88893],[82.50674,19.88851],[82.5088,19.88836],[82.50899,19.88822],[82.5103,19.88824],[82.51123,19.88841],[82.51302,19.88925],[82.51401,19.8901],[82.51481,19.89041],[82.51629,19.89084],[82.51839,19.89102],[82.51962,19.89089],[82.52027,19.8906],[82.52051,19.88961],[82.52041,19.88955],[82.52241,19.88324],[82.52357,19.88173],[82.52467,19.88067],[82.52729,19.8796],[82.53075,19.87801]]}},{"type":"Feature","properties":{"kind":"state","name":"Chhattisgarh–Odisha","src":"OSM relations 1972004 and 1984022"},"geometry":{"type":"LineString","coordinates":[[82.53075,19.87801],[82.53168,19.87983],[82.53305,19.88388],[82.53393,19.88588],[82.53449,19.88677],[82.53548,19.88693],[82.5396,19.88507],[82.54196,19.88384],[82.54382,19.88166],[82.54548,19.87922],[82.54584,19.87807],[82.54681,19.87682],[82.54758,19.87611],[82.54846,19.87573],[82.55007,19.87597],[82.55112,19.87692],[82.55172,19.87783],[82.55271,19.88001],[82.55344,19.88055],[82.55475,19.88086],[82.55732,19.88049],[82.55857,19.87902],[82.55952,19.87706],[82.55989,19.87508]]}},{"type":"Feature","properties":{"kind":"state","name":"Chhattisgarh–Odisha","src":"OSM relations 1972004 and 1984022","river":"11019","rlen":307},"geometry":{"type":"LineString","coordinates":[[82.55989,19.87508],[82.56021,19.87513],[82.56392,19.87494],[82.56686,19.8755],[82.56978,19.87719],[82.57048,19.87741],[82.57131,19.87746],[82.57251,19.87741],[82.57353,19.87727],[82.57513,19.87733],[82.57546,19.8772],[82.57617,19.87671],[82.57691,19.87583],[82.57791,19.87426],[82.57926,19.87272],[82.58102,19.87035],[82.58276,19.86941],[82.58463,19.86913],[82.58857,19.86995],[82.59008,19.87044],[82.59153,19.87105],[82.59286,19.87196],[82.5935,19.87223],[82.59444,19.8725],[82.59676,19.87259],[82.59804,19.87173],[82.59904,19.87071],[82.60028,19.86974],[82.60162,19.86795],[82.60197,19.86714]]}},{"type":"Feature","properties":{"kind":"state","name":"Chhattisgarh–Odisha","src":"OSM relations 1972004 and 1984022"},"geometry":{"type":"LineString","coordinates":[[82.60197,19.86714],[82.6022,19.86723],[82.60255,19.86693],[82.60374,19.86519]]}},{"type":"Feature","properties":{"kind":"state","name":"Chhattisgarh–Odisha","src":"OSM relations 1972004 and 1984022","river":"9940","rlen":30},"geometry":{"type":"LineString","coordinates":[[82.60374,19.86519],[82.60263,19.86356],[82.60228,19.86316],[82.60196,19.86296],[82.60164,19.86287],[82.60112,19.8624],[82.60078,19.86154],[82.60028,19.86071],[82.59983,19.86031],[82.59941,19.86031],[82.59928,19.86043],[82.59881,19.86058],[82.59852,19.86045],[82.59822,19.86019],[82.598,19.85984],[82.59772,19.85887],[82.59786,19.85859],[82.59802,19.85789],[82.59829,19.85732],[82.59824,19.85682],[82.59797,19.8563],[82.59738,19.85596],[82.59697,19.85591],[82.59684,19.85581],[82.59651,19.85518],[82.59569,19.85434],[82.59548,19.85428],[82.59492,19.85388],[82.59394,19.85335],[82.59275,19.85319],[82.59123,19.85315],[82.59075,19.85284],[82.59023,19.85234],[82.58996,19.85153],[82.59013,19.85103],[82.59027,19.8502],[82.59059,19.84952],[82.5905,19.84934],[82.58938,19.84879],[82.58868,19.84869],[82.58751,19.84896],[82.58678,19.84828],[82.58618,19.84809],[82.58611,19.84782],[82.58622,19.8474],[82.58673,19.8466],[82.58712,19.84609],[82.58746,19.84591],[82.58819,19.84535],[82.58883,19.84473],[82.58875,19.84427],[82.58815,19.84406],[82.58659,19.84402],[82.58549,19.84373],[82.58466,19.84334],[82.58352,19.8431],[82.58281,19.8427],[82.58219,19.84217],[82.58163,19.84182],[82.58055,19.84078],[82.57904,19.83869],[82.57777,19.83673],[82.5769,19.83566],[82.57585,19.83479],[82.5756,19.83445],[82.57546,19.834],[82.57545,19.83329],[82.5758,19.83171],[82.5758,19.83144],[82.57557,19.8307],[82.57541,19.82943],[82.57547,19.82882],[82.57572,19.82868],[82.57611,19.82823],[82.57636,19.82823],[82.57653,19.82833],[82.57701,19.82892],[82.57728,19.83014],[82.57764,19.83066],[82.57822,19.831],[82.57849,19.83104],[82.57904,19.82995],[82.5788,19.82875],[82.57761,19.82615],[82.57754,19.82511],[82.5773,19.82455],[82.57742,19.82431],[82.57785,19.82412],[82.57814,19.8241],[82.57849,19.82378],[82.57852,19.82363],[82.57837,19.82322],[82.57817,19.82273],[82.57797,19.82248],[82.57794,19.82209],[82.57802,19.8217],[82.57797,19.82131],[82.57875,19.82018],[82.57934,19.81964],[82.57945,19.81944],[82.57938,19.81908],[82.57867,19.81778],[82.5779,19.8173],[82.57681,19.81707],[82.57642,19.81676],[82.57641,19.81659],[82.57621,19.81626],[82.57617,19.81496],[82.57672,19.81364],[82.57711,19.81328],[82.57801,19.81288],[82.57825,19.81248],[82.57836,19.81207],[82.57792,19.81135],[82.57664,19.80977],[82.57603,19.80928],[82.57576,19.80889],[82.57576,19.80858],[82.57624,19.8075],[82.57836,19.80632],[82.57898,19.80613],[82.57953,19.80616],[82.57985,19.80596],[82.58082,19.80498],[82.58174,19.80493],[82.58223,19.80514],[82.58282,19.80523],[82.58359,19.80504],[82.58423,19.80508],[82.58459,19.80486],[82.58508,19.80414],[82.58515,19.8034],[82.58493,19.80292],[82.58479,19.80229],[82.58435,19.80188],[82.5841,19.80145],[82.58391,19.80067],[82.584,19.80034],[82.58397,19.79959],[82.58373,19.79903],[82.58358,19.7989],[82.58269,19.796],[82.58245,19.79554],[82.58234,19.79493],[82.58246,19.79435],[82.58354,19.79231],[82.58424,19.78995],[82.58433,19.78857],[82.58376,19.78755],[82.58293,19.78657],[82.58139,19.78511],[82.58112,19.78467],[82.58108,19.78443],[82.58121,19.78371],[82.58173,19.78302],[82.58214,19.78267],[82.58233,19.78228],[82.58233,19.78219],[82.58197,19.78189],[82.58196,19.78188]]}},{"type":"Feature","properties":{"kind":"state","name":"Chhattisgarh–Odisha","src":"OSM relations 1972004 and 1984022"},"geometry":{"type":"LineString","coordinates":[[82.58196,19.78188],[82.58309,19.77998],[82.58296,19.77928],[82.58318,19.77874],[82.58436,19.77829],[82.58715,19.77777],[82.58949,19.77678],[82.59041,19.77627],[82.59438,19.77571],[82.59528,19.77791],[82.59605,19.77902],[82.59813,19.77979],[82.6,19.78023],[82.60127,19.7808],[82.60187,19.78128],[82.6027,19.78247],[82.60283,19.78609],[82.60313,19.78762],[82.60382,19.78817],[82.61094,19.79055],[82.61408,19.79126],[82.61912,19.7915],[82.62129,19.7918],[82.62622,19.7933],[82.62734,19.79414],[82.63129,19.79929],[82.63292,19.80172],[82.63343,19.80424],[82.63322,19.80654],[82.63525,19.81056],[82.63583,19.81322],[82.64036,19.81425],[82.64637,19.81831],[82.64907,19.82424],[82.65094,19.83048],[82.65231,19.83167],[82.65806,19.83181],[82.66066,19.83171],[82.66236,19.8307],[82.6651,19.83012],[82.66809,19.83],[82.67042,19.83062],[82.67261,19.83165],[82.68006,19.83159],[82.68508,19.83119],[82.69122,19.82996],[82.69654,19.83056],[82.70381,19.83203],[82.70574,19.83268]]}},{"type":"Feature","properties":{"kind":"state","name":"Chhattisgarh–Odisha","src":"OSM relations 1972004 and 1984022","river":"10733","rlen":67},"geometry":{"type":"LineString","coordinates":[[82.70574,19.83268],[82.70571,19.83294],[82.70606,19.83412],[82.70705,19.83511],[82.70752,19.83533],[82.70809,19.83545],[82.70846,19.83567],[82.70873,19.83645],[82.70902,19.8369],[82.70887,19.83779],[82.70867,19.83827],[82.7092,19.83893],[82.70943,19.83913],[82.71067,19.83963],[82.71176,19.83974],[82.71237,19.84009],[82.71243,19.8404],[82.71256,19.84057],[82.71238,19.84104],[82.71171,19.8415],[82.71129,19.84189],[82.71123,19.84243],[82.71145,19.84286],[82.71275,19.84353],[82.71319,19.84385],[82.71339,19.84419],[82.71337,19.84537],[82.71318,19.8458],[82.71275,19.84633],[82.71236,19.84702],[82.71238,19.8479],[82.71248,19.84833],[82.71242,19.8485],[82.71186,19.8494],[82.7113,19.85001],[82.71125,19.85058],[82.71145,19.85119],[82.71167,19.85147],[82.71206,19.85177],[82.71268,19.85201],[82.71391,19.85224],[82.71441,19.85249],[82.71497,19.85295],[82.71648,19.85265],[82.71712,19.85268],[82.71756,19.85277],[82.71786,19.85292],[82.71808,19.85308],[82.71801,19.85355],[82.71811,19.85412],[82.71827,19.85431],[82.71833,19.85454],[82.71819,19.85517],[82.71832,19.85609],[82.71854,19.8565],[82.71894,19.85676],[82.71967,19.85705],[82.72003,19.85733],[82.7202,19.85775],[82.72021,19.85821],[82.71983,19.85975],[82.71931,19.86051],[82.71919,19.86083],[82.71909,19.86181],[82.71923,19.86328],[82.71988,19.86476],[82.71998,19.8652],[82.71993,19.86595],[82.72013,19.86656],[82.71995,19.86776],[82.72013,19.86825],[82.72023,19.86907],[82.72178,19.87065],[82.72199,19.87099],[82.72201,19.87159],[82.72168,19.87266],[82.72168,19.87308],[82.72178,19.87342],[82.72213,19.87374],[82.72314,19.87431]]}},{"type":"Feature","properties":{"kind":"state","name":"Chhattisgarh–Odisha","src":"OSM relations 1972004 and 1984022"},"geometry":{"type":"LineString","coordinates":[[82.72314,19.87431],[82.72199,19.87614],[82.71995,19.87626],[82.71619,19.877],[82.71484,19.87755],[82.71392,19.87825],[82.7134,19.87987],[82.71293,19.88396],[82.70982,19.89018],[82.70894,19.89516],[82.70699,19.90075],[82.70654,19.90291],[82.70778,19.9045],[82.7084,19.90571],[82.7083,19.90709],[82.70634,19.90937],[82.70622,19.91148],[82.70729,19.91441],[82.71119,19.91713],[82.71194,19.91919],[82.71164,19.92076],[82.71068,19.9225],[82.71072,19.92492],[82.711,19.92724],[82.71122,19.93386],[82.71272,19.93761],[82.71546,19.9408],[82.71855,19.94656],[82.71881,19.9487],[82.71718,19.95076],[82.71551,19.95254],[82.71456,19.95463],[82.71435,19.9577],[82.71628,19.96246],[82.71705,19.96528],[82.71667,19.97194],[82.71714,19.9792],[82.71667,19.98771],[82.71628,19.98968],[82.71512,19.99162],[82.71499,19.99616],[82.70853,19.99832],[82.70651,19.99847],[82.7006,19.99721],[82.69602,19.999],[82.68451,20.00033],[82.6796,20.00108],[82.67037,20.00144],[82.66713,20.0018],[82.66226,20.00377],[82.6573,20.00495],[82.65265,20.00567],[82.65059,20.00506],[82.64869,20.00398],[82.64648,20.00334],[82.64461,20.00359],[82.64259,20.00549],[82.64083,20.00581],[82.63641,20.0047],[82.63416,20.00448],[82.63188,20.00298],[82.62951,20.00076],[82.62841,19.99929],[82.62464,19.99542],[82.62243,19.99335],[82.62002,19.99256],[82.61755,19.99227],[82.61507,19.99155],[82.60912,19.99084],[82.60066,19.99102],[82.59434,19.99227],[82.59064,19.99352],[82.58877,19.99539],[82.58561,20.0004],[82.58366,20.00284],[82.58153,20.0042],[82.56956,20.00982],[82.56232,20.01355],[82.55412,20.01573],[82.55054,20.01702],[82.54471,20.01849],[82.53808,20.01817],[82.53564,20.01745],[82.53377,20.01605],[82.53164,20.0153],[82.52916,20.01537],[82.52363,20.01648],[82.50972,20.01809],[82.50419,20.0196],[82.4981,20.0225],[82.49364,20.02422],[82.48948,20.02755],[82.48529,20.03052],[82.48064,20.03628],[82.47755,20.03786],[82.47309,20.03593],[82.47119,20.03568],[82.46955,20.03607],[82.46848,20.03675],[82.46475,20.03987],[82.46311,20.04108],[82.46086,20.04087],[82.45907,20.04001],[82.45415,20.03915],[82.4503,20.03947],[82.44413,20.04141],[82.43833,20.04402],[82.43483,20.04606],[82.43067,20.0491],[82.42762,20.04939],[82.42221,20.05011],[82.42011,20.0505],[82.41741,20.05157],[82.41512,20.05097],[82.41108,20.05086],[82.40437,20.05329],[82.39957,20.05583],[82.39866,20.05809],[82.39789,20.06303],[82.39629,20.06615],[82.39576,20.06833],[82.39645,20.07044],[82.39793,20.0742],[82.40132,20.07978],[82.40159,20.08315],[82.4001,20.09056],[82.40068,20.09289],[82.40068,20.09561],[82.39999,20.09735]]}},{"type":"Feature","properties":{"kind":"state","name":"Chhattisgarh–Odisha","src":"OSM relations 1972004 and 1984022","river":"11056","rlen":145},"geometry":{"type":"LineString","coordinates":[[82.39999,20.09735],[82.39958,20.09733],[82.39906,20.09753],[82.39837,20.09803],[82.39804,20.09819],[82.39732,20.09879],[82.39695,20.09977],[82.397,20.1003],[82.39731,20.10089],[82.39749,20.10178],[82.39759,20.10194],[82.39763,20.10282],[82.3984,20.10314],[82.39851,20.10325],[82.39874,20.10417],[82.39849,20.10535],[82.39812,20.10632],[82.39803,20.10698],[82.39803,20.10792],[82.39835,20.1087],[82.39814,20.11023],[82.39829,20.11126],[82.39822,20.11151],[82.39822,20.11199],[82.39844,20.11245],[82.39858,20.11311],[82.3985,20.11522],[82.39881,20.11759],[82.39834,20.12127],[82.39838,20.12292],[82.39827,20.12349],[82.39789,20.12407],[82.39714,20.12454],[82.3958,20.12489],[82.39562,20.12502],[82.3952,20.12564],[82.39473,20.12594],[82.3947,20.12595]]}},{"type":"Feature","properties":{"kind":"state","name":"Chhattisgarh–Odisha","src":"OSM relations 1972004 and 1984022"},"geometry":{"type":"LineString","coordinates":[[82.3947,20.12595],[82.39536,20.12808],[82.39416,20.13007],[82.39313,20.1353],[82.39149,20.1383],[82.38737,20.14446],[82.38642,20.14639],[82.38753,20.14818],[82.3897,20.14947],[82.39195,20.1504],[82.39343,20.15147],[82.39378,20.15347],[82.3934,20.1558],[82.39202,20.15823],[82.39111,20.16246],[82.39134,20.16485],[82.39271,20.16721],[82.3945,20.16897],[82.39698,20.17051],[82.39938,20.17229],[82.40395,20.17494],[82.40464,20.17616],[82.40514,20.17795],[82.40636,20.17873],[82.40712,20.18042],[82.40853,20.18131],[82.41059,20.18092],[82.41226,20.18217],[82.41245,20.18399],[82.41379,20.18972],[82.41459,20.19963],[82.41619,20.20109],[82.41889,20.20281],[82.42004,20.20424],[82.42072,20.20685],[82.42107,20.21465],[82.42236,20.21901],[82.42271,20.22087],[82.41849,20.22343],[82.41584,20.22588],[82.41475,20.22756],[82.41405,20.23071],[82.41331,20.23579],[82.41241,20.23743],[82.41105,20.239],[82.41034,20.24043],[82.40968,20.24321],[82.41042,20.24602],[82.41401,20.24664],[82.41611,20.2465],[82.41845,20.2469],[82.41993,20.24803],[82.41969,20.25022],[82.41666,20.25421],[82.41517,20.25633],[82.41377,20.25867],[82.41124,20.259],[82.41027,20.26035],[82.41144,20.26623],[82.41257,20.27018],[82.41408,20.27241],[82.41938,20.27409],[82.42336,20.27617],[82.4299,20.28154],[82.4322,20.28403],[82.43438,20.28713],[82.43543,20.289],[82.43664,20.29225],[82.43668,20.2944],[82.43605,20.2963],[82.43298,20.29828],[82.43161,20.29937],[82.42967,20.30189],[82.42935,20.30343],[82.42928,20.3054],[82.43006,20.313],[82.42908,20.31523],[82.4246,20.32005],[82.42152,20.32363],[82.42008,20.32436],[82.41712,20.32421],[82.41611,20.32513],[82.41498,20.32673],[82.41362,20.32768],[82.41159,20.3279],[82.41011,20.32761],[82.40867,20.32783],[82.40809,20.32991],[82.4084,20.33148],[82.40824,20.33298],[82.40501,20.33503],[82.40123,20.33707],[82.39963,20.33904],[82.39976,20.3432],[82.40089,20.34601],[82.40172,20.34752],[82.40507,20.35217],[82.40529,20.35429],[82.40429,20.35625],[82.40415,20.35837],[82.40707,20.36481],[82.41324,20.37655],[82.41494,20.37863],[82.41642,20.38111],[82.41698,20.38409],[82.41655,20.38853],[82.41742,20.39016],[82.41829,20.39114],[82.41946,20.39391],[82.41959,20.3957],[82.41916,20.39929],[82.41916,20.40141],[82.41842,20.40422],[82.41629,20.40797],[82.41911,20.41152],[82.42146,20.41274],[82.42503,20.41404],[82.42803,20.41498],[82.42998,20.41608],[82.43098,20.41775],[82.43098,20.41975],[82.43072,20.4224],[82.42994,20.42651],[82.4302,20.43063],[82.43451,20.43271],[82.43633,20.43372],[82.43685,20.43487],[82.43685,20.43662],[82.43551,20.43865],[82.43351,20.44509],[82.43111,20.44558],[82.4272,20.4457],[82.4249,20.44627],[82.42437,20.44794],[82.4245,20.45031],[82.42537,20.45373],[82.4262,20.46901],[82.42324,20.47447],[82.42185,20.47658],[82.42072,20.47874],[82.41911,20.48058],[82.41703,20.48147],[82.4162,20.48074],[82.41529,20.47887],[82.41511,20.47777],[82.41442,20.47544],[82.41229,20.47218],[82.41111,20.46978],[82.41089,20.4688],[82.40989,20.46807],[82.40859,20.46787],[82.40829,20.46713],[82.40846,20.46603],[82.40907,20.46404],[82.40863,20.46257],[82.40472,20.46057],[82.40381,20.46],[82.40189,20.45964],[82.40124,20.46041],[82.39985,20.46123],[82.39807,20.46066],[82.3962,20.46045],[82.3952,20.46082],[82.39437,20.46176],[82.39441,20.4631],[82.39537,20.4644],[82.39628,20.46632],[82.39689,20.46966],[82.39698,20.47145],[82.39502,20.47748],[82.3942,20.47846],[82.39176,20.47915],[82.39254,20.48135],[82.39281,20.48302],[82.39246,20.48506],[82.39094,20.48579],[82.39007,20.48693],[82.39054,20.49288],[82.38876,20.49455],[82.38789,20.49642],[82.38837,20.49781],[82.38872,20.49948],[82.3882,20.50151],[82.38737,20.50872],[82.38759,20.5108],[82.38846,20.51495],[82.38846,20.51715],[82.3882,20.51841],[82.38602,20.51886],[82.38337,20.5198],[82.37193,20.52318],[82.36828,20.52379],[82.36585,20.52485],[82.36041,20.52749],[82.35772,20.52904],[82.3548,20.53206],[82.35319,20.53658],[82.35163,20.54183],[82.3485,20.5459],[82.3465,20.54716],[82.34489,20.54798],[82.34354,20.5494],[82.33976,20.5529],[82.33767,20.55396],[82.33558,20.55547],[82.33384,20.55779],[82.33279,20.55954]]}},{"type":"Feature","properties":{"kind":"state","name":"Chhattisgarh–Odisha","src":"OSM relations 1972004 and 1984022","river":"11077","rlen":20},"geometry":{"type":"LineString","coordinates":[[82.33279,20.55954],[82.33292,20.5597],[82.33295,20.55996],[82.33265,20.56056],[82.33233,20.56099],[82.33224,20.56136],[82.33222,20.56181],[82.33248,20.56297],[82.33288,20.56379],[82.33313,20.56391],[82.33345,20.56393],[82.33374,20.56385],[82.33406,20.56363],[82.33439,20.56362],[82.33471,20.56383],[82.33499,20.56421],[82.33509,20.56459],[82.33494,20.56501],[82.33422,20.56574],[82.33369,20.56666],[82.33335,20.56798],[82.33333,20.56833],[82.33341,20.56857],[82.33373,20.56872],[82.33438,20.56883],[82.33549,20.56887],[82.33705,20.56962],[82.33737,20.5696],[82.33811,20.56919],[82.33876,20.56909],[82.34066,20.57002],[82.34262,20.57075],[82.34316,20.57104],[82.34403,20.57178],[82.34427,20.57209],[82.34468,20.57354],[82.34482,20.57374],[82.34735,20.57526],[82.34845,20.57629],[82.34861,20.57659],[82.34827,20.57805],[82.34827,20.57844],[82.34837,20.57869],[82.34935,20.579],[82.34971,20.57945],[82.35016,20.57983],[82.35033,20.58008],[82.35046,20.58065],[82.35076,20.58098],[82.35081,20.58141],[82.35054,20.58229],[82.34963,20.58419],[82.34904,20.5858],[82.34889,20.5859],[82.3484,20.58599],[82.34821,20.58614],[82.34806,20.58647],[82.34798,20.58774],[82.34744,20.58883],[82.34725,20.58982],[82.34702,20.59045],[82.34683,20.59073],[82.3456,20.59167],[82.34425,20.59253],[82.34411,20.59331],[82.34407,20.59394],[82.34393,20.59458],[82.34389,20.5956],[82.34417,20.59642],[82.34468,20.59612],[82.34524,20.59592],[82.34556,20.59621],[82.34551,20.59665],[82.34497,20.59782],[82.34496,20.59867],[82.34529,20.599],[82.34661,20.60101],[82.34694,20.60199],[82.34726,20.60251],[82.34746,20.60275],[82.34967,20.6028],[82.35029,20.60303],[82.35215,20.60276],[82.35255,20.6028],[82.35288,20.60293],[82.35316,20.6032],[82.35345,20.60411],[82.35369,20.60456],[82.35452,20.60502],[82.35482,20.60524],[82.35493,20.60546],[82.3552,20.60646],[82.35514,20.60771],[82.3552,20.60838],[82.35561,20.60896],[82.35622,20.60921],[82.3569,20.60919],[82.35713,20.60908],[82.35763,20.60853],[82.35794,20.60832],[82.35818,20.60826],[82.35895,20.6083],[82.3592,20.60837],[82.36019,20.609],[82.36107,20.60895],[82.36133,20.60907],[82.36181,20.60963],[82.36271,20.61027],[82.36286,20.6105],[82.36311,20.61238],[82.36246,20.61351],[82.36246,20.61385],[82.36267,20.61409],[82.36309,20.61418],[82.36465,20.61492],[82.36499,20.61525],[82.36513,20.61576],[82.36507,20.61651],[82.36493,20.61711],[82.36499,20.61914],[82.36485,20.62005],[82.36488,20.62041],[82.36483,20.62069],[82.36414,20.62153],[82.36416,20.62196],[82.36501,20.62246],[82.36545,20.6229],[82.36597,20.62301],[82.36616,20.62317],[82.36618,20.62363],[82.36636,20.62376],[82.36722,20.62365],[82.36776,20.62393],[82.36821,20.62399],[82.3682,20.6242],[82.36804,20.62444],[82.36804,20.62466],[82.36825,20.62511],[82.3687,20.62544],[82.36949,20.62545],[82.36998,20.62566],[82.3707,20.62562],[82.37101,20.6257],[82.37121,20.62585],[82.37134,20.62603],[82.37143,20.62638],[82.37196,20.62697],[82.3719,20.62746],[82.37201,20.62763],[82.37303,20.62798],[82.37303,20.62827],[82.37293,20.62837],[82.37292,20.62858],[82.37323,20.62888],[82.37383,20.62927],[82.37409,20.62961],[82.3741,20.62981],[82.37452,20.63001],[82.37475,20.63003],[82.37507,20.6304],[82.37529,20.6305]]}},{"type":"Feature","properties":{"kind":"state","name":"Chhattisgarh–Odisha","src":"OSM relations 1972004 and 1984022"},"geometry":{"type":"LineString","coordinates":[[82.37529,20.6305],[82.3753,20.63232],[82.37473,20.63554],[82.3739,20.6368],[82.37261,20.63963],[82.37217,20.641],[82.37168,20.64358],[82.36973,20.64749],[82.36786,20.65206],[82.36844,20.65314],[82.36893,20.65589],[82.36861,20.65984],[82.36888,20.66212],[82.36973,20.66395],[82.3707,20.66516],[82.37275,20.66686],[82.3723,20.66899],[82.3667,20.67934],[82.36475,20.68138],[82.36253,20.68237],[82.36075,20.68279],[82.35924,20.68433],[82.35813,20.68666],[82.35559,20.69123],[82.35133,20.70162],[82.34977,20.70466],[82.34879,20.7111],[82.34991,20.71551],[82.35057,20.71655],[82.35208,20.71779],[82.35315,20.72],[82.35017,20.72424],[82.34786,20.72702],[82.34568,20.72989],[82.34551,20.73138],[82.34617,20.73259],[82.34737,20.73342],[82.35071,20.73446],[82.3531,20.73562],[82.35213,20.73787],[82.34697,20.75233],[82.34471,20.75777],[82.34368,20.76126],[82.34159,20.76679],[82.34168,20.76841],[82.34342,20.77024],[82.34328,20.77398],[82.34346,20.7773],[82.34311,20.78187],[82.34311,20.78728],[82.34328,20.79118],[82.34497,20.79467],[82.34559,20.79783],[82.34444,20.79982],[82.34151,20.80315],[82.34311,20.8078],[82.34106,20.81262],[82.33991,20.81885],[82.33928,20.82412],[82.33895,20.82597],[82.33882,20.82743],[82.33926,20.82865],[82.34019,20.83031],[82.34013,20.83775],[82.33951,20.84149],[82.33915,20.8457],[82.33871,20.8485],[82.33904,20.84973],[82.341,20.85311],[82.34233,20.85496],[82.34342,20.8593],[82.34584,20.87273],[82.3457,20.87535],[82.34607,20.87712],[82.34572,20.87777],[82.34612,20.8796],[82.348,20.8824],[82.34852,20.88342],[82.34861,20.88664],[82.34941,20.88822],[82.35044,20.88907],[82.35197,20.88946],[82.35376,20.88946],[82.36168,20.88836],[82.36322,20.88753],[82.36342,20.88637],[82.36266,20.88438],[82.36049,20.8808],[82.35997,20.87871],[82.35955,20.87586],[82.36058,20.87264],[82.36148,20.87147],[82.36403,20.87026],[82.36798,20.86957],[82.37271,20.86802],[82.37468,20.86769],[82.37614,20.86763],[82.37871,20.8679],[82.38241,20.87051],[82.38317,20.87173],[82.38396,20.87264],[82.38559,20.87377],[82.38687,20.87453],[82.38887,20.87459],[82.3905,20.87382],[82.39211,20.87195],[82.39514,20.86957],[82.39608,20.86915],[82.39727,20.86916],[82.40005,20.87041],[82.40431,20.87021],[82.40545,20.86977],[82.40668,20.86641],[82.40729,20.86378],[82.40675,20.86058],[82.40698,20.85879],[82.41003,20.85561],[82.41247,20.85222],[82.41274,20.85148],[82.41262,20.85003],[82.41032,20.84682],[82.41,20.84485],[82.4113,20.84271],[82.41229,20.84153],[82.41383,20.8405],[82.4148,20.83964],[82.41661,20.83874],[82.41754,20.83805],[82.41857,20.83631],[82.41886,20.83501],[82.41904,20.83294],[82.41955,20.83203],[82.42094,20.83152],[82.42477,20.83108],[82.42652,20.83133],[82.42905,20.83189],[82.43091,20.83248],[82.43296,20.83346],[82.43547,20.834],[82.43641,20.83407],[82.43755,20.83441],[82.43829,20.83493],[82.43975,20.83547],[82.44143,20.83474],[82.44268,20.83459],[82.44343,20.83383],[82.4436,20.83111],[82.44459,20.83076],[82.44724,20.83017],[82.44831,20.8303],[82.44907,20.83061],[82.44999,20.83047],[82.45421,20.82836],[82.45537,20.82808],[82.45766,20.82806],[82.46051,20.8286],[82.46263,20.82801]]}},{"type":"Feature","properties":{"kind":"state","name":"Chhattisgarh–Odisha","src":"OSM relations 1972004 and 1984022","river":"10398","rlen":201},"geometry":{"type":"LineString","coordinates":[[82.46263,20.82801],[82.46286,20.82876],[82.46403,20.82976],[82.46577,20.8307],[82.46747,20.83212],[82.46819,20.83284],[82.4691,20.83402],[82.46913,20.83444],[82.4687,20.83586],[82.46865,20.83706],[82.46845,20.83761],[82.46823,20.83797],[82.46727,20.83905],[82.46625,20.84006],[82.46572,20.84076],[82.46477,20.84233],[82.46436,20.84278],[82.46438,20.84301],[82.46458,20.84325],[82.46558,20.84377],[82.46601,20.84439],[82.46596,20.84471],[82.46578,20.84503],[82.46592,20.84534],[82.46683,20.84648],[82.46778,20.84747],[82.46815,20.84777],[82.46864,20.84802],[82.46945,20.84831],[82.4697,20.84847],[82.47032,20.84913],[82.47127,20.84963],[82.47164,20.84971],[82.47189,20.8496],[82.47245,20.84916],[82.47271,20.84919],[82.47351,20.84969],[82.47446,20.84999],[82.47512,20.85],[82.47566,20.84978],[82.47619,20.84939],[82.47665,20.84942],[82.47718,20.84957],[82.47783,20.84962],[82.47886,20.84947],[82.47922,20.84953],[82.48046,20.85048],[82.48136,20.85099],[82.48161,20.85123],[82.48183,20.85161],[82.48209,20.85273],[82.4822,20.85298],[82.48269,20.85347],[82.48291,20.85426],[82.48327,20.85461],[82.48374,20.85492],[82.48393,20.85519],[82.48388,20.85564],[82.48326,20.85667],[82.4834,20.8586],[82.48353,20.85894],[82.4838,20.85916],[82.48451,20.8593],[82.48507,20.85951],[82.48645,20.86023],[82.48713,20.86129],[82.48734,20.8619],[82.48738,20.86237],[82.48733,20.86266],[82.48694,20.86347],[82.48676,20.86429],[82.48685,20.86492],[82.48675,20.86529],[82.48623,20.8659],[82.48567,20.86635],[82.48543,20.86676],[82.48517,20.8678],[82.48515,20.8685],[82.48497,20.86924],[82.48502,20.86971],[82.48536,20.8706],[82.48569,20.87123],[82.48607,20.87172],[82.48647,20.87297],[82.48715,20.87401],[82.48876,20.87522],[82.48965,20.87671],[82.49023,20.87707],[82.49074,20.87763],[82.49111,20.87889],[82.49179,20.87992],[82.4919,20.88075],[82.49187,20.88122],[82.49072,20.8822],[82.49065,20.88233],[82.49063,20.88326],[82.49068,20.88342],[82.4911,20.88389],[82.49118,20.88445],[82.49081,20.88575],[82.48956,20.88843],[82.48962,20.8888],[82.49014,20.88956],[82.49041,20.89033],[82.49071,20.89073],[82.49078,20.89104],[82.49075,20.89258],[82.4903,20.89313],[82.49029,20.89383],[82.49014,20.89417],[82.48958,20.89479],[82.48967,20.89523],[82.48973,20.89618],[82.4901,20.89663],[82.49012,20.89707],[82.48993,20.89756],[82.48937,20.89821],[82.48917,20.89856],[82.48901,20.89908],[82.48909,20.89939],[82.48952,20.89967],[82.48976,20.89999],[82.4899,20.90035],[82.48989,20.90067],[82.48936,20.90162],[82.48926,20.90265],[82.48908,20.90281],[82.48867,20.9028],[82.48845,20.90301],[82.48843,20.90397],[82.48782,20.90509],[82.48753,20.90527],[82.48704,20.90585],[82.48689,20.90636],[82.48696,20.90665],[82.48689,20.90787],[82.48697,20.90833],[82.48766,20.90919],[82.48851,20.91084],[82.48899,20.91134],[82.48975,20.91189],[82.48994,20.91201],[82.49037,20.91208],[82.49081,20.91234],[82.49147,20.91302],[82.49232,20.91324],[82.49348,20.91318],[82.49388,20.91334],[82.49487,20.9141],[82.49648,20.9142],[82.49785,20.91493],[82.49887,20.91521],[82.49922,20.91555],[82.49949,20.91619],[82.49968,20.91644],[82.49994,20.91653],[82.50025,20.91638],[82.50064,20.91635],[82.50097,20.91648],[82.50188,20.91731],[82.50268,20.9178],[82.50433,20.91923],[82.50613,20.92036],[82.50754,20.92086],[82.50902,20.92104],[82.50927,20.92115],[82.50966,20.92148],[82.51015,20.92168],[82.51084,20.92169],[82.51175,20.92151],[82.51273,20.92158],[82.51325,20.92177],[82.51376,20.92221],[82.51411,20.92236],[82.51459,20.92232],[82.51525,20.92194],[82.51567,20.92193],[82.51593,20.92201],[82.51629,20.9224],[82.51675,20.92344],[82.5174,20.92414],[82.51777,20.92422],[82.51847,20.92404],[82.51897,20.92378],[82.51984,20.92429],[82.52073,20.92455],[82.52111,20.92541],[82.52122,20.92646],[82.52182,20.92799],[82.52268,20.9291],[82.52376,20.92935],[82.52463,20.92977],[82.525,20.93017],[82.52515,20.93209],[82.52535,20.93254],[82.52551,20.93268],[82.52581,20.93272],[82.52657,20.93267],[82.52682,20.93272],[82.52715,20.93305],[82.52733,20.93313],[82.5282,20.93316],[82.52862,20.93329],[82.5292,20.9338],[82.52948,20.93396],[82.5297,20.93424],[82.52992,20.93553],[82.5302,20.93563],[82.53075,20.93561],[82.53105,20.93583],[82.53146,20.9363],[82.53205,20.93648],[82.53362,20.93658],[82.53467,20.9364],[82.53556,20.93602],[82.53631,20.93582],[82.5391,20.93558],[82.5405,20.93572],[82.54159,20.93544],[82.54208,20.93517],[82.54264,20.93501],[82.54385,20.93533],[82.54516,20.9361],[82.54606,20.93678],[82.54635,20.93736],[82.54706,20.93778],[82.54739,20.93812],[82.54764,20.93884],[82.54809,20.93952],[82.5485,20.93995],[82.54908,20.94029],[82.55034,20.94049],[82.55147,20.94043],[82.55213,20.9407],[82.55256,20.94142],[82.55283,20.94264],[82.55346,20.94339],[82.55394,20.94446],[82.55435,20.94471],[82.55448,20.94529],[82.55466,20.94552],[82.55508,20.94567],[82.5556,20.94601],[82.55594,20.9461],[82.55618,20.9461],[82.55705,20.94563],[82.55744,20.94566],[82.55792,20.94593],[82.55834,20.9463],[82.55942,20.94696],[82.55954,20.94709],[82.55963,20.94801],[82.55991,20.94841],[82.56046,20.94887],[82.56055,20.94907],[82.5613,20.95269],[82.56143,20.9529],[82.56163,20.95301],[82.56245,20.95308],[82.56265,20.95318],[82.56327,20.95395],[82.56471,20.95472],[82.56498,20.95503],[82.56523,20.95594],[82.56579,20.95666],[82.56588,20.95707],[82.56587,20.95899],[82.56583,20.9594],[82.5654,20.96124],[82.5654,20.96156],[82.56628,20.96319],[82.56658,20.96409],[82.56658,20.96466],[82.5662,20.96558],[82.56622,20.96662],[82.56632,20.96689],[82.56681,20.96747],[82.56767,20.96884],[82.56917,20.96994],[82.57192,20.97148],[82.57246,20.97233],[82.57267,20.97321],[82.57304,20.97393],[82.57331,20.9753],[82.5735,20.97562],[82.57381,20.97593],[82.57495,20.9768],[82.57736,20.97817],[82.57895,20.97822],[82.57972,20.9784],[82.58056,20.97871],[82.58088,20.97922],[82.5813,20.97949],[82.58145,20.97995],[82.58146,20.9803],[82.5813,20.98068],[82.58125,20.9812],[82.58125,20.9814],[82.58144,20.98168],[82.58163,20.98176],[82.58226,20.98182],[82.58245,20.98192],[82.58263,20.98218],[82.58314,20.98222],[82.58348,20.98243],[82.58369,20.98265],[82.58372,20.98371],[82.584,20.98402],[82.58422,20.98413],[82.58473,20.9842],[82.58548,20.98442],[82.58581,20.9846],[82.5862,20.98523],[82.58629,20.9855],[82.58619,20.98688],[82.58621,20.9878],[82.58594,20.98868],[82.58626,20.99021],[82.58665,20.99067],[82.58681,20.99136],[82.58681,20.99251],[82.58706,20.99297],[82.5876,20.99334],[82.58817,20.99344],[82.58894,20.99388],[82.58952,20.99404],[82.59003,20.99431],[82.59029,20.99472],[82.59034,20.99517],[82.59057,20.99557],[82.59099,20.9958],[82.59271,20.9973],[82.59363,20.99794],[82.59407,20.99812],[82.5946,20.99822],[82.59536,20.9986],[82.59634,20.99947],[82.5967,21.00004],[82.59711,21.00048],[82.5977,21.0008],[82.59811,21.00086],[82.59893,21.00075],[82.5993,21.00081],[82.59965,21.00104],[82.59971,21.00198],[82.59993,21.00231],[82.60025,21.0025],[82.60043,21.00271],[82.60177,21.00317],[82.60204,21.00348],[82.60259,21.0036],[82.6027,21.00392],[82.6029,21.00408],[82.60313,21.00445],[82.60323,21.00492],[82.60313,21.00522],[82.60312,21.0058],[82.60279,21.00649],[82.60348,21.00755],[82.60535,21.00801],[82.60564,21.00836],[82.60589,21.00948],[82.6061,21.00995],[82.60647,21.0101],[82.60717,21.01077],[82.60782,21.01124],[82.60853,21.01125],[82.60883,21.01119],[82.60919,21.01105],[82.60952,21.01081],[82.60965,21.01097],[82.61021,21.01124],[82.61047,21.01149],[82.6106,21.01183],[82.6109,21.01193],[82.61121,21.01234],[82.61233,21.01308],[82.61254,21.01407],[82.61251,21.01481],[82.61192,21.01559],[82.61183,21.01607],[82.61198,21.01665],[82.61278,21.0173],[82.61327,21.018],[82.61318,21.01828],[82.61315,21.01914],[82.61232,21.02018],[82.61224,21.0207],[82.61234,21.02117],[82.61231,21.02146],[82.61279,21.02178],[82.61338,21.02256],[82.6136,21.0232],[82.61398,21.02384],[82.61391,21.02422],[82.61461,21.02468],[82.61626,21.02542],[82.61761,21.02611],[82.61774,21.02625],[82.61896,21.02647],[82.61917,21.0269],[82.61924,21.02741],[82.61899,21.02859],[82.61926,21.02898],[82.6197,21.02924],[82.61997,21.0295],[82.62072,21.0299],[82.62093,21.03033],[82.62195,21.03105],[82.62293,21.0313],[82.62369,21.0327],[82.62407,21.03389],[82.6248,21.03473],[82.62509,21.03535],[82.62565,21.03575],[82.62588,21.03606],[82.62653,21.03649],[82.6278,21.03789],[82.62868,21.03842],[82.62917,21.03859],[82.62975,21.03914],[82.62993,21.03957],[82.63003,21.04016],[82.62997,21.04084],[82.63013,21.04148],[82.63013,21.04185],[82.62959,21.04341],[82.62898,21.04409],[82.62888,21.04436],[82.62883,21.04508],[82.62914,21.04605],[82.6292,21.04687],[82.62908,21.04714],[82.62834,21.04783],[82.62735,21.04844],[82.62674,21.04872],[82.62659,21.04927],[82.62566,21.05044],[82.6255,21.05054],[82.62393,21.05044],[82.62363,21.05053],[82.62306,21.05145],[82.62282,21.05216],[82.62268,21.0523],[82.62234,21.05247],[82.62196,21.05249],[82.62124,21.05228],[82.62048,21.05258],[82.61996,21.05256],[82.61893,21.05267],[82.61775,21.05351],[82.61745,21.05447],[82.6175,21.05534],[82.61743,21.05583],[82.61764,21.0567],[82.61766,21.05758],[82.6174,21.05807],[82.61734,21.05867],[82.61772,21.05924],[82.61796,21.05985],[82.61768,21.06086],[82.61707,21.06181],[82.61692,21.06237],[82.61664,21.06264],[82.61629,21.06329],[82.61616,21.06382],[82.61534,21.06449],[82.61431,21.0652],[82.61294,21.06643],[82.61238,21.06682],[82.61222,21.06683],[82.61198,21.067],[82.61185,21.06736],[82.61222,21.0689],[82.61188,21.06988],[82.61125,21.07097],[82.61112,21.07141],[82.61112,21.07188],[82.61143,21.07255],[82.61218,21.07318],[82.61219,21.0738],[82.61252,21.07477],[82.61257,21.07581],[82.61292,21.07612],[82.6137,21.07728],[82.61399,21.07741],[82.61481,21.07822],[82.61613,21.07858],[82.61687,21.07902],[82.61718,21.07935],[82.61734,21.07978],[82.61753,21.07995],[82.61826,21.08004],[82.61906,21.07988],[82.62023,21.07976],[82.62124,21.07944],[82.62355,21.07908],[82.62426,21.07862],[82.6246,21.07855],[82.62483,21.07869],[82.6253,21.07919],[82.62584,21.07946],[82.62622,21.07949],[82.6271,21.07925],[82.62826,21.07865],[82.62862,21.07857],[82.6295,21.0785],[82.63014,21.07868],[82.63046,21.07896],[82.63058,21.07919],[82.63073,21.07953],[82.63081,21.08004],[82.63103,21.08018],[82.63111,21.08077],[82.63138,21.08132],[82.63153,21.08152],[82.63211,21.08191],[82.63245,21.08231],[82.63278,21.08297],[82.63367,21.08392],[82.634,21.08453],[82.63401,21.08477],[82.6336,21.08544],[82.6337,21.08628],[82.63362,21.08704],[82.63322,21.08791],[82.63339,21.08835],[82.6338,21.08885],[82.63406,21.08945],[82.63455,21.09026],[82.63458,21.09086],[82.63447,21.09156],[82.63437,21.09179],[82.63472,21.09234],[82.63518,21.09274],[82.63602,21.09313],[82.63653,21.09363],[82.63801,21.09417],[82.63944,21.09527],[82.63956,21.0958],[82.63984,21.0963],[82.64013,21.09664],[82.64023,21.09751],[82.6409,21.09821],[82.64118,21.09829],[82.64227,21.09825],[82.64287,21.09834],[82.64331,21.09863],[82.64386,21.0992],[82.64413,21.09929],[82.64493,21.09928],[82.64537,21.09966],[82.64675,21.10014],[82.64695,21.10037],[82.64702,21.10069],[82.6476,21.10112],[82.64793,21.10157],[82.64822,21.1017],[82.64885,21.10251],[82.64904,21.10309],[82.64948,21.10331],[82.64982,21.10391],[82.65014,21.10421],[82.65032,21.10468],[82.6505,21.10582],[82.65092,21.1068],[82.65086,21.10739],[82.65064,21.10786],[82.64948,21.10902],[82.6478,21.11044],[82.64614,21.11093],[82.64412,21.11117],[82.64356,21.11116],[82.64303,21.11095],[82.64267,21.11094],[82.64255,21.11103],[82.64228,21.11164],[82.64208,21.11179],[82.6414,21.11199],[82.64067,21.1128],[82.63988,21.11328],[82.63942,21.11375],[82.63925,21.11428],[82.63861,21.1153],[82.63846,21.11569],[82.6384,21.11696],[82.63834,21.11738],[82.63825,21.1174],[82.63826,21.11762],[82.63882,21.11851],[82.63912,21.11958],[82.63974,21.12018],[82.64044,21.12039],[82.64181,21.12104],[82.64289,21.12106],[82.64359,21.12134],[82.6441,21.12203],[82.64452,21.12348],[82.64508,21.12431],[82.6454,21.12464],[82.6463,21.12531],[82.64721,21.12584],[82.64877,21.12585],[82.64923,21.12624],[82.64945,21.12714],[82.6498,21.12732],[82.65074,21.12742],[82.65187,21.12819],[82.65265,21.12918],[82.65281,21.12972],[82.65305,21.13006],[82.65363,21.13028],[82.65373,21.13045],[82.65375,21.13121],[82.65352,21.13166],[82.65342,21.13223],[82.65287,21.13289],[82.6528,21.13319],[82.65268,21.13334],[82.65177,21.13426],[82.65144,21.13441],[82.65116,21.13476],[82.65076,21.13479],[82.65028,21.13464],[82.64918,21.13451],[82.64814,21.13476],[82.64735,21.13514],[82.64646,21.13515],[82.64571,21.13477],[82.64512,21.13419],[82.64499,21.13419],[82.64482,21.1339],[82.64442,21.13369],[82.64369,21.13359],[82.64257,21.13376],[82.6421,21.13403],[82.64135,21.1346],[82.64117,21.13525],[82.64131,21.13677],[82.64078,21.13785],[82.64032,21.13956],[82.63993,21.13996],[82.63951,21.14066],[82.63936,21.14149],[82.63892,21.1421],[82.63861,21.14283],[82.63751,21.14379],[82.63714,21.14401],[82.63686,21.14408],[82.63664,21.14453],[82.63649,21.14569],[82.63632,21.1464],[82.63631,21.14691],[82.63606,21.14745],[82.63597,21.14832],[82.63613,21.14928],[82.63632,21.14955],[82.63635,21.14986],[82.63657,21.15045],[82.63696,21.15111],[82.63705,21.1515],[82.63732,21.15196],[82.63733,21.15246],[82.63723,21.15309],[82.63689,21.15343],[82.6368,21.15364],[82.63681,21.1538],[82.63711,21.15431],[82.63716,21.1549]]}},{"type":"Feature","properties":{"kind":"state","name":"Chhattisgarh–Odisha","src":"OSM relations 1972004 and 1984022"},"geometry":{"type":"LineString","coordinates":[[82.63716,21.1549],[82.63924,21.15512],[82.63937,21.1553],[82.64171,21.15606],[82.64493,21.15696],[82.64894,21.1578],[82.65221,21.1583],[82.65407,21.15834],[82.658,21.15774],[82.65974,21.15662],[82.6613,21.1561],[82.66266,21.15598],[82.66446,21.1569],[82.66581,21.15822],[82.66725,21.15864],[82.67094,21.15854],[82.67484,21.15954],[82.67903,21.16102],[82.68201,21.16172],[82.68463,21.16326],[82.6851,21.16596],[82.68763,21.16606],[82.68937,21.16642],[82.69128,21.1671],[82.69358,21.16726],[82.69504,21.16674],[82.69654,21.16604],[82.69656,21.1646],[82.69626,21.16198],[82.6968,21.16036],[82.69765,21.15936],[82.69892,21.15908],[82.70167,21.15904],[82.70433,21.15942],[82.70776,21.16108],[82.70896,21.16148],[82.71046,21.16176],[82.71619,21.16178],[82.71752,21.16044],[82.71885,21.15974],[82.72038,21.1598],[82.72119,21.1607],[82.72164,21.1622],[82.72036,21.16438],[82.72087,21.16732],[82.72428,21.1675],[82.7281,21.16724],[82.73063,21.16627],[82.73153,21.16631],[82.73196,21.16599],[82.73265,21.16511],[82.73429,21.16505],[82.73665,21.16555],[82.7404,21.16374],[82.74547,21.16474],[82.74732,21.16455],[82.74948,21.16491]]}},{"type":"Feature","properties":{"kind":"state","name":"Chhattisgarh–Odisha","src":"OSM relations 1972004 and 1984022","river":"10094","rlen":44},"geometry":{"type":"LineString","coordinates":[[82.74948,21.16491],[82.74973,21.16479],[82.75016,21.16481],[82.7511,21.16519],[82.75227,21.16527],[82.75485,21.16575],[82.75514,21.16597],[82.75546,21.16642],[82.75598,21.1665],[82.75631,21.16637],[82.75651,21.16613],[82.75642,21.1657],[82.75645,21.16538],[82.75697,21.16475],[82.75728,21.16394],[82.75741,21.16379],[82.75773,21.16391],[82.7581,21.16432],[82.75898,21.16456],[82.75932,21.16474],[82.75992,21.16572],[82.76004,21.16583],[82.76034,21.16592],[82.76048,21.16592],[82.76064,21.16572],[82.76058,21.16467],[82.76083,21.16362],[82.76108,21.16325],[82.76133,21.16308],[82.76161,21.16306],[82.76177,21.16319],[82.7619,21.1637],[82.76194,21.16377],[82.76209,21.16375],[82.76263,21.16298],[82.76289,21.16292],[82.7631,21.16313],[82.76321,21.16381],[82.76331,21.16394],[82.76345,21.16403],[82.76385,21.16408],[82.76414,21.16376],[82.7642,21.16307],[82.76434,21.16282],[82.7646,21.16273],[82.76539,21.16292],[82.76562,21.16289],[82.76607,21.16254],[82.7661,21.16235],[82.76598,21.16217],[82.7653,21.16188],[82.76534,21.16169],[82.76561,21.16136],[82.766,21.16111],[82.76696,21.16076],[82.76801,21.16073],[82.76829,21.16062],[82.76832,21.16034],[82.76749,21.15961],[82.7673,21.15933],[82.7673,21.15918],[82.76745,21.15891],[82.76824,21.15838],[82.76979,21.15771],[82.77113,21.15752],[82.77203,21.15708],[82.77248,21.15671],[82.77266,21.1564],[82.77288,21.1556],[82.7731,21.15529],[82.77353,21.155],[82.77441,21.15483],[82.77483,21.15462],[82.77502,21.15441],[82.77563,21.154],[82.77588,21.1537],[82.77776,21.15338],[82.77887,21.15355],[82.77915,21.15382],[82.78024,21.15335],[82.78075,21.15275],[82.78129,21.15177],[82.78134,21.1511],[82.78116,21.15039],[82.7813,21.14988],[82.78166,21.14954],[82.78227,21.14872],[82.78277,21.14838],[82.7833,21.1482],[82.78358,21.14798],[82.78385,21.14765],[82.78512,21.14556],[82.78604,21.14469],[82.78689,21.14423],[82.78801,21.14426],[82.78832,21.14401],[82.78858,21.14349],[82.78911,21.1428],[82.78955,21.14245],[82.78973,21.14241],[82.79244,21.14261],[82.79282,21.14254],[82.79308,21.1424],[82.79404,21.1424],[82.79443,21.14254],[82.79482,21.14279],[82.7951,21.1432],[82.79486,21.14427],[82.79487,21.14497],[82.7954,21.1453],[82.79583,21.14568],[82.7966,21.14695],[82.79703,21.14867],[82.79706,21.14935],[82.79695,21.14973],[82.79645,21.15063],[82.79618,21.15137],[82.79615,21.15168],[82.79622,21.15185],[82.7965,21.15197],[82.79675,21.15191],[82.79744,21.15134],[82.79787,21.15147],[82.79853,21.15255],[82.79876,21.15279],[82.79894,21.15378],[82.79913,21.15428],[82.79961,21.15513],[82.79999,21.15546],[82.80044,21.15567],[82.80094,21.15578],[82.80351,21.15575],[82.80499,21.15586],[82.80536,21.15601],[82.80595,21.15642],[82.80634,21.15657],[82.807,21.15727],[82.80833,21.15822],[82.80885,21.15849],[82.80921,21.15903],[82.80952,21.15929],[82.80966,21.15953],[82.8101,21.15971],[82.81072,21.15967],[82.8109,21.15976],[82.81104,21.15989],[82.81119,21.16033],[82.81151,21.16074],[82.81235,21.16117],[82.81292,21.16132],[82.81344,21.16129],[82.81384,21.16115],[82.81478,21.16099],[82.81692,21.161],[82.81724,21.16119],[82.81828,21.16242],[82.81865,21.16256],[82.81916,21.16258],[82.8201,21.16236],[82.82056,21.16234],[82.82146,21.16267],[82.82311,21.16294],[82.82399,21.16326],[82.8247,21.16325],[82.82549,21.16351],[82.82652,21.16353],[82.82682,21.16362],[82.82716,21.16387],[82.82758,21.16477],[82.82798,21.16529],[82.82818,21.16538],[82.83014,21.16531],[82.83038,21.1652],[82.83146,21.16425],[82.83173,21.16416],[82.83236,21.16413],[82.83385,21.16476],[82.83421,21.16518],[82.83452,21.16575],[82.83543,21.16634],[82.83613,21.16641],[82.83706,21.16604],[82.83911,21.16616],[82.84154,21.16709],[82.84213,21.16756],[82.84257,21.16769],[82.84347,21.16755],[82.84411,21.16724],[82.84466,21.16713],[82.84527,21.1667],[82.84533,21.1662],[82.84552,21.16596],[82.84587,21.16565],[82.84628,21.16556],[82.84649,21.16558],[82.84709,21.16592],[82.84801,21.166],[82.84857,21.16621],[82.85003,21.16764],[82.85091,21.16793],[82.85148,21.16764],[82.85142,21.16616],[82.85117,21.16478],[82.85111,21.16457],[82.85089,21.1645],[82.85084,21.16435],[82.85093,21.16394],[82.85106,21.16377],[82.85108,21.16311],[82.85092,21.1629],[82.85009,21.16256],[82.84982,21.16234],[82.84967,21.162],[82.84964,21.1616],[82.84969,21.16137],[82.85009,21.16092],[82.85115,21.16025],[82.85138,21.15987],[82.85221,21.15992],[82.8527,21.15971],[82.85342,21.15922],[82.85359,21.15929],[82.85378,21.15959],[82.85373,21.16023],[82.85394,21.16078],[82.85393,21.16158],[82.85412,21.16181],[82.85438,21.16174],[82.85545,21.16175],[82.85591,21.16142],[82.85612,21.16104],[82.85669,21.16054],[82.8568,21.16008],[82.85716,21.15971],[82.8577,21.15958],[82.85868,21.15947],[82.85939,21.1595],[82.85975,21.15976],[82.85987,21.16013],[82.86014,21.16052],[82.86095,21.16064],[82.86177,21.16094],[82.86345,21.16117],[82.86495,21.16157],[82.86524,21.16219],[82.8656,21.16331],[82.86577,21.16345],[82.86628,21.16342],[82.86692,21.16277],[82.86704,21.1624],[82.86694,21.16116],[82.86705,21.16065],[82.86745,21.15986],[82.86829,21.15905],[82.87081,21.157],[82.8711,21.15689],[82.87166,21.15707],[82.87202,21.15749],[82.87183,21.15932],[82.87198,21.16053],[82.87214,21.16119],[82.87274,21.16207],[82.8737,21.1631],[82.87449,21.16343],[82.87459,21.16354],[82.87503,21.16356],[82.87558,21.16342],[82.87707,21.16365],[82.87737,21.16355],[82.87755,21.16335],[82.87756,21.16296],[82.87724,21.1624],[82.8772,21.16175],[82.8769,21.16134],[82.87684,21.16026],[82.87708,21.15991],[82.87743,21.15969],[82.87809,21.15957],[82.87864,21.15922],[82.87929,21.15774],[82.87967,21.15615],[82.87943,21.15566],[82.87832,21.15422],[82.87829,21.15376],[82.87838,21.15361],[82.87865,21.15359],[82.87895,21.15323],[82.8791,21.15273],[82.88007,21.15137],[82.88054,21.15015],[82.88076,21.14921],[82.88114,21.1485],[82.88225,21.1471],[82.88265,21.14677],[82.88337,21.14656],[82.88396,21.14669],[82.88414,21.14684],[82.88414,21.1473],[82.88432,21.14761],[82.88459,21.14774],[82.88509,21.14785],[82.88537,21.14808],[82.88545,21.14824],[82.88541,21.14865],[82.88519,21.14905],[82.88512,21.14931],[82.88515,21.1502],[82.88533,21.1505],[82.8859,21.1509],[82.88684,21.1512],[82.88725,21.1515],[82.88764,21.15221],[82.88771,21.15268],[82.88808,21.15321],[82.889,21.1537],[82.88965,21.15432],[82.8901,21.15463],[82.89146,21.15492],[82.89215,21.15475],[82.89302,21.15508],[82.89409,21.15606],[82.89433,21.15651],[82.89434,21.15676],[82.89457,21.15737],[82.89485,21.15777],[82.89503,21.15829],[82.8951,21.15892],[82.89501,21.15977],[82.89524,21.16047],[82.89659,21.16178],[82.89702,21.16205],[82.89771,21.16216],[82.89823,21.16213],[82.89854,21.16221],[82.89892,21.16254],[82.89982,21.16251],[82.90029,21.16262],[82.9007,21.16292],[82.90098,21.1636],[82.90114,21.1647],[82.90114,21.16495],[82.90098,21.16529],[82.90088,21.16584],[82.90103,21.16668],[82.90119,21.16708],[82.90138,21.16722],[82.90208,21.16711],[82.90334,21.1667],[82.90422,21.16651],[82.90447,21.16676],[82.90501,21.16685],[82.90519,21.16681],[82.90578,21.16653],[82.90651,21.16564],[82.90684,21.16539],[82.90761,21.16516],[82.90814,21.16479],[82.90865,21.16454],[82.9097,21.16444],[82.9109,21.16393],[82.9116,21.16357],[82.91221,21.1629],[82.91308,21.16221],[82.91492,21.16144],[82.91524,21.16149],[82.91626,21.16204],[82.91691,21.16227],[82.91778,21.16228],[82.91842,21.16245],[82.91895,21.16281],[82.91935,21.16331],[82.9197,21.16349],[82.92024,21.16349],[82.92083,21.16332],[82.92173,21.16333],[82.9227,21.16348],[82.92347,21.16365],[82.92401,21.1641],[82.92517,21.16425],[82.92587,21.1645],[82.92657,21.16443],[82.92682,21.16452],[82.92702,21.16451],[82.92753,21.16429],[82.92778,21.16426],[82.92797,21.16417],[82.9288,21.16325],[82.92952,21.16301],[82.93004,21.16301],[82.93085,21.16326],[82.93209,21.16302],[82.93274,21.16311],[82.93359,21.1636],[82.93416,21.16425],[82.93403,21.16475],[82.93443,21.16523],[82.9345,21.16543],[82.93436,21.16607],[82.93419,21.16635],[82.93437,21.1667],[82.93405,21.16722],[82.93431,21.16774],[82.93434,21.16801],[82.93531,21.16866],[82.93581,21.16888],[82.93657,21.1696],[82.93689,21.1697],[82.9379,21.16955],[82.93851,21.16893],[82.93935,21.16748],[82.93987,21.16728],[82.94025,21.16693],[82.94044,21.16639],[82.94031,21.16508],[82.93951,21.16278],[82.93941,21.16196],[82.93909,21.16145],[82.93964,21.16056],[82.94051,21.15992],[82.94124,21.15995],[82.94169,21.16015],[82.9434,21.16169],[82.94395,21.16187],[82.94435,21.16191],[82.94483,21.1622],[82.94576,21.16237],[82.94623,21.16232]]}},{"type":"Feature","properties":{"kind":"state","name":"Chhattisgarh–Odisha","src":"OSM relations 1972004 and 1984022"},"geometry":{"type":"LineString","coordinates":[[82.94623,21.16232],[82.94652,21.16444],[82.94589,21.16677],[82.94322,21.17115],[82.94283,21.17207],[82.94266,21.17351],[82.9445,21.17283],[82.94564,21.17387],[82.9465,21.17509],[82.94635,21.17571],[82.9457,21.17621],[82.94377,21.17635],[82.94334,21.17705],[82.94339,21.17803],[82.94414,21.17861],[82.94605,21.17941],[82.94699,21.18041],[82.94712,21.18119],[82.94648,21.18183],[82.94703,21.18271],[82.94849,21.18343],[82.94929,21.18413],[82.94997,21.18447],[82.95088,21.18449],[82.95165,21.18477],[82.95221,21.18523],[82.95319,21.18577],[82.95457,21.18633],[82.9574,21.18789],[82.95768,21.18857],[82.95851,21.18857],[82.95933,21.18901],[82.95987,21.18991],[82.96034,21.19165],[82.96062,21.19211],[82.96208,21.19333],[82.9651,21.19305],[82.96512,21.19203],[82.96568,21.18943],[82.96708,21.18519],[82.96572,21.18223],[82.96457,21.17845],[82.9645,21.17745],[82.96519,21.17623],[82.96609,21.17557],[82.96716,21.17589],[82.96899,21.17717],[82.96963,21.17841],[82.97165,21.18069],[82.97276,21.18089],[82.97401,21.18133],[82.97476,21.18193],[82.97656,21.18247],[82.97763,21.18227],[82.97796,21.18165],[82.97806,21.18109],[82.9789,21.18081],[82.97892,21.17965],[82.98034,21.18001],[82.98244,21.17973],[82.98308,21.17977],[82.98478,21.18097],[82.98594,21.18151],[82.98692,21.18275],[82.98821,21.18303],[82.98828,21.18189],[82.98705,21.17973],[82.98581,21.17807],[82.98197,21.17423],[82.9812,21.17323],[82.9807,21.17199],[82.98098,21.17095],[82.98195,21.17051],[82.98317,21.16973],[82.98456,21.16917],[82.98778,21.17101],[82.98984,21.17173],[82.99173,21.17191],[82.99529,21.17085],[82.99791,21.17083],[82.99946,21.17141],[83.00111,21.17105],[83.00257,21.16983],[83.00246,21.16836],[83.00158,21.1671],[83.00034,21.16628],[82.99815,21.1661],[82.99617,21.16572],[82.99401,21.16452],[82.99248,21.16282],[82.99083,21.15878],[82.9886,21.15588],[82.98478,21.15152],[82.98592,21.14833],[82.9883,21.14613],[82.98989,21.14209],[82.99085,21.14089],[82.99253,21.14111],[82.99433,21.13957],[82.99542,21.13885],[82.99647,21.13873],[82.9975,21.13923],[82.99894,21.13941],[82.99995,21.13839],[83.00192,21.13743],[83.00272,21.13761],[83.00409,21.13871],[83.00501,21.14001],[83.00787,21.14197],[83.0092,21.14375],[83.00943,21.14505],[83.01053,21.14603],[83.01201,21.14611],[83.0134,21.14655],[83.01465,21.14721],[83.01596,21.14667],[83.01819,21.14485],[83.021,21.14223],[83.02169,21.14047],[83.02205,21.13795],[83.02291,21.13733],[83.02488,21.13727],[83.02671,21.13619],[83.02836,21.13539],[83.02869,21.135],[83.03141,21.13653],[83.03291,21.13695],[83.03417,21.13715],[83.03512,21.13707],[83.03546,21.13645],[83.03512,21.13563],[83.03375,21.13382],[83.0336,21.13288],[83.03398,21.13232],[83.03566,21.13222],[83.03748,21.13244],[83.0387,21.13174],[83.04083,21.12876],[83.0416,21.12734],[83.04428,21.12536],[83.04497,21.12448],[83.04619,21.12466],[83.04836,21.12654],[83.05031,21.12708],[83.05147,21.12708],[83.05299,21.12584],[83.05404,21.12448],[83.05535,21.12334],[83.05915,21.12278],[83.06494,21.12131],[83.0658,21.12057],[83.06636,21.11907],[83.06765,21.11809],[83.07306,21.11457],[83.07505,21.11387],[83.07625,21.11413],[83.07733,21.11415],[83.07776,21.11325],[83.07863,21.11273],[83.08157,21.11319],[83.08299,21.11381],[83.08492,21.11343],[83.08773,21.11223],[83.08859,21.11209],[83.09256,21.11391],[83.09389,21.11367],[83.09619,21.11099],[83.09662,21.11079],[83.09919,21.11101],[83.10775,21.11311],[83.1128,21.11311],[83.11505,21.11203],[83.11863,21.11071],[83.12043,21.11023],[83.12058,21.10878],[83.12222,21.10776],[83.12548,21.10784],[83.12764,21.1072],[83.12917,21.10632],[83.13067,21.1067],[83.13258,21.108],[83.1373,21.11067],[83.13887,21.11175],[83.13912,21.11271],[83.13891,21.11361],[83.13975,21.11493],[83.14599,21.11975],[83.14826,21.12344],[83.15378,21.1283],[83.15487,21.12982],[83.15584,21.13166],[83.1576,21.13322],[83.15929,21.13452],[83.16316,21.13679],[83.16408,21.13745],[83.16509,21.13845],[83.16646,21.13929],[83.16749,21.13903],[83.16861,21.13805],[83.17047,21.13721],[83.17311,21.13711],[83.17597,21.13673],[83.17925,21.13687],[83.18361,21.13761],[83.1877,21.13867],[83.18946,21.13943],[83.19135,21.14043],[83.19208,21.14135],[83.19564,21.14511],[83.19676,21.14661],[83.19691,21.14777],[83.19678,21.14913],[83.19622,21.15027],[83.19582,21.15148],[83.1959,21.15284],[83.19644,21.1538],[83.19712,21.1547],[83.19762,21.15684],[83.19719,21.15978],[83.19753,21.1637],[83.19895,21.16532],[83.20208,21.16646],[83.20337,21.16887],[83.2026,21.17179],[83.20262,21.17655],[83.20369,21.17845],[83.20541,21.17993],[83.20489,21.18315],[83.20663,21.18665],[83.20779,21.18969],[83.20897,21.19113],[83.21259,21.19414],[83.21352,21.1951],[83.21375,21.19668],[83.21367,21.19836],[83.21296,21.19984],[83.21195,21.20136],[83.21064,21.2038],[83.21058,21.20542],[83.21069,21.20694],[83.21107,21.20866],[83.2124,21.21056],[83.2138,21.21138],[83.21543,21.21278],[83.21656,21.216],[83.21732,21.22174],[83.21721,21.22396],[83.21729,21.22696],[83.21781,21.22822],[83.21905,21.2291],[83.22028,21.22976],[83.22083,21.23052],[83.22083,21.23346],[83.22026,21.236],[83.21948,21.23832],[83.21884,21.24134],[83.21835,21.24574],[83.21687,21.25274],[83.2171,21.25572],[83.21923,21.2601],[83.22,21.26112],[83.22208,21.26702],[83.22416,21.26842],[83.22736,21.27182],[83.2289,21.27258],[83.23043,21.27274],[83.23227,21.27238],[83.23337,21.2717],[83.23461,21.27042],[83.23596,21.27002],[83.23706,21.27034],[83.23843,21.273],[83.24092,21.2765],[83.2451,21.28076],[83.2477,21.28262],[83.25073,21.28298],[83.25347,21.28278],[83.25607,21.28224],[83.25845,21.28112],[83.26186,21.28],[83.26465,21.27892],[83.2662,21.278],[83.26742,21.27614],[83.26804,21.2747],[83.26823,21.27348],[83.26911,21.27252],[83.2695,21.2725],[83.27057,21.27298],[83.2713,21.27474],[83.27235,21.27858],[83.27334,21.28298],[83.27371,21.28522],[83.27459,21.28682],[83.27557,21.28783],[83.27667,21.28865],[83.27806,21.29057],[83.27851,21.29315],[83.27849,21.29457],[83.27811,21.29589],[83.2768,21.29809],[83.27596,21.30157],[83.27465,21.30193],[83.27145,21.30205],[83.2701,21.30255],[83.26894,21.30367],[83.26804,21.30493],[83.26684,21.30613],[83.26493,21.30725],[83.26341,21.30757],[83.26139,21.30835],[83.25909,21.31318],[83.25733,21.31632],[83.25663,21.31944],[83.25682,21.32096],[83.25714,21.32216],[83.2583,21.32444],[83.26072,21.3283],[83.2616,21.32942],[83.26551,21.3304],[83.26581,21.33147],[83.26534,21.33253],[83.26381,21.33299],[83.25821,21.33353],[83.25725,21.33411],[83.25688,21.33553],[83.25706,21.33673],[83.25798,21.33787],[83.25995,21.33941],[83.26566,21.34437],[83.26886,21.34758],[83.26982,21.35144],[83.2706,21.35528],[83.27087,21.35756],[83.27154,21.35999],[83.2727,21.36313],[83.27274,21.36543],[83.27319,21.37178],[83.27334,21.37658],[83.2707,21.3774],[83.26864,21.37836],[83.27727,21.37984],[83.28171,21.3801],[83.28377,21.37984],[83.28544,21.37848],[83.28641,21.37746],[83.29137,21.37648],[83.29304,21.37594],[83.29521,21.37542],[83.29761,21.37434],[83.30285,21.37362],[83.30677,21.37212],[83.30961,21.37118],[83.31091,21.37053],[83.31214,21.36973],[83.3131,21.36863],[83.31475,21.36813],[83.31705,21.36679],[83.32111,21.36327],[83.32218,21.36257],[83.32398,21.36217],[83.32774,21.36203],[83.32939,21.36171],[83.33151,21.36107],[83.33342,21.36065],[83.33718,21.36005],[83.34001,21.35919],[83.34119,21.35858],[83.34319,21.35794],[83.34518,21.35794],[83.34563,21.3572],[83.34664,21.35608],[83.34713,21.35514],[83.34825,21.3546],[83.35052,21.35502],[83.35243,21.35452],[83.35851,21.35156],[83.36151,21.35092],[83.36516,21.34938],[83.36741,21.34816],[83.3684,21.34726],[83.36936,21.34672],[83.37271,21.34648],[83.37455,21.34581],[83.3758,21.3465],[83.37741,21.34491],[83.37868,21.34473],[83.38009,21.34578],[83.38245,21.34638],[83.38477,21.3463],[83.3858,21.34564],[83.38801,21.34363],[83.38919,21.34279],[83.3899,21.34287],[83.39134,21.34333],[83.39254,21.34423],[83.394,21.34499],[83.39923,21.34728],[83.40138,21.3494],[83.40275,21.3504],[83.40449,21.35128],[83.40546,21.35284],[83.40644,21.35736],[83.40651,21.35957],[83.40619,21.36099],[83.40505,21.36211],[83.40368,21.36293],[83.39919,21.36453],[83.39792,21.36517],[83.39668,21.36613],[83.39586,21.36759],[83.39567,21.36957],[83.3958,21.37066],[83.39668,21.37238],[83.3993,21.37516],[83.39966,21.37742],[83.39859,21.37978],[83.39756,21.38249],[83.39674,21.38555],[83.39623,21.38855],[83.39627,21.39081],[83.39674,21.39286],[83.39777,21.39602],[83.39728,21.40279],[83.39735,21.40495],[83.39563,21.40587],[83.39323,21.40765],[83.39207,21.40915],[83.39048,21.41082],[83.38803,21.41236],[83.3849,21.41586],[83.3802,21.42217],[83.37799,21.42591],[83.37553,21.42845],[83.37454,21.43122],[83.37409,21.43346],[83.37366,21.43453],[83.37211,21.43501],[83.37108,21.43585],[83.37091,21.43703],[83.37273,21.44119],[83.37252,21.44328],[83.37091,21.44418],[83.36829,21.44542],[83.36516,21.44576],[83.35685,21.44772],[83.35501,21.448],[83.35377,21.44879],[83.35312,21.45045],[83.35063,21.4604],[83.34701,21.4698],[83.34525,21.475],[83.34482,21.48087],[83.34565,21.4844],[83.34602,21.48751],[83.34529,21.49133],[83.344,21.49271],[83.34093,21.49528],[83.33911,21.49706],[83.3381,21.49969],[83.33759,21.50181],[83.33776,21.50367],[83.33926,21.50646],[83.34211,21.5098],[83.34533,21.51137],[83.34827,21.51243],[83.34954,21.51357],[83.35037,21.51582],[83.35147,21.52079],[83.35314,21.52403],[83.35566,21.52702],[83.35585,21.5275],[83.35747,21.52865]]}},{"type":"Feature","properties":{"kind":"state","name":"Chhattisgarh–Odisha","src":"OSM relations 1972004 and 1984022","river":"10159","rlen":19},"geometry":{"type":"LineString","coordinates":[[83.35747,21.52865],[83.35721,21.52897],[83.35704,21.5296],[83.35704,21.53006],[83.35718,21.53115],[83.35711,21.53196],[83.35731,21.53232],[83.35748,21.53325],[83.35738,21.53428],[83.35769,21.53546],[83.35805,21.53602],[83.35796,21.53748],[83.35878,21.53848],[83.35909,21.53907],[83.3594,21.53937],[83.36001,21.53968],[83.36021,21.53992],[83.36014,21.5408],[83.36023,21.54105],[83.36049,21.54134],[83.36052,21.54162],[83.36014,21.5426],[83.36045,21.54344],[83.361,21.54409],[83.36124,21.54451],[83.36144,21.5446],[83.36182,21.54457],[83.36248,21.54502],[83.3628,21.54499],[83.36322,21.54478],[83.3638,21.54475],[83.36417,21.54482],[83.36451,21.54499],[83.36474,21.54532],[83.36448,21.54597],[83.36452,21.54664],[83.36464,21.54688],[83.36478,21.54697],[83.36498,21.54697],[83.3654,21.54656],[83.36561,21.54646],[83.366,21.54647],[83.36642,21.54667],[83.36668,21.5474],[83.36668,21.54825],[83.36682,21.54843],[83.36738,21.54869],[83.36776,21.54896],[83.36778,21.54921],[83.3677,21.54967],[83.36756,21.54981],[83.3665,21.54976],[83.36616,21.54993],[83.36608,21.55037],[83.36634,21.55115],[83.36648,21.5513],[83.36666,21.55136],[83.36749,21.55127],[83.36826,21.55157],[83.36883,21.55139],[83.36909,21.55142],[83.36934,21.55158],[83.36976,21.55219],[83.37034,21.55258],[83.37049,21.55284],[83.37046,21.55324],[83.37021,21.55329],[83.36958,21.55322],[83.36938,21.55344],[83.36953,21.55466],[83.36937,21.55509],[83.3694,21.55544],[83.36997,21.55639],[83.37011,21.55648],[83.37019,21.55648]]}},{"type":"Feature","properties":{"kind":"state","name":"Chhattisgarh–Odisha","src":"OSM relations 1972004 and 1984022"},"geometry":{"type":"LineString","coordinates":[[83.37019,21.55648],[83.37017,21.55753],[83.3704,21.55793],[83.37079,21.55857]]}},{"type":"Feature","properties":{"kind":"state","name":"Chhattisgarh–Odisha","src":"OSM relations 1972004 and 1984022","river":"10159","rlen":19},"geometry":{"type":"LineString","coordinates":[[83.37079,21.55857],[83.37068,21.55863],[83.37047,21.55888],[83.3704,21.55906],[83.37041,21.55948],[83.37059,21.55975],[83.37072,21.56062],[83.37088,21.5608],[83.37156,21.56095],[83.37158,21.56116],[83.37149,21.56143],[83.3716,21.56167],[83.37205,21.56194],[83.37241,21.56247],[83.3725,21.56244],[83.37261,21.56222],[83.37277,21.56224],[83.37286,21.56268],[83.37262,21.56278],[83.37209,21.56336],[83.37196,21.56421],[83.37172,21.56514],[83.37154,21.56543],[83.37074,21.56605],[83.3705,21.56698],[83.37039,21.56705],[83.3701,21.56706],[83.36966,21.56668],[83.36937,21.56656],[83.36915,21.56662],[83.36899,21.56683],[83.36897,21.56709],[83.36907,21.56733],[83.3697,21.56757],[83.36982,21.56769],[83.36994,21.56803],[83.36985,21.56829],[83.36975,21.56838],[83.36872,21.56867],[83.36809,21.56874],[83.36749,21.56868],[83.36719,21.56884],[83.3673,21.56983],[83.36719,21.57004],[83.3667,21.57044],[83.36665,21.57077],[83.36679,21.571],[83.36775,21.57172],[83.36783,21.5721],[83.36762,21.57231],[83.36732,21.57234],[83.3669,21.57219],[83.36666,21.5724],[83.36655,21.57264],[83.36653,21.57311],[83.36676,21.57381],[83.36668,21.57449],[83.36634,21.57485],[83.36594,21.575],[83.36556,21.57526],[83.36489,21.57582],[83.36475,21.57604],[83.36485,21.57632],[83.36518,21.57667],[83.36602,21.57691],[83.36648,21.57736],[83.36646,21.57761],[83.36621,21.57785],[83.36532,21.5781],[83.36522,21.57839],[83.36529,21.57901],[83.36544,21.57926],[83.36568,21.57937],[83.36589,21.57963],[83.36592,21.58031],[83.36603,21.58054],[83.36671,21.58113],[83.3672,21.58172],[83.36761,21.58255],[83.36807,21.58318],[83.3682,21.58402],[83.36889,21.58449],[83.3691,21.58491],[83.36904,21.58537],[83.3688,21.58559],[83.36852,21.58567],[83.36767,21.58563],[83.3673,21.58582],[83.36711,21.58602],[83.36702,21.58628],[83.36705,21.58668],[83.36735,21.58723],[83.36713,21.58748],[83.36715,21.58797],[83.3676,21.58837],[83.36831,21.58824],[83.36857,21.58828],[83.36873,21.58835],[83.36902,21.58868],[83.36913,21.58891],[83.3691,21.5895],[83.36834,21.59014],[83.36839,21.59044],[83.36944,21.59103],[83.37004,21.59103],[83.37048,21.59076],[83.37081,21.59077],[83.37091,21.59095],[83.37086,21.5912],[83.36998,21.59224],[83.36971,21.5927]]}},{"type":"Feature","properties":{"kind":"state","name":"Chhattisgarh–Odisha","src":"OSM relations 1972004 and 1984022"},"geometry":{"type":"LineString","coordinates":[[83.36971,21.5927],[83.36835,21.59215],[83.36844,21.59259],[83.36835,21.59459]]}},{"type":"Feature","properties":{"kind":"state","name":"Chhattisgarh–Odisha","src":"OSM relations 1972004 and 1984022","river":"10556","rlen":48},"geometry":{"type":"LineString","coordinates":[[83.36835,21.59459],[83.36875,21.59462],[83.36901,21.59477],[83.36925,21.59508],[83.36928,21.59577],[83.36956,21.59596],[83.36964,21.59609],[83.36983,21.59685],[83.37004,21.59728],[83.37009,21.59849],[83.36978,21.59948],[83.36982,21.60024],[83.3702,21.60087],[83.37043,21.60148],[83.37081,21.60198],[83.37113,21.60231],[83.37347,21.60346],[83.37432,21.60402],[83.37797,21.60706],[83.37838,21.60723],[83.37928,21.60716],[83.37963,21.60724],[83.38062,21.60787],[83.38095,21.60817],[83.38316,21.61261],[83.38365,21.6143],[83.38364,21.61503],[83.383,21.61545],[83.38272,21.61624],[83.38273,21.61745],[83.38259,21.61893],[83.38277,21.61965],[83.38306,21.62006],[83.38343,21.62026],[83.38404,21.62033],[83.3846,21.62023],[83.38528,21.61998],[83.38557,21.61982],[83.38625,21.61914],[83.38654,21.61866],[83.38666,21.61809],[83.38699,21.61779],[83.38821,21.61716],[83.38845,21.61711],[83.38937,21.61713],[83.38977,21.61727],[83.39044,21.61783],[83.39064,21.61809],[83.39066,21.61888],[83.39029,21.62074],[83.39109,21.62298],[83.39173,21.62394],[83.39212,21.62468],[83.39213,21.6259],[83.39222,21.62669],[83.39254,21.62709],[83.39303,21.6272],[83.39351,21.62719],[83.3953,21.62695],[83.39583,21.62695],[83.39641,21.62732],[83.39689,21.62788],[83.39776,21.62846],[83.39866,21.62939],[83.39935,21.62987],[83.39956,21.62993],[83.40095,21.6299],[83.40153,21.62997],[83.40245,21.63015],[83.40352,21.63056],[83.4042,21.63122],[83.40588,21.63341],[83.40621,21.63369],[83.40752,21.63443],[83.40799,21.63483],[83.40835,21.63531],[83.40931,21.63715],[83.40958,21.6375],[83.40981,21.63768],[83.41073,21.63804],[83.41258,21.6383],[83.41333,21.63885],[83.41533,21.64075],[83.4164,21.64112],[83.41715,21.64117],[83.41865,21.64083],[83.41918,21.64086],[83.4194,21.64097],[83.42016,21.6416],[83.42039,21.64172],[83.42119,21.64187],[83.42489,21.64182],[83.42515,21.64197],[83.42596,21.64269],[83.4263,21.64287],[83.42716,21.64304],[83.42777,21.64324],[83.42831,21.64369],[83.42864,21.64411],[83.42877,21.64461],[83.42882,21.64672],[83.42896,21.64708],[83.42914,21.64728],[83.42991,21.64779],[83.43122,21.64836],[83.43364,21.64987],[83.43625,21.65096],[83.43796,21.65249],[83.43872,21.65305],[83.43975,21.65363],[83.44117,21.65428],[83.44156,21.65455],[83.44304,21.65605]]}},{"type":"Feature","properties":{"kind":"state","name":"Chhattisgarh–Odisha","src":"OSM relations 1972004 and 1984022"},"geometry":{"type":"LineString","coordinates":[[83.44304,21.65605],[83.4448,21.65453],[83.4494,21.65113],[83.44949,21.65043],[83.44938,21.64849],[83.44857,21.64618],[83.44706,21.64347],[83.44537,21.64191],[83.44487,21.6407],[83.44447,21.63896],[83.44346,21.63248],[83.44412,21.62949],[83.44393,21.6256],[83.44571,21.6236],[83.45043,21.62256],[83.45193,21.62268],[83.45223,21.61941],[83.45202,21.61726],[83.45228,21.61522],[83.45309,21.61267],[83.45554,21.61119],[83.45846,21.609],[83.4603,21.60836],[83.46215,21.60824],[83.46438,21.60904],[83.46554,21.61083],[83.46605,21.61299],[83.46871,21.61941],[83.47103,21.62592],[83.47189,21.62775],[83.47215,21.62986],[83.47262,21.63198],[83.47451,21.63218],[83.47708,21.63138],[83.48511,21.63042],[83.48768,21.63046],[83.48897,21.6311],[83.48966,21.63326],[83.48979,21.63465],[83.49056,21.63621],[83.49056,21.63796],[83.48768,21.63908],[83.487,21.6396],[83.48691,21.64132],[83.48697,21.64347]]}},{"type":"Feature","properties":{"kind":"state","name":"Chhattisgarh–Odisha","src":"OSM relations 1972004 and 1984022","river":"11076","rlen":1046},"geometry":{"type":"LineString","coordinates":[[83.48697,21.64347],[83.48551,21.6435],[83.47826,21.64497],[83.47278,21.64568],[83.46915,21.64636],[83.4626,21.64873],[83.45737,21.65122],[83.45228,21.65422],[83.44871,21.65648],[83.44425,21.65979],[83.44237,21.66179],[83.44081,21.66414],[83.43955,21.66663],[83.43724,21.66989],[83.43532,21.67163],[83.43304,21.67277],[83.43063,21.67383],[83.42743,21.67486],[83.42675,21.67499]]}},{"type":"Feature","properties":{"kind":"state","name":"Chhattisgarh–Odisha","src":"OSM relations 1972004 and 1984022"},"geometry":{"type":"LineString","coordinates":[[83.42675,21.67499],[83.42719,21.6771],[83.42239,21.67916],[83.42055,21.68179],[83.42206,21.6857],[83.42468,21.69061],[83.42631,21.69292],[83.4294,21.69547],[83.43009,21.69835],[83.43387,21.70026],[83.43756,21.6993],[83.44314,21.69811],[83.45009,21.69627],[83.45586,21.69619],[83.45947,21.69745],[83.46052,21.69856],[83.46058,21.70265],[83.46099,21.70369],[83.46135,21.70518],[83.46148,21.70672],[83.46185,21.70857],[83.4664,21.71246],[83.46756,21.7138],[83.46859,21.71455],[83.46985,21.71503],[83.47058,21.71561],[83.47103,21.71711],[83.47298,21.7194],[83.47391,21.72016],[83.47466,21.72119],[83.47545,21.72328],[83.4779,21.72819],[83.47906,21.72982],[83.47985,21.73028],[83.48058,21.73098],[83.48084,21.73192],[83.48116,21.73469],[83.48212,21.73736],[83.483,21.73875],[83.48455,21.74041],[83.48564,21.74346],[83.48624,21.74391],[83.4887,21.74409],[83.48988,21.74585]]}},{"type":"Feature","properties":{"kind":"state","name":"Chhattisgarh–Odisha","src":"OSM relations 1972004 and 1984022","river":"10495","rlen":122},"geometry":{"type":"LineString","coordinates":[[83.48988,21.74585],[83.48976,21.74593],[83.48934,21.74661],[83.48906,21.74756],[83.48876,21.74816],[83.48847,21.74851],[83.48797,21.74901],[83.48685,21.74975],[83.4851,21.75115],[83.48435,21.75131],[83.48201,21.75137],[83.48016,21.75088],[83.47834,21.75092],[83.47632,21.75147],[83.47601,21.75222],[83.4759,21.7527],[83.47589,21.75314],[83.4762,21.75421],[83.47687,21.75568],[83.47788,21.75736],[83.47892,21.75867],[83.48119,21.76117],[83.48184,21.76198],[83.48209,21.76243],[83.48237,21.76357],[83.48232,21.76468],[83.48219,21.76529],[83.48192,21.76595],[83.48149,21.7667],[83.48026,21.76843],[83.47997,21.76907],[83.47962,21.77186],[83.47912,21.7738],[83.4784,21.77587],[83.4779,21.77797],[83.47706,21.78012],[83.47648,21.78053],[83.47582,21.78119],[83.4753,21.7822],[83.47445,21.78317],[83.47294,21.78451],[83.47191,21.78561],[83.47136,21.78606],[83.47008,21.78681]]}},{"type":"Feature","properties":{"kind":"state","name":"Chhattisgarh–Odisha","src":"OSM relations 1972004 and 1984022"},"geometry":{"type":"LineString","coordinates":[[83.47008,21.78681],[83.47129,21.78861],[83.47202,21.78867],[83.47273,21.78947],[83.47588,21.7918],[83.47766,21.79098],[83.48058,21.79156],[83.48176,21.792],[83.48401,21.79405],[83.48543,21.79596],[83.48657,21.79642],[83.48725,21.79834],[83.4874,21.80087],[83.48657,21.80216],[83.48616,21.80308],[83.4865,21.80625],[83.4873,21.80842],[83.49122,21.81174],[83.4921,21.81262],[83.49268,21.81435],[83.49277,21.81557],[83.49227,21.81704],[83.49219,21.81794],[83.49288,21.81842],[83.49412,21.81788],[83.4983,21.81427],[83.50588,21.80844],[83.51038,21.80559],[83.51689,21.80284],[83.51884,21.80166],[83.52081,21.80081],[83.52339,21.79939],[83.52519,21.79925],[83.53813,21.79917],[83.54096,21.79927],[83.54214,21.79965],[83.54272,21.80073],[83.54274,21.8022],[83.54253,21.80529],[83.54214,21.80636],[83.5413,21.80718],[83.54004,21.80891],[83.53897,21.8121],[83.53849,21.81463],[83.53879,21.81637],[83.5395,21.818],[83.54025,21.82063],[83.54034,21.82212],[83.53834,21.8232],[83.5357,21.82417],[83.53412,21.82491],[83.53118,21.82583],[83.53053,21.82641],[83.53007,21.82774],[83.52988,21.82994]]}},{"type":"Feature","properties":{"kind":"state","name":"Chhattisgarh–Odisha","src":"OSM relations 1972004 and 1984022","river":"10620","rlen":34},"geometry":{"type":"LineString","coordinates":[[83.52988,21.82994],[83.53016,21.83001],[83.53122,21.83051],[83.53274,21.83161],[83.53309,21.83175],[83.53379,21.83178],[83.53403,21.83188],[83.53427,21.83204],[83.53507,21.8329],[83.53629,21.8339],[83.53687,21.83458],[83.53774,21.83503],[83.53902,21.83627],[83.54052,21.83754],[83.54101,21.83783],[83.54174,21.83793],[83.5427,21.83854],[83.54315,21.83857],[83.54357,21.83848],[83.54405,21.83811],[83.54554,21.83835],[83.54615,21.83856],[83.54808,21.83959],[83.54958,21.84009],[83.55128,21.84044],[83.55181,21.84043],[83.55293,21.84016],[83.55374,21.84006],[83.55444,21.83956],[83.55532,21.83922],[83.55582,21.83916],[83.55613,21.83925],[83.55741,21.84028]]}},{"type":"Feature","properties":{"kind":"state","name":"Chhattisgarh–Odisha","src":"OSM relations 1972004 and 1984022"},"geometry":{"type":"LineString","coordinates":[[83.55741,21.84028],[83.55877,21.8388],[83.56336,21.83742],[83.5645,21.83644],[83.56519,21.83553],[83.56628,21.83449],[83.56772,21.83381],[83.56933,21.83338],[83.57107,21.83308],[83.5721,21.83258],[83.57871,21.83242],[83.57798,21.83467],[83.57789,21.83676],[83.57808,21.83844],[83.57931,21.83923],[83.58184,21.84017],[83.58347,21.8414],[83.58725,21.8432],[83.58804,21.84427],[83.58918,21.84756],[83.59093,21.8512],[83.58957,21.85402],[83.58522,21.86066],[83.58244,21.86463],[83.58028,21.86701],[83.57777,21.87017],[83.57617,21.87178],[83.57542,21.8729],[83.57399,21.87434]]}},{"type":"Feature","properties":{"kind":"state","name":"Chhattisgarh–Odisha","src":"OSM relations 1972004 and 1984022","river":"10620","rlen":34},"geometry":{"type":"LineString","coordinates":[[83.57399,21.87434],[83.57485,21.87509],[83.57539,21.87601],[83.57591,21.87721],[83.5762,21.87932],[83.57663,21.88032],[83.57662,21.88075],[83.57635,21.88148],[83.57649,21.88188],[83.57668,21.88214],[83.57732,21.88275],[83.57802,21.88301],[83.5787,21.88308],[83.57905,21.88304],[83.57997,21.88276],[83.58043,21.88276],[83.58076,21.88292],[83.58096,21.88323],[83.58094,21.88361],[83.58009,21.88501],[83.57938,21.88663],[83.57874,21.88744],[83.57783,21.88834],[83.57781,21.88877],[83.57788,21.88901],[83.57808,21.88917],[83.57842,21.88928],[83.57984,21.88943],[83.58059,21.88966],[83.5813,21.88958],[83.58178,21.88969],[83.5821,21.89],[83.58398,21.89271],[83.58464,21.89299],[83.58566,21.89303],[83.58609,21.89321],[83.58659,21.89353],[83.58737,21.89446],[83.58742,21.89484],[83.58725,21.89588],[83.58652,21.89764],[83.58524,21.89922],[83.58518,21.89995],[83.58522,21.90041],[83.58601,21.90183],[83.58635,21.90226],[83.58681,21.90253],[83.58752,21.90269],[83.59019,21.90295],[83.59193,21.90357],[83.59246,21.90352],[83.59265,21.90314],[83.59356,21.9029],[83.59454,21.90308],[83.59483,21.90326],[83.59583,21.90457],[83.59595,21.90514],[83.59614,21.90541],[83.59682,21.90578],[83.59734,21.90589],[83.59789,21.90571],[83.59818,21.9053]]}},{"type":"Feature","properties":{"kind":"state","name":"Chhattisgarh–Odisha","src":"OSM relations 1972004 and 1984022"},"geometry":{"type":"LineString","coordinates":[[83.59818,21.9053],[83.60005,21.90647],[83.60104,21.90726],[83.60274,21.90823],[83.60551,21.913],[83.60572,21.9137],[83.60556,21.91442],[83.60463,21.91474],[83.60188,21.91868],[83.596,21.92477],[83.59029,21.9311],[83.56785,21.93481],[83.5627,21.93536],[83.55862,21.93652],[83.55643,21.93815],[83.55639,21.94265],[83.55905,21.9489],[83.55999,21.95053],[83.55656,21.95316],[83.55424,21.95455],[83.5518,21.95578],[83.54918,21.9573],[83.54596,21.95933],[83.54309,21.96155],[83.53978,21.96462],[83.53875,21.96621],[83.53712,21.9723],[83.53691,21.97509],[83.53605,21.9797],[83.53948,21.98531],[83.54197,21.98766],[83.54309,21.98921],[83.54266,21.99252],[83.54167,21.99399],[83.54641,21.99769],[83.54783,21.99867],[83.55173,22.00246],[83.55383,22.00499],[83.55594,22.00785],[83.54654,22.01531],[83.54046,22.02053],[83.53905,22.02285],[83.53763,22.02644],[83.53579,22.03004],[83.53524,22.0326],[83.53505,22.03549],[83.53561,22.03903],[83.53671,22.04426],[83.53794,22.04795],[83.54079,22.05295],[83.54153,22.05451],[83.54247,22.05598],[83.54132,22.05778]]}},{"type":"Feature","properties":{"kind":"state","name":"Chhattisgarh–Odisha","src":"OSM relations 1972004 and 1984022","river":"10571","rlen":24},"geometry":{"type":"LineString","coordinates":[[83.54132,22.05778],[83.54267,22.05918],[83.54288,22.05936],[83.54315,22.05943],[83.5437,22.05932],[83.54403,22.05892],[83.54405,22.05778],[83.54437,22.05767],[83.5445,22.05749],[83.54461,22.05688],[83.5452,22.05675],[83.5456,22.05684],[83.54597,22.05721],[83.54629,22.05738],[83.54684,22.05703],[83.5471,22.05709],[83.54738,22.05747],[83.54801,22.05757],[83.54837,22.05742],[83.54858,22.0571],[83.54876,22.05651],[83.54893,22.05576],[83.54885,22.05539],[83.54913,22.05479],[83.54991,22.05354],[83.55022,22.05326],[83.55041,22.05325],[83.55069,22.05337],[83.55098,22.05375],[83.55119,22.05382],[83.5516,22.05382],[83.55188,22.05363],[83.5521,22.05362],[83.56191,22.05485],[83.56225,22.05522],[83.56248,22.05564]]}},{"type":"Feature","properties":{"kind":"state","name":"Chhattisgarh–Odisha","src":"OSM relations 1972004 and 1984022"},"geometry":{"type":"LineString","coordinates":[[83.56248,22.05564],[83.5645,22.05502],[83.5709,22.05533],[83.57579,22.05541],[83.57982,22.05522],[83.58184,22.05315],[83.58317,22.05052],[83.58467,22.05036],[83.58677,22.05072],[83.58798,22.05211],[83.58875,22.05398],[83.59008,22.05502],[83.59248,22.05597],[83.59604,22.0586],[83.59939,22.05931],[83.60132,22.06011],[83.60252,22.06118],[83.60287,22.06273],[83.60338,22.06397],[83.6057,22.06727],[83.60325,22.06985],[83.59978,22.07097],[83.5972,22.07204],[83.59347,22.07482],[83.59244,22.07622],[83.59081,22.07808],[83.58673,22.08039],[83.5836,22.08429],[83.57673,22.09061],[83.57244,22.09312],[83.56991,22.09443],[83.56768,22.09542],[83.56205,22.09721],[83.56133,22.09809],[83.56094,22.10003],[83.5618,22.10445],[83.56248,22.10679],[83.56609,22.11073],[83.56832,22.11403],[83.57137,22.11701],[83.57514,22.12186],[83.57729,22.12409],[83.57931,22.1252],[83.58231,22.12739],[83.58798,22.13391],[83.58969,22.13605],[83.59158,22.1388],[83.59523,22.14281],[83.60188,22.14925],[83.60548,22.15215],[83.60712,22.15442],[83.60802,22.15708],[83.6096,22.16495],[83.61179,22.17234],[83.61235,22.17735],[83.61621,22.1847],[83.6181,22.18717],[83.62128,22.19283],[83.62284,22.19623],[83.62314,22.19718],[83.62774,22.20513],[83.63431,22.21106],[83.63857,22.2151],[83.64385,22.22042],[83.64673,22.22229],[83.65059,22.22368],[83.65282,22.22205],[83.65458,22.22146],[83.6563,22.22185],[83.65763,22.22412],[83.66055,22.2273],[83.66244,22.22839],[83.66362,22.22887],[83.66429,22.22935],[83.66461,22.22988],[83.66501,22.23197],[83.66533,22.23296],[83.66948,22.23524],[83.67153,22.23564],[83.68088,22.23923],[83.68605,22.24162],[83.6885,22.24254],[83.68946,22.24312],[83.69092,22.24481],[83.69185,22.24536],[83.69313,22.2457],[83.69496,22.2457],[83.69758,22.24647],[83.70057,22.24665],[83.70389,22.24719],[83.70538,22.24727],[83.70671,22.24688],[83.70783,22.24631],[83.70943,22.2451],[83.71094,22.24424],[83.71204,22.24368],[83.71292,22.24342],[83.71374,22.24334],[83.71495,22.24348],[83.71658,22.24384],[83.71817,22.24439],[83.72043,22.24453],[83.72233,22.24377],[83.72373,22.24343],[83.72651,22.24329],[83.72875,22.24349],[83.73375,22.2431],[83.73528,22.24283],[83.73838,22.24182],[83.73977,22.24084],[83.74096,22.24053],[83.74233,22.24055],[83.74392,22.24032],[83.75301,22.24061],[83.75631,22.2403],[83.75734,22.2407],[83.75771,22.24146],[83.75805,22.24279],[83.75795,22.24367],[83.75812,22.24585],[83.75794,22.24805],[83.75801,22.249],[83.75954,22.25145],[83.76047,22.25195],[83.76242,22.25228],[83.76372,22.25426],[83.76451,22.25517],[83.76575,22.25609],[83.76666,22.25644],[83.76739,22.25651],[83.76855,22.25612],[83.76944,22.25612],[83.77192,22.25656],[83.77319,22.25667],[83.7747,22.25751],[83.77537,22.25818],[83.77582,22.25898],[83.77632,22.26099],[83.77616,22.26137],[83.77523,22.2617],[83.77485,22.26217],[83.77446,22.26516],[83.77494,22.26565],[83.77611,22.26632],[83.77634,22.26699],[83.77643,22.26953],[83.7767,22.27099],[83.77756,22.2719],[83.7787,22.27354],[83.77913,22.27438],[83.77965,22.27482],[83.78088,22.275],[83.78663,22.27503],[83.7908,22.27607],[83.79149,22.27635],[83.79218,22.2768],[83.79236,22.27743],[83.79271,22.27807],[83.7935,22.27845],[83.79406,22.2792],[83.79426,22.27958],[83.7944,22.28051],[83.79483,22.28171],[83.79549,22.2824],[83.79547,22.28306],[83.79488,22.28418],[83.79466,22.28572],[83.79539,22.28608],[83.79786,22.28818],[83.80006,22.28826],[83.80189,22.2893],[83.80249,22.29033],[83.80313,22.28987],[83.80401,22.28957],[83.80622,22.2892],[83.80957,22.28892],[83.81071,22.29011],[83.81146,22.29035],[83.81345,22.29033],[83.81586,22.2907],[83.81712,22.2907],[83.81809,22.28975],[83.81867,22.28961],[83.82004,22.2912],[83.82113,22.29144],[83.82292,22.29223],[83.8241,22.29253],[83.82517,22.29257],[83.82598,22.29277],[83.82652,22.29319],[83.82656,22.29374],[83.82613,22.29434],[83.82547,22.29479],[83.82495,22.29545],[83.8252,22.29699],[83.82519,22.29831],[83.82484,22.2993],[83.82433,22.2998],[83.82308,22.30059],[83.82288,22.30096],[83.82296,22.30177],[83.82337,22.3021],[83.82428,22.30246],[83.82498,22.30295],[83.82505,22.30448],[83.8253,22.30489],[83.82543,22.30597],[83.82529,22.30636],[83.82439,22.30721],[83.82377,22.308],[83.82363,22.30988],[83.82345,22.31032],[83.82312,22.31071],[83.82212,22.31142],[83.82185,22.31197],[83.82253,22.31295],[83.82388,22.31357],[83.82405,22.31422],[83.82466,22.31542],[83.82756,22.31709],[83.82802,22.31756],[83.8283,22.31794],[83.82864,22.31909],[83.82887,22.32044],[83.82919,22.32135],[83.83023,22.32299],[83.83059,22.32316],[83.83157,22.32307],[83.83459,22.32245],[83.83628,22.32237],[83.83794,22.3225],[83.8401,22.32318],[83.84252,22.32443],[83.84312,22.32464],[83.84456,22.32476],[83.84634,22.32464],[83.84809,22.32522],[83.8488,22.32527],[83.84953,22.32516],[83.85046,22.32535],[83.85214,22.32711],[83.85265,22.32746],[83.85278,22.32797],[83.8528,22.33008],[83.85315,22.33151],[83.8545,22.33406],[83.85476,22.33541],[83.85443,22.33681],[83.85442,22.33734],[83.8551,22.33761],[83.85667,22.33795],[83.85767,22.33804],[83.8595,22.33869],[83.85991,22.34003],[83.86046,22.34063],[83.86141,22.34144],[83.86296,22.34157],[83.86373,22.34187],[83.8645,22.3431],[83.86492,22.34322],[83.86559,22.34313],[83.86924,22.34122],[83.87019,22.34031],[83.87238,22.33904],[83.87431,22.33733],[83.87886,22.3367],[83.87989,22.3363],[83.88276,22.33626],[83.88585,22.33658],[83.88958,22.33666],[83.89169,22.33729],[83.89358,22.33765],[83.89632,22.33765],[83.8983,22.33809],[83.901,22.33972],[83.90212,22.34365],[83.90203,22.34531],[83.90254,22.34686],[83.90503,22.34924],[83.90572,22.35099],[83.90692,22.35178],[83.91229,22.35297],[83.91306,22.35349],[83.91379,22.35444],[83.91589,22.35551],[83.91881,22.3567],[83.92108,22.35712],[83.92293,22.35827],[83.92943,22.35591],[83.93168,22.35466],[83.93295,22.35432],[83.93542,22.35448],[83.93851,22.35498],[83.94542,22.3567],[83.94737,22.3575],[83.94919,22.35946],[83.95265,22.36153],[83.95368,22.36206],[83.9557,22.36264],[83.9575,22.3628],[83.95962,22.36238],[83.96127,22.36188],[83.96318,22.36111],[83.96462,22.36071],[83.96707,22.36014],[83.96857,22.36],[83.97149,22.3592],[83.97563,22.3622],[83.97713,22.36377],[83.97878,22.36417],[83.97941,22.36446],[83.97964,22.36504],[83.98082,22.36591],[83.9817,22.36686],[83.98267,22.36736],[83.98486,22.36762],[83.98754,22.36811],[83.98928,22.36931],[83.99344,22.37054],[83.99593,22.372],[83.99953,22.37367],[84.00174,22.37373],[84.00593,22.37357],[84.00818,22.37302],[84.0093,22.3724],[84.01003,22.37272],[84.00985,22.37373],[84.00943,22.37476],[84.0084,22.37679],[84.00762,22.37802],[84.00679,22.38],[84.00649,22.38161],[84.00687,22.38353],[84.0091,22.38756],[84.0105,22.39048],[84.01202,22.3928],[84.01314,22.3948],[84.0134,22.39641],[84.01344,22.39817],[84.01391,22.39907],[84.01576,22.40155],[84.01801,22.40526],[84.01955,22.40801],[84.02009,22.40934],[84.02067,22.40972],[84.02213,22.4097],[84.02273,22.4098],[84.02335,22.41035],[84.02387,22.41143],[84.02421,22.41271],[84.02479,22.41589],[84.02543,22.41652],[84.02636,22.4171],[84.0276,22.41752],[84.0293,22.41938],[84.02996,22.42053],[84.03073,22.42362],[84.0308,22.42452],[84.03052,22.42622],[84.03086,22.42686],[84.03322,22.42745],[84.03747,22.42973],[84.03829,22.42997],[84.03932,22.43067],[84.04073,22.43255],[84.04135,22.43525],[84.04191,22.4361],[84.04314,22.43666],[84.04447,22.43695],[84.04498,22.43695],[84.04577,22.43725],[84.04644,22.4386],[84.04691,22.44641],[84.04629,22.44927],[84.04573,22.4509],[84.04547,22.45405],[84.0461,22.45528],[84.04657,22.457],[84.04629,22.45889],[84.04614,22.46141],[84.04554,22.46246],[84.0456,22.46355],[84.04612,22.46519],[84.04655,22.46745],[84.04655,22.4686],[84.04633,22.46991],[84.04517,22.47158],[84.04402,22.47225],[84.03867,22.4739],[84.03636,22.47453],[84.03168,22.47515],[84.02745,22.47529],[84.02608,22.4759],[84.02569,22.47675],[84.02511,22.47909],[84.02013,22.48569],[84.0193,22.4877],[84.0185,22.48893],[84.01754,22.48958],[84.01543,22.49067],[84.01256,22.49156],[84.00934,22.49218],[84.00661,22.49297],[84.00423,22.49351],[84.00207,22.4942],[84.00082,22.49489],[83.99883,22.4966],[83.99679,22.49749],[83.98956,22.49904],[83.98747,22.49924],[83.98326,22.502],[83.9819,22.50214],[83.98097,22.5017],[83.98037,22.50161],[83.98011,22.50196],[83.98001,22.50242],[83.98093,22.50327],[83.98119,22.50374],[83.98079,22.50565],[83.98081,22.50667],[83.98058,22.50744],[83.98003,22.50775],[83.97895,22.5079],[83.97853,22.50831],[83.97843,22.50934],[83.97792,22.50954],[83.97748,22.5107],[83.9772,22.51099],[83.97678,22.51111],[83.97544,22.51108],[83.97517,22.51159],[83.97519,22.5122],[83.97542,22.51246],[83.97631,22.5128],[83.9766,22.5144],[83.9775,22.51608]]}},{"type":"Feature","properties":{"kind":"state","name":"Chhattisgarh–Odisha","src":"OSM relations 1972004 and 1984022","river":"11069","rlen":33},"geometry":{"type":"LineString","coordinates":[[83.9775,22.51608],[83.97927,22.51526],[83.98031,22.51515],[83.98096,22.51526],[83.98147,22.51579],[83.98171,22.5159],[83.98167,22.51617],[83.98182,22.51638],[83.98195,22.51691],[83.98217,22.51737],[83.98145,22.51831],[83.9807,22.51954],[83.98081,22.52027],[83.98129,22.52141],[83.98189,22.52222],[83.98352,22.52319],[83.98438,22.52333],[83.98463,22.52348],[83.98725,22.52535],[83.98767,22.52548],[83.98832,22.5261],[83.98931,22.52667],[83.98964,22.5268],[83.99046,22.52672],[83.99077,22.52681],[83.99195,22.52767],[83.99317,22.52807],[83.99422,22.52803],[83.99496,22.52826],[83.99565,22.52874],[83.997,22.53003],[83.99749,22.53034],[84.00052,22.53088],[84.00104,22.5309],[84.00199,22.53149],[84.00234,22.53183],[84.00318,22.53138],[84.00351,22.53093],[84.00362,22.53036],[84.00326,22.52977],[84.00319,22.52832],[84.00333,22.52801],[84.00376,22.52754],[84.00398,22.52738],[84.00451,22.52721],[84.00544,22.52721],[84.00826,22.52577],[84.00828,22.52575]]}},{"type":"Feature","properties":{"kind":"state","name":"Chhattisgarh–Odisha","src":"OSM relations 1972004 and 1984022"},"geometry":{"type":"LineString","coordinates":[[84.00828,22.52575],[84.0083,22.52576]]}},{"type":"Feature","properties":{"kind":"state","name":"Chhattisgarh–Telangana","src":"OSM relations 1972004 and 3250963"},"geometry":{"type":"LineString","coordinates":[[80.27288,18.72372],[80.27277,18.72357]]}},{"type":"Feature","properties":{"kind":"state","name":"Chhattisgarh–Telangana","src":"OSM relations 1972004 and 3250963","river":"4946","rlen":1661},"geometry":{"type":"LineString","coordinates":[[80.27277,18.72357],[80.27612,18.7216],[80.27706,18.72128],[80.27825,18.72096],[80.2794,18.72076],[80.28055,18.7204],[80.28162,18.71991],[80.28243,18.71943],[80.28337,18.71874],[80.28423,18.7179],[80.28474,18.71717],[80.28532,18.71599],[80.28605,18.71362],[80.28812,18.71027],[80.2905,18.70689],[80.29342,18.70355],[80.29441,18.70281],[80.29759,18.69868],[80.29867,18.69643],[80.30259,18.69052],[80.30659,18.68173],[80.30796,18.67759],[80.31088,18.66828],[80.31208,18.66406],[80.31311,18.66235],[80.31465,18.6581],[80.31471,18.65713],[80.31454,18.65536],[80.31454,18.6545],[80.31511,18.6529],[80.31568,18.6521],[80.31637,18.65056],[80.31877,18.64285],[80.31928,18.64194],[80.32025,18.64137],[80.32122,18.64097],[80.32256,18.63841],[80.32341,18.63776],[80.32376,18.6376],[80.32597,18.6373],[80.32625,18.63718],[80.32708,18.63657],[80.32804,18.63512],[80.3295,18.63208],[80.33127,18.62789],[80.33146,18.62713],[80.33173,18.62536],[80.33176,18.62421],[80.33193,18.62311],[80.33296,18.61861],[80.33326,18.6163],[80.33378,18.61365],[80.33414,18.61253],[80.33462,18.61141],[80.33658,18.60797],[80.33879,18.60534],[80.33966,18.60473],[80.34042,18.60406],[80.34241,18.60194],[80.34511,18.59775],[80.34665,18.59572],[80.3478,18.59475],[80.3486,18.59432],[80.34962,18.59405],[80.35093,18.59388],[80.35256,18.59397],[80.35463,18.59447],[80.35606,18.59499],[80.35883,18.59661],[80.36007,18.5975],[80.36112,18.59853],[80.3622,18.59997],[80.36338,18.6018],[80.36462,18.60341],[80.36551,18.60451],[80.36604,18.60503],[80.36738,18.60656],[80.36905,18.60753],[80.37186,18.60893],[80.37343,18.60941],[80.37449,18.60966],[80.3756,18.60972],[80.37694,18.60963],[80.37797,18.60936],[80.37867,18.60891],[80.37931,18.60833],[80.38223,18.6046],[80.38567,18.60131],[80.38775,18.59854]]}},{"type":"Feature","properties":{"kind":"state","name":"Chhattisgarh–Telangana","src":"OSM relations 1972004 and 3250963"},"geometry":{"type":"LineString","coordinates":[[80.38775,18.59854],[80.38934,18.59964],[80.38962,18.59991],[80.39,18.60068],[80.39009,18.60121],[80.39081,18.6023],[80.39134,18.60263],[80.39227,18.60294],[80.39317,18.60414],[80.39334,18.60491],[80.39316,18.6065],[80.39342,18.60694],[80.39535,18.60739],[80.39852,18.60893],[80.40254,18.61021],[80.4068,18.61118],[80.41002,18.61176],[80.41436,18.61229],[80.418,18.61214],[80.41829,18.61253],[80.41899,18.61464],[80.42018,18.61569],[80.42213,18.61456]]}},{"type":"Feature","properties":{"kind":"state","name":"Chhattisgarh–Telangana","src":"OSM relations 1972004 and 3250963","river":"5907","rlen":17},"geometry":{"type":"LineString","coordinates":[[80.42213,18.61456],[80.42232,18.61485],[80.42311,18.61531],[80.42423,18.61532],[80.42466,18.6151],[80.42523,18.61466],[80.42599,18.61368],[80.42692,18.61277],[80.42777,18.61231],[80.42893,18.61286],[80.42937,18.6132],[80.42963,18.61367],[80.42992,18.61449],[80.42998,18.61528],[80.4302,18.61573],[80.43054,18.61603],[80.43109,18.61623],[80.43523,18.61643],[80.43677,18.61702],[80.43794,18.61737],[80.43861,18.61793],[80.43867,18.61854],[80.43821,18.619],[80.43756,18.61935],[80.43707,18.61989],[80.43699,18.62034],[80.4379,18.62098],[80.43871,18.62114],[80.43986,18.6212],[80.44116,18.62142],[80.44239,18.62195],[80.44336,18.62398],[80.44394,18.62463],[80.44441,18.62531],[80.44557,18.6253],[80.44598,18.62517]]}},{"type":"Feature","properties":{"kind":"state","name":"Chhattisgarh–Telangana","src":"OSM relations 1972004 and 3250963"},"geometry":{"type":"LineString","coordinates":[[80.44598,18.62517],[80.44664,18.62707],[80.45304,18.62935],[80.45447,18.63057],[80.45598,18.63094],[80.45674,18.63094],[80.4582,18.63058],[80.45986,18.62975],[80.46243,18.62786],[80.46415,18.62709],[80.46578,18.62662],[80.46715,18.62673],[80.46869,18.62752],[80.47155,18.62869],[80.47624,18.62881],[80.47731,18.62945],[80.47865,18.63073],[80.47938,18.63101],[80.48124,18.63223],[80.48299,18.63263],[80.48643,18.63291],[80.48771,18.63288],[80.48867,18.63261],[80.49135,18.6307],[80.49328,18.6295],[80.50139,18.62402],[80.5108,18.62256],[80.51273,18.62243],[80.51322,18.62207],[80.51331,18.62135],[80.51407,18.62015],[80.5148,18.61863],[80.51518,18.61726],[80.51557,18.61518],[80.51548,18.61371],[80.5163,18.61185],[80.51738,18.61044],[80.5194,18.60844],[80.52791,18.60281],[80.52937,18.60023],[80.53127,18.59757],[80.53198,18.5961],[80.53306,18.59188],[80.533,18.59049],[80.5333,18.58963],[80.53423,18.58943],[80.53877,18.5893],[80.53968,18.58908],[80.54128,18.58825],[80.54522,18.58651],[80.54743,18.58587],[80.55189,18.58407],[80.5565,18.5815],[80.56306,18.57576],[80.56438,18.57442],[80.56537,18.57387],[80.56633,18.57357],[80.56758,18.57357],[80.56863,18.57318],[80.56953,18.57229],[80.57114,18.56985],[80.57173,18.56807],[80.57228,18.56735],[80.57286,18.56696],[80.57409,18.56663],[80.57493,18.56619],[80.57808,18.56497],[80.57957,18.56453],[80.5833,18.56309],[80.58726,18.56204],[80.59044,18.56049],[80.59222,18.55946],[80.59714,18.55625],[80.59988,18.55494],[80.60046,18.55494],[80.60166,18.5542],[80.60668,18.54981],[80.6077,18.54876],[80.61163,18.54596],[80.6121,18.54538],[80.61271,18.54338],[80.61467,18.53802],[80.61578,18.53418],[80.61655,18.53046],[80.61681,18.52996],[80.61696,18.52919],[80.6176,18.52888],[80.62272,18.52866],[80.6238,18.52805],[80.62855,18.52417],[80.63015,18.52323],[80.63117,18.52306],[80.63251,18.5232],[80.63516,18.52384],[80.63755,18.52421],[80.63864,18.51713],[80.6389,18.51338],[80.64094,18.51085],[80.64051,18.51016],[80.63876,18.5086],[80.63687,18.50715],[80.63684,18.50657],[80.63731,18.50429],[80.63918,18.50176],[80.6397,18.50124],[80.64116,18.50052],[80.64221,18.49846],[80.64452,18.49269],[80.6458,18.49044],[80.64889,18.48872],[80.65134,18.48719],[80.65178,18.48558],[80.65245,18.48386],[80.65394,18.48089],[80.65487,18.47869],[80.65519,18.47811],[80.65624,18.47681],[80.65726,18.47564],[80.65863,18.47436],[80.66079,18.47267],[80.66274,18.47154],[80.66388,18.47062],[80.66492,18.47045],[80.66565,18.47004],[80.66714,18.46884],[80.66903,18.4681],[80.67127,18.46807],[80.67273,18.46838],[80.67564,18.46546],[80.67911,18.4616],[80.67978,18.46136],[80.6817,18.46114],[80.68444,18.4605],[80.68549,18.45992],[80.68596,18.45789],[80.68627,18.45097],[80.68698,18.44906],[80.68879,18.4477],[80.69601,18.44656],[80.70297,18.44565],[80.70373,18.44157],[80.69753,18.43917],[80.69692,18.43878],[80.69651,18.43795],[80.69651,18.43634],[80.69684,18.43317],[80.69655,18.42914],[80.69673,18.42745],[80.69673,18.42592],[80.69737,18.42431],[80.69798,18.42367],[80.70054,18.42151],[80.70453,18.41893],[80.71642,18.41243],[80.717,18.41185],[80.71793,18.41171],[80.71976,18.41233],[80.72052,18.41246],[80.72128,18.41313],[80.72203,18.41433],[80.7225,18.41533],[80.72357,18.41619],[80.72605,18.417],[80.72802,18.41697],[80.73405,18.41564],[80.73376,18.41161],[80.73286,18.40733],[80.73185,18.40325],[80.73118,18.40191],[80.73095,18.40108],[80.73028,18.40036],[80.72769,18.39869],[80.7242,18.39691],[80.72094,18.39488],[80.71902,18.39304],[80.71893,18.39235],[80.71923,18.3914],[80.72013,18.39038],[80.72094,18.38991],[80.72162,18.3871],[80.72264,18.38574],[80.72878,18.38116],[80.72974,18.3796],[80.73018,18.37819],[80.7298,18.37641],[80.72797,18.37363],[80.72739,18.37202],[80.72759,18.36938],[80.72952,18.36402],[80.73025,18.36063],[80.73118,18.35843],[80.73444,18.3526],[80.73616,18.34996],[80.73838,18.34677],[80.74123,18.34391],[80.74213,18.34255],[80.74353,18.33894],[80.744,18.33708],[80.744,18.33633],[80.7438,18.33519],[80.74386,18.33452],[80.74467,18.33302],[80.74659,18.3308],[80.74674,18.32935],[80.74674,18.3251],[80.74648,18.3173],[80.74666,18.3153],[80.74695,18.31421],[80.74943,18.31091],[80.75493,18.30652],[80.75804,18.30347],[80.7586,18.30277],[80.7586,18.30216],[80.75804,18.29899],[80.75749,18.29757],[80.75746,18.29666],[80.75825,18.29335],[80.7593,18.29021],[80.75982,18.2898],[80.76169,18.28924],[80.76698,18.28819],[80.7714,18.28666],[80.773,18.28575],[80.77458,18.27872],[80.77531,18.27702],[80.77847,18.26788],[80.77921,18.26713],[80.78052,18.26663],[80.7827,18.26602],[80.78549,18.26547],[80.78956,18.26444],[80.78948,18.25352],[80.78971,18.24913],[80.78989,18.24822],[80.79027,18.24366],[80.78562,18.24318],[80.78213,18.24304],[80.78015,18.24274],[80.77765,18.24276],[80.7714,18.24201],[80.76925,18.24068],[80.76015,18.23428],[80.75387,18.23019],[80.7496,18.22808],[80.74073,18.22407],[80.73899,18.22357],[80.73739,18.22293],[80.73527,18.22243],[80.73644,18.20843],[80.73668,18.19817],[80.7375,18.18867],[80.73809,18.17881],[80.738,18.17467],[80.74251,18.17181],[80.74716,18.16936],[80.74841,18.16814],[80.75519,18.16803],[80.76524,18.16898],[80.7728,18.16738],[80.77431,18.16746],[80.77699,18.16813],[80.80265,18.17272],[80.80472,18.1732],[80.81152,18.17587],[80.81451,18.17684],[80.81477,18.17776],[80.81483,18.17892],[80.81506,18.17984],[80.81716,18.18437],[80.81771,18.18529],[80.82192,18.18882],[80.82271,18.18968],[80.82285,18.19032],[80.82288,18.19407],[80.82256,18.19782],[80.82238,18.20438],[80.82247,18.20657],[80.82235,18.21711],[80.82206,18.22919],[80.82211,18.23267],[80.82188,18.2382],[80.82906,18.23964],[80.83151,18.2397],[80.83209,18.24006],[80.83252,18.24067],[80.83331,18.24075],[80.83476,18.24045],[80.83616,18.24062],[80.83686,18.24056],[80.8375,18.23995],[80.84125,18.23439],[80.84485,18.23445],[80.84945,18.23478],[80.853,18.23487],[80.85573,18.23476],[80.85733,18.23453],[80.86117,18.2337],[80.86806,18.23106],[80.86847,18.23023],[80.87024,18.22256],[80.86902,18.21772],[80.87155,18.21158],[80.87149,18.21067],[80.87059,18.20819],[80.87117,18.20669],[80.87053,18.20605],[80.8696,18.20555],[80.86678,18.20458],[80.86437,18.20414],[80.8589,18.20472],[80.85558,18.2048],[80.85372,18.20418]]}},{"type":"Feature","properties":{"kind":"state","name":"Chhattisgarh–Telangana","src":"OSM relations 1972004 and 3250963","river":"6332","rlen":37},"geometry":{"type":"LineString","coordinates":[[80.85372,18.20418],[80.85391,18.20367],[80.85347,18.20293],[80.85323,18.20201],[80.8532,18.20046],[80.8533,18.19921],[80.8538,18.19701],[80.85523,18.19388],[80.8572,18.19043],[80.85852,18.18792],[80.85889,18.18549],[80.85872,18.18393],[80.85774,18.17894],[80.8574,18.17437],[80.85764,18.17035],[80.85808,18.16808],[80.86103,18.16234],[80.86086,18.1599],[80.86025,18.15692],[80.85998,18.1532],[80.86002,18.14838],[80.86076,18.14622],[80.86164,18.14497],[80.863,18.14341],[80.86601,18.14074],[80.86669,18.13972],[80.86726,18.13779],[80.86763,18.1362]]}},{"type":"Feature","properties":{"kind":"state","name":"Chhattisgarh–Telangana","src":"OSM relations 1972004 and 3250963"},"geometry":{"type":"LineString","coordinates":[[80.86763,18.1362],[80.86979,18.13666],[80.87016,18.13633],[80.87397,18.13622],[80.87801,18.13566],[80.8811,18.13553],[80.88721,18.1356],[80.89391,18.13622],[80.89617,18.13775],[80.90599,18.1405],[80.90852,18.14133],[80.91151,18.142],[80.91561,18.14339],[80.92218,18.14633],[80.92491,18.14781],[80.92709,18.14928],[80.93026,18.15117],[80.93265,18.15292],[80.93692,18.15636],[80.93989,18.15978],[80.94137,18.16225],[80.94471,18.16353],[80.95082,18.16614],[80.9514,18.16686],[80.95227,18.17017],[80.95358,18.174],[80.95643,18.17475],[80.95969,18.17583],[80.96065,18.17578],[80.96463,18.17491],[80.96568,18.17488],[80.96916,18.17533],[80.97385,18.17683],[80.97483,18.17688],[80.97536,18.17663],[80.976,18.17596],[80.9762,18.1753],[80.97626,18.17438],[80.97623,18.17238],[80.97658,18.16206],[80.97663,18.15212],[80.97395,18.14976],[80.97241,18.14776],[80.96639,18.14337],[80.96346,18.14059],[80.96104,18.13612],[80.95924,18.13348],[80.95776,18.13198],[80.95685,18.13067],[80.95511,18.12764],[80.95432,18.12603],[80.95368,18.12448],[80.95252,18.12017],[80.95237,18.11831],[80.95173,18.1137],[80.95182,18.10669],[80.95083,18.09777],[80.95059,18.09388],[80.95068,18.0908],[80.95056,18.08894],[80.94893,18.08644],[80.94916,18.08463],[80.94902,18.08388],[80.94759,18.08213],[80.94942,18.0811],[80.95276,18.07843],[80.95491,18.07487],[80.95915,18.06387],[80.96028,18.06189],[80.96171,18.05975],[80.96266,18.05853],[80.9647,18.05433],[80.96661,18.04966],[80.96861,18.04352],[80.96821,18.04288],[80.96576,18.04069],[80.96332,18.03808],[80.96297,18.03741],[80.9635,18.0366],[80.96596,18.03394],[80.96756,18.03182],[80.96901,18.0296],[80.97107,18.02548],[80.97293,18.02059],[80.97821,18.00456],[80.97873,18.00186],[80.97963,17.99572],[80.98018,17.99119],[80.9802,17.99019],[80.98169,17.97925],[80.98451,17.9788],[80.98388,17.97786],[80.98265,17.97664],[80.98211,17.97564],[80.98341,17.96737],[80.98498,17.95617],[80.98651,17.95295],[80.98677,17.95103],[80.98759,17.94814],[80.98869,17.94183],[80.99106,17.93451],[80.99175,17.93322],[80.99291,17.93212],[80.99398,17.9291],[80.99451,17.92605],[80.99585,17.92337],[80.99737,17.92069],[80.99774,17.91935],[80.99789,17.91852],[80.99767,17.91738],[80.99813,17.9165],[80.99824,17.91433],[80.99857,17.9125],[80.99865,17.90893],[80.99938,17.90535],[80.99951,17.89969],[80.99942,17.89869],[80.99916,17.89808],[80.99864,17.89741],[80.9982,17.896],[80.99803,17.89469],[80.99791,17.89111],[80.9975,17.88649],[80.99715,17.8853],[80.99669,17.88424],[80.99587,17.88305],[80.99535,17.88194],[80.99506,17.88099],[80.9948,17.87905],[80.99497,17.87702],[80.99587,17.87201],[80.9954,17.86584],[80.99583,17.86026],[80.99594,17.85689],[80.99628,17.8544],[80.9963,17.85338],[80.9969,17.85073],[80.99676,17.84819],[80.99748,17.84635],[80.99791,17.84309],[80.99874,17.84158],[81.00027,17.83967],[81.00214,17.8347],[81.00341,17.83216],[81.00392,17.82932],[81.00414,17.82693],[81.00399,17.82612],[81.00387,17.82345],[81.00425,17.8219],[81.00416,17.81831],[81.00536,17.81206],[81.00602,17.80796],[81.00588,17.80797],[81.00592,17.80739],[81.00769,17.80364],[81.00801,17.79961],[81.00907,17.79757],[81.01358,17.79397],[81.0153,17.79276],[81.0174,17.79162],[81.02104,17.79001],[81.02265,17.78976],[81.02542,17.78897],[81.0281,17.78856],[81.03109,17.78845],[81.03263,17.78809],[81.03406,17.78685],[81.03619,17.78529],[81.03831,17.78403],[81.03934,17.78365],[81.0425,17.7829],[81.04424,17.78228],[81.04485,17.78222],[81.04658,17.78223],[81.04939,17.7826],[81.05286,17.78324],[81.05424,17.78328],[81.06506,17.78539],[81.06756,17.78572],[81.07243,17.78702],[81.07423,17.78757],[81.07534,17.78821],[81.07719,17.78866],[81.07827,17.7896],[81.07987,17.79185],[81.08574,17.79807]]}},{"type":"Feature","properties":{"kind":"state","name":"Dadra and Nagar Haveli and Daman and Diu–Gujarat","src":"OSM relations 1949080 and 1952530"},"geometry":{"type":"LineString","coordinates":[[73.21075,20.12064],[73.20654,20.11973],[73.2039,20.11953],[73.20173,20.12068],[73.20079,20.12255],[73.19969,20.12415],[73.19789,20.12564],[73.19594,20.12685],[73.19366,20.12769],[73.19225,20.12775],[73.19103,20.12745],[73.18817,20.12755],[73.18641,20.12916],[73.18656,20.13168],[73.18622,20.13507],[73.18504,20.14053],[73.18459,20.14365],[73.18485,20.14931],[73.18512,20.15221],[73.1857,20.15588],[73.18708,20.15688],[73.18845,20.15966],[73.18888,20.16152],[73.18897,20.16413],[73.19233,20.16393],[73.19736,20.16405],[73.20109,20.16377],[73.20306,20.16337],[73.2059,20.16317],[73.20993,20.16534],[73.21208,20.16732],[73.21323,20.16933],[73.21735,20.17876],[73.21783,20.18379],[73.21701,20.18641],[73.21456,20.18726],[73.21074,20.18782],[73.20813,20.1879],[73.20499,20.18871],[73.20371,20.19048],[73.20019,20.19366],[73.19268,20.19761],[73.18942,20.19592],[73.18658,20.19503],[73.18478,20.19426],[73.18122,20.19406],[73.17924,20.19531],[73.17779,20.19753],[73.1765,20.19861],[73.17457,20.1993],[73.17139,20.19942],[73.16826,20.20304],[73.16899,20.20743],[73.16852,20.20852],[73.16268,20.20329],[73.15796,20.19849],[73.15659,20.19857],[73.15401,20.20204],[73.15251,20.20349],[73.14981,20.202],[73.14869,20.2018],[73.14599,20.2018],[73.13706,20.20498],[73.13736,20.20735],[73.13461,20.20635],[73.13324,20.20498],[73.13204,20.2024],[73.13165,20.19946],[73.13268,20.19177],[73.1344,20.1879],[73.13517,20.18577],[73.13706,20.18484],[73.13899,20.18359],[73.14002,20.18182],[73.14092,20.17972],[73.14118,20.17791],[73.14118,20.17646],[73.13599,20.17114],[73.13521,20.16989],[73.1338,20.16981],[73.13084,20.17066],[73.12822,20.17292],[73.12543,20.17143],[73.12191,20.16994],[73.11959,20.16836],[73.11925,20.16671],[73.11929,20.16619],[73.11689,20.16409],[73.11479,20.16123],[73.11466,20.15886],[73.11504,20.15616],[73.11466,20.15326],[73.11307,20.15249],[73.1123,20.1539],[73.11101,20.15575],[73.10977,20.1566],[73.1065,20.15741],[73.1044,20.1572],[73.10213,20.1566],[73.09938,20.15636],[73.09625,20.15773],[73.09153,20.16002],[73.09084,20.16091],[73.09028,20.16305],[73.08921,20.16522],[73.08736,20.16961],[73.08556,20.1711],[73.08166,20.17223],[73.07891,20.1728],[73.07724,20.16736],[73.07633,20.16482],[73.07582,20.16196],[73.07397,20.15604],[73.07088,20.15523],[73.06809,20.157],[73.06252,20.1599],[73.06088,20.1618],[73.06067,20.16377],[73.06088,20.16635],[73.0617,20.16998],[73.0617,20.17271],[73.06299,20.1767],[73.0623,20.18001],[73.06191,20.18448],[73.06015,20.19281],[73.05797,20.19394],[73.05363,20.19567],[73.05097,20.19789],[73.04895,20.20059],[73.05282,20.20518],[73.05612,20.21476],[73.0584,20.21903],[73.06191,20.22467],[73.06402,20.22773],[73.0705,20.23031],[73.08187,20.22882],[73.08492,20.22697],[73.08784,20.2262],[73.09127,20.22676],[73.09376,20.22749],[73.09629,20.22801],[73.09753,20.2291],[73.09818,20.23039],[73.09856,20.23212],[73.09826,20.23345],[73.09792,20.23844],[73.10011,20.24029],[73.10801,20.24746],[73.11251,20.25314],[73.11453,20.25668],[73.12277,20.25829],[73.12697,20.26063],[73.12895,20.26361],[73.13097,20.27339],[73.13397,20.27238],[73.13684,20.27178],[73.13998,20.2727],[73.14217,20.27387],[73.14384,20.28349],[73.14564,20.28704],[73.14792,20.28953],[73.15105,20.2903],[73.15375,20.28309],[73.15526,20.28124],[73.1583,20.28043],[73.16148,20.28108],[73.16431,20.28216],[73.1662,20.2839],[73.16689,20.28913],[73.16637,20.29352],[73.16525,20.29617],[73.16495,20.29867],[73.16633,20.30108],[73.16547,20.30575],[73.16624,20.30958],[73.16603,20.31078],[73.16247,20.30921],[73.15972,20.30861],[73.15543,20.313],[73.15221,20.31666],[73.14779,20.31754],[73.1432,20.31762],[73.13916,20.3175],[73.13526,20.31754],[73.12929,20.31843],[73.12843,20.31783],[73.12852,20.31296],[73.12745,20.3097],[73.12517,20.30495],[73.11835,20.30418],[73.11496,20.30434],[73.10891,20.30499],[73.10668,20.30318],[73.10393,20.30185],[73.10097,20.30229],[73.10118,20.30607],[73.10251,20.3097],[73.10354,20.31396],[73.10771,20.32197],[73.10899,20.32712],[73.10895,20.33123],[73.11092,20.33408],[73.11243,20.33525],[73.11187,20.33694],[73.10899,20.34072],[73.10749,20.34402],[73.10577,20.34672],[73.10534,20.34873],[73.10474,20.35066],[73.10264,20.35243],[73.10075,20.35364],[73.09912,20.35734],[73.09715,20.3598],[73.09247,20.35943],[73.09024,20.35847],[73.08929,20.35537],[73.08942,20.35163],[73.09037,20.3476],[73.08925,20.34257],[73.08745,20.33875],[73.08569,20.33425],[73.08397,20.33123],[73.08191,20.32853],[73.07955,20.32587],[73.07728,20.3237],[73.07543,20.32358],[73.07273,20.32455],[73.07114,20.32563],[73.07015,20.32676],[73.06715,20.32909],[73.06286,20.32841],[73.06041,20.32757],[73.05698,20.32587],[73.04998,20.32479],[73.04707,20.32468],[73.04238,20.32586],[73.03876,20.32028],[73.03599,20.30422],[73.03595,20.29698],[73.03659,20.29263],[73.03432,20.29102],[73.03054,20.2905],[73.0278,20.29038],[73.02509,20.29078],[73.02376,20.2915],[73.02089,20.29279],[73.01926,20.29319],[73.01737,20.2934],[73.01647,20.29424],[73.01634,20.29678],[73.01677,20.29911],[73.01745,20.30185],[73.01763,20.30446],[73.01681,20.30941],[73.01381,20.30986],[73.01273,20.3099],[73.01239,20.31135],[73.01123,20.31171],[73.01003,20.31251],[73.00801,20.31239],[73.00767,20.31102],[73.00883,20.30958],[73.0108,20.29996],[73.01024,20.29488],[73.01037,20.29215],[73.00883,20.29046],[73.0072,20.28985],[73.00561,20.28961],[73.00402,20.29102],[73.00063,20.29207],[72.99831,20.29158],[72.99552,20.29191],[72.9917,20.29162],[72.9893,20.29114],[72.98531,20.28909],[72.98351,20.28881],[72.98205,20.28893],[72.98078,20.28922],[72.98033,20.279],[72.98399,20.2719],[72.97463,20.2719],[72.94608,20.29331],[72.92467,20.27859],[72.92378,20.26833],[72.94073,20.24692],[72.96972,20.23399],[72.97552,20.21927],[72.96239,20.21001]]}},{"type":"Feature","properties":{"kind":"state","name":"Dadra and Nagar Haveli and Daman and Diu–Gujarat","src":"OSM relations 1949080 and 1952530"},"geometry":{"type":"LineString","coordinates":[[72.85784,20.46612],[72.85769,20.46601]]}},{"type":"Feature","properties":{"kind":"state","name":"Dadra and Nagar Haveli and Daman and Diu–Gujarat","src":"OSM relations 1949080 and 1952530","river":"8781","rlen":86},"geometry":{"type":"LineString","coordinates":[[72.85769,20.46601],[72.85853,20.46496],[72.86101,20.46408],[72.86349,20.46381],[72.86617,20.46378],[72.86832,20.46321],[72.86996,20.46332],[72.87244,20.4628],[72.87465,20.46216],[72.87706,20.46159],[72.88,20.46143],[72.88262,20.46196],[72.88465,20.46207],[72.88674,20.46137],[72.88731,20.46032],[72.88769,20.45853],[72.88694,20.45589],[72.88685,20.4533],[72.88748,20.45108],[72.88831,20.44922],[72.89116,20.44745]]}},{"type":"Feature","properties":{"kind":"state","name":"Dadra and Nagar Haveli and Daman and Diu–Gujarat","src":"OSM relations 1949080 and 1952530"},"geometry":{"type":"LineString","coordinates":[[72.89116,20.44745],[72.8899,20.44564],[72.87805,20.44024],[72.86833,20.44528],[72.86094,20.43583],[72.85936,20.43103],[72.85918,20.42847],[72.86067,20.42578],[72.87141,20.42253],[72.8912,20.427],[72.90196,20.41748],[72.89943,20.40626],[72.88739,20.40739],[72.88234,20.40461],[72.88284,20.39879],[72.88441,20.39127],[72.89758,20.379],[72.89175,20.37041],[72.87926,20.37077],[72.86598,20.37198],[72.86077,20.3756],[72.85567,20.37358],[72.85438,20.37193]]}},{"type":"Feature","properties":{"kind":"state","name":"Dadra and Nagar Haveli and Daman and Diu–Gujarat","src":"OSM relations 1949080 and 1952530","river":"8746","rlen":49},"geometry":{"type":"LineString","coordinates":[[72.85438,20.37193],[72.85355,20.37251],[72.85185,20.37342],[72.85007,20.37356],[72.84872,20.37416],[72.84677,20.37443],[72.84505,20.37492],[72.8434,20.37506],[72.84281,20.37498],[72.84155,20.3743],[72.83976,20.37365],[72.83721,20.37362],[72.83504,20.37328],[72.83389,20.37263],[72.83138,20.36995],[72.83028,20.36804],[72.82939,20.36751],[72.82805,20.36722],[72.82709,20.36681],[72.82499,20.36665],[72.82194,20.36733],[72.82127,20.36784]]}},{"type":"Feature","properties":{"kind":"state","name":"Dadra and Nagar Haveli and Daman and Diu–Gujarat","src":"OSM relations 1949080 and 1952530"},"geometry":{"type":"LineString","coordinates":[[72.82127,20.36784],[72.82126,20.36782]]}},{"type":"Feature","properties":{"kind":"state","name":"Dadra and Nagar Haveli and Daman and Diu–Gujarat","src":"OSM relations 1949080 and 1952530"},"geometry":{"type":"LineString","coordinates":[[71.14732,20.76727],[71.14743,20.76779],[71.14981,20.76766]]}},{"type":"Feature","properties":{"kind":"state","name":"Dadra and Nagar Haveli and Daman and Diu–Gujarat","src":"OSM relations 1949080 and 1952530"},"geometry":{"type":"LineString","coordinates":[[71.14479,20.75848],[71.14523,20.76008]]}},{"type":"Feature","properties":{"kind":"state","name":"Dadra and Nagar Haveli and Daman and Diu–Gujarat","src":"OSM relations 1949080 and 1952530"},"geometry":{"type":"LineString","coordinates":[[71.00262,20.74178],[71.00313,20.74131],[71.00447,20.73928],[71.00521,20.7396],[71.00605,20.73878],[71.00641,20.73872],[71.00694,20.73743]]}},{"type":"Feature","properties":{"kind":"state","name":"Dadra and Nagar Haveli and Daman and Diu–Gujarat","src":"OSM relations 1949080 and 1952530"},"geometry":{"type":"LineString","coordinates":[[72.96235,20.30652],[72.96302,20.30695]]}},{"type":"Feature","properties":{"kind":"state","name":"Dadra and Nagar Haveli and Daman and Diu–Gujarat","src":"OSM relations 1949080 and 1952530","river":"8655","rlen":146},"geometry":{"type":"LineString","coordinates":[[72.96302,20.30695],[72.96294,20.30706],[72.96212,20.30777],[72.96018,20.30843],[72.95853,20.30844],[72.95682,20.30945],[72.95356,20.31252],[72.95253,20.31416],[72.9506,20.31616],[72.94836,20.31696],[72.94709,20.3169],[72.94596,20.3167],[72.93854,20.31677],[72.93616,20.31771],[72.93437,20.319],[72.93184,20.3203],[72.93138,20.32047]]}},{"type":"Feature","properties":{"kind":"state","name":"Dadra and Nagar Haveli and Daman and Diu–Gujarat","src":"OSM relations 1949080 and 1952530"},"geometry":{"type":"LineString","coordinates":[[72.93138,20.32047],[72.9321,20.32221],[72.93773,20.34211],[72.94064,20.34377],[72.94093,20.34615],[72.94652,20.35244],[72.94832,20.35282],[72.95194,20.35332],[72.95467,20.35327],[72.95604,20.35343],[72.95672,20.35333],[72.95794,20.35253],[72.96045,20.35124],[72.96276,20.35131],[72.96633,20.35222],[72.96716,20.35984],[72.96994,20.36292],[72.9703,20.36291],[72.97226,20.36329]]}},{"type":"Feature","properties":{"kind":"state","name":"Dadra and Nagar Haveli and Daman and Diu–Gujarat","src":"OSM relations 1949080 and 1952530","river":"8873","rlen":31},"geometry":{"type":"LineString","coordinates":[[72.97226,20.36329],[72.97249,20.36255],[72.97361,20.36233],[72.9745,20.36232],[72.97532,20.36187],[72.97607,20.36086],[72.97653,20.35979],[72.97735,20.35923],[72.97883,20.35927],[72.9796,20.35937],[72.98001,20.35903],[72.98,20.35837],[72.97976,20.35792],[72.97881,20.35754],[72.97809,20.35683],[72.97803,20.35616],[72.97891,20.35548],[72.9806,20.35504],[72.9818,20.35557],[72.98239,20.35573],[72.98316,20.35572],[72.98398,20.35543],[72.98481,20.35542],[72.98528,20.3557],[72.98547,20.3562],[72.9857,20.35631],[72.98617,20.35569],[72.98532,20.35341],[72.98542,20.35247],[72.98583,20.35157],[72.98588,20.3509],[72.98533,20.34935],[72.98621,20.34895],[72.98703,20.34878],[72.98798,20.34882],[72.98898,20.34876],[72.98957,20.34831],[72.98991,20.34752],[72.98995,20.34496],[72.99057,20.34326],[72.99067,20.3424],[72.99103,20.34205],[72.99225,20.34184],[72.99321,20.34218],[72.99681,20.34234],[72.99761,20.34203],[72.99913,20.34097],[72.9997,20.33976],[72.99985,20.33856],[72.99946,20.33762],[72.99993,20.33686],[73.00051,20.33645],[73.0013,20.33565],[73.00129,20.33465],[73.0017,20.33414]]}},{"type":"Feature","properties":{"kind":"state","name":"Dadra and Nagar Haveli and Daman and Diu–Gujarat","src":"OSM relations 1949080 and 1952530"},"geometry":{"type":"LineString","coordinates":[[73.0017,20.33414],[73.00054,20.33219],[72.99761,20.3262],[72.98159,20.31763],[72.96828,20.31335],[72.96235,20.30652]]}},{"type":"Feature","properties":{"kind":"state","name":"Dadra and Nagar Haveli and Daman and Diu–Gujarat","src":"OSM relations 1949080 and 1952530"},"geometry":{"type":"LineString","coordinates":[[73.00581,20.2373],[73.0128,20.23285],[73.01187,20.21871],[73.01236,20.21669]]}},{"type":"Feature","properties":{"kind":"state","name":"Dadra and Nagar Haveli and Daman and Diu–Gujarat","src":"OSM relations 1949080 and 1952530","river":"8655","rlen":146},"geometry":{"type":"LineString","coordinates":[[73.01236,20.21669],[73.0103,20.21624],[73.00669,20.21479],[73.00301,20.21412],[72.99867,20.21424],[72.99268,20.21458],[72.99082,20.21552],[72.98897,20.21709],[72.98727,20.21909],[72.98602,20.2215],[72.98597,20.22327],[72.98659,20.22588],[72.98788,20.23336],[72.98811,20.2355]]}},{"type":"Feature","properties":{"kind":"state","name":"Dadra and Nagar Haveli and Daman and Diu–Gujarat","src":"OSM relations 1949080 and 1952530"},"geometry":{"type":"LineString","coordinates":[[72.98811,20.2355],[72.99017,20.2353],[73.00581,20.2373]]}},{"type":"Feature","properties":{"kind":"state","name":"Dadra and Nagar Haveli and Daman and Diu–Maharashtra","src":"OSM relations 1950884 and 1952530"},"geometry":{"type":"LineString","coordinates":[[73.21075,20.12064],[73.21091,20.12022],[73.21163,20.11981],[73.21299,20.11926],[73.21452,20.11909],[73.21477,20.11891],[73.21487,20.11841],[73.21446,20.11491],[73.21429,20.1119],[73.21373,20.10911],[73.21348,20.1064],[73.21348,20.10478],[73.21247,20.10025],[73.21238,20.09853],[73.2125,20.09662],[73.21272,20.09577],[73.21272,20.09325],[73.21255,20.0903],[73.21236,20.0898],[73.21005,20.08531],[73.20843,20.08379],[73.20478,20.07925],[73.20376,20.07863],[73.19911,20.07761],[73.19739,20.07577],[73.19695,20.07562],[73.19526,20.07568],[73.19479,20.07585],[73.19324,20.07725],[73.19281,20.07749],[73.19232,20.07759],[73.19046,20.07745],[73.18929,20.07749],[73.18889,20.07728],[73.18877,20.07704],[73.1897,20.07249],[73.18954,20.07205],[73.18923,20.07167],[73.18846,20.0711],[73.18816,20.07061],[73.18815,20.06941],[73.18881,20.06834],[73.18881,20.06799],[73.18839,20.06652],[73.1878,20.06586],[73.1876,20.06526],[73.18763,20.0648],[73.18803,20.06404],[73.18808,20.06308],[73.18684,20.05909],[73.18684,20.05875],[73.18806,20.0563],[73.18846,20.05621],[73.18975,20.05635],[73.19014,20.0562],[73.19093,20.05551],[73.19147,20.05471],[73.19239,20.05405],[73.19267,20.05313],[73.19267,20.05064],[73.19258,20.05009],[73.19234,20.04962],[73.19209,20.0494],[73.19177,20.04942],[73.19121,20.05003],[73.19073,20.05023],[73.18976,20.05021],[73.18859,20.05081],[73.18812,20.05089],[73.1875,20.05081],[73.18723,20.05062],[73.18625,20.05057],[73.1859,20.05045],[73.18519,20.04977],[73.18462,20.04982],[73.184,20.05031],[73.18368,20.05041],[73.18311,20.05028],[73.18166,20.04947],[73.18059,20.04926],[73.18021,20.04905],[73.17981,20.04861],[73.17933,20.04769],[73.17896,20.04739],[73.17876,20.04741],[73.17774,20.04939],[73.17732,20.05111],[73.17707,20.0513],[73.17637,20.05141],[73.17405,20.05146],[73.17176,20.05188],[73.17098,20.05216],[73.17046,20.05259],[73.16867,20.05539],[73.16808,20.0555],[73.16757,20.05546],[73.1663,20.05483],[73.16588,20.05488],[73.1653,20.05544],[73.16504,20.05592],[73.16443,20.05841],[73.16438,20.05985],[73.16401,20.06054],[73.16326,20.06097],[73.16279,20.06164],[73.16146,20.06237],[73.16098,20.06315],[73.16065,20.06329],[73.16018,20.06338],[73.15953,20.06331],[73.15776,20.06267],[73.15723,20.06279],[73.15703,20.063],[73.15692,20.06341],[73.15695,20.06409],[73.15711,20.06433],[73.15786,20.06478],[73.15791,20.06526],[73.15754,20.06561],[73.15666,20.06557],[73.15611,20.06536],[73.15598,20.06543],[73.15593,20.06666],[73.15506,20.06755],[73.15487,20.06814],[73.15504,20.06935],[73.15383,20.0705],[73.15287,20.07195],[73.15292,20.07264],[73.15489,20.07473],[73.15489,20.07542],[73.15476,20.07562],[73.15373,20.07603],[73.15319,20.0766],[73.15261,20.07692],[73.15139,20.07731],[73.1493,20.0781]]}},{"type":"Feature","properties":{"kind":"state","name":"Dadra and Nagar Haveli and Daman and Diu–Maharashtra","src":"OSM relations 1950884 and 1952530","river":"8879","rlen":43},"geometry":{"type":"LineString","coordinates":[[73.1493,20.0781],[73.14914,20.07771],[73.14914,20.077],[73.14934,20.07564],[73.14938,20.07484],[73.14886,20.07442],[73.14741,20.07355],[73.14674,20.07362],[73.14571,20.07427],[73.14359,20.07605],[73.14311,20.07707],[73.14298,20.07773],[73.14316,20.07805],[73.14292,20.0789],[73.1427,20.07942],[73.14231,20.07973],[73.14168,20.07991],[73.14145,20.0799],[73.13964,20.07818],[73.13921,20.07809],[73.13835,20.07831],[73.13757,20.07875],[73.13689,20.07955],[73.1367,20.08009],[73.13667,20.0806],[73.1369,20.08144],[73.13765,20.08247],[73.13767,20.08432],[73.1375,20.0849],[73.13683,20.08554],[73.1361,20.08589],[73.13482,20.08597],[73.13359,20.08517],[73.13259,20.08334],[73.13178,20.08225],[73.13132,20.08208],[73.13105,20.0818],[73.13075,20.08166],[73.12923,20.08163],[73.12892,20.0818],[73.1275,20.08349],[73.12708,20.08363],[73.12665,20.08371],[73.12636,20.08363],[73.12585,20.08335],[73.12547,20.08306],[73.12515,20.08267],[73.12498,20.08139],[73.12474,20.08107],[73.12466,20.08078],[73.12466,20.08008],[73.1249,20.0797],[73.1249,20.07941],[73.12447,20.07801],[73.12391,20.07789],[73.12348,20.07808],[73.12278,20.07823],[73.12201,20.07861],[73.12116,20.07893],[73.11971,20.07888],[73.11957,20.07873],[73.11942,20.07808],[73.11947,20.07589],[73.11904,20.07511],[73.11868,20.07502],[73.11829,20.07502],[73.1179,20.07514],[73.11667,20.07564],[73.11583,20.0761],[73.11539,20.07622],[73.11392,20.07733],[73.11242,20.07806],[73.11201,20.07818],[73.10926,20.07806],[73.10851,20.07825],[73.10808,20.07844],[73.1075,20.07883],[73.1068,20.07903],[73.10617,20.07899]]}},{"type":"Feature","properties":{"kind":"state","name":"Dadra and Nagar Haveli and Daman and Diu–Maharashtra","src":"OSM relations 1950884 and 1952530"},"geometry":{"type":"LineString","coordinates":[[73.10617,20.07899],[73.10595,20.08115],[73.10604,20.0815],[73.1068,20.08269],[73.10688,20.08333],[73.10676,20.08453],[73.10656,20.08521],[73.10517,20.08793],[73.10432,20.08899],[73.10391,20.08935],[73.1033,20.08961],[73.09936,20.08955],[73.09732,20.08911],[73.09613,20.08908],[73.09299,20.08979],[73.09154,20.09025],[73.08661,20.09056],[73.08301,20.09153],[73.08206,20.09198],[73.08006,20.09336],[73.07794,20.09456],[73.07549,20.09523],[73.07144,20.09559],[73.06848,20.09605],[73.06769,20.09641],[73.06668,20.09731],[73.06578,20.09785],[73.06424,20.09845],[73.06268,20.09871],[73.05585,20.09878],[73.05524,20.09831],[73.05303,20.0927],[73.05256,20.09106],[73.05242,20.08976],[73.0525,20.0888],[73.05282,20.08781],[73.05253,20.08399],[73.05271,20.08181],[73.05264,20.08031],[73.05271,20.07952],[73.05313,20.07844],[73.05319,20.07787],[73.05312,20.07692],[73.05258,20.07516],[73.0521,20.06946],[73.05203,20.06798],[73.0524,20.06571],[73.05243,20.06476],[73.05233,20.06455],[73.0519,20.06398],[73.0515,20.06378],[73.05119,20.06398],[73.05091,20.06443],[73.0504,20.06488],[73.04902,20.06512],[73.0483,20.06608],[73.0478,20.06644],[73.04706,20.0664],[73.04641,20.06615],[73.04517,20.06538],[73.04429,20.06568],[73.04383,20.06601],[73.04068,20.06678],[73.03978,20.06721],[73.03917,20.06767],[73.03856,20.06835],[73.03525,20.07338],[73.03135,20.07865],[73.02988,20.08042],[73.02833,20.08197],[73.02795,20.08214],[73.02704,20.0817],[73.02651,20.08189],[73.0261,20.08235],[73.02506,20.08311],[73.0239,20.08431],[73.02352,20.08509],[73.02356,20.0866],[73.02334,20.08735],[73.02253,20.08885],[73.02212,20.09032],[73.02083,20.0916],[73.01926,20.09285],[73.01787,20.09393],[73.01515,20.09566],[73.01464,20.09619],[73.01442,20.0967],[73.01332,20.10113],[73.0125,20.10323],[73.01119,20.10533],[73.00954,20.10748],[73.00754,20.10922],[73.0057,20.11059],[73.00236,20.11143],[73.00147,20.1119],[73.001,20.11339],[73.0004,20.11672],[72.9996,20.11789],[72.99898,20.11925],[72.99917,20.12077],[72.99967,20.12202],[73.00196,20.12375],[73.00239,20.12451],[73.00327,20.12491],[73.00493,20.12499],[73.01174,20.12895],[73.01222,20.12961],[73.01233,20.13024],[73.0122,20.13215],[73.01181,20.13376],[73.01139,20.13452],[73.01064,20.13472],[73.00971,20.13448],[73.00835,20.13453],[73.00664,20.13516],[73.00547,20.13598],[73.00484,20.13686],[73.00343,20.13981],[73.00282,20.14056],[73.001,20.14167],[72.99971,20.14226],[72.9981,20.14239],[72.99784,20.1423],[72.99744,20.14102],[72.99593,20.1396],[72.99535,20.13881],[72.99482,20.1376],[72.99491,20.13613],[72.99578,20.13461],[72.99604,20.13331],[72.99589,20.13166],[72.9951,20.13034],[72.99436,20.12749],[72.99403,20.12463],[72.9934,20.12136],[72.99236,20.11752],[72.99155,20.11681],[72.99101,20.11653],[72.98967,20.11679],[72.98649,20.11639],[72.98389,20.11641],[72.98071,20.11574],[72.97946,20.11561],[72.97825,20.11492],[72.97748,20.11401],[72.97737,20.11352],[72.97762,20.11283],[72.97735,20.11266],[72.97606,20.11303],[72.97413,20.11414],[72.97263,20.11426],[72.97138,20.11476],[72.96951,20.1173],[72.96906,20.11918],[72.96881,20.12229],[72.9693,20.12341],[72.96915,20.12388],[72.96688,20.12502],[72.96544,20.12511],[72.96457,20.12568],[72.96394,20.12676],[72.96357,20.12857],[72.96215,20.13046],[72.96104,20.13264],[72.96134,20.13643],[72.96172,20.13775],[72.96262,20.13914],[72.96448,20.14278],[72.9654,20.1441],[72.96551,20.14541],[72.96916,20.15037],[72.97121,20.15354],[72.97243,20.156],[72.9734,20.15704],[72.97357,20.1579],[72.97456,20.16035],[72.97443,20.16129],[72.97365,20.16309],[72.97364,20.16543],[72.97329,20.17119],[72.97415,20.17501],[72.97762,20.1789],[72.97763,20.17989],[72.97715,20.18044],[72.97582,20.18109],[72.97454,20.18139],[72.97367,20.18126],[72.97282,20.18138],[72.97081,20.18236],[72.96797,20.18313],[72.96576,20.18254],[72.96319,20.18228],[72.96252,20.1828],[72.96169,20.18476],[72.96137,20.18646],[72.96141,20.18959],[72.96188,20.19112],[72.96172,20.19244],[72.96112,20.19383],[72.95993,20.19896],[72.9599,20.20081],[72.96032,20.20248],[72.9609,20.20398],[72.96086,20.20588],[72.9612,20.20679],[72.96128,20.2079],[72.96229,20.20925],[72.96239,20.21001]]}},{"type":"Feature","properties":{"kind":"state","name":"Goa–Karnataka","src":"OSM relations 2019939 and 11251493"},"geometry":{"type":"LineString","coordinates":[[74.11774,15.65168],[74.11978,15.65181],[74.12063,15.65176],[74.12208,15.65125],[74.12254,15.65068],[74.12339,15.65049],[74.12392,15.65071],[74.12443,15.6511],[74.12603,15.65109],[74.12751,15.65044],[74.12948,15.64978],[74.13471,15.64838],[74.1364,15.64878],[74.13876,15.6505],[74.13993,15.65096],[74.14166,15.65105],[74.14328,15.65096],[74.14484,15.65112],[74.14658,15.65111],[74.14776,15.65167],[74.14993,15.65179],[74.15241,15.65097],[74.15393,15.65013],[74.15443,15.65004],[74.1563,15.65333],[74.15726,15.65438],[74.15909,15.65542],[74.16147,15.65453],[74.16256,15.65469],[74.16445,15.65405],[74.16499,15.65463],[74.1658,15.65482],[74.16445,15.65868],[74.16462,15.66009],[74.16658,15.66899],[74.16766,15.67091],[74.16739,15.67159],[74.16791,15.67197],[74.16805,15.67236],[74.16854,15.67243],[74.16911,15.67283],[74.16991,15.67282],[74.1722,15.67408],[74.17487,15.67719],[74.17489,15.67788],[74.17577,15.67876],[74.17633,15.67956],[74.17772,15.68006],[74.18,15.68165],[74.18142,15.68216],[74.18433,15.68145],[74.18542,15.681],[74.18642,15.68115],[74.18687,15.681],[74.18736,15.68064],[74.1886,15.68067],[74.18916,15.68047],[74.18989,15.6779],[74.18985,15.67691],[74.18954,15.67622],[74.18653,15.67457],[74.18564,15.67275],[74.18685,15.67006],[74.18673,15.66783],[74.18741,15.6673],[74.19398,15.6663],[74.19557,15.665],[74.20157,15.6644],[74.20359,15.66478],[74.20389,15.66279],[74.20325,15.65792],[74.20179,15.65653],[74.20509,15.65093],[74.21413,15.6525],[74.21544,15.6531],[74.21767,15.65283],[74.22224,15.6556],[74.22217,15.65686],[74.21975,15.65767],[74.21838,15.65833],[74.21681,15.65986],[74.21619,15.66112],[74.21514,15.66226],[74.21458,15.66318],[74.21623,15.66265],[74.2173,15.6624],[74.2176,15.66244],[74.21962,15.66659],[74.22198,15.66802],[74.22402,15.66909],[74.22419,15.66792],[74.22417,15.66701],[74.22432,15.66643],[74.22657,15.6661],[74.22801,15.6648],[74.22872,15.66511],[74.2294,15.66637],[74.2314,15.66624],[74.232,15.66653],[74.23267,15.66765],[74.23584,15.66852],[74.23664,15.66717],[74.23734,15.66633],[74.23898,15.66507],[74.23899,15.66419],[74.23847,15.66354],[74.24099,15.66298],[74.24275,15.66236],[74.2444,15.65847],[74.24634,15.65808],[74.24863,15.65783],[74.25045,15.65783],[74.24979,15.6563],[74.25174,15.65476],[74.25142,15.6537],[74.25018,15.6524],[74.24906,15.64852],[74.24865,15.64511],[74.24732,15.6413],[74.24696,15.63781],[74.24608,15.63422],[74.24415,15.62884],[74.24391,15.62581],[74.24769,15.62304],[74.25324,15.62715],[74.2547,15.62638],[74.25672,15.62498],[74.25824,15.62353],[74.25857,15.62256],[74.25835,15.62134],[74.26108,15.61985],[74.26389,15.6158],[74.26196,15.60859],[74.26013,15.6069],[74.26071,15.59985],[74.25915,15.59741],[74.26028,15.59257],[74.25224,15.58484],[74.24867,15.58071],[74.24882,15.57999],[74.25061,15.57711],[74.24809,15.57362],[74.24689,15.57153],[74.24558,15.56785],[74.2449,15.56703],[74.24646,15.56705],[74.24857,15.56804],[74.24973,15.56787],[74.25106,15.56705],[74.25228,15.56601],[74.25419,15.56405],[74.25539,15.56324],[74.25739,15.5624],[74.25863,15.5625],[74.25949,15.56271],[74.26084,15.56465],[74.262,15.56502],[74.26348,15.56308],[74.26389,15.56188],[74.26363,15.56074],[74.26434,15.55944],[74.26872,15.55452],[74.27108,15.55268],[74.27251,15.5507],[74.2729,15.54948],[74.27597,15.54751],[74.27768,15.54596],[74.27835,15.54435],[74.27947,15.53889],[74.28097,15.53527],[74.28187,15.5343],[74.28236,15.53261],[74.28234,15.52841],[74.28202,15.52682],[74.28116,15.52514],[74.28009,15.52442],[74.27891,15.52384],[74.27815,15.52285],[74.278,15.52001],[74.27818,15.51791],[74.27738,15.51621],[74.27462,15.51311],[74.27154,15.51087],[74.26558,15.50801],[74.26392,15.50752],[74.26172,15.50728],[74.26005,15.50666],[74.25711,15.50434],[74.25462,15.50368],[74.25097,15.4914],[74.25071,15.49124],[74.25179,15.49136],[74.25981,15.48019],[74.26436,15.47184],[74.27187,15.45773],[74.27603,15.44826],[74.27633,15.44346],[74.27801,15.44102],[74.27719,15.43804],[74.27569,15.4366],[74.27728,15.43445],[74.26994,15.42555],[74.26929,15.4191],[74.27041,15.41583],[74.27238,15.41575],[74.27419,15.41471],[74.27573,15.409],[74.27719,15.40573],[74.2753,15.39175],[74.28213,15.38327],[74.29839,15.38198],[74.30938,15.37416],[74.3172,15.37029],[74.32204,15.36816],[74.31633,15.3632],[74.31569,15.35927],[74.32194,15.34427],[74.3171,15.3353],[74.31684,15.33017],[74.32405,15.31113],[74.33611,15.29598],[74.33114,15.28903],[74.3265,15.28452],[74.32127,15.2853],[74.31963,15.28423],[74.30818,15.28406],[74.29401,15.28944],[74.29311,15.28518],[74.28719,15.28429],[74.2815,15.28085],[74.27638,15.28354],[74.27175,15.28114],[74.26951,15.27574],[74.26505,15.26899],[74.26063,15.26092],[74.25071,15.25906],[74.2526,15.25616],[74.25161,15.25438],[74.25209,15.25036],[74.25513,15.24738],[74.2553,15.24444],[74.25659,15.24502],[74.26033,15.24096],[74.28146,15.23622],[74.28725,15.2328],[74.29204,15.23403],[74.29331,15.23222],[74.29453,15.23107],[74.29633,15.22972],[74.29725,15.22815],[74.29882,15.22661],[74.29972,15.22622],[74.30013,15.22545],[74.30107,15.22494],[74.30133,15.22407],[74.30082,15.22297],[74.30101,15.22264],[74.3009,15.22129],[74.30032,15.22088],[74.30013,15.21895],[74.30025,15.21889],[74.30156,15.2174]]}},{"type":"Feature","properties":{"kind":"state","name":"Goa–Karnataka","src":"OSM relations 2019939 and 11251493","river":"8930","rlen":31},"geometry":{"type":"LineString","coordinates":[[74.30156,15.2174],[74.30157,15.21741],[74.30268,15.21767],[74.30298,15.21763],[74.30319,15.2175],[74.30325,15.21735],[74.30317,15.21641],[74.30328,15.21633],[74.30432,15.21637],[74.30455,15.21628],[74.30479,15.21604],[74.30493,15.21572],[74.30496,15.21526],[74.30489,15.21514],[74.30464,15.21486],[74.30416,15.21466],[74.30408,15.21443],[74.3047,15.21357],[74.30481,15.21316],[74.30501,15.21282],[74.30554,15.21257],[74.30559,15.21231],[74.30524,15.21192],[74.30521,15.21162],[74.30547,15.21134],[74.306,15.21102],[74.30626,15.21068],[74.30624,15.21011],[74.30592,15.20966],[74.30597,15.20934],[74.30643,15.20907],[74.30694,15.20907],[74.3074,15.20868],[74.30799,15.20842],[74.30878,15.20845],[74.30885,15.20837],[74.30879,15.20772],[74.30901,15.20743],[74.30918,15.20685],[74.30929,15.20673],[74.30965,15.20657],[74.3102,15.20657],[74.31041,15.20648],[74.31042,15.20583],[74.31026,15.20539],[74.30988,15.20471],[74.30974,15.20365],[74.3096,15.2032],[74.3091,15.2026],[74.30891,15.20206],[74.30889,15.20182],[74.30899,15.20149],[74.30923,15.20109],[74.30934,15.2007],[74.30938,15.20007],[74.30937,15.19966],[74.30894,15.19859],[74.30895,15.19775],[74.30907,15.19742],[74.31022,15.19637],[74.31032,15.19597],[74.31033,15.19475],[74.31043,15.19439],[74.3108,15.19413],[74.31113,15.19374],[74.31142,15.19246],[74.31173,15.19215],[74.31222,15.19184],[74.31269,15.19114],[74.31295,15.19042],[74.31298,15.19013],[74.31322,15.18977],[74.31364,15.18942],[74.31569,15.18817],[74.31602,15.18772],[74.3164,15.18698],[74.31693,15.18532],[74.31779,15.18483],[74.31831,15.18328],[74.31826,15.18301],[74.31857,15.18213]]}},{"type":"Feature","properties":{"kind":"state","name":"Goa–Karnataka","src":"OSM relations 2019939 and 11251493"},"geometry":{"type":"LineString","coordinates":[[74.31857,15.18213],[74.31672,15.1815],[74.31594,15.18062],[74.31457,15.18],[74.31509,15.17889],[74.31448,15.17786],[74.31341,15.17694],[74.30436,15.16327],[74.30037,15.15921],[74.2962,15.15229],[74.29436,15.1508],[74.29165,15.14985],[74.28972,15.15018],[74.28843,15.14977],[74.28599,15.14952],[74.28333,15.145],[74.28337,15.14285],[74.28492,15.13924],[74.28428,15.13331],[74.2835,15.1327],[74.28371,15.12914],[74.28316,15.12628],[74.28406,15.11418],[74.28219,15.11333],[74.28195,15.10641],[74.2759,15.10525],[74.27468,15.10341],[74.27444,15.09719],[74.27582,15.09609],[74.27865,15.09152],[74.28056,15.08812],[74.28153,15.06868],[74.28324,15.06699],[74.28509,15.06607],[74.28779,15.06587],[74.29015,15.06487],[74.29067,15.05468],[74.2947,15.04917],[74.29676,15.04096],[74.29174,15.03835],[74.28685,15.03441],[74.2844,15.03279],[74.28264,15.0255],[74.28376,15.02363],[74.28204,15.02086],[74.27903,15.01802],[74.27354,15.01414],[74.27196,15.01137],[74.27084,15.009],[74.26869,15.00691],[74.26745,15.00341],[74.26822,15.00158],[74.26174,14.99972],[74.25848,14.99943],[74.25342,14.99818],[74.25251,14.99412],[74.25256,14.99292],[74.25599,14.98919],[74.25831,14.98803],[74.26144,14.98276],[74.2635,14.98048],[74.26426,14.97846],[74.26084,14.97661],[74.26048,14.97482],[74.25882,14.9701],[74.25526,14.97082],[74.2541,14.9685],[74.25382,14.9612],[74.25266,14.95998],[74.25045,14.96052],[74.24915,14.96029],[74.24835,14.96191],[74.24775,14.96282],[74.24565,14.96278],[74.2444,14.96409],[74.24264,14.96481],[74.24196,14.96475],[74.2411,14.96581],[74.23973,14.9668],[74.23754,14.96724],[74.23599,14.96632],[74.23567,14.96554],[74.23345,14.96423],[74.23215,14.96224],[74.2311,14.9577],[74.23138,14.95588],[74.23134,14.95333],[74.2305,14.95183],[74.22913,14.95067],[74.22559,14.95018],[74.21938,14.94877],[74.2175,14.94648],[74.2135,14.94789],[74.21181,14.94356],[74.21226,14.94064],[74.20887,14.93844],[74.20881,14.93763],[74.20634,14.93434],[74.2043,14.92901],[74.20119,14.92646],[74.19951,14.92741],[74.19153,14.93334],[74.19368,14.93662],[74.19351,14.94168],[74.19093,14.94574],[74.17922,14.95121],[74.17994,14.95188],[74.17861,14.95565],[74.1793,14.95805],[74.17342,14.95901],[74.17295,14.95826],[74.16441,14.95867],[74.16274,14.95822],[74.16102,14.95602],[74.15947,14.95619],[74.15814,14.95196],[74.15832,14.94897],[74.1551,14.94603],[74.15412,14.94069],[74.15437,14.93989],[74.15486,14.93981],[74.15508,14.94006],[74.15544,14.93971],[74.15548,14.93921],[74.15602,14.93927],[74.15636,14.9389],[74.15608,14.93753],[74.1566,14.93678],[74.15647,14.93593],[74.1569,14.93587],[74.15666,14.9351],[74.15759,14.9344],[74.1575,14.93367],[74.15842,14.93259],[74.15802,14.93206],[74.15849,14.93091],[74.15939,14.9298],[74.15947,14.92863],[74.16151,14.92787],[74.16194,14.92702],[74.16344,14.926],[74.16347,14.92474],[74.16404,14.92409],[74.16368,14.9232],[74.16456,14.92264],[74.16435,14.92204],[74.16484,14.92073],[74.16649,14.91779],[74.16649,14.91644],[74.16261,14.9136],[74.16145,14.91248],[74.15379,14.91653],[74.15368,14.91773],[74.1525,14.91829],[74.15046,14.91835],[74.149,14.91785],[74.14795,14.91858],[74.14716,14.91854],[74.14587,14.91889],[74.14392,14.92175],[74.1398,14.92349],[74.13662,14.92243],[74.136,14.92188],[74.13525,14.9219],[74.13289,14.92362],[74.12995,14.92552],[74.12598,14.92499],[74.12435,14.92552],[74.12197,14.92219],[74.12066,14.91748],[74.11761,14.91754],[74.11557,14.91818],[74.10926,14.91644],[74.10834,14.91414],[74.1048,14.91296],[74.10177,14.91576],[74.09667,14.91232],[74.09377,14.90912],[74.09025,14.90299],[74.08803,14.90274],[74.0858,14.90066],[74.08487,14.90025]]}},{"type":"Feature","properties":{"kind":"state","name":"Goa–Maharashtra","src":"OSM relations 1950884 and 11251493"},"geometry":{"type":"LineString","coordinates":[[74.11774,15.65168],[74.11598,15.6493],[74.1142,15.64889],[74.11343,15.64591],[74.11278,15.64632],[74.11195,15.6461],[74.11023,15.64697],[74.10439,15.64484],[74.10261,15.64248],[74.10096,15.64145],[74.09864,15.64023],[74.09534,15.64178],[74.0921,15.63953],[74.0866,15.63754],[74.08396,15.63591],[74.08394,15.63444],[74.0815,15.63329],[74.07869,15.63116],[74.07783,15.63172],[74.07624,15.63126],[74.07214,15.6294],[74.07047,15.62878],[74.07023,15.62969],[74.06927,15.62986],[74.06768,15.62981],[74.06566,15.62917],[74.0639,15.62829],[74.06165,15.62835],[74.06029,15.62748],[74.05852,15.62679],[74.05528,15.6262],[74.05464,15.62584],[74.05051,15.6248],[74.04357,15.62444],[74.04129,15.62442],[74.03281,15.62246],[74.03111,15.6225],[74.02931,15.61872],[74.02802,15.61717],[74.02659,15.6101],[74.02461,15.60971],[74.02223,15.60677],[74.02131,15.60636],[74.00831,15.61047],[74.00358,15.61213],[74.00037,15.61113],[73.99708,15.61105],[73.99097,15.61194],[73.99009,15.61423],[73.98824,15.61694],[73.98595,15.61967],[73.98082,15.62475],[73.97925,15.62694],[73.97378,15.62777],[73.97097,15.62779],[73.97009,15.62932],[73.96801,15.63074],[73.96717,15.63273],[73.96757,15.63409],[73.96737,15.63523],[73.96136,15.64199],[73.96079,15.64554],[73.96098,15.6467],[73.96273,15.65188],[73.96556,15.65618],[73.96706,15.65821],[73.96743,15.65958],[73.96756,15.66071],[73.96706,15.66229],[73.96616,15.66705],[73.96595,15.66994],[73.96494,15.67118],[73.96342,15.67166],[73.96329,15.67455],[73.96354,15.67647],[73.96357,15.68145],[73.96421,15.68686],[73.9641,15.69104],[73.96365,15.69276],[73.96348,15.69298],[73.96286,15.6931],[73.96236,15.69297],[73.96216,15.69332],[73.96218,15.69374],[73.96151,15.69482],[73.9605,15.69537],[73.9606,15.69562],[73.96058,15.69626],[73.9603,15.69677],[73.95932,15.69783],[73.95941,15.69815],[73.95971,15.69841],[73.95979,15.69893],[73.95954,15.69952],[73.95908,15.69965],[73.9585,15.69912],[73.95814,15.69911],[73.95794,15.69938],[73.95788,15.70004],[73.95715,15.70017],[73.95651,15.70015],[73.95625,15.69967],[73.95578,15.69941],[73.95526,15.6996],[73.9546,15.69953],[73.9529,15.69976],[73.95277,15.69925],[73.9521,15.69818],[73.95213,15.69747],[73.95125,15.69751],[73.9508,15.69822],[73.94977,15.69827],[73.94807,15.6989],[73.94713,15.69912],[73.94655,15.69876],[73.94619,15.69833],[73.94567,15.69822],[73.94522,15.69859],[73.94423,15.69909],[73.94595,15.69992],[73.94702,15.70062],[73.94872,15.70229],[73.94932,15.70372],[73.94983,15.70727],[73.94993,15.70872],[73.94833,15.70907],[73.94799,15.70929],[73.94773,15.70975],[73.94809,15.71006],[73.94897,15.71024],[73.94983,15.71062],[73.94967,15.71161],[73.95092,15.71218],[73.95209,15.71391],[73.95176,15.71464],[73.95194,15.7158],[73.95181,15.7166],[73.95159,15.71683],[73.95028,15.71698],[73.95007,15.71753],[73.9497,15.71803],[73.94909,15.71801],[73.9486,15.71859],[73.94814,15.71967],[73.94747,15.7204],[73.94671,15.7203],[73.94644,15.72088],[73.9459,15.72113],[73.94562,15.72151],[73.94554,15.72219],[73.94475,15.72398],[73.9443,15.72447],[73.94454,15.72504],[73.94428,15.72535],[73.94342,15.72596],[73.94267,15.72797],[73.94194,15.72859],[73.9415,15.72943],[73.94164,15.73041],[73.94145,15.7315],[73.94169,15.73291],[73.94116,15.73431],[73.94065,15.73916],[73.93923,15.74125],[73.93859,15.7435],[73.93531,15.74439],[73.93265,15.7448],[73.92956,15.74499],[73.92155,15.74501],[73.91769,15.74552],[73.91539,15.7449],[73.91164,15.74705],[73.90954,15.7486],[73.90741,15.74889],[73.90692,15.7474],[73.90569,15.74672],[73.90035,15.74625],[73.89934,15.74548],[73.89713,15.74682],[73.89698,15.7474],[73.8961,15.74765],[73.89469,15.74763],[73.8934,15.74876],[73.89183,15.74879],[73.88595,15.75023],[73.88359,15.75011],[73.87969,15.74945],[73.87739,15.75],[73.87514,15.75155],[73.87417,15.75279],[73.87269,15.75581],[73.87237,15.75767],[73.87241,15.75915],[73.87314,15.76083],[73.87428,15.76237],[73.87619,15.76438],[73.87664,15.76551],[73.87643,15.76642],[73.8749,15.76708],[73.87465,15.76778],[73.87563,15.76832],[73.87698,15.76845],[73.87964,15.77346],[73.87977,15.77458],[73.87889,15.77466],[73.87814,15.77503],[73.87705,15.77526],[73.87574,15.77598],[73.87467,15.77741],[73.87384,15.77764],[73.87081,15.78128],[73.87044,15.78265],[73.86952,15.78365],[73.86893,15.78395],[73.86683,15.7845],[73.866,15.78524],[73.86594,15.787],[73.86536,15.78915],[73.86526,15.79121],[73.86604,15.79381],[73.86739,15.7971],[73.86353,15.79896],[73.86334,15.79897],[73.86171,15.80005]]}},{"type":"Feature","properties":{"kind":"state","name":"Goa–Maharashtra","src":"OSM relations 1950884 and 11251493","river":"8922","rlen":71},"geometry":{"type":"LineString","coordinates":[[73.86171,15.80005],[73.86095,15.79947],[73.85749,15.8006],[73.85652,15.8007],[73.85442,15.79954],[73.85319,15.79806],[73.85035,15.78923],[73.84715,15.78656],[73.84724,15.78542],[73.85191,15.78204],[73.85213,15.78108],[73.85164,15.78017],[73.85028,15.77995],[73.84676,15.78096],[73.84414,15.78116],[73.84279,15.7802],[73.84162,15.77782],[73.83995,15.77387],[73.83919,15.77058],[73.83874,15.76824],[73.83765,15.76693],[73.83492,15.76616],[73.83256,15.76602],[73.83097,15.76554],[73.83004,15.76514],[73.82966,15.76361],[73.8299,15.76223],[73.83083,15.76025],[73.83109,15.75875],[73.8312,15.75726],[73.83136,15.75648],[73.83009,15.75482],[73.82973,15.75325],[73.82954,15.75057],[73.82853,15.74923],[73.82663,15.74596],[73.82617,15.74411],[73.82618,15.74341],[73.82509,15.74182],[73.82202,15.74118],[73.81803,15.74118],[73.81425,15.74153],[73.81367,15.74189],[73.81157,15.74279],[73.81057,15.74291],[73.80992,15.7429],[73.80923,15.7426],[73.80901,15.74238],[73.80768,15.73913],[73.8075,15.7388],[73.80715,15.73849],[73.8062,15.73782],[73.80349,15.73687],[73.80039,15.73507],[73.79885,15.73454],[73.79848,15.73447],[73.79715,15.73481],[73.79516,15.73614],[73.79266,15.73587],[73.79062,15.73555],[73.78906,15.7342],[73.78885,15.73335],[73.78905,15.73215],[73.78917,15.73068],[73.78861,15.72922],[73.7879,15.72803],[73.78742,15.72659],[73.78618,15.72597],[73.78455,15.72618],[73.78337,15.72677],[73.78214,15.72728],[73.77716,15.72789],[73.77479,15.72899],[73.77318,15.7293],[73.77078,15.73018],[73.76905,15.73104],[73.76618,15.73268],[73.76484,15.73329],[73.76371,15.73369],[73.76058,15.73431],[73.75636,15.73502],[73.75401,15.73522],[73.74997,15.73577],[73.74371,15.73544],[73.74038,15.7352],[73.73768,15.73356],[73.73547,15.73154],[73.73353,15.72935],[73.73281,15.72835],[73.72868,15.72625]]}},{"type":"Feature","properties":{"kind":"state","name":"Goa–Maharashtra","src":"OSM relations 1950884 and 11251493"},"geometry":{"type":"LineString","coordinates":[[73.72868,15.72625],[73.7297,15.72435],[73.72829,15.7224],[73.7276,15.72107],[73.72547,15.72111],[73.72326,15.72194],[73.72159,15.72379],[73.71415,15.72539],[73.71008,15.72549],[73.70304,15.7231],[73.70001,15.72235],[73.69664,15.72255],[73.69603,15.72364],[73.69562,15.72353],[73.69434,15.72377],[73.69363,15.72614],[73.69291,15.728],[73.69004,15.72929],[73.68791,15.72989],[73.68301,15.72999],[73.67712,15.72941],[73.67728,15.72894],[73.67691,15.72762],[73.6756,15.72698]]}},{"type":"Feature","properties":{"kind":"state","name":"Gujarat–Madhya Pradesh","src":"OSM relations 1949080 and 1950071"},"geometry":{"type":"LineString","coordinates":[[74.14462,21.9529],[74.14417,21.95313],[74.14401,21.9535],[74.14341,21.95422],[74.14319,21.95484],[74.14281,21.95528],[74.14207,21.95537],[74.14188,21.95574],[74.14287,21.95674],[74.14301,21.9584],[74.14566,21.95883],[74.14739,21.96045],[74.14755,21.96072],[74.14728,21.96111],[74.14644,21.96184],[74.1458,21.96207],[74.14497,21.96204],[74.14409,21.96123],[74.14361,21.96116],[74.14335,21.96124],[74.14297,21.96173],[74.14278,21.96227],[74.14225,21.96289],[74.14275,21.96341],[74.14276,21.96362],[74.14249,21.96373],[74.14163,21.96363],[74.1413,21.96384],[74.14074,21.9663],[74.14054,21.96669],[74.13991,21.96731],[74.13984,21.96764],[74.13999,21.96788],[74.14117,21.96853],[74.14145,21.9688],[74.14166,21.96927],[74.14178,21.9702],[74.14119,21.97132],[74.14053,21.97219],[74.14034,21.97267],[74.1405,21.97296],[74.14112,21.97347],[74.14285,21.97428],[74.14383,21.97519],[74.14421,21.9754],[74.14465,21.97542],[74.14614,21.97499],[74.147,21.97463],[74.14733,21.97421],[74.14754,21.97415],[74.14944,21.97478],[74.14989,21.97517],[74.14993,21.97562],[74.14926,21.97632],[74.14915,21.97658],[74.14917,21.97677],[74.14964,21.97739],[74.14965,21.97835],[74.14893,21.97845],[74.14869,21.97866],[74.14902,21.97928],[74.14906,21.98014],[74.14922,21.98054],[74.1488,21.98125],[74.14909,21.98245],[74.14866,21.9832],[74.14865,21.98343],[74.14874,21.98377],[74.14918,21.98443],[74.15054,21.9858],[74.15071,21.98627],[74.1506,21.98659],[74.14861,21.98814],[74.14796,21.98848],[74.14686,21.98831],[74.14593,21.98768],[74.1455,21.98774],[74.14451,21.98855],[74.14417,21.98917],[74.14366,21.98941],[74.14347,21.98966],[74.14347,21.98994],[74.14391,21.99041],[74.14395,21.99067],[74.14374,21.99085],[74.14304,21.99081],[74.14217,21.99055],[74.14142,21.99077],[74.14022,21.99048],[74.14004,21.99064],[74.13998,21.99101],[74.13973,21.99138],[74.13835,21.99171],[74.13683,21.99169],[74.13655,21.99183],[74.13567,21.99277],[74.13516,21.99258],[74.13488,21.99261],[74.13294,21.99354],[74.13102,21.99374],[74.12946,21.99448],[74.12869,21.99472],[74.12793,21.99529],[74.12722,21.99559],[74.12697,21.99562],[74.12617,21.99528],[74.12403,21.99504],[74.1227,21.9953],[74.12139,21.99581],[74.12044,21.9957],[74.12027,21.9958],[74.11913,21.9982],[74.11871,21.99878],[74.11843,21.99893],[74.11808,21.99885],[74.11725,21.99902],[74.11604,21.9981],[74.11571,21.99858],[74.11554,21.99864],[74.11532,21.99851],[74.11513,21.99804],[74.11491,21.9979],[74.11466,21.99799],[74.11386,21.99885],[74.11315,21.99904],[74.1128,21.99945],[74.11158,21.9992],[74.10976,21.99937],[74.10866,21.99893],[74.10444,21.99852],[74.10171,21.99907],[74.10117,21.99949],[74.10083,21.99949],[74.10011,21.99922],[74.09944,21.9995],[74.09887,21.99936],[74.09833,21.99851],[74.09801,21.99831],[74.09793,21.99871],[74.09763,21.99909],[74.09693,21.99927],[74.09677,22],[74.09991,22],[74.09968,22.00142],[74.0991,22.00291],[74.0983,22.0044],[74.09682,22.00776],[74.09631,22.00948],[74.09638,22.00989],[74.0955,22.01111],[74.09398,22.01177],[74.09326,22.01262],[74.09209,22.01362],[74.09214,22.01483],[74.09237,22.01538],[74.09319,22.0163],[74.09453,22.01858],[74.095,22.01898],[74.09725,22.01981],[74.09959,22.02033],[74.10376,22.02146],[74.1053,22.02179],[74.1091,22.02223],[74.11057,22.0229],[74.11136,22.0234],[74.11308,22.0239],[74.11428,22.02444],[74.11566,22.02548],[74.11492,22.02807],[74.11497,22.02868],[74.11535,22.02978],[74.11819,22.03125],[74.11908,22.03159],[74.12036,22.03177],[74.12123,22.03219],[74.12172,22.03372],[74.12155,22.03467],[74.12366,22.03609],[74.12424,22.03623],[74.12657,22.03631],[74.1286,22.03665],[74.1292,22.03691],[74.13069,22.03804],[74.13265,22.03813],[74.13405,22.03876],[74.13447,22.0388],[74.13538,22.03842],[74.13564,22.03842],[74.13968,22.04004],[74.14015,22.04032],[74.14028,22.04095],[74.14008,22.04181],[74.13962,22.04277],[74.13899,22.0434],[74.13621,22.04504],[74.13492,22.04556],[74.13144,22.04622],[74.13141,22.04783],[74.13359,22.04893],[74.13482,22.05052],[74.13561,22.05262],[74.13629,22.05293],[74.14206,22.05478],[74.154,22.05749],[74.15502,22.05781],[74.15444,22.05894],[74.15776,22.05901],[74.15804,22.05896],[74.15856,22.05858],[74.16008,22.05882],[74.16065,22.05948],[74.16104,22.06024],[74.1604,22.06349],[74.15979,22.06498],[74.15932,22.06692],[74.15891,22.06802],[74.15862,22.06971],[74.16206,22.07135],[74.1622,22.07182],[74.16219,22.07283],[74.16238,22.07303],[74.16329,22.07307],[74.16395,22.07344],[74.16362,22.07573],[74.16369,22.07842],[74.16385,22.08001],[74.16472,22.08285],[74.16786,22.08317],[74.17143,22.0839],[74.17397,22.08405],[74.1757,22.08432],[74.17865,22.08548],[74.17773,22.08702],[74.17701,22.08795],[74.17661,22.08918],[74.17594,22.0897],[74.17451,22.09049],[74.17339,22.09161],[74.17275,22.09137],[74.17228,22.09141],[74.17171,22.09169],[74.17122,22.09173],[74.1706,22.09161],[74.17034,22.09181],[74.17001,22.09316],[74.16996,22.09391],[74.16964,22.09503],[74.16975,22.09574],[74.16964,22.0961],[74.16946,22.09626],[74.16902,22.09636],[74.16937,22.09669],[74.16936,22.09694],[74.16901,22.09708],[74.1688,22.0975],[74.16853,22.09771],[74.16747,22.09722],[74.16716,22.09726],[74.16714,22.09735],[74.16751,22.0981],[74.16764,22.09864],[74.16874,22.09903],[74.16905,22.09954],[74.16939,22.09969],[74.16944,22.09992],[74.16923,22.10029],[74.16929,22.1006],[74.16285,22.1018],[74.16218,22.10153],[74.16083,22.10053],[74.15857,22.10027],[74.15776,22.10004],[74.15694,22.09962],[74.15371,22.1004],[74.15373,22.10303],[74.15272,22.10478],[74.15256,22.10601],[74.14414,22.10188],[74.14117,22.10058],[74.141,22.09954],[74.14078,22.09941],[74.13582,22.09765],[74.12849,22.09465],[74.12834,22.09471],[74.12627,22.0984],[74.12586,22.09848],[74.12446,22.09791],[74.12538,22.10222],[74.1274,22.1101],[74.12841,22.11802],[74.1285,22.11946],[74.12885,22.12104],[74.12833,22.12449],[74.12676,22.1251],[74.12555,22.12608],[74.12442,22.12617],[74.12434,22.12649],[74.12445,22.12734],[74.12335,22.12761],[74.12316,22.12977],[74.12269,22.13247],[74.12278,22.13568],[74.12456,22.13608],[74.12464,22.13722],[74.12528,22.13818],[74.12558,22.13891],[74.12567,22.14037],[74.12552,22.14104],[74.1269,22.1431],[74.12793,22.14352],[74.12858,22.1433],[74.12901,22.14373],[74.12997,22.14388],[74.13025,22.14404],[74.13055,22.14443],[74.13066,22.14554],[74.13062,22.14642],[74.13047,22.14687],[74.13066,22.14821],[74.13008,22.1485],[74.12994,22.14894],[74.12961,22.14917],[74.13062,22.15344],[74.13017,22.1547],[74.13145,22.15897],[74.13299,22.15984],[74.13386,22.16054],[74.13362,22.16186],[74.13198,22.16185],[74.13178,22.1631],[74.13075,22.16334],[74.12486,22.16413],[74.12414,22.16519],[74.12319,22.16585],[74.12251,22.16587],[74.12239,22.1667],[74.12176,22.16666],[74.12172,22.16717],[74.12144,22.1674],[74.12169,22.16843],[74.12217,22.16918],[74.12212,22.16997],[74.12231,22.17108],[74.12265,22.17206],[74.12254,22.17227],[74.12207,22.17256],[74.12184,22.17285],[74.12197,22.17308],[74.1216,22.17442],[74.12178,22.17526],[74.12178,22.17603],[74.12153,22.17653],[74.121,22.17705],[74.12086,22.17804],[74.12022,22.179],[74.12068,22.18085],[74.1208,22.18224],[74.1204,22.18267],[74.11883,22.18298],[74.11813,22.18535],[74.11828,22.18658],[74.11854,22.18724],[74.11945,22.18852],[74.12032,22.18934],[74.12055,22.19012],[74.12062,22.1914],[74.12052,22.19292],[74.12086,22.19309],[74.12142,22.19378],[74.12168,22.19434],[74.12165,22.19474],[74.12118,22.19606],[74.12072,22.19639],[74.12001,22.19825],[74.11965,22.19957],[74.11964,22.20093],[74.11952,22.2012],[74.11862,22.20189],[74.11845,22.20234],[74.11823,22.20396],[74.11797,22.20463],[74.11765,22.20497],[74.1176,22.2057],[74.11738,22.20647],[74.11746,22.20688],[74.11819,22.20754],[74.1186,22.20833],[74.11897,22.20874],[74.12022,22.20954],[74.1222,22.21043],[74.12242,22.21195],[74.12233,22.2124],[74.12105,22.21249],[74.1202,22.21299],[74.11942,22.21379],[74.11825,22.21538],[74.11768,22.21585],[74.11708,22.21612],[74.1159,22.21609],[74.11273,22.21404],[74.11266,22.21488],[74.11186,22.21565],[74.11158,22.21639],[74.11126,22.21678],[74.11142,22.21764],[74.11105,22.2181],[74.10975,22.21817],[74.1081,22.21864],[74.10742,22.21905],[74.10649,22.21984],[74.10621,22.22025],[74.10545,22.22023],[74.10331,22.21974],[74.10164,22.21952],[74.0996,22.2187],[74.09721,22.21835],[74.0969,22.2187],[74.09634,22.21996],[74.09329,22.21974],[74.09276,22.21994],[74.09204,22.2205],[74.08846,22.21983],[74.08516,22.21943],[74.07743,22.21922],[74.07303,22.21898],[74.07224,22.21906],[74.07217,22.21916],[74.0715,22.2223],[74.07072,22.2245],[74.07023,22.22667],[74.0697,22.23019],[74.06925,22.23191],[74.06933,22.23272],[74.07004,22.23352],[74.07137,22.23465],[74.07149,22.23497],[74.07148,22.23553],[74.0729,22.23633],[74.07356,22.23686],[74.0738,22.23729],[74.07404,22.23819],[74.0748,22.23848],[74.07603,22.23814],[74.07628,22.23843],[74.07647,22.23848],[74.07764,22.23816],[74.07902,22.2388],[74.07935,22.23922],[74.08036,22.23976],[74.0821,22.23966],[74.08216,22.23955],[74.08192,22.23908],[74.08196,22.23891],[74.08215,22.23883],[74.08261,22.23892],[74.08338,22.23929],[74.0839,22.23925],[74.08436,22.23962],[74.08484,22.23981],[74.08616,22.24163],[74.08631,22.24172],[74.08695,22.24147],[74.08718,22.24279],[74.08664,22.24394],[74.08465,22.24596],[74.08388,22.24694],[74.08031,22.24771],[74.07956,22.2476],[74.07536,22.24745],[74.07504,22.24756],[74.07489,22.24891],[74.07402,22.25046],[74.07452,22.25194],[74.07419,22.25296],[74.07402,22.25438],[74.07473,22.25555],[74.0749,22.25652],[74.07522,22.25734],[74.07519,22.26122],[74.07448,22.26564],[74.07375,22.26612],[74.07318,22.26574],[74.0727,22.26633],[74.07158,22.26619],[74.07088,22.26476],[74.06963,22.26544],[74.06777,22.26541],[74.06725,22.26678],[74.06641,22.26778],[74.06634,22.26831],[74.06592,22.26889],[74.06497,22.26905],[74.06393,22.26944],[74.06201,22.2713],[74.0607,22.27287],[74.05945,22.27385],[74.0588,22.27462],[74.05834,22.27593],[74.05833,22.27633],[74.05621,22.27851],[74.05516,22.28169],[74.05514,22.28207],[74.05472,22.28284],[74.05466,22.28447],[74.05488,22.28579],[74.05517,22.28727],[74.05586,22.28889],[74.05597,22.28992],[74.05558,22.29047],[74.05433,22.29097],[74.05322,22.29268],[74.05294,22.29337],[74.05238,22.29409],[74.05236,22.29436],[74.05294,22.29581],[74.05375,22.29696],[74.05432,22.29748],[74.05371,22.30056],[74.05376,22.30375],[74.05543,22.3051],[74.05756,22.30535],[74.05906,22.30577],[74.05958,22.3037],[74.06102,22.30357],[74.06206,22.30419],[74.06244,22.30492],[74.06305,22.30707],[74.06194,22.30891],[74.06169,22.30907],[74.06144,22.31168],[74.06237,22.31456],[74.06284,22.31686],[74.0629,22.31818],[74.06283,22.31871],[74.06251,22.31956],[74.06292,22.32057],[74.06267,22.32138],[74.06272,22.32193],[74.06342,22.32445],[74.06306,22.32535],[74.0631,22.32709],[74.06385,22.3282],[74.06445,22.32941],[74.06458,22.33186],[74.06632,22.33199],[74.06776,22.33332],[74.06909,22.33432],[74.07125,22.33565],[74.07157,22.33599],[74.07167,22.33653],[74.07165,22.33934],[74.07204,22.33989],[74.07116,22.34108],[74.07114,22.34174],[74.0722,22.34348],[74.07144,22.34405],[74.07089,22.34412],[74.07074,22.34429],[74.07017,22.34568],[74.06972,22.34857],[74.06956,22.34895],[74.0691,22.3494],[74.06833,22.34982],[74.06694,22.34987],[74.06647,22.35019],[74.06627,22.35067],[74.06606,22.35211],[74.06517,22.35271],[74.06489,22.35303],[74.06477,22.35461],[74.06602,22.35534],[74.067,22.35634],[74.0672,22.35705],[74.06737,22.35875],[74.06789,22.3599],[74.06833,22.36032],[74.06914,22.36081],[74.07078,22.36129],[74.07146,22.36142],[74.07378,22.36146],[74.07671,22.36187],[74.07758,22.36174],[74.07809,22.36182],[74.07859,22.36135],[74.07895,22.36122],[74.07933,22.36128],[74.07985,22.36159],[74.08039,22.36152],[74.08099,22.36165],[74.08168,22.3615],[74.08261,22.36171],[74.08355,22.36128],[74.08405,22.36118],[74.08463,22.36046],[74.08512,22.36016],[74.0863,22.36009],[74.088,22.3598],[74.08857,22.36004],[74.08958,22.36005],[74.0901,22.36063],[74.09037,22.36075],[74.09165,22.3609],[74.09207,22.36085],[74.09212,22.36152],[74.09228,22.36168],[74.09239,22.36312],[74.09274,22.36356],[74.09294,22.36503],[74.09367,22.36586],[74.09486,22.36768],[74.09538,22.36888],[74.0953,22.37031],[74.09567,22.37111],[74.09717,22.37138],[74.09851,22.37128],[74.10056,22.37184],[74.10312,22.3711],[74.1039,22.37155],[74.10507,22.37182],[74.10645,22.37042],[74.10866,22.36963],[74.10966,22.36888],[74.10953,22.36777],[74.11025,22.36721],[74.11209,22.36688],[74.11214,22.36629],[74.11302,22.36339],[74.11283,22.36151],[74.11308,22.36002],[74.113,22.35905],[74.11315,22.35797],[74.11367,22.35715],[74.116,22.35639],[74.11776,22.35616],[74.11961,22.35658],[74.12123,22.35767],[74.12302,22.35669],[74.12512,22.3561],[74.12509,22.3549],[74.12542,22.35239],[74.12584,22.35137],[74.12637,22.35075],[74.12648,22.35037],[74.12649,22.3497],[74.1268,22.34826],[74.12712,22.34581],[74.12708,22.34492],[74.12739,22.3415],[74.12704,22.33905],[74.12652,22.33838],[74.12551,22.33816],[74.12531,22.33742],[74.12545,22.33678],[74.12672,22.33612],[74.12717,22.33513],[74.12715,22.33468],[74.12786,22.33274],[74.12933,22.33214],[74.13095,22.33221],[74.13213,22.33286],[74.13411,22.3326],[74.13456,22.33207],[74.13532,22.33169],[74.13671,22.33117],[74.13815,22.33091],[74.13951,22.32924],[74.14065,22.3283],[74.14125,22.32808],[74.14214,22.32712],[74.14293,22.32757],[74.14448,22.32819],[74.14525,22.32812],[74.14599,22.32762],[74.14776,22.32709],[74.1496,22.32673],[74.1506,22.32684],[74.15103,22.32735],[74.15123,22.32784],[74.1523,22.3291],[74.15408,22.3296],[74.15466,22.32926],[74.15542,22.32856],[74.1562,22.32726],[74.15769,22.32683],[74.15885,22.32663],[74.16011,22.32583],[74.16123,22.32557],[74.16223,22.32515],[74.16273,22.32514],[74.16458,22.3243],[74.16585,22.32446],[74.16643,22.32398],[74.16978,22.32356],[74.17245,22.32345],[74.17366,22.32322],[74.17497,22.3236],[74.17609,22.32261],[74.17748,22.32206],[74.17902,22.3217],[74.1833,22.32166],[74.18409,22.32151],[74.18507,22.32099],[74.18638,22.31995],[74.18682,22.31998],[74.18802,22.32084],[74.18897,22.32019],[74.19033,22.32026],[74.19066,22.32214],[74.19131,22.32317],[74.19192,22.32378],[74.19195,22.3258],[74.19139,22.32654],[74.19129,22.32696],[74.19283,22.3324],[74.19277,22.33639],[74.192,22.33738],[74.19192,22.33842],[74.19217,22.33975],[74.19164,22.34071],[74.19147,22.34138],[74.19236,22.34311],[74.19199,22.34439],[74.1922,22.34633],[74.19343,22.34891],[74.19559,22.34744],[74.19568,22.34688],[74.19551,22.34634],[74.19614,22.34528],[74.19751,22.34468],[74.19828,22.34412],[74.19937,22.34456],[74.2005,22.34555],[74.20164,22.34789],[74.20251,22.3482],[74.20277,22.34852],[74.20284,22.34994],[74.20245,22.35121],[74.20313,22.35166],[74.20319,22.35297],[74.20345,22.3539],[74.20363,22.35439],[74.20404,22.35483],[74.20424,22.36014],[74.20366,22.36142],[74.20347,22.36226],[74.20346,22.36341],[74.20315,22.36429],[74.2033,22.36605],[74.20404,22.36671],[74.2049,22.3662],[74.20625,22.36608],[74.20691,22.36527],[74.20783,22.36466],[74.20791,22.36354],[74.2088,22.36362],[74.20883,22.36282],[74.20908,22.36255],[74.21014,22.3625],[74.21008,22.36138],[74.21057,22.36069],[74.21248,22.3597],[74.21594,22.35884],[74.21757,22.35822],[74.21854,22.35826],[74.21945,22.35793],[74.2208,22.35679],[74.22388,22.35637],[74.22444,22.35655],[74.22459,22.35706],[74.22439,22.3587],[74.22451,22.36051],[74.22399,22.3618],[74.22308,22.3628],[74.22254,22.36411],[74.22214,22.36463],[74.22268,22.36533],[74.22285,22.36597],[74.22368,22.36722],[74.2246,22.36815],[74.22495,22.36875],[74.22486,22.36944],[74.22505,22.3703],[74.22448,22.37166],[74.2227,22.37432],[74.22236,22.37505],[74.22239,22.37563],[74.22282,22.37744],[74.22343,22.3778],[74.22411,22.37789],[74.22423,22.37861],[74.22371,22.37994],[74.22568,22.37994],[74.22676,22.3787],[74.22762,22.37828],[74.22865,22.37797],[74.22977,22.37845],[74.23085,22.37818],[74.23126,22.37864],[74.23313,22.3782],[74.23479,22.37748],[74.23661,22.37725],[74.24066,22.37641],[74.24329,22.37605],[74.24319,22.37715],[74.2433,22.37831],[74.24348,22.37887],[74.24334,22.37952],[74.24314,22.37962],[74.24276,22.38153],[74.24276,22.38242],[74.24445,22.38226],[74.24648,22.38225],[74.25103,22.38262],[74.25116,22.38323],[74.25199,22.38382],[74.25255,22.38491],[74.25302,22.38515],[74.2536,22.38513],[74.25429,22.38583],[74.25421,22.38602],[74.25435,22.38817],[74.25399,22.38859],[74.25455,22.39135],[74.25463,22.39241],[74.25628,22.39396],[74.25643,22.39525],[74.25508,22.39559],[74.25521,22.39643],[74.25662,22.39778],[74.25642,22.39892],[74.25674,22.39965],[74.25905,22.39832],[74.26451,22.39606],[74.26648,22.39506],[74.26805,22.39373],[74.2707,22.39269],[74.27153,22.39257],[74.27258,22.39283],[74.27392,22.39261],[74.27483,22.3921],[74.27594,22.39239],[74.27676,22.39319],[74.27815,22.39326],[74.27863,22.39371],[74.27941,22.3948],[74.2808,22.39448],[74.28375,22.39307],[74.28591,22.39239],[74.28771,22.39273],[74.28906,22.39229],[74.29118,22.39401],[74.28889,22.39526],[74.28597,22.39656],[74.27595,22.40195],[74.27444,22.40235],[74.27217,22.40331],[74.27038,22.40435],[74.26939,22.40443],[74.26746,22.40555],[74.26787,22.4065],[74.26774,22.40827],[74.26915,22.41094],[74.27059,22.41315],[74.26772,22.41539],[74.26535,22.41704],[74.26455,22.41727],[74.2637,22.41724],[74.26349,22.41807],[74.26261,22.41816],[74.26298,22.41929],[74.26306,22.42125],[74.26231,22.42198],[74.26248,22.4236],[74.2616,22.42422],[74.26036,22.42485],[74.25742,22.42719],[74.25603,22.42865],[74.2541,22.43099],[74.2532,22.43096],[74.25273,22.4321],[74.25279,22.43295],[74.25,22.43334],[74.24792,22.4332],[74.23628,22.4352],[74.23503,22.43575],[74.23385,22.43645],[74.22854,22.4381],[74.2274,22.43892],[74.22623,22.43762],[74.2237,22.43752],[74.22159,22.43776],[74.22081,22.43798],[74.21978,22.43893],[74.21524,22.4413],[74.21438,22.43435],[74.2135,22.43252],[74.21338,22.43151],[74.21272,22.4312],[74.20816,22.43237],[74.20684,22.43291],[74.20222,22.43404],[74.20162,22.43451],[74.20078,22.43543],[74.20129,22.43657],[74.20174,22.43829],[74.20261,22.44086],[74.20307,22.4428],[74.20288,22.44382],[74.2033,22.44467],[74.20379,22.44684],[74.20339,22.4488],[74.20357,22.45087],[74.20422,22.45142],[74.20416,22.4518],[74.20356,22.45248],[74.20246,22.45638],[74.20241,22.45821],[74.20352,22.46047],[74.2039,22.46248],[74.20388,22.46368],[74.20332,22.46582],[74.20323,22.46704],[74.20258,22.46909],[74.20169,22.46967],[74.20097,22.47049],[74.19983,22.47074],[74.19934,22.47116],[74.19898,22.47297],[74.19848,22.47303],[74.19746,22.47353],[74.19631,22.47435],[74.19565,22.47461],[74.19521,22.47506],[74.19453,22.47501],[74.1934,22.47548],[74.19316,22.47541],[74.19001,22.47582],[74.1879,22.47551],[74.18747,22.47332],[74.18706,22.4721],[74.1867,22.47193],[74.18618,22.47091],[74.18564,22.47081],[74.18512,22.47046],[74.18487,22.47002],[74.18476,22.46935],[74.18419,22.46878],[74.18389,22.46852],[74.18363,22.46871],[74.18227,22.46775],[74.18172,22.46679],[74.18135,22.46552],[74.17993,22.46222],[74.17986,22.45973],[74.17997,22.45768],[74.18086,22.4563],[74.18075,22.45564],[74.18046,22.45502],[74.18058,22.45464],[74.18149,22.45404],[74.18299,22.45281],[74.18391,22.45258],[74.18486,22.45199],[74.18534,22.45096],[74.18525,22.44597],[74.18501,22.44433],[74.1851,22.44354],[74.18472,22.44226],[74.18413,22.44154],[74.18324,22.44163],[74.18244,22.44146],[74.18007,22.4416],[74.17865,22.44134],[74.17557,22.44041],[74.17479,22.44067],[74.17209,22.44024],[74.17097,22.43966],[74.17056,22.43906],[74.1695,22.43926],[74.16955,22.43873],[74.16943,22.43813],[74.16963,22.43775],[74.16978,22.4366],[74.16946,22.43605],[74.16979,22.43506],[74.16979,22.43406],[74.16949,22.43362],[74.16966,22.4332],[74.16975,22.43183],[74.16815,22.43144],[74.16636,22.43078],[74.16582,22.43033],[74.16528,22.43021],[74.16469,22.43035],[74.16386,22.43076],[74.16045,22.43121],[74.15969,22.43158],[74.158,22.43325],[74.15645,22.43541],[74.15553,22.43633],[74.15445,22.43985],[74.1539,22.44048],[74.15388,22.44092],[74.15269,22.4426],[74.15254,22.44306],[74.15268,22.44354],[74.15262,22.444],[74.15306,22.44433],[74.15378,22.44542],[74.15411,22.44846],[74.15449,22.44984],[74.15459,22.45107],[74.15522,22.45294],[74.15526,22.4541],[74.15428,22.45451],[74.15284,22.45545],[74.15115,22.45611],[74.14921,22.45566],[74.14733,22.45395],[74.14664,22.45148],[74.14626,22.45053],[74.14363,22.44789],[74.14276,22.44687],[74.14227,22.4467],[74.13883,22.44647],[74.13585,22.44717],[74.1356,22.44685],[74.13497,22.4464],[74.13395,22.44592],[74.13319,22.44474],[74.13306,22.44392],[74.13223,22.44295],[74.13218,22.44247],[74.13232,22.44188],[74.13224,22.44148],[74.1312,22.44078],[74.13056,22.43958],[74.13051,22.43896],[74.1311,22.43814],[74.1311,22.43777],[74.13098,22.43765],[74.13035,22.43751],[74.13002,22.43691],[74.12903,22.43606],[74.12914,22.43573],[74.12999,22.43535],[74.13016,22.43504],[74.12987,22.43495],[74.1285,22.4354],[74.1282,22.43522],[74.1279,22.43396],[74.12835,22.43313],[74.12808,22.43114],[74.12822,22.4299],[74.12799,22.42951],[74.12829,22.42884],[74.12783,22.42767],[74.12796,22.42691],[74.12766,22.42683],[74.12672,22.42699],[74.12646,22.4269],[74.12629,22.42667],[74.12634,22.42645],[74.12657,22.42636],[74.12773,22.42643],[74.12774,22.42593],[74.12751,22.42499],[74.12797,22.42415],[74.12768,22.42274],[74.12775,22.42204],[74.12739,22.4217],[74.1266,22.42151],[74.12652,22.42065],[74.12537,22.41926],[74.12545,22.41822],[74.12534,22.41766],[74.12474,22.41733],[74.12371,22.41848],[74.12134,22.4188],[74.11911,22.41876],[74.11832,22.42169],[74.11681,22.42354],[74.11667,22.42445],[74.11523,22.42486],[74.11088,22.42576],[74.1093,22.42638],[74.1089,22.4271],[74.10874,22.42804],[74.10811,22.42807],[74.10797,22.42844],[74.10684,22.42971],[74.10648,22.42986],[74.1052,22.42943],[74.10491,22.42951],[74.10479,22.43053],[74.10479,22.43561],[74.10445,22.43627],[74.10341,22.43727],[74.10342,22.43692],[74.10302,22.43644],[74.10211,22.43606],[74.10132,22.43527],[74.10062,22.43651],[74.10037,22.43724],[74.09975,22.43804],[74.09968,22.43848],[74.09995,22.43913],[74.09995,22.43946],[74.09961,22.44009],[74.09913,22.44053],[74.09827,22.4427],[74.09874,22.44458],[74.0981,22.44527],[74.09776,22.44592],[74.09783,22.44644],[74.09836,22.44788],[74.09841,22.44872],[74.09815,22.44939],[74.09697,22.45027],[74.1004,22.45146],[74.10072,22.4518],[74.10106,22.45293],[74.10156,22.45555],[74.1034,22.45574],[74.10382,22.45809],[74.10304,22.45875],[74.10293,22.45905],[74.10351,22.4621],[74.10415,22.46453],[74.10338,22.46427],[74.10278,22.46446],[74.10236,22.46519],[74.10095,22.46606],[74.10054,22.46654],[74.09778,22.46652],[74.0972,22.4671],[74.09631,22.46744],[74.09579,22.46811],[74.09544,22.46818],[74.0945,22.46785],[74.09308,22.46773],[74.09156,22.46659],[74.09064,22.46634],[74.08951,22.46767],[74.08901,22.46809],[74.08828,22.4682],[74.08688,22.46867],[74.0865,22.46902],[74.08618,22.46962],[74.08566,22.46991],[74.08503,22.4699],[74.08463,22.46976],[74.08418,22.46871],[74.08228,22.46771],[74.08204,22.46746],[74.0812,22.46701],[74.07921,22.46641],[74.07749,22.46512],[74.07574,22.46423],[74.07533,22.4643],[74.07486,22.46597],[74.07492,22.46828],[74.07506,22.46851],[74.076,22.46917],[74.076,22.46941],[74.07506,22.47022],[74.07465,22.47117],[74.07444,22.47244],[74.07443,22.47415],[74.07462,22.47545],[74.07413,22.47608],[74.07386,22.47723],[74.07353,22.47765],[74.07501,22.47961],[74.07605,22.48276],[74.07646,22.48358],[74.07705,22.4841],[74.07764,22.48427],[74.07784,22.48469],[74.07885,22.48527],[74.07927,22.48531],[74.07985,22.48517],[74.08063,22.48476],[74.08169,22.48462],[74.08217,22.48444],[74.08256,22.48388],[74.08278,22.48182],[74.0831,22.48083],[74.08374,22.47978],[74.08507,22.47825],[74.08601,22.47681],[74.08634,22.47736],[74.087,22.47918],[74.08709,22.47984],[74.08689,22.48118],[74.08754,22.48222],[74.08737,22.48294],[74.08657,22.48342],[74.08629,22.48384],[74.08604,22.4851],[74.0864,22.48549],[74.08643,22.4857],[74.08605,22.48663],[74.08536,22.48747],[74.0852,22.48799],[74.08524,22.48914],[74.08619,22.49158],[74.08561,22.4916],[74.08515,22.4918],[74.08481,22.49306],[74.08431,22.4936],[74.08304,22.49441],[74.08253,22.49571],[74.08253,22.49627],[74.08295,22.49734],[74.08307,22.49809],[74.08294,22.49861],[74.0825,22.49924],[74.08261,22.50146],[74.08288,22.50172],[74.083,22.50289],[74.08261,22.50384],[74.08252,22.50678],[74.07965,22.50619],[74.07742,22.50606],[74.0757,22.50636],[74.07319,22.50798],[74.07196,22.50821],[74.05697,22.50893],[74.05437,22.50956],[74.05298,22.50893],[74.05271,22.50411],[74.05063,22.50239],[74.05054,22.50136],[74.0502,22.50055],[74.05017,22.50011],[74.04972,22.49951],[74.04784,22.49963],[74.0473,22.49954],[74.04642,22.49921],[74.04503,22.49808],[74.04414,22.49687],[74.0438,22.49658],[74.04356,22.49379],[74.04338,22.49309],[74.04087,22.48903],[74.04074,22.48747],[74.0408,22.48655],[74.04006,22.48697],[74.0394,22.4871],[74.0367,22.48694],[74.03585,22.48811],[74.03515,22.48873],[74.03447,22.48907],[74.03339,22.4899],[74.03253,22.49133],[74.03232,22.49175],[74.03225,22.49231],[74.03158,22.49363],[74.03144,22.49419],[74.03133,22.49594],[74.0314,22.49825],[74.03127,22.49927],[74.03009,22.50324],[74.02938,22.50795],[74.03128,22.50914],[74.0329,22.51053],[74.0341,22.51139],[74.03456,22.51185],[74.03471,22.5125],[74.03498,22.51308],[74.03524,22.51335],[74.03626,22.5139],[74.03756,22.51412],[74.03799,22.51514],[74.03851,22.51584],[74.03887,22.51899],[74.03924,22.51983],[74.03902,22.52151],[74.03747,22.52384],[74.03678,22.52525],[74.03678,22.52581],[74.03789,22.53451],[74.03897,22.537],[74.0407,22.53935],[74.04112,22.54041],[74.04114,22.54179],[74.04149,22.54225],[74.04318,22.54365],[74.0445,22.54423],[74.04573,22.54437],[74.04658,22.545],[74.04984,22.54618],[74.05108,22.54696],[74.05233,22.54804],[74.0542,22.54928],[74.05678,22.55012],[74.05887,22.54967],[74.05987,22.54958],[74.06526,22.55066],[74.06974,22.55088],[74.07464,22.5514],[74.0763,22.5507],[74.07771,22.54977],[74.07798,22.54945],[74.07943,22.54878],[74.08176,22.54739],[74.08408,22.54475],[74.08883,22.54233],[74.09146,22.54157],[74.09462,22.53993],[74.09926,22.53835],[74.10051,22.53653],[74.1013,22.53442],[74.1026,22.53595],[74.10428,22.53742],[74.1073,22.53941],[74.10892,22.53994],[74.11068,22.53989],[74.11184,22.53967],[74.11302,22.53899],[74.11632,22.53571],[74.11943,22.53138],[74.12097,22.52895],[74.12159,22.5282],[74.12232,22.52776],[74.12281,22.5277],[74.12437,22.52819],[74.1271,22.52687],[74.12743,22.52647],[74.12753,22.52608],[74.12743,22.52554],[74.12684,22.52447],[74.12727,22.52432],[74.13054,22.52393],[74.13091,22.52329],[74.13085,22.52292],[74.13166,22.52143],[74.1322,22.52086],[74.13309,22.52025],[74.1345,22.51981],[74.1356,22.52003],[74.13827,22.52022],[74.14563,22.52041],[74.14803,22.52111],[74.15067,22.52127],[74.15112,22.52142],[74.15135,22.52201],[74.15154,22.52432],[74.15051,22.52597],[74.15037,22.52897],[74.15212,22.53038],[74.1542,22.53259],[74.15557,22.53349],[74.15607,22.53488],[74.15794,22.53469],[74.16009,22.53588],[74.16013,22.53663],[74.16264,22.53808],[74.16361,22.53909],[74.16502,22.54025],[74.16493,22.54114],[74.16526,22.5415],[74.17035,22.54592],[74.17069,22.54715],[74.17403,22.54746],[74.17632,22.54783],[74.17937,22.548],[74.18031,22.54818],[74.1817,22.5487],[74.18467,22.55081],[74.18544,22.5515],[74.18608,22.55229],[74.18881,22.55314],[74.18951,22.5536],[74.19001,22.557],[74.19038,22.55827],[74.19024,22.55913],[74.1901,22.55947],[74.18841,22.56158],[74.18642,22.56362],[74.18577,22.56569]]}},{"type":"Feature","properties":{"kind":"state","name":"Gujarat–Madhya Pradesh","src":"OSM relations 1949080 and 1950071","river":"16006","rlen":136},"geometry":{"type":"LineString","coordinates":[[74.18577,22.56569],[74.18638,22.56594],[74.18668,22.56619],[74.18674,22.56636],[74.18707,22.56671],[74.18743,22.56685],[74.18821,22.56738],[74.18893,22.56775],[74.18942,22.56816],[74.1909,22.56871],[74.19158,22.56884],[74.1929,22.56888],[74.19433,22.5686],[74.19531,22.56869],[74.19628,22.56803],[74.19639,22.56785],[74.19647,22.56745],[74.19676,22.56718],[74.19733,22.56683],[74.19885,22.56613],[74.19949,22.56602],[74.20055,22.56617],[74.20082,22.56628],[74.20114,22.56662],[74.20157,22.56729],[74.20192,22.56871],[74.20209,22.56902],[74.20214,22.56909],[74.20244,22.56909],[74.20331,22.56885],[74.20368,22.56805],[74.20365,22.56773],[74.20338,22.56736],[74.2032,22.56725],[74.20312,22.56706],[74.20317,22.5667],[74.20355,22.56638],[74.20464,22.56616],[74.20632,22.566],[74.207,22.56583],[74.20801,22.56543],[74.20959,22.56502]]}},{"type":"Feature","properties":{"kind":"state","name":"Gujarat–Madhya Pradesh","src":"OSM relations 1949080 and 1950071"},"geometry":{"type":"LineString","coordinates":[[74.20959,22.56502],[74.21069,22.56668],[74.21115,22.56906],[74.2113,22.57135],[74.2113,22.5726],[74.21112,22.574],[74.21125,22.57486],[74.21279,22.5764],[74.21536,22.57817],[74.21668,22.57876],[74.21697,22.579],[74.21751,22.58054],[74.22035,22.58253],[74.2215,22.58307],[74.22183,22.58357],[74.22212,22.58496],[74.22343,22.58722],[74.22462,22.5913],[74.22533,22.59476],[74.22543,22.59604],[74.22727,22.59856],[74.22848,22.60213],[74.23112,22.60794],[74.23058,22.60989],[74.23118,22.61152],[74.23156,22.61203],[74.23193,22.61225],[74.2328,22.61221],[74.234,22.61239],[74.23475,22.6122],[74.23542,22.61263],[74.23566,22.61256],[74.236,22.61223],[74.2367,22.61199],[74.23807,22.61208],[74.23971,22.61082]]}},{"type":"Feature","properties":{"kind":"state","name":"Gujarat–Madhya Pradesh","src":"OSM relations 1949080 and 1950071","river":"15963","rlen":66},"geometry":{"type":"LineString","coordinates":[[74.23971,22.61082],[74.24066,22.61188],[74.24106,22.61249],[74.2412,22.61329],[74.24178,22.61437],[74.24206,22.61585],[74.24314,22.61983],[74.24302,22.62054],[74.24396,22.62099],[74.24562,22.62097],[74.24646,22.62056],[74.24812,22.6206],[74.24852,22.62048],[74.24965,22.6199],[74.25035,22.61986],[74.25061,22.61992],[74.25068,22.61996],[74.25063,22.62048],[74.25092,22.62116],[74.25336,22.62192],[74.25478,22.62311],[74.25561,22.62345],[74.25595,22.62368],[74.2564,22.62433],[74.25651,22.62469],[74.2567,22.62583],[74.25662,22.62648],[74.25642,22.62689],[74.25586,22.62743],[74.25551,22.62804],[74.25489,22.62877],[74.25474,22.62943],[74.25454,22.62987],[74.25378,22.63087],[74.25325,22.63133],[74.25284,22.63196],[74.25285,22.63271],[74.25325,22.63426],[74.25401,22.63481],[74.25557,22.6353],[74.25799,22.63583],[74.25874,22.63624],[74.25949,22.63691],[74.26039,22.638],[74.26074,22.63866],[74.26123,22.63937],[74.26199,22.64083],[74.2622,22.64157],[74.2621,22.64184],[74.26171,22.64208],[74.26159,22.64231]]}},{"type":"Feature","properties":{"kind":"state","name":"Gujarat–Madhya Pradesh","src":"OSM relations 1949080 and 1950071"},"geometry":{"type":"LineString","coordinates":[[74.26159,22.64231],[74.26326,22.64378],[74.26356,22.64397],[74.26403,22.64405],[74.2647,22.64303],[74.26497,22.64284],[74.26633,22.64244],[74.26667,22.64211],[74.26668,22.64137],[74.2657,22.63973],[74.26577,22.63861],[74.26615,22.63835],[74.26698,22.63844],[74.26906,22.63829],[74.26992,22.63838],[74.27182,22.63916],[74.27266,22.64139],[74.27364,22.64276],[74.27606,22.64521],[74.27706,22.64595],[74.27737,22.646],[74.28047,22.6449],[74.28235,22.64372],[74.28406,22.64211],[74.28476,22.64209],[74.28531,22.64154],[74.28683,22.64043],[74.28756,22.64014],[74.28801,22.63971],[74.28838,22.63977],[74.29139,22.6385],[74.29321,22.63791],[74.29866,22.63753],[74.30088,22.63692],[74.30206,22.63733],[74.30468,22.63725],[74.30547,22.63707],[74.30738,22.63626],[74.31007,22.63653],[74.31197,22.63645],[74.31287,22.63627],[74.31404,22.63443],[74.3148,22.63387],[74.31609,22.6339],[74.31942,22.63445],[74.3226,22.63544],[74.32372,22.63595],[74.32305,22.63774],[74.32307,22.63918],[74.32278,22.6407],[74.3257,22.64142],[74.32935,22.64173],[74.33044,22.64058],[74.33126,22.63939],[74.33212,22.63872],[74.33326,22.63844],[74.33493,22.63862],[74.33715,22.64027],[74.3376,22.64029],[74.34382,22.63887],[74.35076,22.63599],[74.35277,22.6358],[74.3581,22.63415],[74.35909,22.63399],[74.36042,22.63381],[74.36141,22.63381],[74.36352,22.63403],[74.3645,22.63428],[74.36764,22.63479],[74.37372,22.63565],[74.37451,22.63594],[74.37484,22.63593],[74.37906,22.63443],[74.37918,22.63605],[74.37914,22.6382],[74.37961,22.64037],[74.38098,22.64241],[74.38355,22.64516],[74.38421,22.64598],[74.38429,22.64629],[74.38415,22.64742],[74.38255,22.65337],[74.38179,22.65565],[74.38066,22.6584],[74.38109,22.66211],[74.3816,22.66437],[74.38198,22.66751],[74.38444,22.66928],[74.38472,22.67031],[74.38476,22.67104],[74.3846,22.67242],[74.38489,22.67292],[74.38711,22.67537],[74.39029,22.67814],[74.39081,22.67876],[74.39088,22.67943],[74.39063,22.68102],[74.39165,22.6823],[74.39347,22.68389],[74.39407,22.68453],[74.3941,22.68479],[74.39436,22.68515],[74.39498,22.68564],[74.39474,22.68864],[74.3948,22.69253],[74.3941,22.69481],[74.39428,22.69584],[74.39447,22.69891],[74.3944,22.69961],[74.39462,22.70039],[74.39781,22.70387],[74.39804,22.70556],[74.39828,22.70639],[74.39953,22.70938],[74.39931,22.71022],[74.39736,22.71226],[74.39695,22.71293],[74.39694,22.71355],[74.39811,22.71548],[74.39895,22.71954],[74.39941,22.72284],[74.40098,22.72549],[74.40127,22.72658],[74.40163,22.72701],[74.4014,22.7281],[74.40148,22.73017],[74.4017,22.73097],[74.40391,22.73286],[74.40593,22.73538],[74.40721,22.73659],[74.40819,22.73808],[74.40864,22.73976],[74.40891,22.74026],[74.41036,22.74117],[74.41277,22.74203],[74.41388,22.74304],[74.41515,22.7462],[74.41602,22.7488],[74.41602,22.75053],[74.41572,22.75201],[74.41596,22.75406],[74.41667,22.75451],[74.41725,22.75512],[74.41792,22.75625],[74.41895,22.75646],[74.42076,22.75657],[74.42136,22.75675],[74.42186,22.75749],[74.4227,22.75925],[74.42916,22.76956],[74.42986,22.77114],[74.43019,22.77268],[74.43073,22.7742],[74.43554,22.7826],[74.43542,22.784],[74.43576,22.7855],[74.43776,22.79128],[74.43788,22.79204],[74.43673,22.79623],[74.43574,22.80067],[74.43378,22.8079],[74.43472,22.80794],[74.43747,22.80769],[74.43875,22.80771],[74.44187,22.80749],[74.44737,22.80793],[74.44922,22.8083],[74.4511,22.80896],[74.45464,22.81099],[74.45603,22.8114],[74.45714,22.81157],[74.45784,22.81192],[74.45941,22.81304],[74.46028,22.81395],[74.46169,22.8147],[74.46312,22.81499],[74.46458,22.81544],[74.46484,22.81639],[74.46493,22.81752],[74.46539,22.81899],[74.46593,22.82235],[74.46874,22.83327],[74.46891,22.83474],[74.4706,22.84107],[74.47137,22.84322],[74.47508,22.85017],[74.47599,22.85293],[74.4767,22.8548]]}},{"type":"Feature","properties":{"kind":"state","name":"Gujarat–Madhya Pradesh","src":"OSM relations 1949080 and 1950071","river":"15876","rlen":166},"geometry":{"type":"LineString","coordinates":[[74.4767,22.8548],[74.47601,22.85534],[74.47454,22.85597],[74.47309,22.85761],[74.47159,22.85967],[74.47035,22.86173],[74.4695,22.86426],[74.46754,22.86902],[74.46778,22.87111],[74.47022,22.8756],[74.47042,22.87697],[74.47001,22.87808],[74.46911,22.87901],[74.4683,22.88034],[74.46736,22.88104],[74.46576,22.88197],[74.46465,22.8839],[74.46378,22.88577],[74.46296,22.88943],[74.46278,22.89284],[74.46395,22.89617],[74.46405,22.89766],[74.46281,22.89996],[74.46183,22.90237],[74.4617,22.90498],[74.46114,22.90638],[74.45898,22.91055],[74.4572,22.91214],[74.45337,22.91371],[74.44775,22.91937],[74.44702,22.92076],[74.44622,22.92112]]}},{"type":"Feature","properties":{"kind":"state","name":"Gujarat–Madhya Pradesh","src":"OSM relations 1949080 and 1950071"},"geometry":{"type":"LineString","coordinates":[[74.44622,22.92112],[74.44492,22.91948],[74.44406,22.91875],[74.44095,22.91851],[74.43879,22.91589],[74.43699,22.9147],[74.43481,22.91349],[74.43363,22.91249],[74.43316,22.91484],[74.43323,22.91795],[74.43221,22.91821],[74.42955,22.91794],[74.42682,22.91818],[74.42538,22.91749],[74.42427,22.91676],[74.42291,22.91679],[74.42186,22.91699],[74.41848,22.91704],[74.41576,22.91485],[74.41304,22.91345],[74.41206,22.91313],[74.41104,22.91264],[74.41052,22.91184],[74.41065,22.91125],[74.41253,22.90882],[74.4131,22.90789],[74.4136,22.90609],[74.41251,22.90591],[74.41084,22.90588],[74.40824,22.90617],[74.40812,22.90538],[74.40684,22.90459],[74.40445,22.90359],[74.40425,22.90249],[74.40445,22.90131],[74.40439,22.90027],[74.4041,22.8993],[74.40166,22.89773],[74.39986,22.89735],[74.39795,22.89704],[74.3961,22.89739],[74.39482,22.89727],[74.39405,22.89669],[74.39341,22.8966],[74.39223,22.89759],[74.39081,22.89849],[74.38907,22.89991],[74.38797,22.90138],[74.38768,22.90207],[74.38546,22.90455],[74.38456,22.90496],[74.38199,22.90551],[74.38081,22.90554],[74.37851,22.90642],[74.37756,22.9072],[74.37442,22.91198],[74.37261,22.91613],[74.37127,22.92037],[74.3706,22.92173],[74.36992,22.92245],[74.36842,22.92348],[74.36789,22.92429],[74.36544,22.92505],[74.36406,22.92558],[74.36367,22.9259],[74.3625,22.92606],[74.36118,22.92797],[74.35905,22.93007],[74.35794,22.93209],[74.35735,22.93401],[74.35729,22.9357],[74.35748,22.93739],[74.35749,22.93885],[74.35767,22.93921],[74.35555,22.93969],[74.3546,22.94041],[74.35263,22.94238],[74.34971,22.94481],[74.34788,22.94696],[74.34712,22.94731],[74.34617,22.94802],[74.34269,22.9501],[74.34027,22.95201],[74.3395,22.95289],[74.33741,22.95669],[74.33746,22.95853],[74.33849,22.96369],[74.33936,22.96472],[74.34038,22.96542],[74.34192,22.96613],[74.34626,22.96852],[74.34755,22.97038],[74.34888,22.97128],[74.34969,22.97147],[74.35045,22.97428],[74.35322,22.97532],[74.35399,22.97578],[74.35503,22.97534],[74.35591,22.97471],[74.35725,22.97534],[74.35842,22.97553],[74.36002,22.97548],[74.36055,22.97622],[74.36104,22.97659],[74.36238,22.9762],[74.3647,22.97684]]}},{"type":"Feature","properties":{"kind":"state","name":"Gujarat–Madhya Pradesh","src":"OSM relations 1949080 and 1950071","river":"15876","rlen":166},"geometry":{"type":"LineString","coordinates":[[74.3647,22.97684],[74.36445,22.97765],[74.36432,22.9787],[74.36451,22.97952],[74.36448,22.98026],[74.3643,22.98124],[74.36416,22.98128],[74.36322,22.98206],[74.36286,22.9828],[74.36155,22.98493],[74.36107,22.98566],[74.36043,22.9861],[74.36014,22.98651],[74.35969,22.98753],[74.35855,22.98917],[74.35827,22.98986],[74.35794,22.99017],[74.35631,22.99354],[74.35597,22.99408],[74.35589,22.99451],[74.35553,22.99527],[74.35552,22.99604],[74.35483,22.99863],[74.35392,22.99933],[74.35256,23.00094],[74.35011,23.00586],[74.34916,23.00846],[74.34752,23.01186],[74.34676,23.01611],[74.34684,23.01962],[74.34713,23.0222],[74.34672,23.02501],[74.34451,23.03035],[74.34214,23.03212],[74.34166,23.03234],[74.34097,23.03251],[74.34025,23.03299],[74.33871,23.03305],[74.33742,23.03353],[74.33572,23.03394],[74.33528,23.03415],[74.32882,23.03595],[74.32583,23.03772],[74.32334,23.04085],[74.32097,23.04606],[74.31971,23.05254],[74.31933,23.05642],[74.31887,23.05865]]}},{"type":"Feature","properties":{"kind":"state","name":"Gujarat–Madhya Pradesh","src":"OSM relations 1949080 and 1950071"},"geometry":{"type":"LineString","coordinates":[[74.31887,23.05865],[74.3189,23.05866]]}},{"type":"Feature","properties":{"kind":"state","name":"Gujarat–Madhya Pradesh","src":"OSM relations 1949080 and 1950071"},"geometry":{"type":"LineString","coordinates":[[74.17214,22.41875],[74.17321,22.41871],[74.17358,22.41861],[74.17395,22.41827],[74.17476,22.41831],[74.17523,22.41806],[74.17552,22.41382],[74.17475,22.41009],[74.17475,22.40814],[74.17498,22.40715],[74.17616,22.40609],[74.17637,22.40554],[74.17633,22.40488],[74.17569,22.40372],[74.17545,22.40156],[74.17556,22.40094],[74.17673,22.39865],[74.17754,22.39786],[74.17861,22.39741],[74.17948,22.39732],[74.17966,22.39684],[74.17951,22.39527],[74.17962,22.39306],[74.17986,22.39241],[74.17967,22.39178],[74.17925,22.39103],[74.17922,22.39038],[74.17949,22.38953],[74.17955,22.38874],[74.17916,22.38799],[74.17889,22.38795],[74.17686,22.38967],[74.17581,22.39031],[74.17412,22.391],[74.17092,22.3936],[74.17033,22.39396],[74.1696,22.39389],[74.16933,22.39434],[74.16876,22.39482],[74.16857,22.39533],[74.16795,22.39581],[74.16773,22.39615],[74.1674,22.39636],[74.16622,22.39649],[74.16515,22.39725],[74.16499,22.39755],[74.16504,22.398],[74.16588,22.39992],[74.16555,22.40176],[74.16497,22.40358],[74.16489,22.40464],[74.16504,22.40512],[74.16504,22.40587],[74.16483,22.40614],[74.16351,22.40668],[74.15958,22.40959],[74.15737,22.41164],[74.15712,22.41233],[74.15712,22.41318],[74.15722,22.41342],[74.15811,22.41428],[74.15918,22.41448],[74.16024,22.41376],[74.16068,22.41363],[74.16105,22.41376],[74.16149,22.41414],[74.16292,22.4157],[74.16398,22.41567],[74.16758,22.41673],[74.1696,22.41776],[74.17214,22.41875]]}},{"type":"Feature","properties":{"kind":"state","name":"Gujarat–Maharashtra","src":"OSM relations 1949080 and 1950884"},"geometry":{"type":"LineString","coordinates":[[74.14462,21.9529],[74.14467,21.95096]]}},{"type":"Feature","properties":{"kind":"state","name":"Gujarat–Maharashtra","src":"OSM relations 1949080 and 1950884","river":"1844","rlen":1394},"geometry":{"type":"LineString","coordinates":[[74.14467,21.95096],[74.14381,21.95093],[74.13612,21.95013],[74.13283,21.94992],[74.12692,21.94895],[74.12431,21.9484],[74.1199,21.94685],[74.11157,21.94529],[74.09824,21.93956],[74.08753,21.93578],[74.07044,21.93167],[74.05639,21.92765],[74.04996,21.92492],[74.04157,21.92103],[74.04026,21.92023],[74.03646,21.9182],[74.03543,21.91728],[74.03438,21.91537],[74.02807,21.91225],[74.02674,21.91119],[74.024,21.90976],[74.01404,21.90525],[73.99954,21.89828],[73.97325,21.88722],[73.94866,21.87529],[73.94107,21.87137],[73.93416,21.8668],[73.92575,21.86173],[73.91786,21.85962],[73.90199,21.85732],[73.89015,21.85729],[73.88646,21.85501],[73.88262,21.85029],[73.87958,21.84598],[73.87394,21.84224],[73.87107,21.84079],[73.86787,21.84052],[73.86549,21.84067],[73.8596,21.84246],[73.85631,21.84304],[73.85245,21.84384],[73.8455,21.84384],[73.84037,21.84307],[73.8324,21.84298],[73.82646,21.84222],[73.82292,21.84153],[73.81629,21.84004],[73.81081,21.83895],[73.80896,21.8376],[73.80618,21.83456],[73.80385,21.83151],[73.80118,21.82857],[73.79808,21.82669]]}},{"type":"Feature","properties":{"kind":"state","name":"Gujarat–Maharashtra","src":"OSM relations 1949080 and 1950884"},"geometry":{"type":"LineString","coordinates":[[73.79808,21.82669],[73.79923,21.82504],[73.79997,21.82387],[73.7999,21.82195]]}},{"type":"Feature","properties":{"kind":"state","name":"Gujarat–Maharashtra","src":"OSM relations 1949080 and 1950884","river":"1321","rlen":43},"geometry":{"type":"LineString","coordinates":[[73.7999,21.82195],[73.8005,21.82193],[73.80155,21.82174],[73.80203,21.82146],[73.80365,21.82025],[73.80425,21.81968],[73.80499,21.8186],[73.80522,21.81804],[73.80527,21.81655],[73.80582,21.81478],[73.8059,21.81376],[73.8061,21.8128],[73.80685,21.8109],[73.80721,21.81074],[73.80758,21.81074],[73.8078,21.8105],[73.8085,21.81006],[73.80928,21.80987],[73.81072,21.80983],[73.815,21.80994],[73.8184,21.81061],[73.81973,21.81109],[73.82231,21.81131],[73.82409,21.81109],[73.82461,21.81072],[73.82562,21.80986],[73.82706,21.80776],[73.82842,21.80384],[73.82922,21.80282],[73.83052,21.80244],[73.83191,21.80174],[73.83238,21.80126],[73.83263,21.8009],[73.83273,21.80059],[73.83271,21.80013],[73.83241,21.79968],[73.83125,21.79912],[73.8302,21.79895],[73.8288,21.79891],[73.82789,21.7987],[73.82736,21.79836],[73.82692,21.79792],[73.82676,21.79755],[73.82642,21.79519],[73.82661,21.79434],[73.82719,21.79353],[73.82726,21.79265],[73.82818,21.79251],[73.83017,21.79294],[73.83153,21.79232],[73.83188,21.79227],[73.83246,21.79243],[73.8328,21.79273],[73.83337,21.79293],[73.83404,21.79278],[73.83492,21.79203],[73.83523,21.79185],[73.83638,21.79147],[73.8374,21.79068],[73.83761,21.79036],[73.83752,21.79003],[73.83805,21.78907],[73.83808,21.78847],[73.83786,21.78799],[73.83761,21.78769],[73.83705,21.78731],[73.83533,21.78691],[73.83362,21.78678],[73.83285,21.78683],[73.83149,21.78713],[73.83084,21.78711],[73.83027,21.78697],[73.82997,21.78674],[73.82961,21.78631],[73.8294,21.78593],[73.82924,21.7854],[73.82922,21.78504],[73.82933,21.78409],[73.82977,21.78236],[73.82997,21.78021],[73.82954,21.77861],[73.82943,21.77788],[73.82952,21.77753],[73.82976,21.7772],[73.83004,21.77696],[73.83044,21.7768],[73.83086,21.77672],[73.83145,21.77677],[73.8335,21.77642],[73.83409,21.77618],[73.83445,21.7759],[73.83466,21.77561],[73.83474,21.77522],[73.83465,21.77403],[73.83432,21.77296],[73.83391,21.77213],[73.83356,21.77163],[73.83251,21.77081],[73.8314,21.77008],[73.828,21.76827],[73.82666,21.76727],[73.82594,21.76663],[73.8249,21.76521],[73.82393,21.7637],[73.82373,21.76319],[73.82369,21.76258],[73.82379,21.76215],[73.82419,21.76121],[73.82432,21.76063],[73.82462,21.75991],[73.82522,21.75893],[73.82632,21.75766],[73.82701,21.75704],[73.82795,21.75645],[73.82857,21.75621],[73.83073,21.75586],[73.83158,21.75586],[73.83217,21.75601],[73.83239,21.75598],[73.83301,21.75579],[73.83363,21.75533],[73.83388,21.75498],[73.83412,21.75442],[73.83519,21.74971],[73.83569,21.74831],[73.83763,21.74528],[73.84018,21.74371],[73.8407,21.74316],[73.84115,21.74253],[73.84206,21.74164],[73.84301,21.74101],[73.84423,21.73972],[73.84475,21.73871],[73.84627,21.73708],[73.84666,21.73649],[73.84687,21.73632],[73.84749,21.73627],[73.85091,21.73642],[73.85115,21.73629],[73.85138,21.73604],[73.85195,21.73496],[73.85247,21.73445],[73.85305,21.73409],[73.85452,21.73356],[73.85535,21.73317],[73.85566,21.73289],[73.85644,21.73187],[73.85764,21.73059],[73.85783,21.7302],[73.85795,21.7299],[73.85797,21.72938],[73.85795,21.72703],[73.85831,21.72648],[73.85928,21.72545],[73.85998,21.72486],[73.86164,21.72392],[73.86363,21.72248],[73.86456,21.72158],[73.86576,21.71999],[73.86756,21.71832],[73.8683,21.71792],[73.86951,21.71777],[73.87026,21.7172],[73.87065,21.71732],[73.87112,21.71773],[73.87291,21.71736],[73.87466,21.71714],[73.87537,21.71698],[73.87731,21.71586],[73.88008,21.71494],[73.88048,21.71501]]}},{"type":"Feature","properties":{"kind":"state","name":"Gujarat–Maharashtra","src":"OSM relations 1949080 and 1950884"},"geometry":{"type":"LineString","coordinates":[[73.88048,21.71501],[73.88208,21.71381],[73.88316,21.71098],[73.88391,21.70955],[73.88497,21.70793],[73.88505,21.70656],[73.88445,21.70518],[73.88563,21.70231],[73.88795,21.70002],[73.88881,21.69882],[73.88999,21.69793],[73.89009,21.69589],[73.8904,21.69488],[73.89147,21.69256],[73.892,21.68983],[73.89162,21.68883],[73.89136,21.6873],[73.89181,21.68642],[73.89211,21.68477],[73.8919,21.68361],[73.89155,21.68257],[73.89138,21.68128],[73.892,21.6792],[73.89258,21.67843],[73.89445,21.67659],[73.89376,21.6745],[73.8937,21.6723],[73.89338,21.67099],[73.89284,21.67001],[73.89153,21.66832],[73.89061,21.66533],[73.88926,21.66207],[73.88887,21.6605],[73.88784,21.65356],[73.8849,21.65344],[73.88329,21.6535],[73.88224,21.6531],[73.87872,21.65063],[73.87518,21.64837],[73.87016,21.64626],[73.86868,21.64614],[73.86617,21.64516],[73.86332,21.64425],[73.86134,21.64317],[73.86029,21.64229],[73.85855,21.64187],[73.85814,21.64241],[73.85817,21.64299],[73.85651,21.64415],[73.85572,21.64494],[73.85469,21.6445],[73.85428,21.64524],[73.8537,21.64536],[73.85327,21.6462],[73.85218,21.64638],[73.85119,21.64606],[73.85091,21.64522],[73.85102,21.64333],[73.85093,21.64203],[73.85066,21.64068],[73.84967,21.63912],[73.8486,21.63852],[73.84739,21.63856],[73.84632,21.63922],[73.84523,21.63892],[73.84385,21.63728],[73.84304,21.63655],[73.84076,21.63543],[73.8384,21.6334],[73.83808,21.63338],[73.83703,21.63421],[73.83542,21.63439],[73.83491,21.63485],[73.83617,21.63814],[73.83615,21.63874],[73.83589,21.63928],[73.83538,21.6394],[73.83465,21.6393],[73.83214,21.63812],[73.83179,21.63818],[73.83098,21.64123],[73.83051,21.64203],[73.82995,21.64219],[73.82909,21.64149],[73.82677,21.64004],[73.82585,21.63978],[73.82467,21.63988],[73.82383,21.64095],[73.82343,21.64195],[73.823,21.64255],[73.82175,21.64331],[73.82061,21.64373],[73.8195,21.64327],[73.81795,21.64207],[73.81671,21.64217],[73.81587,21.64235],[73.81536,21.64327],[73.81478,21.64395],[73.81411,21.64377],[73.81403,21.64307],[73.81416,21.64247],[73.81401,21.64135],[73.81341,21.64068],[73.81248,21.6402],[73.81034,21.64032],[73.8068,21.6396],[73.80474,21.63902],[73.80096,21.63738],[73.79553,21.63633],[73.78999,21.63495],[73.78757,21.63419],[73.78602,21.63332],[73.78492,21.63082],[73.78476,21.63],[73.78447,21.62963],[73.78361,21.62926],[73.78056,21.62864],[73.77976,21.62774],[73.7799,21.62635],[73.78115,21.62462],[73.78246,21.62218],[73.78242,21.62103],[73.78145,21.61814],[73.78377,21.61814],[73.78557,21.61738],[73.78856,21.61462],[73.79133,21.61089],[73.79504,21.60656],[73.79783,21.60473],[73.79967,21.60429],[73.80489,21.60399],[73.80836,21.60315],[73.81238,21.60248],[73.8138,21.60112],[73.81515,21.59961]]}},{"type":"Feature","properties":{"kind":"state","name":"Gujarat–Maharashtra","src":"OSM relations 1949080 and 1950884","river":"8450","rlen":26},"geometry":{"type":"LineString","coordinates":[[73.81515,21.59961],[73.81454,21.59914],[73.8154,21.59765],[73.81546,21.5972],[73.81535,21.59635],[73.81509,21.59582],[73.81477,21.59539],[73.81469,21.5938],[73.81501,21.59232],[73.8157,21.59098],[73.81576,21.59062],[73.81576,21.59016],[73.81536,21.58928],[73.81538,21.58887],[73.81556,21.58863],[73.81581,21.58849],[73.81701,21.58835],[73.81743,21.588],[73.81745,21.5877],[73.81733,21.5873],[73.81663,21.58643],[73.81639,21.58572],[73.81647,21.58524],[73.81686,21.58448],[73.81725,21.58337],[73.81729,21.58218],[73.81707,21.58112],[73.81751,21.58038],[73.81747,21.57976],[73.81833,21.57875],[73.81818,21.5778],[73.81889,21.57695],[73.81902,21.57667],[73.81911,21.5762],[73.81908,21.57532],[73.81895,21.57464],[73.81899,21.57431],[73.81918,21.57404],[73.81968,21.57294],[73.82007,21.57127],[73.82043,21.57011],[73.8207,21.5695],[73.82142,21.56866],[73.82156,21.56815],[73.82163,21.56725],[73.82174,21.56679],[73.82257,21.56565],[73.82329,21.56437],[73.82334,21.56359],[73.82316,21.56319],[73.82229,21.56243],[73.82223,21.56178],[73.82257,21.56096],[73.82332,21.55959],[73.82368,21.55844],[73.82418,21.55736],[73.82455,21.55664],[73.82505,21.55597],[73.82612,21.55536],[73.82727,21.55517],[73.82781,21.55496],[73.82822,21.55454],[73.82824,21.55418],[73.82742,21.55289],[73.82739,21.55121],[73.82757,21.55061],[73.82769,21.54977],[73.82773,21.54864],[73.82829,21.54779],[73.82847,21.54713],[73.82795,21.54672],[73.82743,21.54643],[73.82736,21.54583],[73.82767,21.54541],[73.8285,21.5454],[73.82889,21.54575],[73.82954,21.54584],[73.82964,21.54472],[73.82937,21.54377],[73.82967,21.54263],[73.82992,21.54209],[73.82952,21.54162]]}},{"type":"Feature","properties":{"kind":"state","name":"Gujarat–Maharashtra","src":"OSM relations 1949080 and 1950884"},"geometry":{"type":"LineString","coordinates":[[73.82952,21.54162],[73.83133,21.54015],[73.83261,21.53778],[73.83297,21.53489],[73.8345,21.52916],[73.83503,21.52349],[73.83486,21.52079],[73.83705,21.5187],[73.83817,21.51546],[73.84042,21.51375],[73.84229,21.51265],[73.8443,21.51089],[73.84553,21.5093],[73.84714,21.50762],[73.84928,21.50379],[73.85093,21.50019],[73.85207,21.49836],[73.85306,21.4979],[73.85435,21.49794],[73.8552,21.49854],[73.85615,21.49899],[73.86068,21.49907],[73.86314,21.4984],[73.86364,21.49842],[73.86389,21.49915],[73.86366,21.49993],[73.86393,21.50092],[73.86412,21.5012],[73.86517,21.50171],[73.86608,21.50178],[73.86814,21.50107],[73.86879,21.5014],[73.87005,21.50319],[73.87117,21.50403],[73.87181,21.50486],[73.87196,21.50598],[73.87115,21.5064],[73.86739,21.50718],[73.86679,21.5072],[73.86572,21.50772],[73.86527,21.50878],[73.86499,21.51009],[73.86499,21.51141],[73.86555,21.51215],[73.86641,21.51285],[73.86739,21.51325],[73.86864,21.51319],[73.86907,21.51231],[73.86943,21.51093],[73.8699,21.51077],[73.87385,21.51099],[73.87417,21.51163],[73.8749,21.51213],[73.87608,21.51193],[73.87683,21.51117],[73.87718,21.50948],[73.87731,21.5076],[73.87786,21.50456],[73.87973,21.50472],[73.88291,21.5062],[73.88891,21.50926],[73.8923,21.51041],[73.89424,21.51161],[73.89649,21.51271],[73.89859,21.51367],[73.90175,21.51481],[73.90462,21.51608],[73.90484,21.52419],[73.90559,21.52431],[73.90683,21.52403],[73.91175,21.52222],[73.91431,21.52072],[73.91506,21.52014],[73.91633,21.51966],[73.91749,21.51972],[73.91822,21.51998],[73.91926,21.52075],[73.92134,21.52138],[73.92133,21.52425],[73.92144,21.52503],[73.92182,21.52555],[73.92268,21.52587],[73.92444,21.52588],[73.92607,21.5255],[73.92803,21.5245],[73.92895,21.52372],[73.92904,21.52294],[73.92884,21.52118],[73.92891,21.52019],[73.92963,21.51842],[73.93129,21.51559],[73.93228,21.51291],[73.93285,21.51214],[73.93477,21.51177],[73.93598,21.51214],[73.93679,21.51357],[73.93739,21.5143],[73.9393,21.51453],[73.94227,21.51589],[73.94457,21.51662],[73.94553,21.51658],[73.94731,21.51468],[73.94822,21.51403],[73.94931,21.51354],[73.95109,21.51334],[73.95165,21.51376],[73.95198,21.51598],[73.95205,21.51751],[73.95249,21.51881],[73.955,21.52046],[73.95539,21.52127],[73.95468,21.52293],[73.95449,21.52397],[73.95519,21.52596],[73.95533,21.52671],[73.95527,21.52813],[73.95541,21.53039],[73.95427,21.53384],[73.95514,21.53641],[73.95492,21.53824],[73.95454,21.53957],[73.95459,21.54016],[73.95497,21.54077],[73.95591,21.5412],[73.95665,21.54136],[73.95901,21.54159],[73.96063,21.54123],[73.96169,21.53129],[73.96217,21.52854],[73.96242,21.52776],[73.96358,21.52647],[73.96467,21.5248],[73.96543,21.52306],[73.96609,21.52236],[73.96663,21.52227],[73.96731,21.52262],[73.96775,21.52308],[73.96873,21.52327],[73.97421,21.5232],[73.97771,21.52166],[73.98227,21.5226],[73.98112,21.52638],[73.97953,21.52958],[73.97773,21.53086],[73.97558,21.53353],[73.97472,21.53521],[73.97408,21.5372],[73.97408,21.54119],[73.97494,21.54291],[73.97653,21.54351],[73.97992,21.54335],[73.98142,21.54259],[73.98215,21.54056],[73.98781,21.54211],[73.99125,21.54291],[73.99283,21.54279],[73.99511,21.5404],[73.997,21.53928],[73.99777,21.5392],[73.99936,21.53996],[74.00099,21.54167],[74.00099,21.54283],[74.00056,21.54439],[74.00133,21.54531],[74.00301,21.54594],[74.00391,21.54746],[74.00416,21.54982],[74.00416,21.55157],[74.00528,21.55353],[74.00687,21.55325],[74.0088,21.55141],[74.01013,21.54978],[74.01197,21.5497],[74.01567,21.5491],[74.01807,21.54962],[74.01957,21.5501],[74.02167,21.54978],[74.02519,21.54874],[74.02721,21.54786],[74.0312,21.54654],[74.03292,21.54654],[74.03433,21.54778],[74.03455,21.54946],[74.03601,21.55061],[74.03815,21.5503],[74.0382,21.54714],[74.03837,21.5459],[74.03901,21.54375],[74.04081,21.54327],[74.04236,21.54319],[74.04343,21.54459],[74.04386,21.54594],[74.04472,21.54718],[74.04639,21.54718],[74.04764,21.54531],[74.04884,21.5457],[74.05285,21.54762],[74.05386,21.54794],[74.05468,21.5489],[74.05476,21.55043],[74.05431,21.55241],[74.05365,21.55401],[74.05324,21.5555],[74.05369,21.55758],[74.05543,21.55714],[74.05624,21.55602],[74.05905,21.55129],[74.06055,21.55053],[74.06508,21.55065],[74.06744,21.55055],[74.06937,21.55002],[74.07115,21.54854],[74.07392,21.54802],[74.07785,21.5481],[74.07978,21.54844],[74.08105,21.54898],[74.08163,21.54984],[74.0812,21.55089],[74.07969,21.55295],[74.07927,21.55379],[74.07972,21.55451],[74.08487,21.55536],[74.08547,21.55475],[74.08663,21.55243],[74.08753,21.55165],[74.09066,21.55169],[74.09489,21.55157],[74.09675,21.55167],[74.09725,21.55245],[74.09727,21.55536],[74.09813,21.55638],[74.10109,21.55662],[74.10319,21.55664],[74.10868,21.5562],[74.10986,21.55574],[74.11094,21.55307],[74.11175,21.55167],[74.1124,21.55008],[74.11313,21.5492],[74.11373,21.54896],[74.11512,21.54962],[74.11583,21.55022],[74.11628,21.55105],[74.11619,21.55209],[74.11574,21.55283],[74.11639,21.55357],[74.11686,21.55443],[74.11725,21.55552],[74.11862,21.55606],[74.11973,21.55604],[74.12025,21.55532],[74.11982,21.55189],[74.12124,21.55163],[74.12877,21.55147],[74.13057,21.55111],[74.13325,21.54972],[74.13679,21.54746],[74.13847,21.55026],[74.13823,21.55421],[74.13845,21.5552],[74.14115,21.55598],[74.14409,21.55636],[74.14956,21.55642],[74.15259,21.55694],[74.15359,21.55766],[74.15413,21.55912],[74.15426,21.56039],[74.15469,21.56185],[74.15493,21.56616],[74.15559,21.56742],[74.15634,21.56812],[74.15754,21.56881],[74.15909,21.56921],[74.16291,21.56943],[74.1755,21.56927],[74.17589,21.56744],[74.17567,21.55644],[74.17583,21.5553],[74.17793,21.55257],[74.18029,21.54856],[74.18196,21.54628],[74.18254,21.54501],[74.18284,21.54343],[74.18381,21.54269],[74.18627,21.54219],[74.18752,21.54223],[74.18864,21.54173],[74.19003,21.54034],[74.19155,21.53986],[74.19293,21.5392],[74.19428,21.53738],[74.19475,21.5363],[74.19514,21.53355],[74.19554,21.53233],[74.19703,21.53211],[74.19868,21.53231],[74.19981,21.53267],[74.20033,21.53355],[74.2043,21.53676],[74.20565,21.53696],[74.20741,21.5367],[74.20855,21.53694],[74.21059,21.5383],[74.21372,21.53996],[74.21621,21.54227],[74.21739,21.54419],[74.21983,21.5465],[74.22571,21.54918],[74.22707,21.54992],[74.22788,21.55065],[74.22812,21.55209],[74.22876,21.55329],[74.22983,21.55407],[74.23129,21.55381],[74.23217,21.55253],[74.23518,21.54984],[74.23599,21.54642],[74.23556,21.5399],[74.23758,21.53928],[74.2394,21.53914],[74.24262,21.53934],[74.24578,21.53988],[74.25417,21.53988],[74.25923,21.54],[74.26144,21.54028],[74.26316,21.54137],[74.26406,21.54251],[74.26678,21.54285],[74.26747,21.54475],[74.26784,21.54838],[74.26897,21.55227],[74.2702,21.55333],[74.27155,21.55383],[74.27391,21.55429],[74.27753,21.55453],[74.2767,21.56039],[74.27706,21.56171],[74.2802,21.56361],[74.28247,21.56482],[74.2841,21.5654],[74.28828,21.5666],[74.29438,21.5672],[74.29519,21.5682],[74.29534,21.56899],[74.29631,21.56939],[74.29751,21.56935],[74.29865,21.56915],[74.29927,21.56844],[74.29964,21.56694],[74.30279,21.56624],[74.30371,21.5643],[74.30318,21.55315],[74.30667,21.55265],[74.31062,21.55177],[74.31976,21.55165],[74.32165,21.55085],[74.32262,21.55065],[74.32384,21.55075],[74.32523,21.55129],[74.3265,21.55151],[74.32961,21.55231],[74.33058,21.55243],[74.33116,21.54726],[74.33167,21.54564],[74.33167,21.54501],[74.33135,21.54405],[74.33049,21.54373],[74.32826,21.54341],[74.3271,21.54289],[74.32665,21.54197],[74.32702,21.54076],[74.3274,21.54038],[74.32886,21.54016],[74.33006,21.54016],[74.33101,21.5396],[74.33124,21.53806],[74.33086,21.53587],[74.32824,21.53604],[74.32532,21.53592],[74.32474,21.53321],[74.32236,21.53026],[74.32148,21.52896],[74.32191,21.52433],[74.32163,21.51449],[74.32094,21.50862],[74.32036,21.50478],[74.32109,21.50165],[74.32088,21.49945],[74.31755,21.49925],[74.30378,21.49925],[74.30358,21.49444],[74.30423,21.48983],[74.30386,21.48909],[74.3027,21.48817],[74.28762,21.48456],[74.28288,21.48364],[74.28045,21.483],[74.27728,21.48246],[74.27698,21.48003],[74.27562,21.48007],[74.27372,21.47993],[74.26859,21.47893],[74.2641,21.47831],[74.2608,21.47729],[74.25582,21.47693],[74.2552,21.47458],[74.25505,21.47264],[74.254,21.47076],[74.25342,21.46882],[74.25303,21.46867],[74.25058,21.46847],[74.24794,21.46865],[74.24623,21.46833],[74.23621,21.46767],[74.23593,21.46873],[74.23599,21.47202],[74.23516,21.47691],[74.23464,21.48266],[74.23054,21.48284],[74.22247,21.48258],[74.22159,21.48154],[74.21876,21.48182],[74.21398,21.48162],[74.2125,21.47737],[74.21067,21.47326],[74.20943,21.46942],[74.20928,21.46815],[74.20876,21.46645],[74.20874,21.46521],[74.20908,21.46214],[74.20786,21.46222],[74.20552,21.46188],[74.19722,21.46102],[74.19767,21.45868],[74.19585,21.45846],[74.19535,21.4607],[74.19355,21.4605],[74.19213,21.46016],[74.18971,21.45942],[74.18808,21.45854],[74.18752,21.45862],[74.18718,21.45994],[74.18668,21.46092],[74.18576,21.46168],[74.18402,21.46192],[74.18387,21.46515],[74.18334,21.46743],[74.18261,21.4695],[74.17668,21.46894],[74.1758,21.46799],[74.17469,21.46721],[74.17308,21.46751],[74.17246,21.46839],[74.16877,21.46857],[74.16514,21.469],[74.16214,21.46875],[74.15956,21.46829],[74.15765,21.46681],[74.15611,21.46419],[74.15499,21.46341],[74.15218,21.46313],[74.1502,21.46275],[74.14834,21.4622],[74.14793,21.46136],[74.14787,21.4584],[74.14699,21.45796],[74.13973,21.45694],[74.1357,21.45722],[74.13551,21.45908],[74.13411,21.46375],[74.13351,21.46527],[74.13293,21.46577],[74.13151,21.46643],[74.12973,21.46677],[74.12746,21.46707],[74.12536,21.46711],[74.11993,21.46535],[74.12023,21.46429],[74.12016,21.46351],[74.11965,21.46289],[74.11733,21.46222],[74.11684,21.4613],[74.1166,21.45984],[74.11637,21.45762],[74.11626,21.45433],[74.11604,21.45317],[74.11577,21.45239],[74.11323,21.45167],[74.11173,21.45143],[74.11044,21.45081],[74.10952,21.44997],[74.10774,21.44915],[74.10285,21.44917],[74.10177,21.44899],[74.10105,21.4484],[74.1007,21.44852],[74.10002,21.44943],[74.09853,21.45215],[74.09688,21.45449],[74.09568,21.45564],[74.08995,21.4557],[74.08845,21.45555],[74.08403,21.45549],[74.0809,21.45604],[74.07199,21.45722],[74.07379,21.45866],[74.07448,21.45954],[74.07412,21.46114],[74.07422,21.46231],[74.07416,21.46365],[74.07367,21.46535],[74.07238,21.46735],[74.07163,21.46942],[74.07096,21.46996],[74.07004,21.4716],[74.06935,21.47216],[74.06774,21.47228],[74.06693,21.4727],[74.06643,21.47332],[74.06513,21.47397],[74.06297,21.4748]]}},{"type":"Feature","properties":{"kind":"state","name":"Gujarat–Maharashtra","src":"OSM relations 1949080 and 1950884","river":"8281","rlen":18},"geometry":{"type":"LineString","coordinates":[[74.06297,21.4748],[74.06228,21.47341],[74.06229,21.47293],[74.06242,21.47249],[74.06294,21.47165],[74.06289,21.47147],[74.06219,21.47091],[74.06202,21.47065],[74.06204,21.47049],[74.06265,21.46995],[74.06277,21.46908],[74.06249,21.4685],[74.06215,21.46713],[74.06164,21.4665],[74.06149,21.4661],[74.06156,21.46587],[74.0624,21.46538],[74.06267,21.46511],[74.06275,21.46491],[74.06272,21.46474],[74.06232,21.46412],[74.06202,21.46374],[74.06179,21.46363],[74.06146,21.46325],[74.06137,21.46303],[74.06148,21.46259],[74.06172,21.46239],[74.06166,21.46187],[74.06121,21.4616],[74.061,21.46115],[74.06079,21.46103],[74.06009,21.46117],[74.05981,21.46094],[74.05973,21.46077],[74.05979,21.45923],[74.05916,21.45868],[74.05893,21.45857],[74.05864,21.45862],[74.05822,21.45888],[74.05802,21.45914],[74.05748,21.45932],[74.05682,21.45921],[74.05661,21.45913],[74.05641,21.45883],[74.05627,21.45836],[74.056,21.45851],[74.05578,21.45851],[74.05547,21.45824],[74.05499,21.45725],[74.05481,21.45703],[74.05403,21.45701],[74.05296,21.45622],[74.05276,21.45563],[74.05359,21.45504],[74.05374,21.45439],[74.05364,21.45424],[74.05351,21.45411],[74.05326,21.45407],[74.05161,21.45426],[74.05141,21.45398],[74.0506,21.45339],[74.05041,21.45284],[74.04929,21.45206],[74.04851,21.45112],[74.04849,21.45032],[74.04709,21.44869],[74.04675,21.44812],[74.04656,21.44732],[74.0463,21.44677],[74.04578,21.44646],[74.04594,21.44582],[74.04652,21.44525],[74.04735,21.4438],[74.04818,21.44283],[74.0486,21.44267],[74.04894,21.44234],[74.04883,21.44139],[74.04903,21.44093],[74.04945,21.44061],[74.04969,21.44028],[74.04971,21.44011],[74.04962,21.4399],[74.04923,21.43935],[74.04918,21.43917],[74.04926,21.43819],[74.04919,21.43791],[74.04858,21.43637],[74.04768,21.43455],[74.04798,21.43409],[74.04802,21.43376],[74.04762,21.43335],[74.04732,21.43338],[74.04716,21.43287],[74.04778,21.43078],[74.04759,21.4302],[74.0476,21.42995],[74.04796,21.42948],[74.04904,21.42839],[74.04939,21.42771],[74.04932,21.42712],[74.04835,21.42599],[74.04823,21.42559],[74.048,21.42534],[74.04795,21.42514],[74.04826,21.42438],[74.04828,21.42319],[74.04822,21.42293],[74.04608,21.42248],[74.04577,21.42226],[74.04563,21.42208],[74.04558,21.42108],[74.04534,21.42022],[74.045,21.41963],[74.04462,21.41923],[74.04344,21.41904],[74.04283,21.41852],[74.04262,21.41844],[74.04247,21.41855],[74.04268,21.41948],[74.0426,21.41957],[74.04238,21.41961],[74.04201,21.41939],[74.04152,21.41854],[74.04078,21.41815],[74.0401,21.41853],[74.03981,21.41862],[74.03863,21.41849],[74.03825,21.41855],[74.03772,21.41885],[74.03731,21.41923],[74.03693,21.41929],[74.03502,21.41803],[74.03492,21.41775],[74.03439,21.41801],[74.03427,21.41787],[74.03454,21.41743],[74.03451,21.4173],[74.03402,21.41712],[74.0332,21.41721],[74.03301,21.41702]]}},{"type":"Feature","properties":{"kind":"state","name":"Gujarat–Maharashtra","src":"OSM relations 1949080 and 1950884"},"geometry":{"type":"LineString","coordinates":[[74.03301,21.41702],[74.03119,21.41837],[74.02657,21.41833],[74.02326,21.41871],[74.02129,21.41941],[74.01569,21.42109],[74.01258,21.42137],[74.01131,21.42097],[74.00983,21.42019],[74.00863,21.42079],[74.00824,21.42305],[74.00715,21.42359],[74.00515,21.42261],[74.0029,21.42173],[74.0014,21.42095],[74.00185,21.42005],[74.00307,21.41949],[74.00298,21.41816],[74.00039,21.41772],[73.9991,21.41654],[73.99736,21.41544],[73.99571,21.41442],[73.99391,21.41366],[73.99101,21.41338],[73.98764,21.41224],[73.98258,21.40869],[73.98155,21.40843],[73.98043,21.40865],[73.97897,21.41038],[73.97816,21.41194],[73.97698,21.41226],[73.97676,21.41082],[73.97738,21.40965],[73.97801,21.40801],[73.97796,21.40627],[73.97204,21.39876],[73.96923,21.39706],[73.96708,21.39678],[73.9608,21.39674],[73.95938,21.39566],[73.95183,21.39548],[73.95081,21.39885],[73.95019,21.40049],[73.94949,21.40182],[73.94634,21.40513],[73.9393,21.40542],[73.93973,21.40445],[73.94146,21.40257],[73.94335,21.4009],[73.94468,21.39446],[73.94425,21.38983],[73.9449,21.3804],[73.94631,21.37272],[73.94653,21.36629],[73.94743,21.36165],[73.94928,21.3535],[73.94932,21.35018],[73.9467,21.34539],[73.94498,21.33975],[73.94305,21.32752],[73.94228,21.32016],[73.94293,21.30592],[73.94345,21.30388]]}},{"type":"Feature","properties":{"kind":"state","name":"Gujarat–Maharashtra","src":"OSM relations 1949080 and 1950884","river":"8334","rlen":61},"geometry":{"type":"LineString","coordinates":[[73.94345,21.30388],[73.94305,21.30356],[73.94286,21.30314],[73.94276,21.30235],[73.94278,21.30143],[73.94269,21.3003],[73.94214,21.29926],[73.94048,21.29765],[73.93955,21.29696],[73.93858,21.29638],[73.93748,21.29593],[73.93726,21.29577],[73.93702,21.29549],[73.93634,21.29432],[73.93577,21.29367],[73.93416,21.29203],[73.93321,21.29121],[73.93239,21.29071],[73.93113,21.29007],[73.93039,21.28987],[73.92943,21.28986],[73.92835,21.29022],[73.92736,21.29074],[73.92651,21.29064],[73.92556,21.29011],[73.92473,21.28978],[73.92294,21.2898],[73.9222,21.28962],[73.92081,21.28858],[73.9203,21.28777],[73.91984,21.28676],[73.91893,21.28554],[73.91855,21.2853],[73.9178,21.28505],[73.91677,21.28455],[73.91464,21.28322],[73.91081,21.28031],[73.90977,21.27958],[73.90938,21.27939],[73.90869,21.27866],[73.90667,21.27816],[73.90429,21.27827],[73.90284,21.27807],[73.90263,21.27796],[73.90207,21.27756],[73.9014,21.27691],[73.89923,21.27345],[73.89887,21.2731],[73.8974,21.27223],[73.89546,21.27146],[73.89426,21.27088],[73.89183,21.27017],[73.88944,21.26965],[73.88786,21.2691],[73.88163,21.26663],[73.87958,21.26594],[73.8784,21.26592],[73.87772,21.26612],[73.87592,21.2669],[73.87252,21.26876],[73.87147,21.26947],[73.86921,21.27015],[73.86805,21.27024],[73.86725,21.27047],[73.86566,21.27157],[73.86382,21.27248],[73.86335,21.27265],[73.8628,21.27268],[73.86204,21.27246],[73.86105,21.27149],[73.86069,21.27139],[73.85966,21.2715],[73.85872,21.27168],[73.85704,21.27232],[73.85531,21.27254],[73.85304,21.27295],[73.85246,21.2732],[73.85031,21.27452],[73.84967,21.2747],[73.8486,21.27471],[73.84614,21.27387],[73.84502,21.27322],[73.84391,21.27282],[73.84169,21.27244],[73.84116,21.2721],[73.84041,21.2719],[73.83951,21.27176],[73.83793,21.27195],[73.83625,21.27168],[73.83403,21.27089],[73.83301,21.2704],[73.83053,21.26897],[73.82788,21.26804],[73.8265,21.2677],[73.82585,21.26786],[73.82552,21.26828],[73.82546,21.26911],[73.82549,21.27043],[73.82526,21.27107],[73.82503,21.27134],[73.82468,21.27157],[73.82414,21.27154],[73.82333,21.2712],[73.82284,21.27084],[73.82233,21.26992],[73.82219,21.26858],[73.82218,21.26742],[73.82253,21.26741],[73.82252,21.26708],[73.8227,21.26691],[73.82305,21.2669],[73.82305,21.26674],[73.82323,21.26674],[73.8232,21.26524],[73.82338,21.26507],[73.82336,21.2639],[73.82265,21.26385]]}},{"type":"Feature","properties":{"kind":"state","name":"Gujarat–Maharashtra","src":"OSM relations 1949080 and 1950884"},"geometry":{"type":"LineString","coordinates":[[73.82265,21.26385],[73.82282,21.26193],[73.8228,21.26054],[73.82373,21.25912],[73.82729,21.25206],[73.82825,21.24498],[73.8284,21.23966],[73.82124,21.23568],[73.81195,21.23124],[73.8115,21.22516],[73.81143,21.22026],[73.81154,21.2106],[73.81094,21.20876],[73.81085,21.20756],[73.81169,21.207],[73.81244,21.20668],[73.81306,21.20568],[73.81446,21.20278],[73.81542,21.19754],[73.81802,21.19788],[73.81991,21.19826],[73.82177,21.19844],[73.82529,21.19932],[73.82568,21.18897],[73.82534,21.18757],[73.82452,21.18703],[73.82336,21.18675],[73.82012,21.18677],[73.81965,21.18563],[73.81866,21.18243],[73.818,21.17909],[73.81682,21.17553],[73.816,21.17401],[73.8148,21.17407],[73.81246,21.17391],[73.80755,21.17413],[73.8062,21.17435],[73.80386,21.17531],[73.80285,21.17639],[73.79422,21.18075],[73.79386,21.18165],[73.78939,21.18191],[73.78832,21.18221],[73.78472,21.18441],[73.78424,21.18281],[73.78392,21.18095],[73.7839,21.17911],[73.78313,21.17545],[73.78229,21.17303],[73.78083,21.17111],[73.77933,21.17049],[73.77804,21.16975],[73.77691,21.16947],[73.7751,21.16927],[73.77358,21.16895],[73.77272,21.16546],[73.76736,21.1652],[73.7648,21.1654],[73.76261,21.16582],[73.75961,21.16732],[73.7562,21.16778],[73.7494,21.16784],[73.7459,21.16802],[73.74107,21.16772],[73.74062,21.16824],[73.74058,21.16939],[73.73987,21.17061],[73.73918,21.17071],[73.73212,21.16724],[73.73077,21.16618],[73.72991,21.16518],[73.72953,21.1641],[73.72867,21.16232],[73.72878,21.1616],[73.72918,21.16084],[73.73092,21.16],[73.73277,21.15934],[73.73451,21.15788],[73.73586,21.1565],[73.73723,21.15418],[73.73777,21.1507],[73.73706,21.15003],[73.73487,21.14955],[73.73367,21.14861],[73.73332,21.14793],[73.7333,21.14707],[73.7339,21.14499],[73.7338,21.14359],[73.73365,21.14273],[73.73341,21.14235],[73.7326,21.14203],[73.73124,21.14207],[73.7286,21.14189],[73.72395,21.14181],[73.71906,21.14201],[73.7177,21.14143],[73.71618,21.14127],[73.71438,21.14201],[73.71322,21.14301],[73.71212,21.14477],[73.71047,21.14545],[73.7068,21.14483],[73.7038,21.14559],[73.70187,21.14629],[73.702,21.15374],[73.69925,21.15376],[73.69637,21.15244],[73.68736,21.15234],[73.68582,21.15246],[73.68395,21.1522],[73.68219,21.15146],[73.68135,21.15146],[73.67809,21.1524],[73.67586,21.15286],[73.67367,21.15462],[73.67142,21.15506],[73.66977,21.15512],[73.66717,21.15462],[73.66462,21.15342],[73.66475,21.15124],[73.66515,21.14987],[73.66543,21.14767],[73.66427,21.14729],[73.66277,21.14723],[73.65618,21.14569],[73.65389,21.14369],[73.65176,21.14273],[73.64983,21.14193],[73.64694,21.14103],[73.64413,21.13981],[73.64288,21.13973],[73.63932,21.14023],[73.6337,21.14135],[73.63119,21.14269],[73.62747,21.14399],[73.62823,21.14579],[73.62953,21.14791],[73.63031,21.15041],[73.63044,21.15192],[73.6302,21.15398],[73.62885,21.15494],[73.62344,21.15476],[73.62209,21.1558],[73.62112,21.15628],[73.61737,21.15624],[73.61494,21.15636],[73.61295,21.1569],[73.60883,21.15896],[73.60752,21.15974],[73.60739,21.1608],[73.60752,21.16432],[73.6072,21.16582],[73.60632,21.16684],[73.60542,21.16895],[73.60576,21.17457],[73.60617,21.17555],[73.60694,21.17609],[73.60752,21.17921],[73.60617,21.17951],[73.60042,21.18149],[73.59784,21.18101],[73.59668,21.17957],[73.59449,21.17625],[73.59123,21.17401],[73.58917,21.17301],[73.58282,21.17033],[73.5808,21.16961],[73.5775,21.17013],[73.5769,21.16901],[73.5778,21.1674],[73.57926,21.16524],[73.58106,21.16348],[73.58312,21.16112],[73.58068,21.15904],[73.57728,21.15718],[73.57823,21.1528],[73.57879,21.151],[73.5808,21.1516],[73.58621,21.15292],[73.59334,21.15512],[73.59662,21.15602],[73.59859,21.15636],[73.5999,21.15356],[73.6008,21.15054],[73.60213,21.14839],[73.60398,21.14593],[73.60544,21.14459],[73.61042,21.14361],[73.61378,21.14353],[73.61627,21.14333],[73.61765,21.14275],[73.6175,21.14199],[73.61698,21.14151],[73.61404,21.14005],[73.61267,21.13895],[73.61215,21.13785],[73.61434,21.13188],[73.61557,21.12754],[73.61685,21.1252],[73.61812,21.12127],[73.61874,21.11875],[73.62432,21.12079],[73.62951,21.1229],[73.63183,21.12336],[73.63659,21.12322],[73.64217,21.1223],[73.64335,21.1222],[73.64571,21.12167],[73.64724,21.11989],[73.65125,21.10988],[73.65189,21.10786],[73.65955,21.10816],[73.67146,21.1089],[73.675,21.10884],[73.67704,21.10848],[73.67914,21.10772],[73.6859,21.10356],[73.68822,21.1019],[73.68964,21.10168],[73.69543,21.10946],[73.69921,21.11357],[73.70052,21.11573],[73.70243,21.11845],[73.70356,21.11855],[73.70367,21.11763],[73.70335,21.11491],[73.70365,21.11345],[73.70361,21.11203],[73.70412,21.11061],[73.70498,21.10912],[73.70749,21.10834],[73.71333,21.10688],[73.71616,21.10584],[73.71925,21.1046],[73.72547,21.10154],[73.72882,21.10004],[73.72966,21.10078],[73.73064,21.10298],[73.73182,21.10438],[73.73474,21.10644],[73.73571,21.10824],[73.73689,21.10948],[73.73886,21.11037],[73.74049,21.11179],[73.74193,21.11377],[73.74322,21.11527],[73.74448,21.11517],[73.74425,21.11427],[73.74262,21.11257],[73.74141,21.11021],[73.73959,21.10758],[73.73744,21.10516],[73.73607,21.10306],[73.73429,21.09998],[73.73238,21.09297],[73.73047,21.08672],[73.73034,21.08516],[73.72985,21.08294],[73.73129,21.08212],[73.73541,21.08126],[73.74807,21.07647],[73.75605,21.07285],[73.75987,21.0699],[73.76193,21.06906],[73.76603,21.0688],[73.76922,21.06764],[73.77405,21.06664],[73.77712,21.06548],[73.77965,21.06528],[73.78036,21.06376],[73.78163,21.06544],[73.78364,21.06638],[73.78746,21.0678],[73.79195,21.07012],[73.79514,21.07235],[73.79688,21.07513],[73.79987,21.07765],[73.80298,21.08063],[73.80776,21.08492],[73.80863,21.08271],[73.80948,21.07879],[73.80969,21.072],[73.81076,21.06415],[73.81089,21.05989],[73.80988,21.05774],[73.80733,21.05557],[73.79555,21.04472],[73.79823,21.04155],[73.8138,21.02499],[73.81509,21.02373],[73.81858,21.0221],[73.82014,21.02024],[73.8274,21.01393],[73.83981,21.0062],[73.84485,21.00104],[73.84935,20.99979],[73.8504,20.99863],[73.85124,20.99816],[73.85652,20.99345],[73.86199,20.99031],[73.86673,20.98941],[73.86997,20.98558],[73.88537,20.98087],[73.89151,20.98027],[73.89396,20.97895],[73.89589,20.98089],[73.90207,20.98152],[73.90224,20.97563],[73.90455,20.97124],[73.9071,20.96841],[73.90908,20.96725],[73.91029,20.96438],[73.90904,20.95938],[73.90313,20.95951],[73.89917,20.96022],[73.89232,20.95505],[73.89176,20.95211],[73.89164,20.94549],[73.89029,20.93958],[73.88818,20.93361],[73.89705,20.92435],[73.8989,20.92201],[73.9055,20.91679],[73.91151,20.91338],[73.91805,20.90717],[73.92018,20.90214],[73.92147,20.89637],[73.92314,20.89149],[73.92584,20.88861],[73.92524,20.8846],[73.92662,20.87734],[73.92434,20.87317],[73.92494,20.86226],[73.92447,20.85119],[73.92774,20.84727],[73.92973,20.84275],[73.93604,20.84163],[73.94014,20.8393],[73.9394,20.83869],[73.93925,20.83841],[73.93936,20.83512],[73.93927,20.83453],[73.93987,20.83222],[73.94046,20.8313],[73.94038,20.82983],[73.94057,20.82835],[73.94106,20.82755],[73.94234,20.82637],[73.9434,20.82501],[73.94368,20.82485],[73.94387,20.82456],[73.94391,20.82424],[73.94385,20.82385],[73.94351,20.82362],[73.94204,20.82368],[73.94208,20.82255],[73.94189,20.82207],[73.94,20.81866],[73.93855,20.81562],[73.93815,20.81444],[73.93412,20.81122],[73.93186,20.80918],[73.93195,20.80829],[73.93346,20.80651],[73.93395,20.80568],[73.93474,20.8037],[73.93545,20.80292],[73.93566,20.80248],[73.93594,20.80181],[73.93598,20.8005],[73.93558,20.79901],[73.93405,20.797],[73.93368,20.79494],[73.93277,20.79194],[73.93276,20.79071],[73.93328,20.78996],[73.93341,20.7894],[73.93327,20.78891],[73.93294,20.78859],[73.93291,20.78683],[73.9343,20.77714],[73.93424,20.77583],[73.93459,20.7737],[73.93445,20.77322],[73.93349,20.77247],[73.93338,20.77221],[73.93356,20.77082],[73.93351,20.76859],[73.93223,20.76194],[73.93167,20.76127],[73.93157,20.76085],[73.93165,20.7607],[73.9318,20.7607],[73.93246,20.76091],[73.93352,20.76094],[73.9344,20.76076],[73.9383,20.76036],[73.93878,20.76021],[73.9399,20.75955],[73.94119,20.7582],[73.94133,20.75791],[73.9413,20.75751],[73.94091,20.75602],[73.94084,20.75318],[73.94066,20.7524],[73.9403,20.75182],[73.93992,20.75146],[73.93769,20.74977],[73.93755,20.74938],[73.9379,20.74889],[73.93965,20.74769],[73.93983,20.74746],[73.93982,20.74722],[73.93952,20.74684],[73.93957,20.74671],[73.94146,20.74481],[73.94198,20.74406],[73.94233,20.74267],[73.94227,20.74234],[73.94191,20.74158],[73.94149,20.74119],[73.93891,20.73908],[73.93637,20.73728],[73.93297,20.73398],[73.93064,20.73073],[73.92997,20.72944],[73.9294,20.72944],[73.92931,20.72959],[73.92897,20.73368],[73.92878,20.73474],[73.92801,20.73472],[73.92712,20.73429],[73.9263,20.73372],[73.92467,20.73367],[73.92428,20.73328],[73.9232,20.73134],[73.92192,20.73041],[73.92077,20.72994],[73.91763,20.72939],[73.91752,20.72927],[73.91743,20.72657],[73.9171,20.72518],[73.91596,20.72467],[73.91419,20.72444],[73.91362,20.72418],[73.91239,20.72416],[73.90916,20.72505],[73.9067,20.72619],[73.90594,20.72692],[73.90566,20.72698],[73.90532,20.72684],[73.90541,20.72565],[73.90498,20.72515],[73.90464,20.72508],[73.90362,20.72576],[73.90104,20.72801],[73.8991,20.72888],[73.89741,20.72912],[73.89665,20.72991],[73.8959,20.73108],[73.89555,20.73141],[73.89514,20.73133],[73.89355,20.73055],[73.89267,20.73052],[73.89101,20.73068],[73.88861,20.73098],[73.88601,20.73153],[73.88487,20.73184],[73.88285,20.73269],[73.88245,20.73274],[73.88216,20.73256],[73.88183,20.7315],[73.88088,20.73075],[73.878,20.72962],[73.87529,20.72964],[73.87439,20.72934],[73.87403,20.72907],[73.87285,20.7274],[73.87182,20.72486],[73.87142,20.72329],[73.87104,20.72234],[73.87028,20.72104],[73.86962,20.7202],[73.86899,20.71984],[73.86828,20.71966],[73.86653,20.71888],[73.86495,20.7184],[73.86486,20.71799],[73.86516,20.71723],[73.86608,20.71334],[73.8655,20.7117],[73.86426,20.7091],[73.86372,20.7075],[73.86335,20.70556],[73.8633,20.70466],[73.86311,20.70421],[73.86268,20.70379],[73.8607,20.70355],[73.86015,20.70316],[73.86002,20.70292],[73.85995,20.70247],[73.86017,20.70196],[73.86138,20.70038],[73.86132,20.70013],[73.86101,20.69985],[73.86038,20.69942],[73.85981,20.69949],[73.8581,20.7006],[73.85774,20.70069],[73.8575,20.70065],[73.857,20.70011],[73.85669,20.69948],[73.85685,20.69737],[73.85667,20.6956],[73.85555,20.69167],[73.85524,20.69121],[73.85498,20.69127],[73.85472,20.69227],[73.85453,20.69257],[73.85405,20.69286],[73.85378,20.69268],[73.85344,20.69275],[73.85347,20.69297],[73.85371,20.69316],[73.85364,20.69359],[73.85284,20.69403],[73.85164,20.69493],[73.85001,20.69559],[73.84885,20.6958],[73.84861,20.69604],[73.84813,20.69622],[73.84689,20.69638],[73.8465,20.69659],[73.84534,20.69784],[73.84342,20.69871],[73.84247,20.69951],[73.83694,20.70115],[73.83544,20.70131],[73.83335,20.70132],[73.82578,20.70104],[73.82543,20.70094],[73.82411,20.70003],[73.82171,20.69901],[73.82123,20.6986],[73.82021,20.69722],[73.81871,20.69577],[73.81799,20.69526],[73.81719,20.69486],[73.81617,20.69456],[73.81437,20.69367],[73.8134,20.69306],[73.81141,20.69215],[73.81138,20.69184],[73.813,20.68978],[73.8133,20.68918],[73.81331,20.68806],[73.81415,20.68605],[73.815,20.68486],[73.81531,20.68394],[73.81552,20.68227],[73.81622,20.68082],[73.81689,20.67904],[73.81695,20.67688],[73.81685,20.6754],[73.81703,20.67428],[73.81711,20.67196],[73.81747,20.67201],[73.81761,20.67221],[73.81871,20.67272],[73.82136,20.67372],[73.82216,20.67391],[73.82525,20.67413],[73.82762,20.67484],[73.82922,20.67518],[73.83051,20.67501],[73.83154,20.67342],[73.83162,20.67284],[73.83121,20.67125],[73.83089,20.67056],[73.83094,20.67028],[73.83124,20.67005],[73.83265,20.66778],[73.83311,20.66725],[73.83338,20.66708],[73.83496,20.66663],[73.83596,20.66584],[73.83662,20.66492],[73.83689,20.66382],[73.83743,20.66247],[73.83936,20.6592],[73.83941,20.65865],[73.8391,20.65715],[73.83839,20.65537],[73.83643,20.65288],[73.8358,20.65237],[73.83524,20.6515],[73.83448,20.65079],[73.83357,20.64942],[73.83326,20.64876],[73.83305,20.64725],[73.83307,20.64554],[73.83334,20.64379],[73.83285,20.64122],[73.8327,20.63942],[73.83278,20.63828],[73.83428,20.63628],[73.83533,20.63319],[73.83623,20.6312],[73.83712,20.62834],[73.83729,20.62724],[73.83681,20.62544],[73.83683,20.62486],[73.83704,20.62423],[73.83765,20.62327],[73.83821,20.62176],[73.83834,20.62102],[73.83822,20.62084],[73.838,20.62077],[73.83621,20.62046],[73.83412,20.61967],[73.8328,20.61897],[73.83195,20.61802],[73.83069,20.61577],[73.83014,20.61523],[73.8286,20.61397],[73.82693,20.61284],[73.82507,20.61209],[73.82407,20.61192],[73.82361,20.61202],[73.82259,20.61264],[73.82125,20.61308],[73.82031,20.61362],[73.81875,20.61401],[73.81691,20.61366],[73.81582,20.61332],[73.81528,20.61303],[73.81045,20.60914],[73.80943,20.60862],[73.80799,20.60857],[73.80742,20.60841],[73.80648,20.60761],[73.80399,20.60468],[73.80314,20.60396],[73.8024,20.60283],[73.79916,20.59873],[73.7989,20.59862],[73.79816,20.59874],[73.79783,20.59899],[73.79776,20.59994],[73.79804,20.60179],[73.79771,20.60233],[73.79579,20.60286],[73.79364,20.604],[73.79206,20.60512],[73.79144,20.6053],[73.79031,20.60504],[73.78949,20.6046],[73.78803,20.60405],[73.78762,20.60372],[73.78726,20.60319],[73.78641,20.60262],[73.78376,20.60211],[73.7818,20.60119],[73.77986,20.60099],[73.7782,20.59978],[73.77768,20.59988],[73.77653,20.6007],[73.77593,20.60071],[73.77533,20.60023],[73.7748,20.59929],[73.77445,20.59828],[73.77411,20.59671],[73.77343,20.59539],[73.77254,20.59295],[73.7724,20.59271],[73.77167,20.59214],[73.77098,20.59103],[73.76975,20.58962],[73.76843,20.58766],[73.7679,20.58715],[73.76671,20.58669],[73.76616,20.58654],[73.76404,20.58637],[73.76351,20.58619],[73.76337,20.58394],[73.76291,20.58206],[73.76196,20.57561],[73.76174,20.57476],[73.76109,20.57379],[73.76013,20.57306],[73.75921,20.57275],[73.75734,20.57161],[73.75574,20.57128],[73.75418,20.57012],[73.75311,20.56959],[73.75246,20.56944],[73.75032,20.56944],[73.74978,20.56921],[73.74932,20.56881],[73.74772,20.56877],[73.74668,20.56848],[73.74615,20.56792],[73.74574,20.56692],[73.74496,20.56606],[73.74466,20.56554],[73.7446,20.56499],[73.74422,20.565],[73.74337,20.56659],[73.74088,20.56935],[73.73955,20.56959],[73.73485,20.57138],[73.73349,20.57213],[73.73326,20.57239],[73.7331,20.57309],[73.7325,20.57422],[73.73209,20.57454],[73.7303,20.57436],[73.72766,20.57385],[73.72511,20.57377],[73.72337,20.57423],[73.72125,20.57427],[73.71977,20.57483],[73.71804,20.5753],[73.71254,20.57551],[73.71024,20.57584],[73.70545,20.57561],[73.70307,20.57571],[73.69899,20.57528],[73.69775,20.57566],[73.69743,20.5759],[73.69668,20.57651],[73.69637,20.57715],[73.69531,20.5783],[73.69487,20.57842],[73.69383,20.5779],[73.69244,20.57736],[73.69197,20.57731],[73.68876,20.57586],[73.68726,20.57474],[73.68322,20.5723],[73.67969,20.56932],[73.67881,20.56892],[73.67292,20.56482],[73.66957,20.56363],[73.66771,20.56284],[73.66612,20.56261],[73.6643,20.56185],[73.66345,20.56177],[73.66269,20.56191],[73.66188,20.56191],[73.66082,20.56206],[73.65968,20.56255],[73.65852,20.5635],[73.65803,20.56448],[73.65684,20.56502],[73.65607,20.56512],[73.65345,20.56451],[73.65301,20.56455],[73.65251,20.56489],[73.65184,20.56751],[73.6509,20.56881],[73.64992,20.56971],[73.6481,20.5704],[73.64759,20.57072],[73.64633,20.57269],[73.64581,20.57321],[73.64395,20.5745],[73.64238,20.57507],[73.63961,20.57726],[73.63894,20.57753],[73.63861,20.57755],[73.63689,20.57737],[73.63502,20.57864],[73.63404,20.57912],[73.63079,20.58035],[73.63026,20.58064],[73.62822,20.583],[73.62708,20.58496],[73.62691,20.58582],[73.62693,20.5897],[73.6273,20.59302],[73.62753,20.59739],[73.62735,20.59804],[73.62632,20.60019],[73.62459,20.60446],[73.62372,20.60738],[73.62214,20.60903]]}},{"type":"Feature","properties":{"kind":"state","name":"Gujarat–Maharashtra","src":"OSM relations 1949080 and 1950884","river":"8794","rlen":23},"geometry":{"type":"LineString","coordinates":[[73.62214,20.60903],[73.62247,20.60945],[73.62272,20.60996],[73.62283,20.61076],[73.62266,20.61153],[73.6222,20.61182],[73.62155,20.61206],[73.62127,20.61246],[73.62138,20.61282],[73.62225,20.61359],[73.62231,20.61373],[73.62225,20.61422],[73.622,20.61459],[73.6218,20.61471],[73.62047,20.6151],[73.61962,20.61519],[73.61938,20.61528],[73.61911,20.61551],[73.61883,20.61598],[73.61862,20.61653],[73.61858,20.61716],[73.61824,20.61735],[73.61759,20.61747],[73.61706,20.61766],[73.61668,20.61788],[73.61634,20.6185],[73.61586,20.61973],[73.61492,20.62045],[73.61441,20.62098],[73.61427,20.62172],[73.61456,20.62328],[73.61513,20.62415],[73.61537,20.6251],[73.61473,20.62489],[73.61465,20.62469],[73.61384,20.62431],[73.61338,20.62424],[73.61264,20.62427],[73.61242,20.62463],[73.61242,20.6252],[73.61131,20.62709],[73.61071,20.6275],[73.60937,20.628],[73.60888,20.62836],[73.60802,20.62959],[73.60658,20.63041],[73.60557,20.63125],[73.60499,20.63158],[73.60415,20.63233],[73.60389,20.63266],[73.60385,20.63305]]}},{"type":"Feature","properties":{"kind":"state","name":"Gujarat–Maharashtra","src":"OSM relations 1949080 and 1950884"},"geometry":{"type":"LineString","coordinates":[[73.60385,20.63305],[73.60252,20.63397],[73.60138,20.63482],[73.59982,20.6355],[73.5989,20.63631],[73.59809,20.63604],[73.59752,20.63604],[73.59671,20.63632],[73.59339,20.63947],[73.59259,20.63968],[73.59206,20.63942],[73.59167,20.63946],[73.59002,20.64117],[73.5897,20.64135],[73.5889,20.64159],[73.58765,20.64171],[73.58694,20.64189],[73.58593,20.64237],[73.5856,20.6426],[73.58367,20.64482],[73.58204,20.64607],[73.58123,20.64641],[73.58048,20.64655],[73.57849,20.64624],[73.57763,20.64639],[73.57688,20.64688],[73.57473,20.64915],[73.57376,20.64991],[73.57247,20.65064],[73.56935,20.65175],[73.56836,20.65185],[73.56784,20.65163],[73.56736,20.65102],[73.56672,20.64981],[73.56603,20.64926],[73.56472,20.64947],[73.5623,20.65073],[73.56173,20.65066],[73.5604,20.64987],[73.56007,20.6495],[73.55762,20.64552],[73.55722,20.64558],[73.5568,20.64613],[73.55402,20.64771],[73.55324,20.64788],[73.55156,20.64798],[73.55052,20.64867],[73.54977,20.64949],[73.54813,20.65071],[73.54737,20.65178],[73.54638,20.65392],[73.54496,20.65573],[73.54422,20.65705],[73.54276,20.6591],[73.54211,20.65979],[73.5418,20.66054],[73.53825,20.66503],[73.5376,20.6654],[73.53684,20.6656],[73.53576,20.66619],[73.53451,20.66741],[73.5331,20.66936],[73.53314,20.67216],[73.533,20.67247],[73.53254,20.67287],[73.53143,20.67341],[73.52898,20.67367],[73.52328,20.67379],[73.52132,20.67447],[73.52084,20.67486],[73.52055,20.67489],[73.52028,20.67369],[73.51969,20.6725],[73.51828,20.67032],[73.51755,20.66939],[73.51732,20.6687],[73.51733,20.66789],[73.51705,20.6673],[73.5162,20.66669],[73.51449,20.66618],[73.51145,20.66554],[73.51068,20.66573],[73.50882,20.66694],[73.50655,20.6687],[73.50518,20.67002],[73.50496,20.67017],[73.50462,20.67012],[73.50414,20.66745],[73.50363,20.66628],[73.50331,20.66483],[73.50238,20.66271],[73.5017,20.66189],[73.5011,20.66147],[73.5,20.66132],[73.49912,20.66049],[73.49784,20.65808],[73.49718,20.65601],[73.4964,20.65415],[73.49594,20.65343],[73.49359,20.65405],[73.49314,20.65437],[73.49257,20.65452],[73.49192,20.65513],[73.49067,20.65512],[73.4898,20.65544],[73.48942,20.65589],[73.48929,20.65636],[73.48892,20.65676],[73.48892,20.65698],[73.48898,20.65714],[73.48989,20.65794],[73.48991,20.65824],[73.48914,20.65889],[73.48892,20.66019],[73.48815,20.66246],[73.48814,20.66269],[73.48828,20.66275],[73.48911,20.6628],[73.48928,20.66293],[73.48937,20.6633],[73.48927,20.66354],[73.48906,20.66364],[73.4877,20.6637],[73.48676,20.6642],[73.48557,20.66457],[73.48512,20.66498],[73.4848,20.66558],[73.48507,20.66752],[73.48456,20.66995],[73.48437,20.67015],[73.48319,20.67045],[73.48238,20.67083],[73.48156,20.671],[73.47996,20.67203],[73.4799,20.67218],[73.48009,20.67266],[73.47988,20.67438],[73.47965,20.67504],[73.47902,20.67606],[73.479,20.67631],[73.47928,20.67707],[73.48033,20.67781],[73.48064,20.67821],[73.48182,20.67925],[73.48216,20.67929],[73.48288,20.67864],[73.48317,20.67742],[73.4837,20.67664],[73.4846,20.67627],[73.48478,20.67576],[73.48581,20.67514],[73.48594,20.6749],[73.48646,20.67485],[73.48681,20.67529],[73.48756,20.67678],[73.48818,20.67721],[73.48887,20.6784],[73.48923,20.68045],[73.49003,20.68305],[73.49043,20.68502],[73.49061,20.68598],[73.49052,20.68655],[73.49019,20.68711],[73.48935,20.68793],[73.48727,20.68857],[73.48671,20.68884],[73.48629,20.68968],[73.48455,20.69124],[73.48464,20.69895],[73.48393,20.70112],[73.48161,20.70445],[73.48041,20.7071],[73.47944,20.70781],[73.47665,20.70906],[73.47611,20.70917],[73.47599,20.70931],[73.47588,20.71379],[73.47596,20.71467],[73.4756,20.71513],[73.47543,20.7156],[73.47555,20.71675],[73.47539,20.71843],[73.47486,20.72009],[73.47468,20.72025],[73.47395,20.72031],[73.47367,20.72047],[73.47002,20.72127],[73.46771,20.72173],[73.46692,20.72179],[73.46456,20.7205],[73.46384,20.71982],[73.463,20.71938],[73.46216,20.71835],[73.46102,20.71781],[73.46091,20.71701],[73.46077,20.71687],[73.45862,20.7169],[73.4583,20.71676],[73.45785,20.71632],[73.45636,20.71621],[73.45571,20.71651],[73.45472,20.71607],[73.45369,20.71588],[73.45235,20.71582],[73.45127,20.71612],[73.45031,20.71668],[73.4499,20.71681],[73.4496,20.71676],[73.44951,20.7159],[73.44927,20.71537],[73.44928,20.71473],[73.44887,20.71318],[73.44772,20.71163],[73.44698,20.71123],[73.44636,20.71054],[73.44555,20.71013],[73.44521,20.70982],[73.44495,20.70933],[73.44453,20.70794],[73.44454,20.70555],[73.44382,20.70515],[73.44287,20.70428],[73.44159,20.70154],[73.44094,20.69978],[73.44114,20.69914],[73.44151,20.69864],[73.44289,20.69713],[73.44353,20.69659],[73.44431,20.69609],[73.44487,20.69593],[73.44735,20.69559],[73.4479,20.69508],[73.44832,20.6944],[73.44872,20.69248],[73.44784,20.68906],[73.44747,20.68872],[73.44678,20.68745],[73.44599,20.68468],[73.44541,20.68366],[73.44509,20.68282],[73.4446,20.68101],[73.44249,20.68033],[73.44198,20.68004],[73.44089,20.68005],[73.43651,20.67903],[73.43581,20.67875],[73.43459,20.67784],[73.43409,20.67781],[73.43321,20.67752],[73.43259,20.67704],[73.43257,20.6767],[73.43275,20.67624],[73.43361,20.67545],[73.43423,20.6745],[73.4348,20.67292],[73.43499,20.67141],[73.43475,20.66969],[73.43442,20.6691],[73.43406,20.66805],[73.43304,20.66636],[73.43232,20.66585],[73.43094,20.66434],[73.42991,20.66374],[73.42939,20.66356],[73.4279,20.66336],[73.42662,20.66298],[73.4254,20.66286],[73.42435,20.6624],[73.42251,20.66137],[73.42084,20.66102],[73.41993,20.66059],[73.41932,20.6606],[73.41842,20.6611],[73.4167,20.66158],[73.41285,20.66143],[73.41182,20.66023],[73.41129,20.65996],[73.40963,20.65793],[73.40736,20.65601],[73.40681,20.65517],[73.40644,20.65481],[73.40471,20.65437],[73.40284,20.65325],[73.40172,20.65291],[73.39861,20.65276],[73.39827,20.65266],[73.39633,20.65267],[73.39579,20.65248],[73.39415,20.65131],[73.39362,20.65056],[73.39289,20.65004],[73.39237,20.64904],[73.39231,20.64859],[73.39252,20.64771],[73.39255,20.64619],[73.39279,20.64489],[73.39293,20.64437],[73.39395,20.64278],[73.39412,20.64082],[73.39426,20.64059],[73.39478,20.64055],[73.39577,20.64078],[73.39731,20.64077],[73.40032,20.63985],[73.40148,20.63901],[73.40249,20.63868],[73.40356,20.63814],[73.40508,20.63704],[73.40582,20.63675],[73.40658,20.63589],[73.40732,20.63527],[73.40759,20.6345],[73.40758,20.6328],[73.4077,20.63243],[73.40888,20.63144],[73.40983,20.63038],[73.4102,20.63015],[73.41022,20.62999],[73.4097,20.62983],[73.40875,20.62912],[73.40729,20.62751],[73.40724,20.6246],[73.40738,20.62395],[73.40765,20.62399],[73.40852,20.62524],[73.41045,20.62704],[73.41067,20.62711],[73.41143,20.6271],[73.41406,20.62602],[73.41451,20.62601],[73.41545,20.62628],[73.41722,20.62735],[73.41838,20.62764],[73.41863,20.62761],[73.4202,20.62683],[73.42098,20.6262],[73.4212,20.62579],[73.42164,20.62364],[73.42212,20.62285],[73.42297,20.62241],[73.42299,20.62137],[73.42376,20.62056],[73.42372,20.62023],[73.42382,20.62012],[73.42413,20.62001],[73.42444,20.61969],[73.42472,20.61909],[73.42485,20.61824],[73.4251,20.6177],[73.4251,20.61602],[73.42471,20.61558],[73.42376,20.61511],[73.42362,20.61494],[73.42354,20.61463],[73.4236,20.61395],[73.42405,20.61328],[73.4248,20.61292],[73.42574,20.61217],[73.42582,20.6111],[73.42555,20.61049],[73.42572,20.60978],[73.42563,20.60876],[73.42587,20.6086],[73.42649,20.60856],[73.42702,20.60821],[73.42766,20.60743],[73.42813,20.60637],[73.42819,20.60531],[73.42777,20.60481],[73.4269,20.60446],[73.42703,20.60397],[73.42728,20.60378],[73.42785,20.60364],[73.42792,20.60313],[73.42678,20.60183],[73.42846,20.60093],[73.4302,20.60021],[73.43146,20.60008],[73.43172,20.59988],[73.43163,20.59951],[73.43085,20.59936],[73.42984,20.59886],[73.42889,20.59745],[73.42911,20.59616],[73.42943,20.59541],[73.42981,20.59505],[73.43057,20.59483],[73.43093,20.59456],[73.43141,20.59385],[73.43234,20.5934],[73.43483,20.59342],[73.43532,20.59319],[73.43587,20.59312],[73.44054,20.5935],[73.44153,20.59378],[73.44238,20.5938],[73.44359,20.59401],[73.44589,20.59411],[73.44671,20.59393],[73.44792,20.59392],[73.44871,20.59409],[73.44937,20.59404],[73.45265,20.59273],[73.4546,20.59166],[73.45676,20.5902],[73.45832,20.5897],[73.45887,20.58937],[73.45981,20.58913],[73.46115,20.58913],[73.46187,20.58944],[73.46297,20.58933],[73.46381,20.58946],[73.46401,20.58938],[73.46467,20.58879],[73.46609,20.58823],[73.46735,20.58757],[73.46797,20.58738],[73.46904,20.58672],[73.47074,20.58606],[73.47243,20.58519],[73.47304,20.58463],[73.47385,20.58362],[73.47441,20.58231],[73.47459,20.58136],[73.47479,20.57991],[73.47485,20.57804],[73.47541,20.57462],[73.47602,20.57265],[73.47724,20.57089],[73.47741,20.56946],[73.47766,20.56886],[73.47767,20.5684],[73.4785,20.56487],[73.47857,20.5637],[73.47921,20.56043],[73.47921,20.55992],[73.47862,20.55952],[73.47847,20.55922],[73.47826,20.558],[73.47796,20.55736],[73.47753,20.55526],[73.4775,20.55433],[73.47707,20.55359],[73.4772,20.55289],[73.47638,20.55055],[73.47651,20.54953],[73.47634,20.54832],[73.47607,20.54769],[73.47595,20.54693],[73.47556,20.54624],[73.47529,20.54477],[73.47524,20.5433],[73.47585,20.54255],[73.47635,20.5422],[73.48008,20.54155],[73.482,20.54094],[73.48312,20.54083],[73.48497,20.54085],[73.48546,20.541],[73.48615,20.54091],[73.48803,20.541],[73.49176,20.54022],[73.49252,20.53996],[73.49321,20.53949],[73.49362,20.53865],[73.49366,20.53754],[73.49327,20.5363],[73.49291,20.53567],[73.49249,20.53548],[73.49106,20.53419],[73.48487,20.53028],[73.4807,20.52807],[73.47583,20.52488],[73.47516,20.52458],[73.47104,20.52152],[73.46969,20.51995],[73.46926,20.51902],[73.46913,20.51733],[73.46805,20.51507],[73.46808,20.51465],[73.46741,20.51359],[73.46745,20.51326],[73.46786,20.51261],[73.46764,20.51178],[73.46709,20.5107],[73.46687,20.50923],[73.46695,20.50847],[73.46748,20.50679],[73.46764,20.50649],[73.46836,20.50587],[73.46847,20.5053],[73.46847,20.50495],[73.46813,20.50435],[73.46782,20.50302],[73.4676,20.50273],[73.46754,20.50071],[73.46764,20.49941],[73.46729,20.49857],[73.46731,20.49838],[73.46745,20.49633]]}},{"type":"Feature","properties":{"kind":"state","name":"Gujarat–Maharashtra","src":"OSM relations 1949080 and 1950884","river":"8962","rlen":87},"geometry":{"type":"LineString","coordinates":[[73.46745,20.49633],[73.46726,20.49632],[73.46639,20.49636],[73.46255,20.49475],[73.45938,20.49239],[73.45758,20.49002],[73.45667,20.488],[73.45673,20.4856],[73.45687,20.48385],[73.45677,20.48262],[73.45677,20.48148],[73.4564,20.47848],[73.45604,20.47787],[73.45556,20.47734],[73.45264,20.47633],[73.44902,20.47587],[73.44768,20.47584],[73.44581,20.47531],[73.44402,20.47385],[73.44242,20.47129],[73.44149,20.47057]]}},{"type":"Feature","properties":{"kind":"state","name":"Gujarat–Maharashtra","src":"OSM relations 1949080 and 1950884"},"geometry":{"type":"LineString","coordinates":[[73.44149,20.47057],[73.44288,20.46898],[73.44287,20.46854],[73.44245,20.468],[73.44202,20.46777],[73.44126,20.46694],[73.44123,20.46618],[73.44007,20.46437],[73.43978,20.46361],[73.4391,20.46289],[73.43887,20.46209],[73.4383,20.4616],[73.43812,20.46089],[73.43699,20.45893],[73.43654,20.45844],[73.43616,20.4569],[73.4358,20.45609],[73.43544,20.45561],[73.4352,20.45495],[73.43402,20.4542],[73.4337,20.45375],[73.43331,20.45356],[73.43266,20.45353],[73.43234,20.45378],[73.43164,20.4538],[73.43138,20.45362],[73.43137,20.45284],[73.43097,20.45215],[73.43091,20.45173],[73.43138,20.45059],[73.43134,20.4501],[73.43147,20.44944],[73.43097,20.44886],[73.431,20.44842],[73.43059,20.44796],[73.43055,20.44754],[73.43004,20.44628],[73.42955,20.44573],[73.42925,20.44494],[73.42932,20.44403],[73.42814,20.44042],[73.42756,20.44008],[73.42721,20.43908],[73.42637,20.43804],[73.42538,20.43735],[73.42352,20.43541],[73.42279,20.43379],[73.42228,20.43299],[73.42222,20.43163],[73.42115,20.42978],[73.42108,20.42933],[73.42133,20.42852],[73.42101,20.42771],[73.42092,20.42685],[73.42116,20.42655],[73.42226,20.42653],[73.42269,20.4263],[73.42284,20.42593],[73.42284,20.42509],[73.42264,20.42405],[73.42271,20.42367],[73.42271,20.42156]]}},{"type":"Feature","properties":{"kind":"state","name":"Gujarat–Maharashtra","src":"OSM relations 1949080 and 1950884","river":"8624","rlen":30},"geometry":{"type":"LineString","coordinates":[[73.42271,20.42156],[73.42234,20.42156],[73.42147,20.4211],[73.42082,20.42045],[73.4194,20.41956],[73.41843,20.41856],[73.41823,20.41766],[73.41833,20.41599],[73.4187,20.41509],[73.41932,20.41454],[73.41934,20.41416],[73.4195,20.41393],[73.41972,20.4132],[73.41972,20.41257],[73.41938,20.41235],[73.41846,20.4123],[73.41783,20.41235],[73.41734,20.4126],[73.41703,20.41291],[73.41657,20.4132],[73.41618,20.41364],[73.41587,20.41414],[73.41522,20.41567],[73.41472,20.41592],[73.41389,20.41569],[73.4133,20.41462],[73.41321,20.41352],[73.41289,20.41213],[73.41243,20.41103],[73.41212,20.41062],[73.40892,20.40931],[73.40821,20.40922],[73.40756,20.40922],[73.40549,20.40982],[73.40492,20.40975],[73.40471,20.40939],[73.4047,20.40891],[73.40545,20.4073],[73.4062,20.40541],[73.40627,20.40428],[73.4062,20.40363],[73.40578,20.40259],[73.40547,20.40261],[73.40501,20.40305],[73.40455,20.40368],[73.40208,20.40573],[73.40114,20.40617],[73.40031,20.40618],[73.3992,20.40595],[73.39853,20.4053],[73.39789,20.40484],[73.39768,20.4034],[73.39695,20.40134],[73.39668,20.40007],[73.39679,20.39923],[73.39719,20.39831],[73.39692,20.39686],[73.39648,20.39661],[73.39618,20.39611],[73.39572,20.3957],[73.39501,20.39558],[73.39356,20.39563],[73.39269,20.39601],[73.39096,20.39745],[73.38999,20.39745],[73.38939,20.39764],[73.38791,20.39842],[73.38777,20.39838],[73.38697,20.39864],[73.38613,20.39799],[73.38514,20.3974],[73.38433,20.3964],[73.38317,20.39522],[73.38163,20.39501],[73.37992,20.39446],[73.37935,20.39377],[73.3794,20.39336],[73.37996,20.39245],[73.38046,20.39118],[73.37994,20.39078],[73.37936,20.39013],[73.37929,20.3901]]}},{"type":"Feature","properties":{"kind":"state","name":"Gujarat–Maharashtra","src":"OSM relations 1949080 and 1950884"},"geometry":{"type":"LineString","coordinates":[[73.37929,20.3901],[73.38009,20.38834],[73.3802,20.38791],[73.37998,20.38789]]}},{"type":"Feature","properties":{"kind":"state","name":"Gujarat–Maharashtra","src":"OSM relations 1949080 and 1950884","river":"8961","rlen":140},"geometry":{"type":"LineString","coordinates":[[73.37998,20.38789],[73.38007,20.38655],[73.37957,20.38424],[73.37962,20.38077],[73.38013,20.37711],[73.38159,20.37371],[73.38242,20.37245],[73.38412,20.3719],[73.386,20.37179],[73.388,20.37301],[73.39441,20.37939],[73.39515,20.38146],[73.39639,20.3829],[73.39723,20.38353],[73.39901,20.38456],[73.40111,20.38556],[73.40237,20.38596],[73.40317,20.38601],[73.4041,20.38596],[73.40469,20.38577],[73.40539,20.38542],[73.40641,20.38395],[73.40679,20.38318],[73.40693,20.38243],[73.40688,20.38113],[73.40674,20.38064],[73.40634,20.3805],[73.40604,20.37937],[73.4059,20.37687],[73.40587,20.37447],[73.4065,20.37242],[73.40724,20.37107],[73.40881,20.36891],[73.40925,20.36761],[73.40988,20.36729],[73.41013,20.36691],[73.41064,20.36579],[73.41163,20.36344],[73.41203,20.36145],[73.41213,20.35892],[73.41233,20.35786],[73.41275,20.35658],[73.41315,20.35615],[73.41343,20.35608]]}},{"type":"Feature","properties":{"kind":"state","name":"Gujarat–Maharashtra","src":"OSM relations 1949080 and 1950884"},"geometry":{"type":"LineString","coordinates":[[73.41343,20.35608],[73.41288,20.35394],[73.41291,20.35358],[73.41368,20.35267],[73.41375,20.35229],[73.41366,20.35196],[73.41278,20.35155],[73.41104,20.35113],[73.4099,20.35071],[73.40929,20.35012],[73.40914,20.34907],[73.4092,20.34863],[73.40952,20.34812],[73.41099,20.3473],[73.41225,20.34685],[73.41326,20.3459],[73.41339,20.34558],[73.41341,20.34498],[73.41309,20.34443],[73.41243,20.34389],[73.41228,20.34362],[73.4123,20.34307],[73.41275,20.341],[73.41324,20.33947],[73.41434,20.33741],[73.41436,20.33591],[73.41452,20.33564],[73.41498,20.33539],[73.41661,20.33538],[73.41698,20.33528],[73.41723,20.33503],[73.41744,20.33412],[73.41685,20.33303],[73.41688,20.33255],[73.41735,20.33182],[73.41815,20.33091],[73.41839,20.33038],[73.41841,20.32972],[73.41785,20.32848],[73.41725,20.32824],[73.41606,20.32818],[73.41493,20.32773],[73.41376,20.32584],[73.41384,20.32545],[73.41408,20.32537],[73.41561,20.32543],[73.41588,20.32523],[73.4161,20.32485],[73.41605,20.32368],[73.41642,20.32313],[73.41647,20.32268],[73.41593,20.32138],[73.4161,20.32101],[73.41656,20.32062],[73.41672,20.31983],[73.41663,20.31943],[73.41596,20.31871],[73.41536,20.31774],[73.41536,20.31736],[73.41563,20.31704],[73.41781,20.31566],[73.41858,20.314],[73.41868,20.3125],[73.41948,20.31102],[73.42033,20.30744],[73.42025,20.30588],[73.41992,20.30481],[73.41982,20.30227],[73.42006,20.29742],[73.42035,20.29667],[73.42082,20.29634],[73.4216,20.2953],[73.42215,20.29396],[73.42244,20.29355],[73.42304,20.29306],[73.42332,20.29263],[73.42433,20.29001],[73.42479,20.28789],[73.42581,20.2855],[73.42602,20.28376],[73.42632,20.28319],[73.42633,20.28177],[73.42755,20.28041],[73.42752,20.27944],[73.42734,20.27903],[73.42737,20.27825],[73.4272,20.27797],[73.42584,20.2767],[73.42391,20.27609],[73.42354,20.27567],[73.42321,20.27459],[73.42221,20.27451],[73.42149,20.27502],[73.42051,20.2754],[73.41892,20.27542],[73.41856,20.27477],[73.41841,20.27333],[73.41759,20.27326],[73.41571,20.27475],[73.41501,20.27471],[73.4144,20.27408],[73.41379,20.27317],[73.41316,20.27181],[73.41284,20.27082],[73.41279,20.26994],[73.41294,20.26933],[73.41325,20.26888],[73.41405,20.2686],[73.41512,20.26853],[73.41557,20.26831],[73.41576,20.26789],[73.4157,20.26713],[73.41487,20.26612],[73.41414,20.26596],[73.4126,20.2659],[73.41222,20.26569],[73.41205,20.26521],[73.41218,20.26447],[73.41342,20.26301],[73.41476,20.26226],[73.41534,20.26174],[73.41534,20.2612],[73.41411,20.26026],[73.41382,20.25987],[73.41376,20.25943],[73.41393,20.25922],[73.41553,20.25863],[73.41574,20.25828],[73.41556,20.25804],[73.41472,20.25767],[73.41392,20.25713],[73.41265,20.25608],[73.4113,20.25323],[73.41123,20.25271],[73.41147,20.25233],[73.41185,20.25204],[73.4127,20.2518],[73.41414,20.25164],[73.41465,20.25143],[73.41487,20.25125],[73.41506,20.25077],[73.41534,20.24896],[73.41519,20.24755],[73.41389,20.24527],[73.41298,20.24412],[73.41309,20.24355],[73.41344,20.24319],[73.41369,20.24316],[73.41517,20.24311],[73.41644,20.24292],[73.41748,20.24299],[73.41809,20.24237],[73.41808,20.24214],[73.41805,20.24193],[73.41754,20.24147],[73.41634,20.24083],[73.4148,20.23978],[73.41318,20.239],[73.41151,20.23861],[73.41136,20.23813],[73.41145,20.23766],[73.41182,20.2373],[73.41342,20.23669],[73.41462,20.23602],[73.41515,20.23557],[73.4152,20.23523],[73.41512,20.23504],[73.4146,20.23452],[73.41324,20.23368],[73.41296,20.23338],[73.41262,20.23255],[73.41267,20.23138],[73.41354,20.22945],[73.41359,20.22759],[73.4139,20.22524],[73.41448,20.22417],[73.41506,20.22413],[73.41557,20.22437],[73.41632,20.22447],[73.41744,20.22388],[73.41844,20.22254],[73.41866,20.22211],[73.41869,20.22167],[73.41852,20.22062],[73.41761,20.21867],[73.41757,20.21524],[73.41729,20.21425],[73.41639,20.2134],[73.41635,20.21318],[73.41649,20.21285],[73.41678,20.21275],[73.41891,20.21268],[73.4196,20.21241],[73.42051,20.21179],[73.42076,20.21134],[73.42079,20.21068],[73.42045,20.20957],[73.42027,20.20837],[73.42038,20.20802],[73.4212,20.20677],[73.42123,20.2064],[73.41865,20.20235],[73.4185,20.20179],[73.4179,20.20067],[73.41741,20.1992],[73.417,20.19856],[73.41676,20.19839],[73.41552,20.19815],[73.4116,20.19693],[73.41027,20.19662],[73.40967,20.19632],[73.40887,20.19611],[73.40882,20.19392]]}},{"type":"Feature","properties":{"kind":"state","name":"Gujarat–Maharashtra","src":"OSM relations 1949080 and 1950884","river":"8655","rlen":146},"geometry":{"type":"LineString","coordinates":[[73.40882,20.19392],[73.40763,20.19394],[73.40397,20.19428],[73.40263,20.19479],[73.40149,20.19537],[73.39949,20.19523],[73.39733,20.19648],[73.39668,20.19694],[73.39596,20.19717],[73.39513,20.19767],[73.39416,20.19769],[73.39325,20.19678],[73.39213,20.19462],[73.3919,20.19388],[73.39169,20.19349],[73.39139,20.19314],[73.39101,20.19293],[73.39046,20.19279],[73.38883,20.1927],[73.38809,20.19281],[73.38678,20.19337],[73.38647,20.19388],[73.38585,20.19576],[73.38552,20.19644],[73.38545,20.19723],[73.38527,20.19804],[73.38522,20.1989],[73.38522,20.20029],[73.38538,20.20154],[73.38568,20.20282],[73.38599,20.20495],[73.38643,20.20676],[73.38657,20.20785],[73.38659,20.20875],[73.38513,20.21074],[73.38312,20.2114],[73.37998,20.21158],[73.3784,20.21096],[73.37703,20.20914],[73.37624,20.20675],[73.37494,20.20493],[73.37374,20.20416],[73.37044,20.2042],[73.36998,20.20419],[73.3696,20.20404],[73.368,20.20429],[73.36728,20.20423],[73.36627,20.2038],[73.36589,20.20351],[73.36573,20.20326],[73.36569,20.20274],[73.36581,20.20134],[73.36679,20.19922],[73.36697,20.19846],[73.36707,20.19686],[73.36688,20.19625],[73.36647,20.1956],[73.36547,20.19534],[73.3647,20.1953],[73.36187,20.19618],[73.35926,20.1972],[73.3571,20.19828],[73.35686,20.19851],[73.35522,20.19915],[73.35325,20.20031],[73.3529,20.20075],[73.3529,20.20198],[73.35343,20.20298],[73.3542,20.20338],[73.35694,20.20451],[73.36035,20.20567],[73.36098,20.2075],[73.36115,20.2092],[73.36043,20.21104],[73.36006,20.21143],[73.35984,20.21179],[73.35799,20.21362],[73.35717,20.21356],[73.35649,20.21293],[73.35609,20.21272],[73.3553,20.21247],[73.35466,20.21239],[73.35273,20.21234],[73.35086,20.21194],[73.34912,20.21111],[73.34738,20.20979],[73.34527,20.20855],[73.34487,20.207],[73.34486,20.20615],[73.34505,20.20353],[73.34464,20.20106],[73.3438,20.19973],[73.342,20.1994],[73.34065,20.19963],[73.33528,20.20082],[73.33398,20.20166],[73.33322,20.20253],[73.33082,20.20363],[73.32938,20.20414],[73.32669,20.20591],[73.3247,20.20673],[73.32337,20.20641],[73.32044,20.20532],[73.31724,20.20377],[73.31601,20.20302],[73.31532,20.20279],[73.3146,20.20265],[73.31394,20.20267],[73.31327,20.20299],[73.3125,20.20351],[73.31177,20.2042],[73.31151,20.20429],[73.30966,20.20587],[73.30788,20.20717],[73.3052,20.20826],[73.3029,20.20956],[73.30066,20.21001],[73.29787,20.20891],[73.29409,20.2064],[73.29288,20.20516],[73.2912,20.20277],[73.29049,20.20003],[73.28919,20.19813],[73.28761,20.19737],[73.28552,20.19768],[73.28385,20.19839]]}},{"type":"Feature","properties":{"kind":"state","name":"Gujarat–Maharashtra","src":"OSM relations 1949080 and 1950884"},"geometry":{"type":"LineString","coordinates":[[73.28385,20.19839],[73.28299,20.19658],[73.28266,20.19627],[73.28243,20.19536],[73.28251,20.19449],[73.28175,20.19322],[73.28148,20.19223],[73.28115,20.18964],[73.28109,20.18859],[73.28131,20.18695],[73.28107,20.18345],[73.28113,20.18224],[73.28084,20.18155],[73.28107,20.17955],[73.28095,20.17825],[73.28108,20.1779],[73.28135,20.17771],[73.28177,20.17702],[73.28107,20.17217],[73.28128,20.16967],[73.28124,20.1682],[73.28141,20.16729],[73.28094,20.16501],[73.28092,20.16368],[73.28076,20.16316],[73.28068,20.16142],[73.28037,20.15893],[73.28058,20.15718],[73.28045,20.15319],[73.28021,20.15123],[73.27972,20.15009],[73.27937,20.14964],[73.27855,20.14902],[73.27725,20.14846],[73.27637,20.1479],[73.27542,20.14703],[73.27477,20.1468],[73.27336,20.14535],[73.27136,20.14393],[73.27076,20.14318],[73.27029,20.14286],[73.26923,20.14233],[73.26874,20.14223],[73.26633,20.14065],[73.26555,20.14045],[73.26421,20.13957],[73.26092,20.13899],[73.26004,20.13827],[73.25952,20.1381],[73.256,20.13788],[73.2546,20.13797],[73.25398,20.1378],[73.25376,20.13715],[73.25401,20.13629],[73.25408,20.13551],[73.25408,20.13224],[73.25438,20.12762],[73.25394,20.12708],[73.25044,20.12438],[73.24849,20.12363]]}},{"type":"Feature","properties":{"kind":"state","name":"Gujarat–Maharashtra","src":"OSM relations 1949080 and 1950884","river":"8986","rlen":35},"geometry":{"type":"LineString","coordinates":[[73.24849,20.12363],[73.24819,20.12431],[73.2477,20.12522],[73.24615,20.12733],[73.24553,20.12783],[73.24494,20.12812],[73.24435,20.12812],[73.23893,20.12726],[73.23637,20.12662],[73.23494,20.12591],[73.23346,20.12499],[73.23186,20.12413],[73.23054,20.12285],[73.22941,20.12275],[73.2282,20.12275],[73.22621,20.12335],[73.22478,20.12428],[73.22443,20.12482],[73.22443,20.12541],[73.22461,20.12595],[73.22505,20.12637],[73.22539,20.12733],[73.22685,20.13296],[73.22672,20.13399],[73.2264,20.13525],[73.2264,20.13805],[73.22596,20.13914],[73.22583,20.14013]]}},{"type":"Feature","properties":{"kind":"state","name":"Gujarat–Maharashtra","src":"OSM relations 1949080 and 1950884"},"geometry":{"type":"LineString","coordinates":[[73.22583,20.14013],[73.22387,20.13991],[73.22347,20.13977],[73.22281,20.13921],[73.22214,20.13754],[73.22175,20.13736],[73.2206,20.13734],[73.22001,20.13719],[73.21919,20.13666],[73.21805,20.13651],[73.21727,20.13442],[73.21691,20.13312],[73.21673,20.13195],[73.21697,20.12833],[73.21564,20.1259],[73.21487,20.12516],[73.21434,20.12423],[73.2137,20.12357],[73.21289,20.12188],[73.2121,20.12121],[73.21109,20.12117],[73.21081,20.12098],[73.21075,20.12064]]}},{"type":"Feature","properties":{"kind":"state","name":"Gujarat–Maharashtra","src":"OSM relations 1949080 and 1950884"},"geometry":{"type":"LineString","coordinates":[[72.96239,20.21001],[72.95852,20.21157],[72.95428,20.2138],[72.94861,20.21592],[72.94599,20.21651],[72.94333,20.21676],[72.94118,20.21682],[72.93805,20.2158],[72.9364,20.21556],[72.93542,20.21567],[72.93438,20.21592],[72.93149,20.21698],[72.92366,20.22011],[72.92224,20.2209],[72.9218,20.22186],[72.9212,20.22251],[72.9197,20.22225],[72.91866,20.22286],[72.91767,20.22323],[72.91638,20.22324],[72.9151,20.2237],[72.91287,20.22316],[72.90853,20.22327],[72.90635,20.22395],[72.90478,20.22479],[72.90253,20.22486],[72.90141,20.22529],[72.90058,20.22623],[72.89913,20.22753],[72.89798,20.22749],[72.89459,20.22616],[72.89287,20.22536],[72.89201,20.22411],[72.89047,20.22105],[72.88961,20.21994],[72.88824,20.22016],[72.88156,20.22419],[72.87942,20.22685],[72.87601,20.22634],[72.87521,20.22602],[72.87463,20.22608],[72.87116,20.22769],[72.87034,20.22793],[72.86963,20.22759],[72.86815,20.22715],[72.86568,20.22654],[72.86431,20.22592],[72.85865,20.22449],[72.85856,20.22395],[72.85897,20.22276],[72.86056,20.21398],[72.86098,20.20768],[72.86073,20.20731],[72.85948,20.20725],[72.85802,20.20754],[72.85332,20.2078],[72.84217,20.20909],[72.83852,20.20882],[72.83543,20.2049],[72.83579,20.20389],[72.83564,20.20319],[72.83442,20.2031],[72.83358,20.20325],[72.83182,20.1998],[72.83122,20.19825],[72.83082,20.1961],[72.83097,20.19531],[72.83202,20.19426],[72.83275,20.1939],[72.83327,20.19314],[72.83336,20.19244],[72.8341,20.19187],[72.83448,20.19088],[72.83532,20.18991],[72.8371,20.18888],[72.83712,20.18851],[72.83689,20.18839],[72.83592,20.18833],[72.83512,20.18812],[72.83398,20.189],[72.8332,20.1892],[72.83267,20.18966],[72.83216,20.18963],[72.83124,20.1888],[72.82983,20.18826],[72.82889,20.18836],[72.82775,20.18925],[72.82681,20.18912],[72.82573,20.18879],[72.82528,20.18848],[72.82496,20.18795],[72.82469,20.18788],[72.82397,20.18786],[72.82366,20.18827],[72.82328,20.18845],[72.82226,20.18823],[72.82146,20.1879],[72.82115,20.18771],[72.82079,20.18644],[72.82031,20.18621],[72.81881,20.18589],[72.81846,20.18522],[72.81689,20.18388]]}},{"type":"Feature","properties":{"kind":"state","name":"Gujarat–Maharashtra","src":"OSM relations 1949080 and 1950884","river":"9050","rlen":41},"geometry":{"type":"LineString","coordinates":[[72.81689,20.18388],[72.81762,20.18298],[72.81772,20.18177],[72.81823,20.18057],[72.81943,20.1782],[72.82005,20.17634],[72.82003,20.17494],[72.81909,20.17094],[72.81902,20.16929],[72.81959,20.16683],[72.81952,20.16489],[72.81942,20.16439],[72.81902,20.16391],[72.81694,20.16235],[72.81634,20.1611],[72.81567,20.15775],[72.81617,20.15648],[72.81741,20.15669],[72.81792,20.15668],[72.81798,20.15675],[72.81922,20.15666],[72.82079,20.15577],[72.82108,20.15553],[72.82154,20.15481],[72.82162,20.15438],[72.82163,20.15204],[72.8215,20.15179],[72.82195,20.14994],[72.82245,20.14698],[72.82295,20.14583],[72.82354,20.14491],[72.82407,20.14375],[72.8242,20.1433],[72.82421,20.14294]]}},{"type":"Feature","properties":{"kind":"state","name":"Gujarat–Maharashtra","src":"OSM relations 1949080 and 1950884"},"geometry":{"type":"LineString","coordinates":[[72.82421,20.14294],[72.82188,20.14285],[72.82067,20.14393],[72.81951,20.14432],[72.81893,20.14426],[72.81835,20.14383],[72.81784,20.14383],[72.81511,20.14446],[72.81509,20.14481],[72.81527,20.1453],[72.81515,20.14585],[72.81498,20.14608],[72.81367,20.1463],[72.81336,20.14647],[72.81312,20.14707],[72.81256,20.14744],[72.81206,20.14845],[72.81109,20.14959],[72.81089,20.15118],[72.81073,20.15146],[72.81032,20.15168],[72.80696,20.15252],[72.80609,20.15297],[72.80592,20.15445],[72.80551,20.15429],[72.80503,20.15343],[72.80409,20.15325],[72.80366,20.15301],[72.80044,20.14994],[72.79986,20.14996],[72.79952,20.15012],[72.79933,20.151],[72.79855,20.15132],[72.79804,20.15111],[72.79753,20.15064],[72.79766,20.14985],[72.79759,20.14953],[72.79658,20.14942],[72.79573,20.14902],[72.79477,20.14906],[72.79346,20.14873],[72.79071,20.14886],[72.79036,20.14834],[72.78939,20.14898],[72.78874,20.14901],[72.78848,20.14785],[72.78799,20.14701],[72.78628,20.14694],[72.78486,20.14514],[72.78504,20.14484],[72.78593,20.14441],[72.78715,20.14419],[72.78755,20.14382],[72.78734,20.14232],[72.78728,20.13929],[72.78743,20.13861],[72.78951,20.13646],[72.79058,20.1363],[72.79292,20.13099],[72.79303,20.13],[72.79281,20.12818],[72.79319,20.12719],[72.79379,20.12643],[72.79407,20.12562],[72.79365,20.12533],[72.79226,20.12486],[72.79229,20.12329],[72.78396,20.1275],[72.78363,20.1282],[72.78258,20.12844],[72.78224,20.12885],[72.78219,20.12958],[72.78196,20.12987],[72.77949,20.12983],[72.77892,20.13048],[72.77803,20.13114],[72.77725,20.13113],[72.77596,20.13177],[72.77548,20.13179],[72.77503,20.13147],[72.77411,20.13133],[72.77301,20.13062],[72.77026,20.13038],[72.77005,20.13061],[72.77,20.13116],[72.7698,20.13125],[72.76918,20.13122],[72.76908,20.13069],[72.76887,20.13056],[72.76855,20.13069],[72.76839,20.13127],[72.76719,20.13124],[72.76562,20.1309],[72.76477,20.13048],[72.76268,20.12997],[72.76217,20.13001],[72.76056,20.13104],[72.75841,20.13115],[72.75259,20.1308],[72.7495,20.13116],[72.74878,20.13224],[72.74716,20.13259],[72.74527,20.13321],[72.74209,20.1345],[72.73791,20.13475]]}},{"type":"Feature","properties":{"kind":"state","name":"Karnataka–Maharashtra","src":"OSM relations 1950884 and 2019939"},"geometry":{"type":"LineString","coordinates":[[77.27671,18.47665],[77.28504,18.47438],[77.28718,18.47401],[77.29017,18.47647],[77.30026,18.47601],[77.30135,18.46964],[77.30124,18.46347],[77.29849,18.46307],[77.29599,18.45926],[77.29544,18.45724],[77.2891,18.45354],[77.28569,18.45498],[77.28523,18.45358],[77.28448,18.45432],[77.28278,18.45456],[77.27908,18.45154],[77.27214,18.45153],[77.26856,18.45353],[77.26839,18.45467],[77.26871,18.45789],[77.26939,18.46014],[77.27265,18.46304],[77.27275,18.47278],[77.27671,18.47665]]}},{"type":"Feature","properties":{"kind":"state","name":"Karnataka–Maharashtra","src":"OSM relations 1950884 and 2019939"},"geometry":{"type":"LineString","coordinates":[[74.2657,15.82732],[74.29422,15.83031],[74.31365,15.7994],[74.31443,15.79065],[74.31038,15.78945],[74.30867,15.79092]]}},{"type":"Feature","properties":{"kind":"state","name":"Karnataka–Maharashtra","src":"OSM relations 1950884 and 2019939","river":"8924","rlen":37},"geometry":{"type":"LineString","coordinates":[[74.30867,15.79092],[74.3084,15.79062],[74.30719,15.78974],[74.30619,15.78936],[74.3037,15.78871],[74.30277,15.78861],[74.30216,15.78864],[74.30146,15.78878],[74.29953,15.79012],[74.29799,15.79071],[74.29786,15.79096],[74.29834,15.7915],[74.29842,15.79187],[74.29831,15.79239],[74.29786,15.79343],[74.29765,15.79366],[74.29715,15.794],[74.29608,15.79449],[74.29571,15.79474],[74.29478,15.79559],[74.29441,15.79574],[74.29414,15.79573],[74.2939,15.79551],[74.29286,15.79333],[74.2908,15.79145],[74.29073,15.79131],[74.29072,15.79069],[74.29111,15.78915],[74.29111,15.78855],[74.29072,15.7877],[74.29042,15.7875],[74.29016,15.78748],[74.28919,15.78784],[74.28823,15.78805],[74.28747,15.78806],[74.28651,15.7879],[74.28612,15.78791],[74.28576,15.78803],[74.28531,15.78851],[74.28482,15.78939],[74.28461,15.78955],[74.28378,15.7899],[74.28336,15.78995],[74.28257,15.78986],[74.28195,15.78987],[74.28184,15.78976],[74.28153,15.78983],[74.28089,15.79014],[74.27991,15.79087],[74.27889,15.79137],[74.27772,15.79242],[74.27741,15.79285],[74.27614,15.79322],[74.2759,15.79336],[74.27519,15.79422]]}},{"type":"Feature","properties":{"kind":"state","name":"Karnataka–Maharashtra","src":"OSM relations 1950884 and 2019939"},"geometry":{"type":"LineString","coordinates":[[74.27519,15.79422],[74.2738,15.79317],[74.27043,15.79448],[74.26993,15.80779],[74.2718,15.81558],[74.2657,15.82732]]}},{"type":"Feature","properties":{"kind":"state","name":"Karnataka–Maharashtra","src":"OSM relations 1950884 and 2019939"},"geometry":{"type":"LineString","coordinates":[[74.11774,15.65168],[74.11531,15.65428],[74.1133,15.65614],[74.11068,15.65825],[74.10317,15.65874],[74.10089,15.65928],[74.09892,15.66073],[74.09055,15.66779],[74.08926,15.6692],[74.08871,15.67102],[74.09021,15.67238],[74.09077,15.67304],[74.09356,15.67391],[74.09763,15.67378],[74.10343,15.67217],[74.10733,15.67296],[74.11042,15.67333],[74.11978,15.67705],[74.1251,15.67982],[74.12737,15.68147],[74.12797,15.68337],[74.12948,15.68659],[74.13214,15.69134],[74.13274,15.69337],[74.13257,15.69527],[74.13119,15.69828],[74.13119,15.69998],[74.13188,15.70147],[74.13265,15.70271],[74.13278,15.70489],[74.13051,15.70692],[74.129,15.70758],[74.12759,15.70948],[74.1272,15.71845],[74.12673,15.71857],[74.12501,15.71944],[74.12437,15.7201],[74.12424,15.72142],[74.1251,15.72262],[74.12639,15.7234],[74.12819,15.72369],[74.13008,15.72357],[74.13145,15.72361],[74.13325,15.7246],[74.13497,15.72869],[74.13999,15.73261],[74.14162,15.73344],[74.14308,15.73381],[74.14707,15.7341],[74.15038,15.73551],[74.15171,15.73674],[74.15248,15.73848],[74.15317,15.74042],[74.15398,15.74484],[74.15587,15.74711],[74.15793,15.74881],[74.16136,15.75083],[74.16488,15.75178],[74.16673,15.75199],[74.17304,15.7517],[74.17613,15.75141],[74.18312,15.75161],[74.18557,15.75145],[74.18887,15.75141],[74.19127,15.7519],[74.19758,15.75554],[74.19999,15.75595],[74.2014,15.75686],[74.20312,15.75864],[74.20608,15.76673],[74.20872,15.78018],[74.22456,15.78547],[74.23616,15.78458],[74.23214,15.7538],[74.24106,15.74444],[74.25623,15.74355],[74.27094,15.75291],[74.32134,15.75648],[74.32423,15.77182],[74.34089,15.76379],[74.34324,15.76463],[74.3454,15.76401]]}},{"type":"Feature","properties":{"kind":"state","name":"Karnataka–Maharashtra","src":"OSM relations 1950884 and 2019939","river":"2757","rlen":107},"geometry":{"type":"LineString","coordinates":[[74.3454,15.76401],[74.34579,15.76429],[74.34633,15.7643],[74.34658,15.76441],[74.34769,15.76568],[74.3482,15.76611],[74.34834,15.76635],[74.34833,15.76701],[74.34865,15.7671],[74.34872,15.76753],[74.34925,15.76768],[74.34962,15.76802],[74.34997,15.76818],[74.35028,15.76843],[74.35055,15.76883],[74.35061,15.76922],[74.35034,15.76966],[74.35051,15.76982],[74.35079,15.7699],[74.35085,15.77046],[74.35097,15.77061],[74.35115,15.77061],[74.35148,15.77079],[74.35189,15.7708],[74.35209,15.77063],[74.35242,15.77068],[74.35285,15.77056],[74.35309,15.77028],[74.35323,15.77028],[74.3534,15.77061],[74.35378,15.77076],[74.35392,15.77093],[74.35394,15.77135],[74.3541,15.77168],[74.3541,15.77182],[74.35391,15.77197],[74.35395,15.77206],[74.35425,15.77207],[74.35452,15.77223],[74.3547,15.77222],[74.35501,15.77242],[74.35551,15.77213],[74.35611,15.7724],[74.35639,15.77272],[74.35648,15.77298],[74.35653,15.77313],[74.35646,15.7735],[74.35655,15.77366],[74.35674,15.77373],[74.3569,15.77394],[74.35724,15.77398],[74.35741,15.77408],[74.3576,15.77433],[74.35825,15.77455],[74.35883,15.77507],[74.35892,15.77524],[74.35891,15.77568],[74.35912,15.77585],[74.35916,15.77619],[74.35948,15.77656],[74.35965,15.77689],[74.35973,15.77729],[74.36086,15.7786],[74.36096,15.77945],[74.36074,15.78003],[74.36107,15.78101],[74.3611,15.78131],[74.36148,15.78196],[74.3625,15.78294],[74.36447,15.78388],[74.36749,15.78572],[74.3683,15.78643],[74.36902,15.78751],[74.36966,15.78909],[74.37072,15.7974],[74.3707,15.80356],[74.3706,15.80494],[74.37031,15.80592],[74.36981,15.80703],[74.36898,15.81081],[74.36823,15.81208],[74.36741,15.81295],[74.36623,15.81397],[74.36592,15.81449],[74.36577,15.81623],[74.36563,15.81692],[74.36578,15.8176],[74.36575,15.81889],[74.36564,15.81909],[74.36591,15.81962],[74.36593,15.81982],[74.36582,15.82022],[74.36579,15.82075],[74.36564,15.82118],[74.36537,15.82163],[74.36582,15.8234],[74.36611,15.82382],[74.36617,15.82414],[74.36614,15.82532],[74.36623,15.82559],[74.36661,15.82593],[74.36764,15.82655],[74.36786,15.82681],[74.36807,15.82724],[74.36843,15.82757],[74.36958,15.82848],[74.37029,15.82893],[74.37038,15.82916],[74.3702,15.8295],[74.37037,15.82962],[74.37086,15.83025],[74.37127,15.83038],[74.37175,15.83005],[74.37183,15.82991],[74.37162,15.82966],[74.3717,15.82954],[74.37199,15.82958],[74.37235,15.82975],[74.37242,15.82984],[74.37253,15.83044],[74.3722,15.83125],[74.37234,15.83149],[74.37267,15.83171],[74.37314,15.83231],[74.37344,15.83242],[74.37408,15.83212],[74.3744,15.83215],[74.37488,15.83251],[74.37559,15.83256],[74.37613,15.83287],[74.37685,15.83303],[74.37704,15.8332],[74.37714,15.83389],[74.37796,15.83474],[74.37817,15.83507],[74.37848,15.83537],[74.37873,15.83548],[74.37903,15.83544],[74.37974,15.83573],[74.37994,15.83569],[74.38014,15.83512],[74.38058,15.83497],[74.38076,15.83505],[74.38093,15.83527],[74.38092,15.83545],[74.38057,15.83575],[74.38047,15.83617],[74.3809,15.83669],[74.38127,15.83748],[74.3816,15.83776],[74.38185,15.83777],[74.38207,15.83797],[74.38205,15.83836],[74.38218,15.83904],[74.38307,15.83924],[74.38336,15.83945],[74.38373,15.83994],[74.38398,15.84013]]}},{"type":"Feature","properties":{"kind":"state","name":"Karnataka–Maharashtra","src":"OSM relations 1950884 and 2019939"},"geometry":{"type":"LineString","coordinates":[[74.38398,15.84013],[74.38375,15.84216],[74.38276,15.84786],[74.34579,15.84959],[74.3393,15.85377],[74.36244,15.87325],[74.36576,15.89283],[74.37844,15.87963],[74.3843,15.8598],[74.3901,15.85392],[74.39897,15.85073],[74.40696,15.85421],[74.40665,15.86224],[74.39374,15.87627],[74.39693,15.87843],[74.3959,15.89763],[74.38718,15.90252],[74.43203,15.95338],[74.44394,15.99601],[74.4573,16.02425],[74.46484,16.0421],[74.46256,16.04734],[74.46151,16.04902]]}},{"type":"Feature","properties":{"kind":"state","name":"Karnataka–Maharashtra","src":"OSM relations 1950884 and 2019939","river":"3014","rlen":299},"geometry":{"type":"LineString","coordinates":[[74.46151,16.04902],[74.46132,16.04891],[74.46125,16.04893],[74.46084,16.04864],[74.45892,16.04795],[74.45792,16.04791],[74.45739,16.04808],[74.45706,16.04829],[74.45648,16.04902],[74.45497,16.04982],[74.4516,16.0533],[74.45093,16.05386],[74.44979,16.05416],[74.4488,16.05385],[74.44756,16.05322],[74.44453,16.05235],[74.44375,16.0522],[74.44259,16.0527],[74.44127,16.05384],[74.43987,16.05478],[74.43769,16.05639],[74.4346,16.05826],[74.43385,16.05849],[74.43218,16.05927],[74.43136,16.05952],[74.43021,16.05961],[74.42931,16.05951],[74.42739,16.05871],[74.42486,16.05722],[74.42339,16.05652],[74.42118,16.05574],[74.41966,16.05545],[74.41903,16.05535],[74.41773,16.05534],[74.41691,16.05544],[74.4152,16.05581]]}},{"type":"Feature","properties":{"kind":"state","name":"Karnataka–Maharashtra","src":"OSM relations 1950884 and 2019939"},"geometry":{"type":"LineString","coordinates":[[74.4152,16.05581],[74.41472,16.05367],[74.40528,16.05046],[74.40146,16.04419],[74.38188,16.03446],[74.37069,16.03762],[74.37833,16.05029],[74.37545,16.05447],[74.36427,16.0525],[74.36162,16.05402],[74.37265,16.06654],[74.37226,16.07692],[74.39106,16.07945],[74.39106,16.08792],[74.4089,16.09283],[74.41202,16.10175],[74.41577,16.10442],[74.42808,16.11156],[74.45852,16.10214],[74.47408,16.09019],[74.48294,16.08837],[74.48638,16.09967],[74.49111,16.10279],[74.49097,16.11334],[74.48611,16.13124],[74.48045,16.14527],[74.48829,16.15616],[74.49141,16.18247],[74.50658,16.18916],[74.50699,16.20112],[74.50685,16.2032]]}},{"type":"Feature","properties":{"kind":"state","name":"Karnataka–Maharashtra","src":"OSM relations 1950884 and 2019939","river":"2549","rlen":129},"geometry":{"type":"LineString","coordinates":[[74.50685,16.2032],[74.50661,16.20319],[74.50612,16.20344],[74.50543,16.20413],[74.50441,16.20469],[74.50213,16.20509],[74.50166,16.20525],[74.50122,16.20554],[74.5003,16.20685],[74.49926,16.20862],[74.49792,16.21057],[74.49709,16.2115],[74.49624,16.21358],[74.49593,16.21497],[74.49592,16.21581],[74.49603,16.21613],[74.4964,16.21655],[74.49767,16.21756],[74.49918,16.21903],[74.50214,16.22142],[74.50259,16.22197],[74.50296,16.22275],[74.50303,16.22328],[74.503,16.22452],[74.50283,16.22514],[74.50216,16.22641],[74.50128,16.22778],[74.49976,16.2299],[74.49791,16.23223],[74.49698,16.23328],[74.49627,16.23426],[74.49572,16.23478],[74.49486,16.23504],[74.49435,16.23503],[74.49406,16.23497],[74.49355,16.2347],[74.49281,16.23455],[74.49238,16.23439],[74.49119,16.23439],[74.49089,16.23457],[74.49044,16.23547],[74.48964,16.23765],[74.48786,16.24091],[74.48744,16.24138],[74.48681,16.24236],[74.4856,16.24383],[74.48497,16.24432],[74.48324,16.24525],[74.4827,16.24564],[74.48198,16.24636],[74.48158,16.24693],[74.48126,16.2478],[74.48122,16.24904],[74.48102,16.24976],[74.48081,16.2501],[74.4805,16.25032],[74.47998,16.25049],[74.47898,16.25054],[74.47832,16.25046],[74.47758,16.25006],[74.47678,16.24939],[74.47635,16.249],[74.47587,16.24841],[74.47395,16.24516],[74.47282,16.24379],[74.47197,16.24298],[74.46996,16.24165],[74.46908,16.24078],[74.4689,16.24035],[74.46889,16.24029]]}},{"type":"Feature","properties":{"kind":"state","name":"Karnataka–Maharashtra","src":"OSM relations 1950884 and 2019939"},"geometry":{"type":"LineString","coordinates":[[74.46889,16.24029],[74.46662,16.2406],[74.45731,16.24344],[74.45484,16.24937],[74.43892,16.25084],[74.43621,16.25617],[74.41604,16.2583],[74.41646,16.2798],[74.41174,16.28213],[74.38657,16.2758],[74.38595,16.28974],[74.37367,16.29442],[74.36168,16.28999],[74.34691,16.29264],[74.35508,16.2815],[74.33614,16.26798],[74.32728,16.269],[74.3255,16.28729],[74.34366,16.29154],[74.33442,16.31271],[74.32594,16.31182],[74.32505,16.31717],[74.33353,16.31806],[74.32988,16.3227],[74.32185,16.32176],[74.31843,16.32588],[74.32467,16.33346],[74.31888,16.3406],[74.33003,16.34104],[74.31932,16.35442],[74.3278,16.35754],[74.32111,16.37985],[74.32824,16.37628],[74.33047,16.38966],[74.3385,16.39144],[74.34742,16.36691],[74.35723,16.36557],[74.355,16.3794],[74.36208,16.39188],[74.36517,16.40316],[74.33806,16.40125],[74.33009,16.41757],[74.32931,16.4194]]}},{"type":"Feature","properties":{"kind":"state","name":"Karnataka–Maharashtra","src":"OSM relations 1950884 and 2019939","river":"2432","rlen":44},"geometry":{"type":"LineString","coordinates":[[74.32931,16.4194],[74.32953,16.41949],[74.32979,16.41969],[74.33028,16.42074],[74.3306,16.42122],[74.33088,16.42214],[74.33106,16.42339],[74.33128,16.42435],[74.33347,16.42567],[74.33414,16.42624],[74.33547,16.42786],[74.33634,16.42829],[74.33652,16.42849],[74.33677,16.42895],[74.33675,16.42927],[74.33659,16.4297],[74.33643,16.42991],[74.33634,16.43034],[74.33602,16.431],[74.336,16.43179],[74.33589,16.43236],[74.33569,16.43266],[74.33521,16.433],[74.33466,16.43328],[74.33413,16.43326],[74.33372,16.43336],[74.33328,16.43381],[74.33294,16.43449],[74.3325,16.43718],[74.33255,16.43775],[74.33309,16.43911],[74.33339,16.44009],[74.33376,16.44204],[74.33389,16.44236],[74.33458,16.44345],[74.3356,16.44448],[74.33594,16.44494],[74.33607,16.44538],[74.33604,16.44569],[74.3359,16.44585],[74.33574,16.44591],[74.3354,16.44593],[74.33276,16.44582],[74.33247,16.44586],[74.33025,16.44637],[74.32964,16.44668],[74.32951,16.44696],[74.32953,16.44732],[74.32967,16.44772],[74.33031,16.44868],[74.33109,16.45017],[74.33133,16.45068],[74.33188,16.4525],[74.33266,16.45352],[74.33284,16.45398],[74.33288,16.45442],[74.3328,16.45473],[74.33252,16.45502],[74.33175,16.45545]]}},{"type":"Feature","properties":{"kind":"state","name":"Karnataka–Maharashtra","src":"OSM relations 1950884 and 2019939"},"geometry":{"type":"LineString","coordinates":[[74.33175,16.45545],[74.33106,16.4543],[74.33061,16.45444],[74.32917,16.45564]]}},{"type":"Feature","properties":{"kind":"state","name":"Karnataka–Maharashtra","src":"OSM relations 1950884 and 2019939","river":"2939","rlen":115},"geometry":{"type":"LineString","coordinates":[[74.32917,16.45564],[74.32834,16.45512],[74.32749,16.45483],[74.327,16.45483],[74.32672,16.45501],[74.32643,16.45562],[74.32613,16.45594],[74.32555,16.4561],[74.32485,16.45605],[74.32391,16.45585],[74.32309,16.45551],[74.3215,16.45432],[74.32007,16.45356],[74.31922,16.45339],[74.31849,16.45337],[74.31696,16.45365],[74.31654,16.45367],[74.31534,16.45314],[74.31461,16.45304],[74.31231,16.45308],[74.31055,16.45348],[74.30825,16.45406],[74.30699,16.45457],[74.30613,16.4551],[74.30491,16.45624],[74.303,16.45852],[74.30117,16.4603],[74.29946,16.46215],[74.29792,16.46344],[74.29715,16.4642],[74.29677,16.46438],[74.2962,16.46444],[74.29564,16.46426],[74.29384,16.46297],[74.29289,16.46195],[74.29215,16.4616],[74.29164,16.46144],[74.29118,16.46147],[74.29095,16.4617],[74.29087,16.46263],[74.29079,16.46275],[74.29053,16.4629]]}},{"type":"Feature","properties":{"kind":"state","name":"Karnataka–Maharashtra","src":"OSM relations 1950884 and 2019939"},"geometry":{"type":"LineString","coordinates":[[74.29053,16.4629],[74.29134,16.46464],[74.29043,16.47812],[74.29255,16.50339],[74.28117,16.50215],[74.27566,16.48316],[74.26446,16.47663],[74.24885,16.49581],[74.27839,16.50267],[74.27686,16.518],[74.27182,16.51961],[74.26427,16.53936],[74.27345,16.54686],[74.28409,16.53944],[74.28498,16.52346],[74.28993,16.52629],[74.28989,16.53238],[74.30237,16.5297],[74.30811,16.50142],[74.3163,16.50132],[74.31776,16.54737],[74.31727,16.55192],[74.31749,16.55408]]}},{"type":"Feature","properties":{"kind":"state","name":"Karnataka–Maharashtra","src":"OSM relations 1950884 and 2019939","river":"2469","rlen":130},"geometry":{"type":"LineString","coordinates":[[74.31749,16.55408],[74.31806,16.55409],[74.32202,16.55571],[74.3235,16.55651],[74.32438,16.55651],[74.32509,16.55634],[74.32745,16.55498],[74.32875,16.55393],[74.32956,16.55341],[74.33037,16.55272],[74.33258,16.55122],[74.33318,16.55069],[74.33386,16.54985],[74.33409,16.54946],[74.33429,16.54886],[74.33461,16.5485],[74.33505,16.54828],[74.33576,16.54816],[74.33668,16.54828],[74.33759,16.54854],[74.33792,16.54857],[74.33973,16.54822],[74.34024,16.54842],[74.34133,16.54989],[74.34167,16.55015],[74.34288,16.55062],[74.34332,16.55098],[74.34518,16.55301],[74.34531,16.55336],[74.34528,16.55442],[74.34546,16.55492],[74.34623,16.5554],[74.34915,16.55625],[74.35056,16.55638],[74.35103,16.55634],[74.35195,16.55561],[74.35258,16.5553],[74.35342,16.55517],[74.35411,16.55522],[74.35495,16.55552],[74.35541,16.55597],[74.35576,16.55751],[74.35604,16.55804],[74.35665,16.55844],[74.35714,16.55857],[74.35848,16.55842],[74.35913,16.55764],[74.3592,16.55746],[74.35922,16.55644],[74.35933,16.55591],[74.35952,16.5557],[74.35984,16.55553],[74.36062,16.55521],[74.36098,16.55517]]}},{"type":"Feature","properties":{"kind":"state","name":"Karnataka–Maharashtra","src":"OSM relations 1950884 and 2019939"},"geometry":{"type":"LineString","coordinates":[[74.36098,16.55517],[74.36076,16.55328],[74.35813,16.53952],[74.38316,16.52695],[74.39024,16.55915],[74.39023,16.57286],[74.39849,16.58243],[74.42111,16.58577],[74.43248,16.59944],[74.46784,16.60553],[74.46113,16.62213],[74.45477,16.632],[74.454,16.63882],[74.4558,16.64368],[74.45864,16.64877],[74.47048,16.64713],[74.47611,16.64595],[74.49106,16.62972],[74.54427,16.63407],[74.54441,16.59758],[74.54384,16.59571]]}},{"type":"Feature","properties":{"kind":"state","name":"Karnataka–Maharashtra","src":"OSM relations 1950884 and 2019939","river":"2469","rlen":130},"geometry":{"type":"LineString","coordinates":[[74.54384,16.59571],[74.54716,16.59476],[74.54879,16.5945],[74.54964,16.59458],[74.55058,16.59488],[74.55192,16.59552],[74.55276,16.59576],[74.55615,16.5955],[74.55902,16.59474],[74.55972,16.5944],[74.56038,16.59381],[74.56198,16.59169],[74.56258,16.59061],[74.56339,16.58878],[74.56379,16.5881],[74.56438,16.58733],[74.56473,16.58703],[74.56621,16.58625],[74.56651,16.58595],[74.56691,16.58513],[74.56693,16.58448],[74.56676,16.58416],[74.56597,16.58325],[74.56552,16.58219],[74.56489,16.58033],[74.56459,16.5799],[74.56341,16.57875],[74.55942,16.57655],[74.55751,16.57514],[74.55638,16.57405],[74.55531,16.57252],[74.55523,16.57235],[74.55511,16.5698],[74.55531,16.56847],[74.55533,16.56763],[74.5553,16.56703],[74.55491,16.56496],[74.55491,16.56444],[74.55515,16.56382],[74.5555,16.56341],[74.55618,16.56312],[74.55723,16.56314],[74.55809,16.56327],[74.55916,16.56353],[74.55996,16.56344],[74.56075,16.56289],[74.56202,16.5612],[74.56289,16.56039],[74.56489,16.55932],[74.56593,16.55852],[74.56629,16.55807],[74.56686,16.55714],[74.56761,16.55528],[74.568,16.5547],[74.56862,16.55441],[74.56959,16.55421],[74.5713,16.55416],[74.57217,16.5539],[74.57274,16.55381],[74.57338,16.5539],[74.5739,16.55415],[74.5741,16.55441],[74.57418,16.55512],[74.57347,16.5565],[74.57342,16.55729],[74.57417,16.55855],[74.57475,16.55912],[74.57533,16.55942],[74.57758,16.55917],[74.57956,16.55919],[74.58096,16.55896],[74.58218,16.55847],[74.58389,16.55799],[74.58422,16.55801],[74.58504,16.55828],[74.5853,16.55845],[74.58599,16.55936],[74.58636,16.56057],[74.5866,16.56108],[74.58846,16.56368],[74.58872,16.56414],[74.58941,16.5658],[74.58959,16.56603],[74.5902,16.56649],[74.59057,16.56662],[74.591,16.56661],[74.59303,16.56583],[74.59663,16.56511],[74.59838,16.56482],[74.59883,16.56486],[74.59995,16.56525],[74.60254,16.56577],[74.60294,16.56604],[74.60346,16.5668],[74.60375,16.56813],[74.60391,16.56928],[74.60419,16.56978],[74.60455,16.57004],[74.60497,16.57018],[74.60538,16.57017],[74.6068,16.56983],[74.6078,16.56937],[74.6087,16.56939],[74.60902,16.56953],[74.61045,16.57114],[74.61411,16.57402],[74.61624,16.5751],[74.61702,16.57567],[74.61732,16.57625],[74.61765,16.57772],[74.61783,16.58118],[74.61852,16.58377],[74.61875,16.58432],[74.61901,16.58449],[74.6194,16.58455],[74.62002,16.58435],[74.62119,16.5833],[74.62204,16.58173],[74.62259,16.5805],[74.6228,16.58022],[74.62326,16.57998],[74.62529,16.57945],[74.62902,16.57832],[74.62967,16.57828],[74.63027,16.57828],[74.63152,16.57843],[74.63309,16.57881],[74.63346,16.57919],[74.63377,16.58019],[74.6336,16.58113],[74.63355,16.58195],[74.63384,16.58279]]}},{"type":"Feature","properties":{"kind":"state","name":"Karnataka–Maharashtra","src":"OSM relations 1950884 and 2019939"},"geometry":{"type":"LineString","coordinates":[[74.63384,16.58279],[74.63165,16.58348],[74.63189,16.58709],[74.63404,16.58767]]}},{"type":"Feature","properties":{"kind":"state","name":"Karnataka–Maharashtra","src":"OSM relations 1950884 and 2019939","river":"3218","rlen":1417},"geometry":{"type":"LineString","coordinates":[[74.63404,16.58767],[74.63356,16.58978],[74.63315,16.5941],[74.63312,16.59868],[74.63338,16.60143],[74.63438,16.60481],[74.63477,16.60543],[74.63562,16.60763],[74.63644,16.60887],[74.63832,16.61007],[74.6387,16.61023],[74.63999,16.61051],[74.64275,16.61082],[74.64409,16.61066],[74.64512,16.6102],[74.65053,16.60672],[74.65752,16.60344],[74.6596,16.60344],[74.66093,16.60357],[74.66196,16.6038],[74.66458,16.60494],[74.66491,16.60519],[74.66851,16.60694],[74.67194,16.60905],[74.67276,16.60928],[74.67395,16.60944],[74.675,16.60939],[74.67631,16.60903],[74.67806,16.60818],[74.68007,16.60705],[74.68519,16.60672],[74.68652,16.60712],[74.68803,16.60851],[74.68899,16.61011],[74.68932,16.61341],[74.68888,16.61603],[74.68848,16.61672],[74.68727,16.61778],[74.68628,16.61848],[74.68187,16.62106],[74.67918,16.62236],[74.67468,16.62492],[74.67213,16.62723],[74.67019,16.62836],[74.66798,16.62929],[74.66655,16.62937],[74.66483,16.62962],[74.66209,16.63017],[74.65876,16.63156],[74.65678,16.6331],[74.65315,16.6386],[74.65242,16.63999],[74.65218,16.64056]]}},{"type":"Feature","properties":{"kind":"state","name":"Karnataka–Maharashtra","src":"OSM relations 1950884 and 2019939"},"geometry":{"type":"LineString","coordinates":[[74.65218,16.64056],[74.65413,16.64132],[74.66641,16.6656],[74.69094,16.67675],[74.68202,16.68076],[74.6905,16.6879],[74.69147,16.71644],[74.72736,16.71715],[74.72715,16.72026],[74.72752,16.7203],[74.72764,16.7196],[74.73024,16.71951],[74.73033,16.72055],[74.73235,16.71849],[74.73381,16.72084],[74.73729,16.72371],[74.73913,16.7239],[74.74048,16.72452],[74.77444,16.75038],[74.79998,16.75348],[74.84532,16.76121],[74.85042,16.77177],[74.92228,16.77148],[74.91203,16.7883],[74.91156,16.79887],[74.90984,16.82909],[74.90306,16.86241],[74.93566,16.87094],[74.93834,16.87808],[74.96287,16.87942],[74.96313,16.90814],[74.96209,16.91056],[74.96019,16.90804],[74.95912,16.905],[74.95532,16.90517],[74.95472,16.91071],[74.94298,16.91157],[74.92191,16.92942],[74.92297,16.93241],[74.92342,16.93871],[74.92659,16.93988],[74.9306,16.94219],[74.93164,16.94409],[74.93266,16.94566]]}},{"type":"Feature","properties":{"kind":"state","name":"Karnataka–Maharashtra","src":"OSM relations 1950884 and 2019939","river":"3068","rlen":106},"geometry":{"type":"LineString","coordinates":[[74.93266,16.94566],[74.93289,16.94553],[74.93363,16.9452],[74.93565,16.94482],[74.9371,16.9444],[74.93756,16.9442],[74.93942,16.94254],[74.9399,16.94137],[74.94026,16.94115],[74.94155,16.94077],[74.9427,16.94063],[74.94442,16.94027],[74.94663,16.94024],[74.94686,16.94019],[74.9473,16.93981],[74.94867,16.93796],[74.94925,16.937],[74.94929,16.93643],[74.94917,16.93477],[74.94918,16.93451],[74.94937,16.93413],[74.9496,16.93396],[74.9502,16.93375],[74.95125,16.93362],[74.95172,16.93342],[74.95192,16.93325],[74.95303,16.93186],[74.95455,16.9308],[74.95594,16.93004],[74.95699,16.92907],[74.95892,16.92793],[74.95929,16.92781],[74.96011,16.92771],[74.9624,16.92779],[74.96269,16.92771],[74.96321,16.9274],[74.96397,16.92666],[74.96423,16.92648]]}},{"type":"Feature","properties":{"kind":"state","name":"Karnataka–Maharashtra","src":"OSM relations 1950884 and 2019939"},"geometry":{"type":"LineString","coordinates":[[74.96423,16.92648],[74.96551,16.92813],[74.96587,16.92871],[74.96593,16.92962],[74.96017,16.93483],[74.96145,16.94117],[74.96695,16.94241],[74.96592,16.94862],[74.96789,16.95115],[74.98113,16.95228],[74.99568,16.95263],[75.00414,16.94672],[75.02709,16.94434],[75.02728,16.94318],[75.0256,16.93829],[75.0247,16.9278],[75.02924,16.93227],[75.03585,16.93354],[75.03988,16.93723],[75.04233,16.94212],[75.04882,16.94268],[75.06289,16.94245],[75.0743,16.95057],[75.07864,16.94943],[75.08464,16.95242],[75.09075,16.95064],[75.0922,16.94212],[75.09113,16.9289],[75.0982,16.91307],[75.11785,16.91266],[75.1221,16.90217],[75.13301,16.89606],[75.13559,16.87497],[75.15396,16.86864],[75.17026,16.86648],[75.18969,16.87359],[75.18186,16.84374],[75.21442,16.84195],[75.22869,16.8424],[75.2389,16.86665],[75.26705,16.86247],[75.28444,16.88031],[75.29024,16.90261],[75.284,16.91109],[75.27895,16.93246],[75.28311,16.95524],[75.3365,16.95708],[75.34158,16.95617],[75.35926,16.96332],[75.36716,16.97208],[75.3916,16.98133],[75.42575,16.96815],[75.43061,16.97115],[75.44191,16.98341],[75.46638,16.98916],[75.46517,16.9827],[75.47024,16.97988],[75.48208,16.97685],[75.48969,16.96517],[75.48927,16.94525],[75.50996,16.95168],[75.52955,16.97077],[75.53295,16.96651],[75.56655,16.96769],[75.56756,17.01031],[75.57804,17.00981],[75.60683,17.00645],[75.60795,16.98275],[75.60809,16.97268],[75.63366,16.97143],[75.63642,16.96562],[75.63949,16.9564],[75.64679,16.95394],[75.65374,16.96264],[75.67191,16.96309],[75.67615,16.96905],[75.66898,16.97766],[75.66593,16.98185],[75.6691,17.03835],[75.64721,17.03303],[75.64106,17.03885],[75.6425,17.0453],[75.64842,17.05572],[75.66274,17.06196],[75.67835,17.06285],[75.67389,17.11369],[75.64744,17.11509],[75.64799,17.13069],[75.64225,17.14889],[75.62675,17.16275],[75.62834,17.18928],[75.64267,17.18818],[75.6409,17.1944],[75.66229,17.20825],[75.65845,17.24435],[75.65828,17.25082],[75.65913,17.26114],[75.65739,17.27069],[75.63241,17.27203],[75.62483,17.29388],[75.60366,17.30631],[75.6054,17.30787],[75.60634,17.30951],[75.60763,17.31563],[75.60817,17.31729],[75.60922,17.31891],[75.6101,17.3218],[75.61076,17.32311],[75.61207,17.32395],[75.61321,17.32667],[75.61302,17.3321],[75.61259,17.33776],[75.6116,17.33823],[75.61081,17.33909],[75.60995,17.3403],[75.60995,17.34171],[75.61012,17.34351],[75.60999,17.34507],[75.60924,17.34583],[75.60255,17.34556],[75.59722,17.34644],[75.58935,17.34941],[75.58469,17.35074],[75.5818,17.35265],[75.58081,17.35672],[75.58025,17.36026],[75.57987,17.3645],[75.5795,17.3671],[75.57753,17.37583],[75.57562,17.38177],[75.57529,17.38355],[75.57596,17.38449],[75.57781,17.38535],[75.58059,17.38556],[75.58499,17.38654],[75.58939,17.38777],[75.59491,17.389],[75.59652,17.38986],[75.59864,17.39059],[75.60059,17.39156],[75.60227,17.39295],[75.60437,17.39428],[75.60742,17.39477],[75.61272,17.39405],[75.61422,17.39473],[75.61349,17.40132],[75.61276,17.40407],[75.61239,17.40738],[75.61111,17.41136],[75.60808,17.41854],[75.60812,17.42047],[75.60793,17.42276],[75.60879,17.42436],[75.60973,17.42477],[75.61342,17.42542],[75.61383,17.42884],[75.61377,17.43087],[75.61405,17.43246],[75.61523,17.43424],[75.61574,17.43633],[75.61604,17.43992],[75.62012,17.45056],[75.62068,17.45234],[75.62201,17.45856],[75.62235,17.45965],[75.62351,17.46049],[75.62499,17.46108],[75.6266,17.46204],[75.62791,17.46315],[75.62848,17.46595],[75.62852,17.46675],[75.62886,17.4679],[75.63114,17.47234],[75.63203,17.47496],[75.63362,17.47617]]}},{"type":"Feature","properties":{"kind":"state","name":"Karnataka–Maharashtra","src":"OSM relations 1950884 and 2019939","river":"2961","rlen":864},"geometry":{"type":"LineString","coordinates":[[75.63362,17.47617],[75.63504,17.47526],[75.63749,17.47406],[75.64099,17.4729],[75.64208,17.47273],[75.64377,17.47267],[75.6449,17.47242],[75.64574,17.47205],[75.6474,17.47079],[75.64922,17.46979],[75.65083,17.46867],[75.65242,17.46685],[75.65363,17.46523],[75.65411,17.46414],[75.65505,17.4627],[75.6561,17.46071],[75.65687,17.45977],[75.65885,17.45806],[75.66031,17.45727],[75.66122,17.45717],[75.66436,17.45763],[75.66573,17.45802],[75.67083,17.45844],[75.67243,17.45828],[75.67389,17.45789],[75.67619,17.4566],[75.67695,17.4557],[75.67772,17.45413],[75.67873,17.45171],[75.67879,17.45093],[75.67787,17.44439],[75.67767,17.44063],[75.67738,17.43697],[75.67699,17.43491],[75.67699,17.43426],[75.67814,17.4316],[75.67902,17.43021],[75.67986,17.42799],[75.6806,17.42637],[75.68103,17.42522],[75.68157,17.42301],[75.68201,17.4208],[75.68305,17.41797],[75.68365,17.41603],[75.6843,17.41475],[75.68503,17.41383],[75.6861,17.41275],[75.68684,17.41225],[75.68802,17.41099],[75.68834,17.4107],[75.68936,17.41012],[75.68967,17.40975],[75.69025,17.40878],[75.6907,17.40835],[75.69181,17.40793],[75.69511,17.40811],[75.70157,17.40814],[75.70664,17.40785],[75.71038,17.4078],[75.71285,17.40795],[75.71409,17.40815],[75.71651,17.40875],[75.71714,17.40899],[75.7191,17.41011],[75.72177,17.41217],[75.72291,17.41337],[75.72439,17.41538],[75.72593,17.41768],[75.72724,17.41917],[75.72909,17.42046],[75.72977,17.42082],[75.73202,17.42104],[75.73323,17.42086],[75.73432,17.42039],[75.73575,17.41949],[75.73624,17.41893],[75.73718,17.4182],[75.73897,17.4172],[75.74058,17.416],[75.74242,17.41421],[75.74411,17.41313],[75.74577,17.4122],[75.74671,17.41139],[75.74749,17.4106],[75.74848,17.40942],[75.7495,17.40876],[75.7522,17.4076],[75.75358,17.40733],[75.7555,17.40719],[75.76019,17.40729],[75.76283,17.40701],[75.76442,17.40668],[75.76654,17.40572],[75.76705,17.40512],[75.76759,17.4042],[75.76818,17.40275],[75.76838,17.39894],[75.76941,17.39303],[75.76977,17.39157],[75.77034,17.38995],[75.77114,17.38838],[75.77249,17.38692],[75.77366,17.3855],[75.77534,17.38304],[75.77689,17.38058],[75.77842,17.3787],[75.77907,17.37771],[75.78034,17.37633],[75.78144,17.37546],[75.78454,17.37354],[75.78614,17.37281],[75.78814,17.37161],[75.78965,17.3708],[75.79152,17.37012],[75.79416,17.3694],[75.79901,17.36859],[75.80237,17.36814],[75.80485,17.36806],[75.80707,17.36833],[75.80865,17.36885],[75.81043,17.36961],[75.81164,17.37067],[75.81318,17.37223],[75.81397,17.37383],[75.81475,17.37607],[75.81454,17.37636],[75.81467,17.37793],[75.81472,17.38274],[75.81405,17.38678],[75.81376,17.39245],[75.81381,17.39423],[75.81419,17.39625],[75.81543,17.39904],[75.81731,17.4025],[75.81796,17.4046],[75.81812,17.40556],[75.81838,17.40624],[75.81847,17.4069],[75.81877,17.4167],[75.81949,17.41869],[75.82038,17.42033],[75.82139,17.42115],[75.82315,17.4219],[75.82458,17.42226],[75.82736,17.42275],[75.82795,17.42268],[75.82854,17.42245],[75.83116,17.42117],[75.83387,17.42032],[75.83613,17.41948],[75.83799,17.41865],[75.83955,17.41778],[75.84122,17.41672],[75.84272,17.41563],[75.84527,17.41426],[75.84785,17.41313],[75.8497,17.41203],[75.85086,17.41111],[75.8535,17.40789],[75.85389,17.40645],[75.85445,17.40507],[75.85525,17.39964],[75.85622,17.38962],[75.85682,17.38847],[75.8589,17.3859],[75.85975,17.38538],[75.86045,17.38528],[75.86154,17.38533],[75.86264,17.38567],[75.86408,17.38646],[75.86477,17.38722],[75.86619,17.38912],[75.8678,17.391],[75.86956,17.39264],[75.87166,17.39423],[75.87361,17.39592],[75.8743,17.39659],[75.87483,17.39735],[75.87502,17.39774],[75.8754,17.39896],[75.87549,17.39989],[75.87553,17.40147],[75.8752,17.40615],[75.87493,17.40853],[75.87499,17.41276],[75.87515,17.414],[75.8762,17.41638],[75.87708,17.41755],[75.87828,17.41853],[75.87877,17.41865],[75.88024,17.41895],[75.88187,17.41898],[75.88317,17.41886],[75.88482,17.41835],[75.8857,17.41743],[75.88621,17.41671],[75.88669,17.41584],[75.88747,17.41501],[75.88807,17.41389],[75.88894,17.41273],[75.89034,17.41055],[75.89227,17.40748],[75.89345,17.40487],[75.89409,17.40335],[75.89446,17.39964],[75.89454,17.39764],[75.895,17.395],[75.89517,17.39269],[75.89531,17.3868],[75.89572,17.38046],[75.89573,17.37871],[75.89547,17.37672],[75.89403,17.37167],[75.89261,17.36747],[75.89137,17.36418],[75.89051,17.36129],[75.89026,17.3597],[75.89127,17.35648],[75.89277,17.3537],[75.89387,17.35209],[75.89586,17.35058],[75.89747,17.34975],[75.8991,17.34906],[75.90267,17.34835],[75.9052,17.34768],[75.90763,17.34673],[75.90892,17.34612],[75.91215,17.34267],[75.91283,17.34163],[75.91344,17.34048],[75.91483,17.33901],[75.9151,17.33852],[75.91529,17.3377],[75.91575,17.33681],[75.91675,17.33585],[75.91767,17.33465],[75.91933,17.33272],[75.92047,17.33127],[75.9222,17.32869],[75.9232,17.32754],[75.92409,17.32634],[75.92515,17.32515],[75.92628,17.3242],[75.92854,17.32251],[75.92995,17.32192],[75.93186,17.32159],[75.93329,17.32161],[75.93507,17.32207],[75.93826,17.32349],[75.94054,17.32471],[75.94279,17.32622],[75.94444,17.32756],[75.94631,17.32852],[75.95136,17.3305],[75.95577,17.33208],[75.96523,17.33564],[75.96864,17.33614],[75.97028,17.33666],[75.9714,17.33692],[75.97279,17.33708],[75.97333,17.33703],[75.97567,17.33637],[75.97909,17.33606],[75.98559,17.33616],[75.99175,17.33645],[75.99474,17.33709],[75.99751,17.33799],[75.99815,17.33843],[75.99902,17.33917],[76,17.34043],[76.00466,17.34551],[76.00576,17.34661],[76.00799,17.3502],[76.0109,17.35255],[76.01247,17.35314],[76.01417,17.35344],[76.01892,17.35335],[76.02442,17.35175],[76.02879,17.35121],[76.03599,17.35121],[76.04563,17.35368],[76.05449,17.35611],[76.05923,17.35614],[76.05985,17.35583],[76.0615,17.3543],[76.06241,17.35369],[76.06316,17.35282],[76.06409,17.35134],[76.06464,17.35034],[76.06572,17.34735],[76.06936,17.34],[76.07135,17.33658],[76.07211,17.3351],[76.07226,17.3347]]}},{"type":"Feature","properties":{"kind":"state","name":"Karnataka–Maharashtra","src":"OSM relations 1950884 and 2019939"},"geometry":{"type":"LineString","coordinates":[[76.07226,17.3347],[76.07439,17.33543],[76.07454,17.33547],[76.07552,17.33471],[76.07681,17.33348],[76.07744,17.33322],[76.07883,17.33318],[76.08012,17.3337],[76.08108,17.33431],[76.08323,17.33625],[76.08667,17.3373],[76.08739,17.33794],[76.08753,17.33875],[76.08739,17.3404],[76.0879,17.34331],[76.08976,17.34527],[76.0909,17.34667],[76.09139,17.34789],[76.09197,17.35011],[76.09135,17.35093],[76.09073,17.35265],[76.08996,17.35349],[76.08985,17.35496],[76.09105,17.3568],[76.09249,17.35818],[76.09706,17.36368],[76.09908,17.36547],[76.10133,17.36631],[76.10586,17.36731],[76.11656,17.37179],[76.11828,17.37151],[76.12107,17.36969],[76.13414,17.35881],[76.13719,17.35672],[76.14249,17.35428],[76.1471,17.35185],[76.15167,17.35047],[76.15637,17.34886],[76.16115,17.3465],[76.16253,17.34507],[76.16302,17.34316],[76.16366,17.33421],[76.16338,17.3278],[76.1642,17.32196],[76.16437,17.31432],[76.16407,17.30895],[76.16416,17.30629],[76.16441,17.3051],[76.16547,17.30455],[76.16914,17.30367],[76.17368,17.30271],[76.17529,17.30271],[76.17688,17.30365],[76.17804,17.30605],[76.18031,17.30963],[76.18147,17.31395],[76.18259,17.31518],[76.18274,17.31723],[76.1825,17.31871],[76.18165,17.31979],[76.18053,17.31983],[76.17903,17.32012],[76.17832,17.32057],[76.17626,17.32508],[76.17296,17.33665],[76.17201,17.34128],[76.17068,17.3532],[76.17229,17.3551],[76.17587,17.35729],[76.17928,17.35906],[76.18175,17.35988],[76.18804,17.36239],[76.19291,17.36399],[76.19682,17.36461],[76.20199,17.36483],[76.20667,17.36426],[76.21051,17.36405],[76.21357,17.36407],[76.22029,17.36524],[76.22424,17.36571],[76.22817,17.36602],[76.22894,17.36713],[76.229,17.36854],[76.22838,17.37442],[76.22872,17.37663],[76.23366,17.37792],[76.23874,17.37999],[76.2443,17.38048],[76.24454,17.3789],[76.24452,17.37384],[76.24497,17.37276],[76.24632,17.37247],[76.24771,17.37253],[76.24842,17.37224],[76.24859,17.37112],[76.24859,17.36958],[76.24971,17.36346],[76.2508,17.36278],[76.25407,17.36213],[76.25883,17.36237],[76.2622,17.3633],[76.26683,17.36497],[76.26945,17.36254],[76.27155,17.36125],[76.27222,17.35947],[76.27233,17.35775],[76.27374,17.35179],[76.27436,17.34607],[76.27604,17.33628],[76.2767,17.33558],[76.28625,17.33593],[76.29374,17.33565],[76.30022,17.33495],[76.30795,17.33497],[76.3134,17.33421],[76.31503,17.33425],[76.31631,17.33491],[76.31709,17.33626],[76.31764,17.33821],[76.31767,17.33878],[76.31685,17.34091],[76.31599,17.34212],[76.31483,17.34324],[76.31219,17.34513],[76.31168,17.34599],[76.31183,17.34716],[76.31425,17.34839],[76.31522,17.3491],[76.31593,17.34992],[76.31728,17.35054],[76.32299,17.35064],[76.32938,17.35213],[76.33296,17.35414],[76.33706,17.35562],[76.34071,17.35621],[76.34223,17.35635],[76.3435,17.35594],[76.34459,17.35533],[76.34517,17.35396],[76.34532,17.35219],[76.34487,17.3489],[76.34676,17.34486],[76.34788,17.34152],[76.34921,17.33913],[76.35058,17.33468],[76.35211,17.33063],[76.35363,17.32581],[76.3541,17.32278],[76.35438,17.31617],[76.35455,17.31524],[76.35573,17.3152],[76.35805,17.3159],[76.3606,17.31592],[76.36225,17.31549],[76.36835,17.31561],[76.37328,17.31539],[76.37682,17.31565],[76.38077,17.31625],[76.38208,17.31717],[76.38294,17.31912],[76.38339,17.32198],[76.38886,17.33292],[76.39129,17.33898],[76.39558,17.34814],[76.40135,17.35113],[76.41148,17.35236],[76.4106,17.3577],[76.40989,17.36366],[76.40869,17.36846],[76.4089,17.37122],[76.40056,17.37378],[76.39302,17.37487],[76.38155,17.37523],[76.3668,17.37792],[76.36326,17.37865],[76.3635,17.38277],[76.36459,17.3893],[76.36717,17.40061],[76.37013,17.41287],[76.36944,17.41891],[76.37092,17.43695],[76.36781,17.43701],[76.36393,17.43748],[76.35809,17.43779],[76.35195,17.43795],[76.34816,17.43777],[76.34296,17.43603],[76.3397,17.43508],[76.33672,17.43486],[76.33498,17.43494],[76.33402,17.43537],[76.33344,17.4392],[76.33312,17.45361],[76.33271,17.45539],[76.33035,17.45746],[76.33009,17.46714],[76.33082,17.47087],[76.33378,17.47263],[76.33872,17.47312],[76.34262,17.47369],[76.34687,17.47455],[76.35077,17.47594],[76.35477,17.47803],[76.3609,17.48139],[76.36889,17.48556],[76.37219,17.48847],[76.37373,17.49043],[76.37446,17.49219],[76.37446,17.49387],[76.37429,17.49751],[76.36155,17.49665],[76.3573,17.49588],[76.35459,17.49567],[76.34773,17.49477],[76.34468,17.49551],[76.34348,17.49923],[76.34335,17.50173],[76.34339,17.50504],[76.34404,17.51106],[76.34678,17.51401],[76.34987,17.51466],[76.35442,17.51491],[76.36245,17.51593],[76.36481,17.51646],[76.36648,17.51875],[76.36601,17.52473],[76.36464,17.53377],[76.36399,17.53627],[76.36279,17.53774],[76.35348,17.54016],[76.34953,17.54024],[76.34288,17.54228],[76.34138,17.54388],[76.3406,17.54654],[76.34005,17.5503],[76.33842,17.55755],[76.33601,17.56168],[76.33425,17.56581],[76.33318,17.57223],[76.33185,17.57563],[76.33099,17.59015],[76.3309,17.59584],[76.33065,17.59813],[76.33515,17.59895],[76.33816,17.59858],[76.34185,17.59768],[76.34485,17.5967],[76.34773,17.59645],[76.35052,17.59641],[76.35494,17.59678],[76.36301,17.59666],[76.3667,17.59735],[76.37009,17.59821],[76.37507,17.5991],[76.37674,17.6005],[76.38129,17.60308],[76.38472,17.60279],[76.38708,17.60234],[76.38914,17.60218],[76.39133,17.60259],[76.39365,17.60406],[76.39802,17.60459],[76.41047,17.60431],[76.41845,17.60455],[76.4203,17.61212],[76.42189,17.61515],[76.4239,17.62288],[76.42716,17.63175],[76.42704,17.63592],[76.42759,17.64108],[76.4277,17.64406],[76.42996,17.64572],[76.43083,17.64611],[76.43252,17.64624],[76.43502,17.64594],[76.4384,17.64439],[76.44116,17.64274],[76.44214,17.64193],[76.44315,17.64159],[76.44418,17.64198],[76.4424,17.64618],[76.44214,17.64747],[76.44219,17.64862],[76.44486,17.64903],[76.4471,17.64914],[76.44966,17.64958],[76.45323,17.64984],[76.45378,17.65089],[76.45273,17.65468],[76.4533,17.65576],[76.45515,17.65642],[76.46187,17.65796],[76.47931,17.65807],[76.48264,17.65796],[76.48735,17.6582],[76.48868,17.65934],[76.48906,17.66042],[76.48831,17.6628],[76.48749,17.66472],[76.48534,17.67157],[76.48436,17.67589],[76.48413,17.68377],[76.48513,17.68952],[76.48575,17.6969],[76.48692,17.7026],[76.48701,17.71181],[76.48714,17.71351],[76.4903,17.71503],[76.49521,17.71606],[76.4988,17.71773],[76.50141,17.71819],[76.50685,17.71843],[76.51894,17.71599],[76.5222,17.71551],[76.52389,17.71601],[76.5249,17.71863],[76.52661,17.72596],[76.52661,17.7331],[76.52787,17.73898],[76.52732,17.74175],[76.52613,17.74477],[76.52467,17.74989],[76.52435,17.75402],[76.52388,17.75786],[76.52379,17.75997]]}},{"type":"Feature","properties":{"kind":"state","name":"Karnataka–Maharashtra","src":"OSM relations 1950884 and 2019939","river":"3052","rlen":154},"geometry":{"type":"LineString","coordinates":[[76.52379,17.75997],[76.52471,17.76],[76.52517,17.7601],[76.52586,17.76007],[76.52651,17.75999],[76.52777,17.75956],[76.52889,17.75871],[76.52957,17.75851],[76.53102,17.75843],[76.53204,17.75856],[76.53269,17.75877],[76.53502,17.75927],[76.53726,17.75984],[76.53793,17.76032],[76.53856,17.76047],[76.54099,17.76155],[76.54192,17.76175],[76.54325,17.76189],[76.54532,17.76153],[76.54744,17.76153],[76.54801,17.76172],[76.54964,17.76252],[76.55139,17.76291],[76.55681,17.7646],[76.55991,17.76504],[76.56152,17.7651],[76.56341,17.76486],[76.56506,17.76437],[76.56613,17.76387],[76.56861,17.76307],[76.57224,17.76065],[76.57285,17.76041]]}},{"type":"Feature","properties":{"kind":"state","name":"Karnataka–Maharashtra","src":"OSM relations 1950884 and 2019939"},"geometry":{"type":"LineString","coordinates":[[76.57285,17.76041],[76.572,17.75849],[76.57139,17.75768],[76.57061,17.75696],[76.56853,17.75596],[76.56574,17.75363],[76.56485,17.75195],[76.56462,17.75084],[76.56515,17.7498],[76.56592,17.74899],[76.56666,17.74784],[76.56718,17.74634],[76.56771,17.74314],[76.56805,17.73765],[76.568,17.7306],[76.56887,17.72701],[76.5697,17.71889],[76.57024,17.71018],[76.57056,17.70755],[76.57059,17.70609],[76.57182,17.70506],[76.58025,17.70559],[76.58382,17.70628],[76.58713,17.70752],[76.58885,17.71142],[76.5901,17.71545],[76.59241,17.71941],[76.5936,17.72117],[76.5965,17.7239],[76.59886,17.72464],[76.59977,17.72529],[76.60055,17.72638],[76.6005,17.72749],[76.59957,17.72932],[76.59954,17.73088],[76.6011,17.73879],[76.60297,17.74671],[76.60552,17.75668],[76.60574,17.7589]]}},{"type":"Feature","properties":{"kind":"state","name":"Karnataka–Maharashtra","src":"OSM relations 1950884 and 2019939","river":"3052","rlen":154},"geometry":{"type":"LineString","coordinates":[[76.60574,17.7589],[76.60616,17.75886],[76.60649,17.75901],[76.60708,17.76014],[76.60878,17.76486],[76.61006,17.76711],[76.61072,17.76862],[76.61127,17.77032],[76.61156,17.7708],[76.61187,17.77109],[76.61231,17.77125],[76.613,17.77135],[76.61379,17.77124],[76.61457,17.77101],[76.61642,17.76997],[76.61787,17.76871],[76.61855,17.76786],[76.6197,17.76592],[76.62063,17.76426],[76.62158,17.762],[76.62196,17.76136],[76.6226,17.76053],[76.62304,17.76021],[76.62423,17.75964],[76.62712,17.75746],[76.62749,17.7574],[76.62799,17.75745],[76.62831,17.75737],[76.62849,17.75719],[76.62871,17.75648],[76.6288,17.7557],[76.62967,17.7553],[76.63043,17.75518],[76.63052,17.75518]]}},{"type":"Feature","properties":{"kind":"state","name":"Karnataka–Maharashtra","src":"OSM relations 1950884 and 2019939"},"geometry":{"type":"LineString","coordinates":[[76.63052,17.75518],[76.63064,17.75301],[76.62985,17.75193],[76.62939,17.75023],[76.62935,17.74867],[76.62962,17.74558],[76.63072,17.74157],[76.63072,17.73896],[76.63213,17.73504],[76.63287,17.73025],[76.63396,17.72842],[76.63625,17.72794],[76.63926,17.72655],[76.64502,17.7245],[76.64786,17.72407],[76.6527,17.7225],[76.65366,17.72032],[76.65892,17.71079],[76.66111,17.70295],[76.66116,17.70016],[76.66418,17.69115],[76.66436,17.68854],[76.66472,17.68745],[76.66655,17.6878],[76.67167,17.69106],[76.6756,17.68976],[76.67775,17.68867],[76.67985,17.68697],[76.681,17.68584],[76.68273,17.68558],[76.68383,17.68575],[76.68511,17.68449],[76.68699,17.68061],[76.6884,17.67983],[76.68967,17.68004],[76.69123,17.68141]]}},{"type":"Feature","properties":{"kind":"state","name":"Karnataka–Maharashtra","src":"OSM relations 1950884 and 2019939","river":"3052","rlen":154},"geometry":{"type":"LineString","coordinates":[[76.69123,17.68141],[76.6911,17.68154],[76.69079,17.68228],[76.69062,17.6829],[76.69044,17.68404],[76.69056,17.68507],[76.69087,17.68665],[76.69121,17.68753],[76.69224,17.68927],[76.69285,17.69057],[76.69351,17.6931],[76.69365,17.69463],[76.69406,17.69547],[76.69472,17.69573],[76.69499,17.69577],[76.69604,17.69569],[76.69931,17.6949],[76.70269,17.69377],[76.70429,17.69336],[76.70537,17.69331],[76.70761,17.69337],[76.71036,17.69403],[76.7109,17.69433],[76.71183,17.69521],[76.71288,17.69647],[76.71339,17.69732],[76.71347,17.69757],[76.71345,17.69795],[76.71291,17.6998],[76.71262,17.70013],[76.71205,17.70025],[76.71005,17.70021],[76.70756,17.7011],[76.70582,17.70192],[76.70187,17.70464],[76.70046,17.70583],[76.70005,17.70631],[76.69997,17.70672],[76.70024,17.70751],[76.70087,17.70837],[76.70223,17.711],[76.70341,17.71518],[76.70387,17.71732],[76.70503,17.72073],[76.70607,17.72275],[76.70601,17.72332],[76.70575,17.72374],[76.70515,17.72429],[76.7006,17.72701]]}},{"type":"Feature","properties":{"kind":"state","name":"Karnataka–Maharashtra","src":"OSM relations 1950884 and 2019939"},"geometry":{"type":"LineString","coordinates":[[76.7006,17.72701],[76.70169,17.72868],[76.70544,17.73003],[76.70675,17.73104],[76.70978,17.7323],[76.71219,17.73315],[76.71578,17.73397],[76.71738,17.7346],[76.72105,17.73551],[76.72829,17.73756],[76.72714,17.7405],[76.72711,17.74106],[76.72669,17.74278],[76.72465,17.74638],[76.72412,17.74808],[76.72418,17.75011],[76.72274,17.75048],[76.72133,17.75059],[76.72136,17.75161],[76.71991,17.75211],[76.71839,17.75189],[76.71806,17.75372],[76.71835,17.75466],[76.7187,17.75838],[76.72,17.76412],[76.71996,17.76511],[76.72156,17.76975],[76.71977,17.77071],[76.71847,17.77112],[76.71672,17.77195],[76.71496,17.77246],[76.71312,17.77422],[76.71299,17.77431],[76.71268,17.77415],[76.71275,17.77573],[76.71376,17.77809],[76.71427,17.78132],[76.71647,17.78303],[76.71751,17.785],[76.71835,17.78609],[76.72143,17.78821],[76.7216,17.78795],[76.72343,17.78654],[76.72719,17.78493],[76.73015,17.78387],[76.72997,17.78295],[76.73216,17.78232],[76.73457,17.78199],[76.73433,17.78104],[76.736,17.78109],[76.73594,17.78099],[76.73813,17.78069],[76.73997,17.78025],[76.7407,17.77977],[76.74388,17.78011],[76.74251,17.7841],[76.74485,17.78402],[76.74898,17.785],[76.75116,17.7851],[76.75129,17.78718],[76.7525,17.78729],[76.75857,17.78717],[76.75906,17.78733],[76.76068,17.7872],[76.76191,17.7874],[76.76201,17.78888],[76.7646,17.78924],[76.76495,17.79177],[76.76575,17.79187],[76.76603,17.79315],[76.76608,17.79686],[76.76631,17.79885],[76.77015,17.79899],[76.77349,17.79889],[76.77659,17.79895],[76.77696,17.79864],[76.77736,17.79804],[76.77834,17.79831],[76.77926,17.79822],[76.77972,17.80069],[76.7782,17.80058],[76.77879,17.80217],[76.77983,17.80305],[76.78074,17.80508],[76.7815,17.80566],[76.78255,17.80685],[76.78271,17.80907],[76.78177,17.81025],[76.78139,17.81017],[76.78113,17.81227],[76.78099,17.81244],[76.78153,17.81305],[76.78142,17.81463],[76.7812,17.81499],[76.78175,17.81559],[76.7828,17.81796],[76.78372,17.81775],[76.78378,17.81831],[76.78398,17.81832],[76.78404,17.8196],[76.78389,17.82009],[76.78415,17.82011],[76.78467,17.82038],[76.78609,17.82174],[76.78722,17.82177],[76.78772,17.82131],[76.78733,17.82284],[76.78792,17.82305],[76.78829,17.82349],[76.78827,17.82423],[76.7885,17.82438],[76.78879,17.82527],[76.7907,17.8251],[76.79079,17.82597],[76.78893,17.82684],[76.78895,17.83042],[76.78753,17.83005],[76.78691,17.83318],[76.78549,17.83334],[76.78412,17.83403],[76.78356,17.83497],[76.78174,17.83497],[76.77987,17.8367],[76.77974,17.83721],[76.7787,17.83768],[76.77753,17.83937],[76.77684,17.83968],[76.77501,17.84132],[76.77474,17.84249],[76.77467,17.84421],[76.77419,17.84522],[76.77402,17.84621],[76.773,17.8465],[76.77237,17.84706],[76.76992,17.85008],[76.76835,17.8517],[76.76734,17.85213],[76.76673,17.851],[76.76551,17.85125],[76.76547,17.85213],[76.76138,17.85479],[76.76057,17.8545],[76.75977,17.8557],[76.756,17.85691],[76.75573,17.85711],[76.75401,17.85751],[76.75388,17.8577],[76.75198,17.85783],[76.74812,17.85733],[76.74551,17.85717],[76.74487,17.8569],[76.74357,17.85703],[76.74174,17.85685],[76.73845,17.85604],[76.73806,17.85814],[76.73808,17.86112],[76.73854,17.86382],[76.73867,17.86561],[76.73854,17.86883],[76.73902,17.87187],[76.7392,17.87438],[76.73869,17.88276],[76.73877,17.88325],[76.73937,17.88315],[76.7398,17.88493],[76.7402,17.88738],[76.74076,17.8927],[76.74119,17.89487],[76.73996,17.89954],[76.74242,17.9],[76.74571,17.90013],[76.74981,17.90014],[76.75242,17.89979],[76.75637,17.8997],[76.75723,17.89951],[76.75876,17.89962],[76.76004,17.9001],[76.76111,17.90035],[76.76501,17.90066],[76.76704,17.90161],[76.76825,17.90241],[76.76872,17.90197],[76.76929,17.90042],[76.76968,17.89869],[76.77168,17.89382],[76.77219,17.89232],[76.77256,17.89169],[76.77345,17.89138],[76.77422,17.88713],[76.77476,17.88122],[76.7738,17.87847],[76.78231,17.87721],[76.78459,17.87663],[76.78834,17.87609],[76.78865,17.87553],[76.78938,17.87531],[76.79072,17.87449],[76.7934,17.87338],[76.79508,17.87253],[76.7987,17.87186],[76.80349,17.87144],[76.80383,17.87099],[76.8056,17.87089],[76.80808,17.8714],[76.80788,17.87201],[76.80793,17.87356],[76.80766,17.87462],[76.80755,17.87787],[76.80804,17.87802],[76.80825,17.87832],[76.80869,17.88116],[76.80966,17.88477],[76.81006,17.88741],[76.81355,17.88701],[76.81622,17.88695],[76.81762,17.88678],[76.81912,17.88522],[76.81972,17.88513],[76.81926,17.88407],[76.81948,17.88387],[76.81997,17.88386],[76.8208,17.88455],[76.82143,17.88409],[76.82205,17.88454],[76.82255,17.88472],[76.82253,17.88513],[76.82297,17.88602],[76.82586,17.88603],[76.82615,17.88421],[76.82632,17.88422],[76.82635,17.88443],[76.82693,17.88493],[76.8272,17.88459],[76.82797,17.88492],[76.82759,17.88428],[76.82822,17.88323],[76.83094,17.88293],[76.83223,17.88298],[76.83264,17.88259],[76.83205,17.886],[76.83165,17.88601],[76.83154,17.8867],[76.83228,17.88987],[76.83197,17.89134],[76.83202,17.89184],[76.83252,17.89334],[76.83429,17.89442],[76.83656,17.8964],[76.83763,17.89669],[76.83758,17.89774],[76.83959,17.89979],[76.84064,17.89994],[76.84312,17.90002],[76.84427,17.89991],[76.84542,17.8996],[76.84708,17.90131],[76.8479,17.90018],[76.84937,17.90016],[76.85139,17.90091],[76.85227,17.90088],[76.85757,17.90035],[76.86112,17.89927],[76.86351,17.89955],[76.86658,17.89951],[76.87099,17.89871],[76.87167,17.89897],[76.87231,17.89858],[76.87361,17.89816],[76.87446,17.89794],[76.87468,17.89802],[76.87475,17.89779],[76.87563,17.89694],[76.87688,17.89607],[76.87994,17.89456],[76.88055,17.89551],[76.88131,17.89598],[76.88206,17.89544],[76.8832,17.89426],[76.88417,17.89426],[76.88385,17.89474],[76.88365,17.89943],[76.88536,17.89948],[76.88846,17.8984],[76.88952,17.89962],[76.89172,17.9],[76.89309,17.89986],[76.89364,17.89994],[76.89419,17.90115],[76.89454,17.90243],[76.89344,17.90449],[76.89343,17.9054],[76.89367,17.90633],[76.89619,17.90603],[76.89634,17.91084],[76.89692,17.91058],[76.89881,17.90933],[76.89975,17.91155],[76.90013,17.91303],[76.9007,17.91421],[76.90151,17.91452],[76.90081,17.91586],[76.90041,17.91755],[76.90714,17.91623],[76.90836,17.91586],[76.90931,17.9154],[76.91002,17.91525],[76.91227,17.915],[76.91335,17.91516],[76.91471,17.91478],[76.91571,17.91475],[76.91627,17.91575],[76.91724,17.91679],[76.91887,17.91642],[76.91904,17.91824],[76.91889,17.92277],[76.91916,17.92552],[76.9198,17.92917],[76.91981,17.92939],[76.91969,17.92952],[76.92016,17.93175],[76.91993,17.93391],[76.91955,17.93521],[76.9197,17.93931],[76.91954,17.94215],[76.91965,17.94292],[76.91894,17.94408],[76.9186,17.94614],[76.91902,17.94638],[76.91878,17.94722],[76.91835,17.94704],[76.91797,17.94817],[76.91822,17.94825],[76.9182,17.94861],[76.91796,17.94889],[76.91775,17.94979],[76.91747,17.95026],[76.91726,17.95246],[76.91734,17.95321],[76.9171,17.95398],[76.91689,17.95615],[76.91491,17.95726],[76.9142,17.96449],[76.9136,17.96785],[76.91344,17.96945],[76.91243,17.97498],[76.91257,17.97703],[76.91228,17.98088],[76.91244,17.98287],[76.91289,17.98555],[76.91284,17.98668],[76.9132,17.98873],[76.91297,17.98888],[76.91336,17.99175],[76.91337,17.9932],[76.91288,17.99335],[76.91273,17.99558],[76.9125,17.9963],[76.91254,17.99668],[76.90651,17.99671],[76.9073,17.99724],[76.9074,17.99817],[76.90804,17.9988],[76.90619,18.0008],[76.90569,18.00274],[76.90527,18.00767],[76.90569,18.00986],[76.90603,18.01042],[76.90675,18.01268],[76.90739,18.01403],[76.90781,18.01445],[76.90848,18.01431],[76.91094,18.01335],[76.91148,18.01472],[76.91143,18.01493],[76.91236,18.01832],[76.91342,18.02298],[76.91463,18.0297],[76.91469,18.03047],[76.9145,18.03174],[76.91447,18.03556],[76.91854,18.03652],[76.92066,18.03685],[76.92871,18.03756],[76.93079,18.03762],[76.93578,18.0375],[76.94167,18.03856],[76.94667,18.03895],[76.94706,18.03919],[76.94701,18.03951],[76.94776,18.03978],[76.95162,18.04047],[76.953,18.04172],[76.95307,18.0415],[76.95387,18.0427],[76.95255,18.04302],[76.95133,18.04494]]}},{"type":"Feature","properties":{"kind":"state","name":"Karnataka–Maharashtra","src":"OSM relations 1950884 and 2019939","river":"5657","rlen":753},"geometry":{"type":"LineString","coordinates":[[76.95133,18.04494],[76.95061,18.04452],[76.94985,18.04446],[76.94925,18.04454],[76.94665,18.04508],[76.94429,18.04544],[76.94391,18.04567],[76.9436,18.04606],[76.94342,18.04656],[76.94336,18.04682],[76.94339,18.0477],[76.94365,18.04835],[76.94411,18.04914],[76.94465,18.04952],[76.94484,18.04979],[76.94713,18.05403],[76.9484,18.05549],[76.94914,18.05618],[76.9501,18.05689],[76.95115,18.05831],[76.95141,18.05911],[76.95152,18.06192],[76.9512,18.06586],[76.95111,18.06621],[76.95055,18.06736],[76.94978,18.06844],[76.94927,18.06935],[76.9478,18.0728],[76.9469,18.07591],[76.94632,18.07831],[76.94529,18.08109],[76.94514,18.08174],[76.94511,18.08259],[76.94517,18.08348],[76.9453,18.0839],[76.94578,18.0843],[76.94718,18.08495],[76.94864,18.08532],[76.94973,18.08552],[76.95138,18.08599],[76.95668,18.08777],[76.96033,18.08863],[76.96158,18.08915],[76.96272,18.08989],[76.96414,18.0913],[76.96465,18.09197],[76.96499,18.09291],[76.96529,18.09399],[76.96565,18.09675],[76.96585,18.09795],[76.96602,18.09838],[76.96596,18.09926],[76.96581,18.09971],[76.96517,18.10045],[76.96323,18.10208],[76.96028,18.10374],[76.95929,18.10422],[76.95842,18.10478],[76.95768,18.10558],[76.95727,18.10646],[76.95684,18.10916],[76.95659,18.10958],[76.95505,18.11072],[76.9538,18.11118],[76.95341,18.11124],[76.95185,18.11108],[76.95059,18.11133],[76.9456,18.11327],[76.94234,18.11423],[76.94072,18.11455],[76.9389,18.1151],[76.93837,18.11517],[76.93795,18.11517],[76.93606,18.11471],[76.93516,18.11417],[76.93464,18.1136],[76.93384,18.1131],[76.93351,18.11306],[76.93238,18.11331],[76.92855,18.11499],[76.92595,18.11634],[76.92319,18.11764],[76.92058,18.11898],[76.92018,18.11935],[76.91952,18.12027],[76.9191,18.12102],[76.91888,18.12174],[76.91881,18.12268],[76.9189,18.12358],[76.91906,18.12428],[76.91932,18.12485],[76.92052,18.12618],[76.92216,18.12742],[76.92483,18.12917],[76.92781,18.13138],[76.92878,18.13184],[76.92936,18.13189],[76.93062,18.13219],[76.93085,18.1323],[76.93107,18.13253],[76.93117,18.13281],[76.93118,18.13371],[76.93105,18.13468],[76.93076,18.13561],[76.93026,18.1365],[76.92884,18.13826],[76.92621,18.1405],[76.92501,18.14209],[76.92469,18.14297],[76.924,18.14549],[76.92396,18.1462],[76.92407,18.14661],[76.92552,18.14908],[76.92671,18.15065],[76.92798,18.1519],[76.92832,18.15241],[76.9293,18.15558],[76.92987,18.15698],[76.93037,18.15764],[76.93193,18.1593],[76.93212,18.15962],[76.93222,18.16008]]}},{"type":"Feature","properties":{"kind":"state","name":"Karnataka–Maharashtra","src":"OSM relations 1950884 and 2019939"},"geometry":{"type":"LineString","coordinates":[[76.93222,18.16008],[76.93446,18.15962],[76.93707,18.1598],[76.93715,18.15976],[76.93702,18.15915],[76.9378,18.15893],[76.93934,18.15819],[76.94228,18.15651],[76.94251,18.15662],[76.94364,18.15911],[76.94537,18.16383],[76.94625,18.16534],[76.94769,18.16751],[76.94787,18.16761],[76.94803,18.16848],[76.94842,18.16939],[76.94898,18.1716],[76.94931,18.17392],[76.94969,18.17934],[76.95076,18.18178],[76.95131,18.18345],[76.95146,18.18498],[76.95146,18.18717],[76.95133,18.18831],[76.95219,18.1884],[76.95399,18.1893],[76.95551,18.18965],[76.95957,18.1902],[76.96241,18.19036],[76.97734,18.18945],[76.97829,18.19168],[76.97845,18.19167],[76.97891,18.19263],[76.98181,18.19226],[76.98601,18.19123],[76.98878,18.19114],[76.99141,18.1907],[76.99118,18.18883],[76.99059,18.18583],[76.99464,18.1827],[76.99512,18.18068],[76.99524,18.17941],[76.99451,18.17811],[76.99444,18.17688],[76.99465,18.17537],[76.99451,18.17519],[76.99648,18.16804],[76.99716,18.1664],[76.99813,18.16535],[76.99814,18.16498],[76.99898,18.16445],[76.99938,18.16469],[76.9995,18.16412],[77.00262,18.16255],[77.00199,18.1614],[77.00466,18.16092],[77.00776,18.16006],[77.00955,18.1599],[77.01626,18.15978],[77.01853,18.1596],[77.02123,18.15914],[77.02375,18.15854],[77.02381,18.1588],[77.02345,18.16133],[77.02347,18.16214],[77.02469,18.16362],[77.02528,18.16457],[77.02565,18.1649],[77.02609,18.16673],[77.02563,18.16698],[77.02571,18.16845],[77.02398,18.17251],[77.0235,18.17427],[77.0236,18.17538],[77.02628,18.17593],[77.02908,18.1763],[77.03208,18.17746],[77.03256,18.17807],[77.03281,18.17872],[77.03357,18.18218],[77.04036,18.18018],[77.04323,18.17871],[77.04372,18.17856],[77.05022,18.17507],[77.05219,18.17385],[77.05154,18.17318],[77.05213,18.17046],[77.05221,18.16938],[77.05214,18.16583],[77.05267,18.16222],[77.05221,18.16033]]}},{"type":"Feature","properties":{"kind":"state","name":"Karnataka–Maharashtra","src":"OSM relations 1950884 and 2019939","river":"5657","rlen":753},"geometry":{"type":"LineString","coordinates":[[77.05221,18.16033],[77.05376,18.15986],[77.05624,18.15882],[77.05981,18.1562],[77.06011,18.15579],[77.06002,18.15501],[77.06011,18.15445],[77.06087,18.15372],[77.06124,18.15363],[77.06205,18.15273],[77.06318,18.1519],[77.06426,18.15129],[77.06569,18.15112],[77.06813,18.15153],[77.07284,18.15176],[77.07588,18.15157],[77.08025,18.15117],[77.08198,18.15116],[77.08291,18.15126],[77.08556,18.1519],[77.08743,18.15265],[77.08759,18.15277],[77.08868,18.1545],[77.08964,18.15517],[77.09064,18.15576],[77.09197,18.15637],[77.0935,18.15682],[77.09534,18.15718],[77.09698,18.15767],[77.09886,18.15809],[77.10084,18.15837],[77.10236,18.15829],[77.10394,18.15762],[77.1044,18.15724],[77.10561,18.15594],[77.10719,18.15542],[77.10792,18.15541],[77.11032,18.15583],[77.11187,18.15658],[77.11253,18.15745],[77.11322,18.15907],[77.11332,18.16116],[77.11328,18.16227],[77.11402,18.16354],[77.11531,18.16507],[77.11611,18.16675],[77.11642,18.16799],[77.11628,18.16971],[77.11558,18.17104],[77.1153,18.17143],[77.11478,18.17268],[77.11378,18.17458],[77.1123,18.17604],[77.11047,18.17852],[77.10946,18.18018],[77.10748,18.18265],[77.10551,18.18465],[77.10297,18.18745],[77.1003,18.19056],[77.09806,18.19346],[77.09759,18.19416],[77.09737,18.19483],[77.09703,18.19619],[77.09707,18.19653],[77.09719,18.19689],[77.0977,18.19749],[77.09818,18.19772],[77.09943,18.1979],[77.1015,18.19859],[77.10343,18.19999],[77.10666,18.20205],[77.10913,18.2034],[77.11193,18.2043],[77.11596,18.2051],[77.117,18.20513],[77.1201,18.20548],[77.12193,18.20592],[77.12468,18.20678],[77.12662,18.2077],[77.1276,18.20791],[77.12873,18.20798],[77.12948,18.20793],[77.13242,18.20666],[77.13322,18.20626],[77.13471,18.20534]]}},{"type":"Feature","properties":{"kind":"state","name":"Karnataka–Maharashtra","src":"OSM relations 1950884 and 2019939"},"geometry":{"type":"LineString","coordinates":[[77.13471,18.20534],[77.13592,18.20712],[77.13925,18.20761],[77.14028,18.20758],[77.14049,18.2088],[77.14144,18.21159],[77.14247,18.21553],[77.14266,18.21693],[77.14325,18.21698],[77.14538,18.21676],[77.14888,18.21696],[77.15118,18.21673],[77.15133,18.21712],[77.15172,18.21752],[77.15159,18.219],[77.15104,18.22119],[77.14961,18.22155],[77.14887,18.2214],[77.14872,18.22481],[77.14918,18.22496],[77.14872,18.22823],[77.14824,18.22822],[77.14812,18.23377],[77.14821,18.23564],[77.14876,18.23936],[77.14883,18.23953],[77.15192,18.23876],[77.15277,18.24091],[77.15318,18.24298],[77.15305,18.24363],[77.1545,18.24366],[77.1546,18.24464],[77.15643,18.24818],[77.15739,18.25074],[77.15834,18.25207],[77.15878,18.25247],[77.15894,18.25333],[77.15871,18.25465],[77.15985,18.25708],[77.16142,18.25708],[77.16472,18.25775],[77.1643,18.25839],[77.16598,18.25859],[77.16848,18.25985],[77.16866,18.26],[77.16909,18.26088],[77.16966,18.26089],[77.17048,18.26398],[77.17048,18.26492],[77.16906,18.26511],[77.1695,18.26888],[77.17037,18.27296],[77.17097,18.27733],[77.1713,18.27879],[77.17365,18.2829],[77.17389,18.2836],[77.17468,18.28446],[77.17475,18.28476],[77.1758,18.28476],[77.17714,18.28513],[77.18205,18.28544],[77.18615,18.28492],[77.18742,18.28487],[77.19099,18.28262],[77.19413,18.28013],[77.19559,18.27968],[77.19584,18.27893],[77.19625,18.27844],[77.19696,18.27813],[77.19705,18.27776],[77.19735,18.2779],[77.19792,18.27679],[77.20013,18.27859],[77.2011,18.27861],[77.20314,18.27958],[77.20899,18.2803],[77.21164,18.28022],[77.21326,18.28064],[77.21358,18.2808],[77.21239,18.2838],[77.21141,18.28506],[77.21003,18.28654],[77.20946,18.28842],[77.20978,18.29033],[77.21008,18.29121],[77.21019,18.2947],[77.20961,18.29473],[77.20907,18.29517],[77.20744,18.29401],[77.20561,18.29264]]}},{"type":"Feature","properties":{"kind":"state","name":"Karnataka–Maharashtra","src":"OSM relations 1950884 and 2019939","river":"5040","rlen":30},"geometry":{"type":"LineString","coordinates":[[77.20561,18.29264],[77.20517,18.29318],[77.20492,18.29367],[77.20509,18.29417],[77.20499,18.29482],[77.20461,18.29553],[77.20399,18.29618],[77.20336,18.29667],[77.20292,18.29752],[77.20285,18.29818],[77.20289,18.30028],[77.20307,18.30129],[77.20307,18.30182],[77.20276,18.30481],[77.20297,18.30503],[77.20335,18.30512],[77.20352,18.30526],[77.20365,18.3056],[77.2036,18.30578],[77.20314,18.30612],[77.20289,18.30645],[77.20262,18.30747],[77.20153,18.30974],[77.20143,18.31076],[77.20151,18.31145],[77.20146,18.31177],[77.2013,18.31207],[77.20114,18.31235],[77.20047,18.31288],[77.19956,18.31386],[77.199,18.31465],[77.19866,18.31487],[77.19842,18.31515],[77.19825,18.31553],[77.19824,18.31582],[77.19812,18.31607]]}},{"type":"Feature","properties":{"kind":"state","name":"Karnataka–Maharashtra","src":"OSM relations 1950884 and 2019939"},"geometry":{"type":"LineString","coordinates":[[77.19812,18.31607],[77.19996,18.31687],[77.20108,18.31893],[77.20211,18.32177],[77.2054,18.31955],[77.20969,18.31689],[77.21155,18.31623],[77.21172,18.31738],[77.2121,18.31825],[77.21365,18.32062],[77.21486,18.32341],[77.21552,18.32412],[77.21875,18.32564],[77.21944,18.32702],[77.22081,18.33223],[77.22187,18.33749],[77.22249,18.33925],[77.22361,18.34021],[77.22649,18.34384],[77.22899,18.34651],[77.22944,18.34764],[77.22938,18.3479],[77.22626,18.34755],[77.22369,18.34768],[77.21965,18.34888],[77.22036,18.34966],[77.22164,18.35189],[77.22232,18.35325],[77.22259,18.35427],[77.2229,18.35483],[77.2243,18.35656],[77.22478,18.3584],[77.22508,18.36073],[77.22541,18.36189],[77.22504,18.36463],[77.2254,18.36514],[77.22623,18.36597],[77.22888,18.36779],[77.23304,18.36942],[77.23654,18.36982],[77.23712,18.36956],[77.23784,18.36974],[77.23794,18.36953],[77.23912,18.36967],[77.24247,18.37055],[77.24353,18.37054],[77.24461,18.3707],[77.24521,18.3706],[77.24629,18.37014],[77.24704,18.37128],[77.24855,18.37443],[77.24769,18.37603],[77.24508,18.37655],[77.24131,18.37756],[77.2398,18.3772],[77.23922,18.37812],[77.23889,18.37916],[77.23738,18.3825],[77.23462,18.38693],[77.23338,18.38805],[77.23355,18.3884],[77.2333,18.38983],[77.23394,18.39066],[77.23407,18.39197],[77.23401,18.39276],[77.2343,18.39516],[77.23496,18.39684],[77.2353,18.39722],[77.23482,18.39907],[77.23497,18.40072],[77.23901,18.40767],[77.23998,18.40893],[77.23951,18.40864],[77.23935,18.40893],[77.2398,18.40906],[77.24029,18.40983],[77.24085,18.41173],[77.24134,18.41284],[77.2402,18.41333],[77.24155,18.41415],[77.24161,18.41305],[77.24414,18.41528],[77.24461,18.41495],[77.24548,18.41477],[77.24555,18.41462],[77.24806,18.41506],[77.24855,18.41442],[77.249,18.41465],[77.25046,18.41477],[77.25198,18.41393],[77.25356,18.41401],[77.25737,18.4136],[77.25969,18.41357],[77.26338,18.4173],[77.26354,18.41978],[77.26637,18.42285],[77.26752,18.4227],[77.26886,18.42217],[77.27025,18.42253],[77.27277,18.42264],[77.27393,18.4233],[77.27381,18.42348],[77.27391,18.42488],[77.27493,18.42614],[77.27728,18.4272],[77.28244,18.43077],[77.28914,18.43139],[77.29231,18.43382],[77.29436,18.43482],[77.29782,18.43523],[77.30029,18.43787],[77.30291,18.43932],[77.30401,18.44015],[77.30765,18.441],[77.30869,18.44069],[77.31006,18.44079],[77.31319,18.44144],[77.315,18.44126],[77.31392,18.44204],[77.31654,18.44403],[77.31766,18.44558],[77.31706,18.45266],[77.31749,18.45543],[77.32109,18.45918],[77.3247,18.45909],[77.32693,18.45681],[77.32633,18.45323],[77.32812,18.45263],[77.33062,18.45234],[77.33414,18.4512],[77.33534,18.44908],[77.33551,18.4446],[77.33688,18.44159],[77.34009,18.43815],[77.34364,18.4429],[77.34705,18.44233],[77.35159,18.44711],[77.35345,18.44993],[77.35638,18.44917],[77.35649,18.44941],[77.35721,18.44927],[77.35709,18.45036],[77.35719,18.45047],[77.35809,18.45031],[77.3606,18.4504],[77.3639,18.45099],[77.36561,18.451],[77.36615,18.45072],[77.36672,18.45009],[77.36629,18.4499],[77.36655,18.44943],[77.36684,18.44825],[77.3692,18.4475],[77.3632,18.43639],[77.36499,18.4354],[77.36486,18.43458],[77.36437,18.43375],[77.36408,18.4324],[77.36345,18.43099],[77.36369,18.43075],[77.36621,18.4293],[77.36701,18.42866],[77.36634,18.42748],[77.36612,18.42583],[77.36676,18.42166],[77.36717,18.4202],[77.36715,18.41896],[77.37003,18.41839],[77.369,18.41604],[77.36803,18.41314],[77.36893,18.41075],[77.37043,18.40755],[77.37082,18.40608],[77.37191,18.4056],[77.37213,18.40228],[77.37264,18.40094],[77.37379,18.40155],[77.37449,18.40169],[77.37638,18.40151],[77.37909,18.40221],[77.38039,18.40167],[77.38355,18.40133],[77.38436,18.39999],[77.38713,18.40045],[77.39117,18.40075],[77.39232,18.40072],[77.39256,18.40087],[77.39225,18.40149],[77.39273,18.4015],[77.39273,18.40181],[77.39544,18.402],[77.39551,18.40225],[77.39856,18.40246],[77.40095,18.40229],[77.40086,18.40085],[77.40184,18.40073],[77.40151,18.40003],[77.40398,18.39995],[77.40437,18.39974],[77.40447,18.3993],[77.41069,18.39564],[77.41366,18.39314],[77.41414,18.39228],[77.41405,18.39146],[77.41309,18.38804],[77.41345,18.38699],[77.41296,18.38497],[77.41135,18.38102],[77.41096,18.3797],[77.41054,18.37924],[77.4106,18.37799],[77.40983,18.37661],[77.40885,18.37638],[77.40748,18.37456],[77.4058,18.37442],[77.40294,18.37351],[77.40169,18.37085],[77.39971,18.37067],[77.39729,18.37071],[77.39624,18.37043],[77.39529,18.36958],[77.39494,18.36947],[77.39513,18.36913],[77.39526,18.36823],[77.39642,18.36724],[77.39809,18.36463],[77.39885,18.36184],[77.39969,18.3599],[77.39987,18.35433],[77.40012,18.35317],[77.40038,18.35267],[77.40055,18.3504],[77.40078,18.34979],[77.40079,18.34874],[77.40058,18.34753],[77.39877,18.3476],[77.39766,18.34777],[77.39508,18.34784],[77.39526,18.34723],[77.39452,18.34448],[77.39541,18.3434],[77.39276,18.34271],[77.38936,18.34208],[77.38918,18.34131],[77.38948,18.34102],[77.38881,18.34092],[77.38884,18.3405],[77.38779,18.34038],[77.38733,18.34096],[77.38487,18.33976],[77.38415,18.3407],[77.38261,18.3405],[77.38223,18.34006],[77.38205,18.33903],[77.38242,18.33812],[77.38303,18.33725],[77.38181,18.33643],[77.38233,18.33245],[77.3815,18.33146],[77.3797,18.33184],[77.37812,18.33233],[77.3761,18.33237],[77.37191,18.32654],[77.37001,18.32625],[77.36966,18.32558],[77.36985,18.32471],[77.36733,18.32414],[77.36661,18.32385],[77.36567,18.32309],[77.36457,18.32266],[77.3613,18.32181],[77.35967,18.32128],[77.35645,18.32109],[77.3563,18.32089],[77.35704,18.31899],[77.35818,18.31704],[77.35941,18.31539],[77.35999,18.31543],[77.36188,18.31317],[77.3644,18.31052],[77.36512,18.30953],[77.36577,18.30894],[77.36707,18.30841],[77.36774,18.30832],[77.37641,18.30964],[77.37647,18.30931],[77.37993,18.30892],[77.38186,18.30876],[77.38548,18.30886],[77.38554,18.30841],[77.38692,18.3084],[77.38727,18.30801],[77.38946,18.30785],[77.39201,18.305],[77.39355,18.30411],[77.39541,18.30414],[77.39784,18.30392],[77.39869,18.30409],[77.40049,18.305],[77.40213,18.30438],[77.40286,18.30308],[77.40294,18.30268],[77.40362,18.3026],[77.40632,18.3028],[77.41005,18.30247],[77.41235,18.30213],[77.41315,18.30362],[77.41385,18.30372],[77.41422,18.30415],[77.41635,18.30576],[77.41689,18.30648],[77.4181,18.30658],[77.41913,18.30687],[77.42406,18.30882],[77.42564,18.308],[77.4284,18.31147],[77.42868,18.31292],[77.4357,18.31104],[77.43768,18.31029],[77.43862,18.30834],[77.43892,18.30801],[77.43769,18.30518],[77.43695,18.30078],[77.43653,18.29554],[77.43691,18.29206],[77.43705,18.29157],[77.43736,18.29114],[77.43805,18.29071],[77.43824,18.29021],[77.43844,18.28912],[77.43826,18.28743],[77.43893,18.2867],[77.43932,18.28563],[77.44092,18.28245],[77.44117,18.28213],[77.44473,18.28281],[77.44622,18.28345],[77.44684,18.28098],[77.44638,18.27885],[77.44624,18.27671],[77.44641,18.27575],[77.44682,18.27487],[77.44726,18.27311],[77.44762,18.27217],[77.4477,18.26987],[77.44991,18.26998],[77.45168,18.26986],[77.45171,18.26973],[77.45086,18.26794],[77.45407,18.26663],[77.45594,18.26603],[77.45771,18.26677],[77.45842,18.26687],[77.45973,18.26564],[77.46088,18.26505],[77.46541,18.26341],[77.46723,18.26344],[77.46977,18.265],[77.47107,18.26549],[77.47357,18.26597],[77.47245,18.2654],[77.4744,18.26534],[77.47526,18.26512],[77.47634,18.26668],[77.47665,18.2669],[77.4768,18.26677],[77.478,18.26796],[77.47847,18.26883],[77.47927,18.26911],[77.47941,18.27053],[77.47995,18.27081],[77.48066,18.27207],[77.48371,18.27038],[77.48514,18.27016],[77.48582,18.27017],[77.4888,18.26827],[77.48992,18.26803],[77.49101,18.26859],[77.49222,18.26849],[77.49387,18.26919],[77.49524,18.27163],[77.49577,18.2715],[77.49603,18.27242],[77.49639,18.27287],[77.49622,18.27391],[77.49648,18.2744],[77.49736,18.27491],[77.49768,18.27524],[77.49936,18.27581],[77.49996,18.27619],[77.50097,18.27656],[77.50238,18.27816],[77.50381,18.28096],[77.50432,18.28263],[77.50516,18.28427],[77.50619,18.28453],[77.50803,18.28451],[77.50954,18.28927],[77.51018,18.29308],[77.50893,18.29518],[77.51067,18.29786],[77.51047,18.29995],[77.51056,18.30118],[77.51,18.3014],[77.50943,18.30281],[77.50823,18.30431]]}},{"type":"Feature","properties":{"kind":"state","name":"Karnataka–Maharashtra","src":"OSM relations 1950884 and 2019939","river":"5309","rlen":59},"geometry":{"type":"LineString","coordinates":[[77.50823,18.30431],[77.50828,18.30435],[77.50884,18.30505],[77.5089,18.30543],[77.50913,18.30593],[77.50945,18.30695],[77.51099,18.30855],[77.51241,18.30944],[77.51378,18.30991],[77.51481,18.30994],[77.51685,18.30954],[77.51808,18.30952],[77.51996,18.30928],[77.52214,18.30872],[77.52308,18.30833],[77.52387,18.30767],[77.52457,18.30674],[77.52562,18.30562],[77.52644,18.30511],[77.52811,18.30387],[77.52966,18.30249],[77.53054,18.30121],[77.53149,18.30012],[77.53457,18.29801],[77.53667,18.29668],[77.53805,18.29597],[77.53845,18.29568],[77.53977,18.29435],[77.54014,18.29439],[77.5409,18.29431],[77.54231,18.294],[77.5448,18.29322],[77.54777,18.29215],[77.54977,18.29175]]}},{"type":"Feature","properties":{"kind":"state","name":"Karnataka–Maharashtra","src":"OSM relations 1950884 and 2019939"},"geometry":{"type":"LineString","coordinates":[[77.54977,18.29175],[77.5498,18.29188]]}},{"type":"Feature","properties":{"kind":"state","name":"Madhya Pradesh–Maharashtra","src":"OSM relations 1950071 and 1950884"},"geometry":{"type":"LineString","coordinates":[[80.66005,21.33408],[80.65875,21.33236],[80.65549,21.32926],[80.65292,21.3275],[80.65191,21.32713],[80.65123,21.32715],[80.64921,21.32761],[80.64865,21.32805],[80.64821,21.32816],[80.64606,21.32829],[80.64491,21.32804],[80.64253,21.32703],[80.64084,21.32614],[80.63934,21.32569],[80.63784,21.32544],[80.63644,21.32498],[80.63159,21.32271],[80.63025,21.32224],[80.62911,21.32197],[80.62548,21.32185],[80.62454,21.32165],[80.62248,21.32069],[80.62134,21.32037],[80.62085,21.32036],[80.62045,21.32049],[80.61981,21.3209],[80.61847,21.32282],[80.61435,21.32596],[80.61258,21.32709],[80.61116,21.32761],[80.61076,21.3277],[80.60988,21.32762],[80.60912,21.32736],[80.60891,21.32714],[80.60873,21.32648],[80.60882,21.32565],[80.60851,21.32433],[80.60828,21.32395],[80.60786,21.32386],[80.60766,21.32386],[80.60645,21.32455],[80.60537,21.32496],[80.60191,21.32612],[80.60082,21.32662],[80.59989,21.3268],[80.5992,21.32712],[80.59872,21.32749],[80.5983,21.32807],[80.59785,21.33022],[80.59788,21.33135],[80.59779,21.33155],[80.59705,21.33178],[80.59515,21.33179],[80.59345,21.33257],[80.5925,21.33286],[80.58994,21.3332],[80.58934,21.3336],[80.59011,21.33475],[80.59059,21.33572],[80.59043,21.33666],[80.59047,21.33716],[80.59071,21.33843],[80.5913,21.34008],[80.59142,21.34092],[80.59117,21.34099],[80.59093,21.34126],[80.59024,21.34297],[80.58947,21.34372],[80.58805,21.34395],[80.5869,21.34455],[80.58644,21.34455],[80.5853,21.34412],[80.58457,21.34423],[80.58352,21.34491],[80.58252,21.34615],[80.58137,21.34699],[80.5806,21.34704],[80.57904,21.34674],[80.57687,21.34698],[80.57657,21.34687],[80.57591,21.34638],[80.5752,21.34548],[80.57446,21.34359],[80.57419,21.34318],[80.57375,21.34294],[80.57277,21.3428],[80.57252,21.34283],[80.57151,21.34338],[80.57046,21.34325],[80.56991,21.34328],[80.56943,21.34346],[80.56802,21.34494],[80.5667,21.34565],[80.56642,21.34597],[80.56621,21.34651],[80.56742,21.34756],[80.56756,21.34779],[80.56756,21.34824],[80.56713,21.34866],[80.56578,21.34855],[80.56539,21.34876],[80.56503,21.3494],[80.56496,21.35002],[80.56584,21.35193],[80.56539,21.35344],[80.56541,21.35399],[80.56559,21.35458],[80.56585,21.35498],[80.56631,21.35532],[80.5669,21.35559],[80.56885,21.3557],[80.56955,21.35593],[80.57037,21.35676],[80.5704,21.35704],[80.57019,21.35752],[80.56944,21.35845],[80.56681,21.36018],[80.56579,21.36171],[80.56531,21.36304],[80.56463,21.36437],[80.56388,21.36497],[80.56355,21.36512],[80.56304,21.36514],[80.5622,21.36489],[80.5614,21.36384],[80.56122,21.3637],[80.56074,21.36365],[80.56057,21.36372],[80.56026,21.36426],[80.55991,21.36523],[80.55901,21.36685],[80.55841,21.36734],[80.55707,21.36749],[80.55658,21.36738],[80.55509,21.3666],[80.5543,21.3665],[80.55383,21.3667],[80.55359,21.36703],[80.5535,21.36826],[80.55333,21.36856],[80.55293,21.36875],[80.55083,21.36874],[80.55028,21.36927],[80.54911,21.36993],[80.54885,21.37075],[80.54848,21.37114],[80.548,21.37129],[80.54749,21.37125],[80.54383,21.37047],[80.54316,21.37071],[80.54299,21.37095],[80.54225,21.37362],[80.54176,21.37491],[80.54118,21.37583],[80.54045,21.37651],[80.54014,21.37701],[80.54045,21.3786],[80.54038,21.37915],[80.54011,21.38036],[80.53959,21.38147],[80.5392,21.38271],[80.53887,21.383],[80.53794,21.38317],[80.53638,21.38264],[80.53429,21.3826],[80.53385,21.38248],[80.53239,21.38174],[80.53204,21.38184],[80.5318,21.38207],[80.53163,21.38238],[80.5316,21.3828],[80.53176,21.38437],[80.53168,21.38475],[80.53101,21.38561],[80.52998,21.38643],[80.52963,21.38687],[80.529,21.38813],[80.52887,21.38899],[80.52892,21.39129],[80.52878,21.39353],[80.52823,21.39451],[80.52762,21.39487],[80.52613,21.39467],[80.52519,21.39402],[80.52456,21.39281],[80.52424,21.39149],[80.52393,21.39122],[80.52347,21.39118],[80.5232,21.39131],[80.52167,21.39237],[80.51996,21.39288],[80.51911,21.393],[80.51863,21.3939],[80.51813,21.39447],[80.51745,21.39511],[80.51712,21.3952],[80.51664,21.39503],[80.51643,21.39474],[80.51587,21.39272],[80.51501,21.39176],[80.51425,21.39153],[80.51392,21.39156],[80.51333,21.39184],[80.51241,21.3927],[80.51122,21.39284],[80.51085,21.39272],[80.51056,21.39244],[80.50987,21.39138],[80.5096,21.39118],[80.50924,21.39098],[80.50842,21.39082],[80.50792,21.3909],[80.50708,21.39144],[80.50507,21.39393],[80.50462,21.39434],[80.50412,21.3946],[80.50288,21.39495],[80.50168,21.3956],[80.50146,21.39593],[80.50149,21.39751],[80.50138,21.39811],[80.50097,21.39851],[80.50052,21.39851],[80.5,21.39828],[80.4991,21.39737],[80.49839,21.39691],[80.49672,21.39686],[80.49521,21.39658],[80.49433,21.39752],[80.49372,21.39752],[80.49335,21.39737],[80.49247,21.39661],[80.49216,21.39665],[80.49181,21.39691],[80.49106,21.39789],[80.49054,21.39819],[80.48752,21.39796],[80.48661,21.39776],[80.48627,21.39755],[80.48451,21.39551],[80.48419,21.39534],[80.48385,21.39554],[80.48377,21.39597],[80.48388,21.39749],[80.48378,21.39815],[80.48341,21.39881],[80.48231,21.40067],[80.48173,21.40103],[80.48109,21.40094],[80.48051,21.40067],[80.47975,21.39973],[80.47967,21.39882],[80.48019,21.39733],[80.47979,21.39673],[80.47776,21.39563],[80.47715,21.39513],[80.47647,21.3949],[80.47569,21.3953],[80.47407,21.3968],[80.47364,21.3969],[80.47142,21.39573],[80.47093,21.39586],[80.47036,21.39621],[80.46928,21.39747],[80.46703,21.39939],[80.46603,21.39998],[80.46472,21.40044],[80.46409,21.40097],[80.46314,21.4022],[80.46235,21.40263],[80.46112,21.40298],[80.45861,21.40263],[80.45756,21.40268],[80.45694,21.40073],[80.45701,21.40046],[80.45725,21.40049],[80.45754,21.40082],[80.45826,21.40036],[80.45781,21.39961],[80.45733,21.39907],[80.45698,21.3989],[80.45679,21.39839],[80.4558,21.39826],[80.45581,21.39776],[80.45642,21.39686],[80.45646,21.39641],[80.45632,21.39611],[80.45573,21.39583],[80.45478,21.39587],[80.45447,21.39543],[80.4542,21.39526],[80.45417,21.39489],[80.45439,21.39471],[80.45446,21.39448],[80.45419,21.39395],[80.45417,21.39363],[80.45362,21.39304],[80.45375,21.39256],[80.45235,21.39234],[80.45238,21.39209],[80.45278,21.39171],[80.45275,21.39146],[80.4525,21.3913],[80.45194,21.39139],[80.45191,21.39121],[80.45221,21.39093],[80.45159,21.39063],[80.45161,21.39028],[80.45116,21.39],[80.45135,21.38937],[80.45118,21.38897],[80.45117,21.3882],[80.45104,21.38784],[80.45054,21.38802],[80.45023,21.38761],[80.44973,21.38732],[80.4497,21.38707],[80.44985,21.38685],[80.4504,21.38675],[80.45056,21.38658],[80.4504,21.38637],[80.44993,21.3863],[80.45075,21.38402],[80.45174,21.37806],[80.44863,21.37205],[80.44738,21.37205],[80.44723,21.37162],[80.44635,21.3716],[80.44612,21.37109],[80.43996,21.37206],[80.43705,21.37268],[80.43246,21.37383],[80.43061,21.37626],[80.42952,21.37588],[80.42456,21.37535],[80.42235,21.37522],[80.42029,21.37583],[80.41842,21.37591],[80.41694,21.3752],[80.41584,21.37533],[80.4158,21.37609],[80.41532,21.37662],[80.4145,21.37668],[80.41347,21.37629],[80.4128,21.37637],[80.41224,21.37672],[80.41191,21.37743],[80.41021,21.37859]]}},{"type":"Feature","properties":{"kind":"state","name":"Madhya Pradesh–Maharashtra","src":"OSM relations 1950071 and 1950884","river":"4323","rlen":134},"geometry":{"type":"LineString","coordinates":[[80.41021,21.37859],[80.41025,21.37906],[80.41005,21.37962],[80.40958,21.38008],[80.40908,21.3804],[80.40794,21.3806],[80.40594,21.38227],[80.40566,21.38259],[80.40554,21.38302],[80.40607,21.38362],[80.40601,21.38389],[80.40584,21.38411],[80.40571,21.3853],[80.40559,21.38568],[80.40408,21.38756],[80.40316,21.3896],[80.4024,21.39211],[80.40097,21.39501],[80.39874,21.40047],[80.39777,21.40221],[80.39645,21.40354],[80.39603,21.40456],[80.39599,21.40846],[80.39667,21.40987],[80.39922,21.41317],[80.40313,21.41491],[80.40374,21.41527],[80.40448,21.41549],[80.40524,21.41584],[80.40761,21.41702],[80.40886,21.41799],[80.4092,21.4185],[80.4093,21.41915],[80.40926,21.41994],[80.40918,21.42024],[80.40885,21.42086],[80.40757,21.422],[80.40592,21.42274],[80.4046,21.42354],[80.4043,21.42388],[80.40426,21.42461],[80.40473,21.4257],[80.4053,21.42645],[80.40607,21.42701],[80.40759,21.42699],[80.40798,21.42714],[80.40892,21.4277],[80.41011,21.42889],[80.41168,21.43076],[80.41383,21.43296],[80.4145,21.43416],[80.41576,21.43522],[80.41712,21.43617],[80.41844,21.43697],[80.41999,21.43761],[80.42141,21.43849],[80.42196,21.43896],[80.4221,21.43972],[80.42205,21.43998],[80.42172,21.44045],[80.42135,21.44064],[80.41998,21.44163],[80.41952,21.4417],[80.4193,21.44166],[80.41905,21.44139],[80.4188,21.44141],[80.41868,21.44151],[80.41859,21.44182],[80.41826,21.44237],[80.41788,21.44286],[80.41784,21.44321],[80.41792,21.44342],[80.4188,21.44461],[80.41884,21.44485],[80.41869,21.4466],[80.41786,21.44771],[80.41701,21.44928],[80.41518,21.45397],[80.41482,21.45552],[80.41462,21.45676],[80.41448,21.45708],[80.41396,21.45781],[80.41369,21.45804],[80.41325,21.45841],[80.41204,21.45916],[80.41152,21.45959],[80.41119,21.46024],[80.4101,21.46458],[80.40924,21.46686],[80.40894,21.46737],[80.40837,21.468],[80.40789,21.46833],[80.4073,21.46833],[80.40627,21.46793],[80.40591,21.46769],[80.40495,21.46666],[80.40477,21.46655],[80.40427,21.46657],[80.40396,21.46676],[80.40381,21.46695],[80.40349,21.46796],[80.403,21.46847],[80.40191,21.46918],[80.40123,21.46948],[80.4003,21.46951],[80.39982,21.46964],[80.39936,21.47001],[80.3987,21.47027],[80.39683,21.4715],[80.39532,21.47263],[80.39366,21.47479],[80.39323,21.47514],[80.39288,21.47559],[80.39225,21.47606],[80.39108,21.47671],[80.39057,21.47716],[80.39029,21.47753],[80.38998,21.47834],[80.38996,21.4792],[80.39008,21.47987],[80.3903,21.48045],[80.39175,21.48269],[80.39186,21.48299],[80.39206,21.48437],[80.39187,21.48493],[80.39179,21.48658],[80.39127,21.48755],[80.39085,21.48783],[80.39053,21.48788],[80.38939,21.48788],[80.38848,21.48764],[80.3879,21.48783],[80.38739,21.48817],[80.3868,21.48835],[80.38597,21.48884],[80.3858,21.48876],[80.3856,21.4885],[80.38477,21.48829],[80.38433,21.48832],[80.38388,21.48856],[80.38297,21.48966],[80.38286,21.49006],[80.38286,21.49073],[80.38299,21.49156],[80.38365,21.49423],[80.38421,21.49578],[80.38479,21.4969],[80.38494,21.4974],[80.38498,21.49883],[80.38459,21.50128],[80.38432,21.50192],[80.38235,21.50419],[80.38138,21.50581],[80.38056,21.50832],[80.37993,21.5098],[80.3792,21.5118],[80.37806,21.51409],[80.37791,21.51482],[80.37779,21.51705],[80.37716,21.51961],[80.37683,21.52211],[80.37656,21.52281],[80.37312,21.5265],[80.37205,21.52747],[80.37128,21.528],[80.37005,21.52857],[80.36938,21.5287],[80.36761,21.5287],[80.36731,21.5286],[80.36704,21.5286],[80.36681,21.5287],[80.36644,21.5293],[80.36591,21.5295],[80.36567,21.52974],[80.36527,21.53037],[80.36454,21.53114],[80.36327,21.5328],[80.36214,21.53367],[80.3612,21.53424],[80.358,21.53504],[80.35673,21.536],[80.35608,21.53621],[80.35469,21.53648],[80.35337,21.53693],[80.3518,21.53715],[80.35011,21.53723],[80.34724,21.53713],[80.34586,21.53732],[80.34522,21.53753],[80.34478,21.53775],[80.34364,21.53862],[80.34238,21.53977],[80.34061,21.54181],[80.34024,21.5424],[80.33648,21.54482],[80.33557,21.54551],[80.33414,21.54602],[80.33328,21.54606],[80.33268,21.54642],[80.33161,21.54674],[80.33024,21.54773],[80.32992,21.54804],[80.32978,21.5484],[80.3297,21.54915],[80.32987,21.54973],[80.33019,21.55024],[80.33128,21.55109],[80.33205,21.55198],[80.3327,21.55254],[80.3344,21.55369],[80.33507,21.55398],[80.33664,21.5543]]}},{"type":"Feature","properties":{"kind":"state","name":"Madhya Pradesh–Maharashtra","src":"OSM relations 1950071 and 1950884"},"geometry":{"type":"LineString","coordinates":[[80.33664,21.5543],[80.33615,21.55633],[80.33367,21.55909],[80.33351,21.56133]]}},{"type":"Feature","properties":{"kind":"state","name":"Madhya Pradesh–Maharashtra","src":"OSM relations 1950071 and 1950884","river":"4323","rlen":134},"geometry":{"type":"LineString","coordinates":[[80.33351,21.56133],[80.33294,21.5613],[80.33235,21.5614],[80.33149,21.56188],[80.33073,21.56216],[80.33018,21.56249],[80.33006,21.56428],[80.32985,21.56564],[80.32932,21.56793],[80.32877,21.56972],[80.32773,21.57166],[80.32741,21.57196],[80.32627,21.57249],[80.322,21.57559],[80.32003,21.57654],[80.31751,21.57721],[80.315,21.57741],[80.31137,21.57726],[80.30892,21.57672],[80.30698,21.57605],[80.30557,21.57525],[80.30413,21.57474],[80.30222,21.57448],[80.30104,21.57454],[80.29947,21.57488],[80.29897,21.57508],[80.29772,21.57649],[80.29672,21.57789],[80.29447,21.58312],[80.2942,21.58402],[80.29404,21.58485],[80.29411,21.58546],[80.29471,21.58817],[80.29498,21.5898],[80.2947,21.59186],[80.29441,21.59271],[80.2941,21.59322],[80.29292,21.59448],[80.29171,21.59553],[80.2899,21.59648],[80.28897,21.59672],[80.28784,21.59679],[80.28308,21.59692],[80.28239,21.59679],[80.28186,21.59676],[80.28031,21.59711],[80.27917,21.59786],[80.27816,21.59887],[80.27694,21.60048],[80.27638,21.60139],[80.27594,21.60263],[80.2755,21.60431],[80.27526,21.60602],[80.27488,21.60785],[80.27325,21.61207],[80.27207,21.61359],[80.27144,21.61422],[80.27105,21.61493],[80.27078,21.61524],[80.27042,21.61556],[80.26937,21.61592],[80.2689,21.61626],[80.26761,21.61768],[80.26717,21.61849],[80.26624,21.61945],[80.2641,21.62056],[80.26352,21.6207],[80.26087,21.62073],[80.25987,21.62082],[80.25827,21.62126],[80.25643,21.62195],[80.25273,21.62433],[80.25208,21.62459],[80.2515,21.62474],[80.25071,21.62479],[80.25,21.62474],[80.24894,21.62421],[80.2485,21.62362],[80.24748,21.62133],[80.24692,21.62101],[80.24633,21.6209],[80.24598,21.6206],[80.24513,21.62031],[80.24478,21.62004],[80.24375,21.62002],[80.24319,21.62019],[80.24249,21.62101],[80.24178,21.6226],[80.24147,21.62296],[80.24079,21.62317],[80.23972,21.62317],[80.2391,21.62283],[80.23878,21.62254],[80.23826,21.62228],[80.23623,21.62239],[80.23509,21.62257],[80.23391,21.6226],[80.23235,21.62223],[80.23152,21.62218],[80.22932,21.62227],[80.22886,21.62222],[80.22802,21.62197],[80.22703,21.62144],[80.22576,21.62134],[80.22493,21.62116],[80.22366,21.62107],[80.22267,21.62086],[80.22091,21.62063],[80.21969,21.62063],[80.21948,21.62072],[80.21834,21.62182],[80.21717,21.62307],[80.21606,21.62459],[80.21542,21.62607],[80.21529,21.62651]]}},{"type":"Feature","properties":{"kind":"state","name":"Madhya Pradesh–Maharashtra","src":"OSM relations 1950071 and 1950884"},"geometry":{"type":"LineString","coordinates":[[80.21529,21.62651],[80.21739,21.62703],[80.21853,21.62803],[80.21898,21.62887],[80.21902,21.63015],[80.21864,21.63161],[80.21746,21.63343],[80.21592,21.63085],[80.21513,21.63035],[80.21452,21.63017],[80.21379,21.63068],[80.21196,21.63325],[80.2099,21.63477],[80.20915,21.635],[80.20883,21.63523],[80.20367,21.636],[80.20137,21.63606],[80.19995,21.63598],[80.19621,21.63549],[80.19396,21.63563]]}},{"type":"Feature","properties":{"kind":"state","name":"Madhya Pradesh–Maharashtra","src":"OSM relations 1950071 and 1950884","river":"6541","rlen":634},"geometry":{"type":"LineString","coordinates":[[80.19396,21.63563],[80.19381,21.63531],[80.1926,21.63453],[80.19162,21.63406],[80.19117,21.63361],[80.19028,21.63246],[80.18971,21.63088],[80.18841,21.62845],[80.18731,21.62759],[80.18585,21.627],[80.18173,21.62584],[80.18051,21.6254],[80.17753,21.62396],[80.17389,21.62239],[80.16856,21.62077],[80.16661,21.6205],[80.16575,21.6202],[80.16355,21.61911],[80.16135,21.61688],[80.16058,21.61587],[80.15982,21.61183],[80.15903,21.61002],[80.15745,21.60791],[80.15592,21.60651],[80.15489,21.60588],[80.15291,21.60515],[80.15083,21.60493],[80.14859,21.60486],[80.14677,21.60465],[80.14515,21.60409],[80.14457,21.60411],[80.14433,21.6042],[80.14389,21.60458],[80.14344,21.60509],[80.14237,21.60598],[80.14125,21.60612],[80.13914,21.60612],[80.13706,21.60633],[80.13571,21.60698],[80.13374,21.60878],[80.13311,21.60906],[80.13192,21.60933],[80.13038,21.60936],[80.12946,21.60924],[80.12878,21.60927],[80.12826,21.6094],[80.12426,21.61118],[80.12355,21.61119],[80.12286,21.61111],[80.11967,21.61046],[80.11709,21.60977],[80.11647,21.60945],[80.11603,21.60909],[80.11568,21.60833],[80.11564,21.60776],[80.11596,21.60566],[80.1163,21.60406],[80.1174,21.59962],[80.11749,21.59647],[80.1174,21.59384],[80.11694,21.59249],[80.1163,21.59156],[80.11543,21.59073],[80.11228,21.58879],[80.11075,21.5881],[80.10864,21.58746],[80.1075,21.58723],[80.10645,21.58721],[80.10531,21.58742],[80.10433,21.58819],[80.1032,21.5894],[80.10254,21.58972],[80.10176,21.58991],[80.10092,21.58998],[80.1001,21.58991],[80.09934,21.58956],[80.09767,21.58817],[80.09562,21.58582],[80.09496,21.5844],[80.09473,21.58351],[80.09402,21.58044],[80.09363,21.57779],[80.09319,21.57697],[80.09269,21.57631],[80.09207,21.57567],[80.09109,21.57506],[80.0886,21.57302],[80.08316,21.56881],[80.08199,21.5681],[80.08019,21.56662],[80.07818,21.5644],[80.07729,21.5631],[80.07333,21.55809],[80.07193,21.55674],[80.06638,21.55308],[80.06382,21.55201],[80.06142,21.55139],[80.05925,21.55139],[80.05571,21.55192],[80.05486,21.55217],[80.0488,21.55489],[80.04393,21.55729],[80.04169,21.55825],[80.03888,21.55877],[80.03663,21.55882],[80.03476,21.5588],[80.03207,21.55816],[80.03092,21.55761],[80.02981,21.55688],[80.02837,21.55576],[80.02398,21.55302],[80.02286,21.55247],[80.02185,21.55158],[80.01959,21.5492],[80.01659,21.5458],[80.01417,21.54163],[80.0125,21.54008],[80.01141,21.53935],[80.00886,21.53839],[80.00777,21.53819],[80.00387,21.53789],[80.00148,21.53701],[80.00087,21.5364],[79.99888,21.53381],[79.9978,21.53305],[79.9972,21.53274],[79.99628,21.53258],[79.99526,21.53262],[79.99283,21.53318],[79.99127,21.53371],[79.98902,21.53429],[79.98847,21.53459],[79.98795,21.53501],[79.98761,21.53547],[79.98601,21.53915],[79.98354,21.54304],[79.9797,21.54812],[79.97416,21.55378],[79.97117,21.5577],[79.9699,21.55868],[79.96894,21.55931],[79.96806,21.55967],[79.96699,21.55988],[79.96633,21.55992],[79.96349,21.55899],[79.9624,21.55905],[79.96082,21.55948],[79.95981,21.55952],[79.9541,21.55885],[79.95254,21.5582],[79.9521,21.55785],[79.95034,21.55579],[79.9501,21.55566],[79.94938,21.55535],[79.94499,21.55401],[79.94306,21.55367],[79.93873,21.55406],[79.93325,21.55555],[79.93222,21.55571],[79.93134,21.55566],[79.93083,21.55532],[79.92946,21.5539],[79.92291,21.54438],[79.92239,21.5435],[79.92221,21.54273],[79.92223,21.54193],[79.92301,21.54087],[79.92352,21.53912],[79.92359,21.53847]]}},{"type":"Feature","properties":{"kind":"state","name":"Madhya Pradesh–Maharashtra","src":"OSM relations 1950071 and 1950884"},"geometry":{"type":"LineString","coordinates":[[79.92359,21.53847],[79.9212,21.53825],[79.9209,21.53716],[79.91998,21.53172],[79.91845,21.52856],[79.9182,21.52644],[79.91846,21.52454],[79.9097,21.52277],[79.9083,21.52294],[79.9053,21.52392],[79.90028,21.52455],[79.89801,21.52455],[79.897,21.52438],[79.89602,21.52369],[79.89504,21.52243],[79.89375,21.51968],[79.89272,21.51859],[79.89124,21.51819],[79.8899,21.51842],[79.88904,21.51928],[79.88653,21.52301],[79.8847,21.52455],[79.88314,21.52561],[79.88299,21.52776]]}},{"type":"Feature","properties":{"kind":"state","name":"Madhya Pradesh–Maharashtra","src":"OSM relations 1950071 and 1950884","river":"4409","rlen":109},"geometry":{"type":"LineString","coordinates":[[79.88299,21.52776],[79.88207,21.52771],[79.88063,21.52788],[79.87266,21.52979],[79.87026,21.52996],[79.86816,21.53022],[79.86404,21.53119],[79.86144,21.5323],[79.85932,21.53357],[79.8574,21.53533],[79.85652,21.53651],[79.85637,21.537],[79.85605,21.53727],[79.8549,21.53763],[79.85458,21.5379],[79.8532,21.53994],[79.85275,21.54044],[79.85191,21.54082],[79.85038,21.54084],[79.84987,21.54096],[79.84893,21.54164],[79.84788,21.54218],[79.84602,21.54278],[79.84456,21.54314],[79.83899,21.54376],[79.8358,21.54446],[79.83125,21.54685],[79.82868,21.54897],[79.82744,21.55021],[79.82669,21.55122],[79.82585,21.55343],[79.82536,21.55449],[79.82401,21.55848],[79.82299,21.55988],[79.82057,21.5623],[79.81847,21.56391],[79.81598,21.56607],[79.81337,21.56881],[79.81221,21.57008],[79.81162,21.57083],[79.80896,21.5731],[79.80785,21.57391],[79.80491,21.57643],[79.80408,21.57723],[79.80289,21.57787],[79.80247,21.57831],[79.80202,21.57923],[79.80158,21.57982],[79.80099,21.58042],[79.80055,21.58082],[79.79873,21.58192],[79.79679,21.5837],[79.79579,21.58423],[79.79495,21.58454],[79.79354,21.58535],[79.79238,21.58588],[79.79154,21.58591],[79.79054,21.58626],[79.7896,21.58729],[79.78879,21.58748],[79.78776,21.58745],[79.78694,21.58791],[79.78641,21.58835],[79.78592,21.58857],[79.78548,21.58857],[79.78431,21.58822],[79.78339,21.58842],[79.78279,21.58886],[79.78259,21.5891],[79.78178,21.58943],[79.78134,21.58956],[79.78015,21.58954],[79.77966,21.58974],[79.77852,21.58982],[79.77715,21.58943],[79.77638,21.58938],[79.77551,21.58975],[79.77445,21.5905],[79.77409,21.59067],[79.77345,21.59081],[79.77241,21.59081],[79.7713,21.59134],[79.77096,21.59165],[79.77037,21.59181],[79.76959,21.59181],[79.76906,21.59198],[79.76775,21.59321],[79.76655,21.59335],[79.76535,21.59421],[79.76401,21.5943],[79.76244,21.59407],[79.76138,21.59357],[79.76038,21.59371],[79.75951,21.5943],[79.75887,21.59446],[79.75825,21.59446],[79.75719,21.59424],[79.75675,21.5943],[79.75482,21.59614],[79.75364,21.5969],[79.75135,21.59768],[79.75024,21.59794],[79.74892,21.59812],[79.74807,21.59841],[79.74728,21.59913],[79.74675,21.60058],[79.74621,21.60121],[79.74366,21.60369],[79.74307,21.60385],[79.74181,21.60394],[79.74099,21.60429],[79.74074,21.60451],[79.7397,21.60501],[79.73812,21.60564],[79.73683,21.6057],[79.73541,21.60555],[79.73406,21.60479],[79.73349,21.60416],[79.73337,21.60325],[79.73327,21.60306],[79.73286,21.60281],[79.73217,21.60262],[79.7317,21.60231],[79.73127,21.60189],[79.73113,21.60146],[79.73017,21.60033],[79.72975,21.59994],[79.72851,21.59905],[79.72712,21.59891],[79.72645,21.59862],[79.72606,21.59816],[79.72534,21.59701],[79.72477,21.59666],[79.72341,21.59616],[79.72287,21.59568],[79.72224,21.5949],[79.72155,21.59379],[79.72132,21.59366],[79.72091,21.5936],[79.71978,21.59363],[79.71791,21.59344],[79.71514,21.59267],[79.71343,21.5924],[79.71053,21.59237],[79.70988,21.59257],[79.70943,21.59285],[79.70773,21.59342],[79.7054,21.59382],[79.70158,21.59377],[79.70058,21.59364],[79.69883,21.59327],[79.6982,21.5929],[79.69757,21.5924],[79.69655,21.59105],[79.69607,21.5897],[79.696,21.58875],[79.69559,21.58752],[79.69553,21.58648],[79.69546,21.58629],[79.69486,21.58553],[79.69445,21.58458],[79.69372,21.58382],[79.69344,21.58321],[79.69226,21.58182],[79.69147,21.58125],[79.68982,21.58056],[79.68859,21.58027],[79.68785,21.58043],[79.68724,21.58113],[79.68659,21.58143],[79.68591,21.5814],[79.68488,21.5812],[79.68446,21.58135],[79.68361,21.58196],[79.68237,21.58201],[79.68217,21.58196],[79.68162,21.58206],[79.6811,21.58238],[79.67889,21.58258],[79.67831,21.58273],[79.67711,21.58278],[79.67577,21.58251],[79.67111,21.58213],[79.66915,21.58186],[79.66767,21.58181],[79.66687,21.58168],[79.66604,21.58123],[79.66484,21.57977],[79.66395,21.57899],[79.66343,21.57879],[79.66208,21.57869],[79.66134,21.57851],[79.66088,21.57804],[79.66051,21.57748],[79.66037,21.57685],[79.66043,21.57564],[79.66087,21.57489],[79.66107,21.57421],[79.66107,21.57223],[79.66056,21.57057],[79.65994,21.56944],[79.65938,21.56805],[79.65916,21.56717],[79.65914,21.56651],[79.65888,21.56574],[79.65882,21.56524],[79.65882,21.56347],[79.65866,21.56253],[79.65695,21.56044],[79.65671,21.56003],[79.65636,21.55893],[79.65611,21.55838],[79.65565,21.55797],[79.65452,21.55727],[79.6536,21.55639],[79.65215,21.5556],[79.65121,21.55553],[79.65058,21.55563],[79.64962,21.55599],[79.64873,21.55597],[79.64779,21.55544],[79.64721,21.55486],[79.64685,21.55471],[79.64569,21.55459],[79.64386,21.55411],[79.64258,21.55394],[79.64183,21.55361],[79.64092,21.55351],[79.64036,21.55358],[79.63998,21.55385],[79.63916,21.55385],[79.63848,21.55375],[79.6381,21.55346],[79.63766,21.55337],[79.636,21.55344],[79.6353,21.55365],[79.63411,21.55449],[79.63365,21.55462],[79.63246,21.55455],[79.63223,21.55439],[79.63128,21.55439],[79.63077,21.55451],[79.63031,21.5547],[79.62899,21.55563],[79.62746,21.55624],[79.62565,21.55729],[79.62347,21.55815],[79.62273,21.5583],[79.62195,21.55826],[79.6208,21.55781],[79.61975,21.5571],[79.61864,21.55699],[79.61655,21.55699],[79.61425,21.55638],[79.61341,21.55598],[79.61142,21.55417],[79.61099,21.55389],[79.61005,21.55353],[79.60864,21.5535],[79.60821,21.55341],[79.60766,21.55311],[79.60701,21.55256],[79.6061,21.55199],[79.60486,21.55187],[79.60378,21.55158],[79.60182,21.55061],[79.60107,21.55011],[79.59959,21.54974],[79.59679,21.54965],[79.59636,21.54953],[79.59542,21.54891],[79.59401,21.54869],[79.59362,21.54864],[79.5933,21.54875],[79.59231,21.54873],[79.59187,21.54832],[79.59134,21.54769],[79.58848,21.54557],[79.5856,21.54306],[79.58431,21.54223],[79.58308,21.54163],[79.58232,21.54134],[79.58089,21.54101],[79.57985,21.54095],[79.57892,21.54108],[79.57837,21.54127],[79.57748,21.54187],[79.57658,21.54212],[79.57485,21.54244],[79.57355,21.54288],[79.57311,21.54328],[79.57251,21.54414],[79.57222,21.54443],[79.5711,21.54531],[79.57048,21.54596],[79.56955,21.5466],[79.56884,21.54724],[79.56827,21.5476],[79.56755,21.54782],[79.56664,21.54799],[79.56614,21.54802],[79.56402,21.54762],[79.56245,21.54751],[79.56191,21.54718],[79.56094,21.54631],[79.56002,21.54575],[79.55742,21.54566],[79.55584,21.5457],[79.5549,21.54558],[79.55347,21.54473],[79.55306,21.54405],[79.55273,21.5438],[79.55031,21.54349],[79.54938,21.54353],[79.54885,21.54341],[79.54854,21.54313],[79.54835,21.54306],[79.54766,21.54309],[79.54738,21.54297],[79.54687,21.54301],[79.54636,21.54339],[79.54602,21.54395],[79.54598,21.54443],[79.54568,21.54491],[79.54549,21.54501],[79.54446,21.54476],[79.54372,21.54448],[79.54348,21.54406],[79.54325,21.54394],[79.54292,21.5439],[79.54273,21.54369],[79.54263,21.54348],[79.54258,21.54309],[79.54238,21.54279],[79.54177,21.5426],[79.5405,21.54264],[79.53993,21.54285],[79.53925,21.54335],[79.53826,21.5444],[79.53776,21.54558],[79.53708,21.54635],[79.53699,21.54658],[79.53704,21.54869],[79.53711,21.54946],[79.53726,21.54995],[79.53825,21.55187],[79.53864,21.55225],[79.53939,21.55278],[79.53978,21.55327],[79.53993,21.55395],[79.54126,21.55509],[79.54164,21.55528],[79.5419,21.55552],[79.54212,21.55585],[79.54233,21.55649],[79.54352,21.55817],[79.54404,21.55929],[79.54418,21.56],[79.5442,21.56163],[79.5439,21.56272],[79.54373,21.56391],[79.54384,21.5649],[79.54384,21.56588],[79.54375,21.56625],[79.5435,21.56667],[79.54318,21.56793],[79.54233,21.5691],[79.54135,21.56976],[79.5395,21.57039],[79.53825,21.57154],[79.53764,21.57228],[79.53714,21.57275],[79.5366,21.573],[79.53521,21.57344],[79.53307,21.5745],[79.53269,21.57477],[79.53197,21.57573],[79.53093,21.57745],[79.53031,21.57834],[79.52936,21.57927],[79.5286,21.5798],[79.5279,21.58012],[79.5273,21.58055],[79.52662,21.58067],[79.52548,21.58038],[79.52487,21.58031],[79.52442,21.58035],[79.52383,21.58021],[79.5237,21.58006],[79.52285,21.5801],[79.52169,21.57991],[79.52105,21.57995],[79.52027,21.58033],[79.51945,21.5805],[79.51833,21.58057],[79.51746,21.58083],[79.51599,21.58149],[79.51451,21.58197],[79.5141,21.58216],[79.51356,21.58295],[79.51337,21.58343],[79.51292,21.58391],[79.5119,21.58405],[79.51161,21.58433],[79.51137,21.58491],[79.51111,21.58587],[79.51108,21.58683],[79.51086,21.58732],[79.51066,21.58754],[79.5104,21.58838],[79.51023,21.58967],[79.5097,21.59054],[79.50922,21.59178],[79.50925,21.59272],[79.50913,21.59305],[79.50914,21.59356],[79.50931,21.59379],[79.50943,21.59449],[79.50943,21.59634],[79.50952,21.5969],[79.50945,21.59759],[79.50927,21.59803],[79.50992,21.59895],[79.50999,21.5996],[79.51023,21.59981],[79.51097,21.60106],[79.51151,21.60326],[79.51156,21.6043],[79.5111,21.60561],[79.51032,21.60712],[79.50974,21.60783],[79.50854,21.60848],[79.50658,21.60927],[79.50521,21.61009],[79.50431,21.61077],[79.50365,21.61194],[79.50344,21.61276],[79.50344,21.61415],[79.50355,21.61557],[79.50387,21.61658],[79.50453,21.61792],[79.50467,21.61898],[79.50481,21.61959],[79.505,21.62001],[79.50502,21.62041],[79.50559,21.62102],[79.50681,21.6215],[79.50731,21.62156],[79.50876,21.62169],[79.51152,21.6217],[79.51215,21.62167],[79.51277,21.62149],[79.51369,21.62116],[79.51431,21.62076],[79.5146,21.62066],[79.51591,21.62062],[79.51622,21.62083],[79.517,21.62246],[79.517,21.62509],[79.51687,21.62746],[79.51677,21.62843],[79.51643,21.6298],[79.51652,21.63079],[79.5163,21.63155],[79.51584,21.63252],[79.51583,21.63261]]}},{"type":"Feature","properties":{"kind":"state","name":"Madhya Pradesh–Maharashtra","src":"OSM relations 1950071 and 1950884"},"geometry":{"type":"LineString","coordinates":[[79.51583,21.63261],[79.51347,21.63227],[79.51273,21.6329],[79.51149,21.6329],[79.5104,21.63323],[79.50975,21.6337],[79.50934,21.63379],[79.50893,21.63409],[79.50777,21.63435],[79.50657,21.63896],[79.50468,21.64051],[79.50427,21.6411],[79.50417,21.64146],[79.50429,21.64221],[79.5056,21.6441],[79.5071,21.64552]]}},{"type":"Feature","properties":{"kind":"state","name":"Madhya Pradesh–Maharashtra","src":"OSM relations 1950071 and 1950884","river":"4409","rlen":109},"geometry":{"type":"LineString","coordinates":[[79.5071,21.64552],[79.50644,21.64614],[79.50512,21.64775],[79.50461,21.64921],[79.50427,21.64961],[79.50208,21.65076],[79.50151,21.65135],[79.50106,21.65235],[79.50089,21.65299],[79.50075,21.65474],[79.50104,21.65734],[79.50164,21.65832],[79.50171,21.65985],[79.50164,21.6604],[79.5009,21.66161],[79.49986,21.66238],[79.49852,21.66318],[79.49744,21.66418],[79.49691,21.66506],[79.49648,21.66621],[79.49614,21.66849],[79.49614,21.67034],[79.49644,21.67299],[79.49675,21.67423]]}},{"type":"Feature","properties":{"kind":"state","name":"Madhya Pradesh–Maharashtra","src":"OSM relations 1950071 and 1950884"},"geometry":{"type":"LineString","coordinates":[[79.49675,21.67423],[79.49468,21.67471],[79.49201,21.67534],[79.48927,21.67578],[79.48473,21.67692],[79.48257,21.67731],[79.48072,21.67784],[79.47806,21.67894],[79.47266,21.68233],[79.47094,21.68312],[79.46715,21.68428],[79.46399,21.68566],[79.46073,21.68755],[79.45729,21.68494],[79.45603,21.68439],[79.45122,21.68293],[79.4495,21.68206],[79.4486,21.68206],[79.44791,21.67993]]}},{"type":"Feature","properties":{"kind":"state","name":"Madhya Pradesh–Maharashtra","src":"OSM relations 1950071 and 1950884","river":"6363","rlen":30},"geometry":{"type":"LineString","coordinates":[[79.44791,21.67993],[79.44778,21.67997],[79.44632,21.67995],[79.44533,21.67967],[79.44477,21.67976],[79.4443,21.68024],[79.44399,21.68082],[79.44346,21.68147],[79.44328,21.68185],[79.44168,21.683],[79.44116,21.68319],[79.44016,21.68329],[79.43536,21.68332],[79.4347,21.68348],[79.43447,21.68367],[79.43419,21.68408],[79.43373,21.68498],[79.4335,21.68524],[79.43299,21.68568],[79.43261,21.68591],[79.43188,21.68667],[79.4313,21.68695],[79.43016,21.68726],[79.42991,21.68747],[79.42908,21.68847],[79.42817,21.68986],[79.42741,21.69053],[79.4245,21.69129],[79.42325,21.69177],[79.42275,21.69241],[79.42233,21.6926],[79.42208,21.69257],[79.42138,21.69229],[79.42072,21.69163],[79.42055,21.69154],[79.42019,21.69151],[79.41923,21.69157],[79.41765,21.69143],[79.41725,21.69149],[79.41691,21.69159],[79.41625,21.69222],[79.41592,21.69237],[79.4155,21.69233],[79.41537,21.69222],[79.41515,21.69165],[79.41502,21.69153],[79.41386,21.69088],[79.41347,21.69008],[79.41342,21.68912],[79.41298,21.6885],[79.41241,21.68796],[79.41155,21.68692],[79.41119,21.68643],[79.41106,21.68607],[79.4107,21.68563],[79.41041,21.68547],[79.40938,21.68516],[79.40899,21.68488],[79.4087,21.68439],[79.4085,21.68423],[79.40808,21.68413],[79.40687,21.68413],[79.40593,21.68395],[79.40451,21.68387],[79.40399,21.68377],[79.40288,21.6833],[79.40196,21.68208],[79.40133,21.68145],[79.40093,21.68077],[79.40091,21.67922],[79.40102,21.67826],[79.40089,21.67776],[79.40026,21.67719],[79.40008,21.67689],[79.39995,21.6765],[79.39993,21.67586],[79.39982,21.67551],[79.39962,21.6754],[79.39912,21.67545],[79.39844,21.67584],[79.39657,21.67615],[79.39595,21.67602],[79.39475,21.67554],[79.39427,21.67497],[79.39366,21.67388],[79.39311,21.67348],[79.39222,21.67344],[79.39187,21.67348],[79.39161,21.67383],[79.39049,21.67479],[79.38781,21.67593],[79.38636,21.67595],[79.38549,21.67545],[79.38492,21.6749],[79.38448,21.67482],[79.38398,21.67484],[79.38303,21.67548],[79.38241,21.67625],[79.38064,21.67759],[79.37895,21.67859],[79.3779,21.67932],[79.37715,21.67968],[79.37667,21.67982],[79.37593,21.67979],[79.37518,21.67949],[79.37394,21.67949],[79.37245,21.67971],[79.3701,21.6797],[79.3685,21.6795],[79.36805,21.67937],[79.36736,21.67932],[79.36577,21.67893],[79.36509,21.67891],[79.36447,21.67904],[79.36395,21.67865],[79.36338,21.67864],[79.36295,21.67893],[79.36218,21.67985]]}},{"type":"Feature","properties":{"kind":"state","name":"Madhya Pradesh–Maharashtra","src":"OSM relations 1950071 and 1950884"},"geometry":{"type":"LineString","coordinates":[[79.36218,21.67985],[79.36,21.67902],[79.35832,21.67927],[79.357,21.67925],[79.35595,21.67904],[79.35339,21.67898],[79.35287,21.67874],[79.35237,21.67806],[79.35225,21.67811],[79.35221,21.67836],[79.35326,21.68103],[79.35347,21.68311]]}},{"type":"Feature","properties":{"kind":"state","name":"Madhya Pradesh–Maharashtra","src":"OSM relations 1950071 and 1950884","river":"6363","rlen":30},"geometry":{"type":"LineString","coordinates":[[79.35347,21.68311],[79.35186,21.68326],[79.35082,21.68409],[79.35026,21.68483],[79.34972,21.68533],[79.34945,21.6855],[79.34911,21.68558],[79.34842,21.68553],[79.3478,21.68513],[79.34759,21.68478],[79.34757,21.68422],[79.34743,21.68398],[79.34727,21.68384],[79.34694,21.68374],[79.34664,21.68372],[79.34568,21.68421],[79.344,21.68458],[79.34284,21.68451],[79.34149,21.6843],[79.34081,21.6845],[79.33923,21.68589],[79.33892,21.68603],[79.33859,21.68605],[79.33782,21.68597],[79.33732,21.6857],[79.33713,21.68568],[79.33572,21.6859],[79.33508,21.68581],[79.33485,21.68567],[79.33349,21.68428],[79.33331,21.68418],[79.33238,21.68404],[79.33146,21.68404],[79.32973,21.6844],[79.32935,21.68458],[79.32852,21.68545],[79.32776,21.68572],[79.32693,21.68571],[79.32602,21.68545],[79.32522,21.68493],[79.32418,21.6841],[79.32371,21.68361],[79.32342,21.68348],[79.32313,21.68347],[79.32274,21.68365],[79.32249,21.6841],[79.32251,21.68587],[79.32215,21.68737],[79.32126,21.68894],[79.32082,21.68945],[79.32022,21.68986],[79.31939,21.69025],[79.31777,21.69086],[79.31753,21.69086],[79.31741,21.69072],[79.31749,21.68995],[79.31731,21.68964],[79.31611,21.68884],[79.31519,21.68874],[79.31358,21.6896],[79.31202,21.69065],[79.3108,21.69108],[79.31039,21.69112],[79.31012,21.69106],[79.30933,21.69066],[79.30852,21.68992],[79.30801,21.68981],[79.30774,21.68967]]}},{"type":"Feature","properties":{"kind":"state","name":"Madhya Pradesh–Maharashtra","src":"OSM relations 1950071 and 1950884"},"geometry":{"type":"LineString","coordinates":[[79.30774,21.68967],[79.30554,21.69015],[79.29785,21.69269],[79.29669,21.69331],[79.29645,21.69332],[79.29566,21.69285],[79.2947,21.6925],[79.29322,21.69242],[79.29059,21.69254],[79.29035,21.69274],[79.28986,21.69387],[79.28924,21.69474],[79.2886,21.69528],[79.28782,21.69545],[79.2858,21.69547],[79.28357,21.69886],[79.28312,21.6994],[79.28146,21.70072],[79.28051,21.70172],[79.27961,21.70295],[79.27902,21.70465],[79.27919,21.70649],[79.27898,21.70746],[79.27831,21.70884],[79.27791,21.70937],[79.27286,21.71204],[79.27229,21.71241],[79.27134,21.71359],[79.26807,21.71541],[79.26608,21.71557],[79.26172,21.71704],[79.25743,21.71772],[79.2529,21.71945],[79.25171,21.71974],[79.25051,21.71985],[79.2481,21.7197],[79.24751,21.72031],[79.2462,21.72058],[79.24496,21.72148],[79.24407,21.72141],[79.24345,21.72103],[79.243,21.72051],[79.24193,21.72018],[79.24046,21.72065],[79.23861,21.72076],[79.23532,21.72193],[79.23377,21.72218],[79.23064,21.72223],[79.2312,21.72096],[79.23086,21.71875],[79.23289,21.71843],[79.23443,21.71804],[79.23522,21.71752],[79.2366,21.71633],[79.2373,21.71522],[79.23743,21.71435],[79.23737,21.71341],[79.23687,21.71209],[79.23549,21.71033],[79.23315,21.71074]]}},{"type":"Feature","properties":{"kind":"state","name":"Madhya Pradesh–Maharashtra","src":"OSM relations 1950071 and 1950884","river":"6014","rlen":285},"geometry":{"type":"LineString","coordinates":[[79.23315,21.71074],[79.23302,21.71009],[79.23123,21.70813],[79.22658,21.70419],[79.22407,21.70223],[79.22085,21.69865],[79.21957,21.69234],[79.21957,21.68813],[79.22017,21.68411],[79.22158,21.68069],[79.22399,21.67768],[79.2258,21.67527],[79.23002,21.67045],[79.23163,21.66884],[79.23395,21.66778],[79.23358,21.66438],[79.23376,21.66398],[79.23376,21.66326],[79.2334,21.66141],[79.23261,21.65899],[79.23226,21.6571],[79.23178,21.65635],[79.23107,21.65629],[79.23082,21.65619],[79.23018,21.65562],[79.22958,21.65525],[79.22916,21.65523],[79.2286,21.65541],[79.22741,21.65559],[79.22699,21.65587],[79.22637,21.65606],[79.22533,21.65598],[79.22494,21.65571],[79.22436,21.65514],[79.22427,21.65477],[79.22428,21.65447],[79.22393,21.65372],[79.22401,21.65347],[79.2247,21.65255],[79.22482,21.65215],[79.22485,21.6512],[79.22427,21.65054],[79.22367,21.65022],[79.22315,21.64979],[79.22274,21.64927],[79.22254,21.6487]]}},{"type":"Feature","properties":{"kind":"state","name":"Madhya Pradesh–Maharashtra","src":"OSM relations 1950071 and 1950884"},"geometry":{"type":"LineString","coordinates":[[79.22254,21.6487],[79.22028,21.64915],[79.21241,21.64958],[79.20899,21.65006],[79.20209,21.65149],[79.1965,21.65244],[79.18522,21.65471],[79.16329,21.6587],[79.15757,21.66026],[79.15169,21.66004],[79.15107,21.66038],[79.15002,21.66066],[79.14954,21.66096],[79.14831,21.66117],[79.14788,21.65733],[79.14809,21.65389],[79.14836,21.65234],[79.14824,21.65087],[79.14741,21.64861],[79.14528,21.64669],[79.14489,21.64534],[79.1433,21.63696],[79.14026,21.63526],[79.13452,21.63321],[79.13254,21.62998],[79.13034,21.62581],[79.12671,21.62633],[79.1239,21.62659],[79.12327,21.62541],[79.12289,21.62493],[79.12236,21.62467],[79.11862,21.62382],[79.11658,21.6235],[79.11372,21.62357],[79.11211,21.62391],[79.10053,21.6176],[79.10207,21.60923],[79.1031,21.6084],[79.10407,21.60735],[79.10694,21.60721],[79.10721,21.60503],[79.10524,21.60393],[79.10353,21.60277],[79.103,21.60149],[79.09998,21.60138],[79.09844,21.60115],[79.09519,21.60215],[79.09336,21.60161],[79.09396,21.59811],[79.0917,21.5978],[79.08965,21.59757],[79.08896,21.59972],[79.08851,21.60395],[79.08607,21.60398],[79.08095,21.60488],[79.07969,21.60497],[79.07831,21.60531],[79.07647,21.6054],[79.07422,21.60528],[79.07275,21.60506],[79.07131,21.60438],[79.07121,21.60422],[79.07057,21.6039],[79.06895,21.60328],[79.06482,21.60214],[79.06335,21.6019],[79.05825,21.60151],[79.05537,21.60148],[79.05294,21.60416],[79.05108,21.6029],[79.05029,21.60253],[79.04769,21.60244],[79.04609,21.60257],[79.04458,21.603],[79.04312,21.60383],[79.04188,21.60473],[79.03733,21.60361],[79.03414,21.60299],[79.0309,21.60294],[79.02942,21.60279],[79.02784,21.60238],[79.02636,21.60184],[79.02484,21.60169],[79.01921,21.60259],[79.01868,21.60209],[79.01604,21.60053],[79.01453,21.5999],[79.01237,21.59945],[79.01141,21.60083],[79.00823,21.6037],[79.00595,21.60505],[79.00396,21.60605],[79.00291,21.60642],[79.00296,21.60864],[79.00281,21.60927],[79.00143,21.61105],[79.00013,21.61324],[78.99926,21.61607],[78.99907,21.61741],[78.9986,21.61818],[78.99801,21.61857],[78.99684,21.61743],[78.99596,21.61696],[78.99141,21.61621],[78.99003,21.61621],[78.98715,21.61597],[78.98536,21.61612],[78.98309,21.61662],[78.97552,21.61764],[78.97535,21.6173],[78.97459,21.61325],[78.97426,21.6128],[78.97104,21.61129],[78.96993,21.61052],[78.96664,21.60731],[78.96632,21.6065],[78.96512,21.60489],[78.9607,21.60181],[78.96011,21.60148],[78.95779,21.60073],[78.952,21.59717],[78.95126,21.59696],[78.94796,21.59694],[78.94742,21.59672],[78.94637,21.59531],[78.94531,21.59298],[78.94393,21.59215],[78.94304,21.5918],[78.94178,21.59246],[78.94033,21.59244],[78.93746,21.59272],[78.93592,21.59255],[78.93346,21.59253],[78.93209,21.59275],[78.92997,21.59284],[78.92947,21.59236],[78.92828,21.59158],[78.928,21.59121],[78.92767,21.5902],[78.92719,21.59033],[78.91676,21.59092],[78.91641,21.58984],[78.91607,21.5898],[78.91597,21.58965],[78.91571,21.58866],[78.91451,21.5891],[78.91435,21.58899],[78.91435,21.58867],[78.91489,21.58801],[78.9163,21.58759],[78.91652,21.58493],[78.91627,21.5839],[78.91554,21.58329],[78.91509,21.58319],[78.91505,21.58299],[78.91464,21.57986],[78.91492,21.57807],[78.91529,21.57724],[78.91502,21.57591],[78.91458,21.57462],[78.91442,21.57282],[78.91366,21.57204],[78.91375,21.57099],[78.9184,21.56863],[78.92117,21.56901],[78.92276,21.56869],[78.92689,21.56662],[78.93194,21.56452],[78.93204,21.56264],[78.93186,21.56176],[78.93157,21.56143],[78.93028,21.56057],[78.9286,21.55965],[78.92792,21.55958],[78.92492,21.56034],[78.92323,21.56036],[78.92169,21.56106],[78.92105,21.56123],[78.91967,21.56132],[78.91854,21.56126],[78.91817,21.56114],[78.91744,21.56064],[78.91689,21.56001],[78.91617,21.55884],[78.91453,21.55789],[78.91344,21.55649],[78.91274,21.5553],[78.91233,21.55507],[78.91137,21.55494],[78.91056,21.55446],[78.90985,21.55433],[78.9068,21.55326],[78.90963,21.55269],[78.91007,21.5525],[78.91146,21.55132],[78.91193,21.55119],[78.91241,21.55123],[78.91338,21.55078],[78.91255,21.54886],[78.91682,21.54791],[78.9186,21.54713],[78.92302,21.54376],[78.92447,21.54181],[78.92555,21.54082],[78.92729,21.54034],[78.92987,21.54036],[78.92713,21.53541],[78.92593,21.53269],[78.92616,21.53144],[78.92658,21.53102],[78.92729,21.52934],[78.92736,21.5289],[78.92699,21.52759],[78.92699,21.52713],[78.92716,21.52683],[78.92696,21.52564],[78.92695,21.5244],[78.92859,21.52318]]}},{"type":"Feature","properties":{"kind":"state","name":"Madhya Pradesh–Maharashtra","src":"OSM relations 1950071 and 1950884","river":"5236","rlen":290},"geometry":{"type":"LineString","coordinates":[[78.92859,21.52318],[78.92973,21.52391],[78.93044,21.52411],[78.93125,21.52415],[78.93236,21.52407],[78.93454,21.52288],[78.93596,21.52144],[78.93687,21.5208],[78.93834,21.51928],[78.9398,21.51809],[78.94023,21.51787],[78.94326,21.51558],[78.94375,21.51529],[78.94418,21.51516],[78.94452,21.51492],[78.94457,21.5146],[78.94454,21.51364],[78.94443,21.51261],[78.94411,21.51193],[78.94384,21.51177],[78.94167,21.51113],[78.94072,21.51061],[78.94034,21.50992],[78.94003,21.5075],[78.93954,21.50524],[78.93872,21.50334],[78.93873,21.50083],[78.93817,21.4992],[78.93777,21.4984],[78.93773,21.4979],[78.93784,21.49516],[78.93841,21.49353],[78.93847,21.49288],[78.93829,21.4921],[78.93801,21.49158],[78.93669,21.48966],[78.93588,21.48759],[78.93582,21.48612]]}},{"type":"Feature","properties":{"kind":"state","name":"Madhya Pradesh–Maharashtra","src":"OSM relations 1950071 and 1950884"},"geometry":{"type":"LineString","coordinates":[[78.93582,21.48612],[78.93366,21.48619],[78.92821,21.48676],[78.92474,21.48694],[78.92306,21.48745],[78.91944,21.4893],[78.91778,21.4911],[78.9174,21.49225],[78.9141,21.49366],[78.90996,21.49612],[78.90398,21.49847],[78.89926,21.50046],[78.89518,21.49828],[78.89473,21.49627],[78.89357,21.49218],[78.89262,21.48939],[78.89186,21.48651],[78.89141,21.48583],[78.89084,21.48526],[78.88583,21.48611],[78.88354,21.48636],[78.88141,21.48641],[78.88023,21.48688],[78.87985,21.48741],[78.87927,21.48763],[78.87297,21.48923],[78.87293,21.49027],[78.87282,21.4903],[78.87212,21.48963],[78.87152,21.48969],[78.86763,21.49131],[78.86813,21.49365],[78.86803,21.49408],[78.86702,21.4935],[78.86555,21.49314],[78.86419,21.49266],[78.86331,21.4927],[78.85944,21.49383],[78.85775,21.49399],[78.85586,21.49462],[78.85539,21.49414],[78.85592,21.49376],[78.85639,21.49312],[78.85619,21.49284],[78.85534,21.49215],[78.85436,21.49176],[78.85259,21.49013],[78.85191,21.48972],[78.851,21.4896],[78.85006,21.48963],[78.84844,21.49003],[78.846,21.489],[78.8444,21.48788],[78.84425,21.48736],[78.84105,21.487],[78.8397,21.4872],[78.83805,21.48769],[78.83622,21.48859],[78.83414,21.48919],[78.82975,21.49017],[78.82857,21.49024],[78.82424,21.48952],[78.82153,21.48791],[78.8202,21.48733],[78.81979,21.48726],[78.81804,21.48775],[78.81702,21.48791],[78.8164,21.48768],[78.81557,21.4877],[78.8154,21.48791],[78.81516,21.49064],[78.80807,21.49033],[78.80465,21.49046],[78.80445,21.49018],[78.80375,21.48984],[78.80245,21.4894],[78.80131,21.48957],[78.80099,21.48987],[78.80026,21.49016],[78.79997,21.49],[78.79986,21.48957],[78.80015,21.48901],[78.79986,21.48839],[78.79938,21.48807],[78.7984,21.48798],[78.79827,21.48695],[78.79807,21.48666],[78.79788,21.48652],[78.79644,21.48635],[78.79599,21.48554],[78.79489,21.48526],[78.79452,21.48525],[78.79403,21.48548],[78.79306,21.48525],[78.79173,21.4859],[78.79147,21.48594],[78.7907,21.48575],[78.79042,21.4859],[78.78998,21.48639],[78.78981,21.48616],[78.78921,21.48257],[78.78884,21.4825],[78.78869,21.48089],[78.78837,21.48075],[78.78698,21.48089],[78.78685,21.47966],[78.78663,21.47934],[78.78384,21.47926],[78.78015,21.47887],[78.77996,21.47744],[78.77975,21.47699],[78.77879,21.47586],[78.77912,21.47508],[78.77927,21.474],[78.77846,21.47232],[78.77866,21.47122],[78.77862,21.47033],[78.77877,21.46936],[78.77851,21.46907],[78.77731,21.46856],[78.77718,21.46813],[78.77728,21.46705],[78.77626,21.4661],[78.77613,21.46458],[78.7754,21.46667],[78.77398,21.46998],[78.77355,21.47045],[78.77245,21.471],[78.77213,21.47126],[78.7719,21.47168],[78.77211,21.47267],[78.77237,21.47315],[78.77243,21.47392],[78.77233,21.47437],[78.77174,21.4755],[78.7716,21.47672],[78.77142,21.47696],[78.77039,21.47688],[78.76941,21.47716],[78.76881,21.4775],[78.76868,21.47804],[78.76895,21.47874],[78.76878,21.47896],[78.76827,21.47924],[78.76839,21.48005],[78.76781,21.48181],[78.76675,21.48255],[78.7666,21.4828],[78.76642,21.48376],[78.76646,21.48658],[78.76687,21.48904],[78.76663,21.48922],[78.76606,21.4893],[78.76235,21.4893],[78.76214,21.48994],[78.75663,21.49024],[78.75472,21.4909],[78.75085,21.49298],[78.74973,21.49026],[78.74906,21.48904],[78.74882,21.48895],[78.74782,21.48809],[78.74736,21.48755],[78.74697,21.48681],[78.74495,21.48101],[78.74472,21.47979],[78.74472,21.4786],[78.74559,21.47019],[78.74454,21.47045],[78.74105,21.47099],[78.73945,21.4709],[78.73715,21.47058],[78.73343,21.46969],[78.73257,21.46805],[78.73146,21.46454],[78.731,21.46381],[78.72998,21.46268],[78.72937,21.46244],[78.72847,21.46229],[78.72694,21.46277],[78.72438,21.46398],[78.72255,21.46463],[78.72033,21.46524],[78.71657,21.46749],[78.71163,21.46988],[78.71005,21.46994],[78.70756,21.47063],[78.70737,21.47123],[78.70728,21.47261],[78.70738,21.47391],[78.70379,21.47335],[78.70243,21.47341],[78.69984,21.47381],[78.7009,21.47489],[78.70132,21.47549],[78.70167,21.47632],[78.6967,21.47747],[78.694,21.47887],[78.69335,21.47909],[78.69011,21.47797],[78.68933,21.47784],[78.68849,21.47794],[78.68997,21.47968],[78.69014,21.4802],[78.69002,21.48113],[78.68972,21.48156],[78.6893,21.48186],[78.68891,21.48197],[78.68741,21.48199],[78.68501,21.48143],[78.68323,21.48122],[78.6793,21.48033],[78.67369,21.4805],[78.67094,21.48009],[78.66849,21.4775],[78.66779,21.47715],[78.66712,21.47709],[78.66603,21.4774],[78.66372,21.47895],[78.66252,21.47941],[78.66005,21.4808],[78.65931,21.48138],[78.65596,21.48218],[78.65519,21.48225],[78.65394,21.48201],[78.649,21.48378],[78.64343,21.48552],[78.64186,21.4852],[78.64117,21.48477],[78.63936,21.48321],[78.63798,21.4823],[78.63585,21.48111],[78.63493,21.48085],[78.63476,21.48053],[78.62986,21.47694],[78.62868,21.47568],[78.62517,21.47622],[78.62092,21.47778],[78.61997,21.47826],[78.61918,21.48157],[78.61807,21.48259],[78.61379,21.48523],[78.6121,21.48599],[78.61122,21.48664],[78.61004,21.48817],[78.60877,21.48906],[78.60771,21.489],[78.60666,21.48867],[78.60301,21.48809],[78.60255,21.48785],[78.60188,21.48653],[78.60098,21.4854],[78.60001,21.48544],[78.59901,21.4857],[78.59618,21.48813],[78.5954,21.48841],[78.59475,21.48848],[78.594,21.48828],[78.59299,21.48781],[78.59139,21.48744],[78.58577,21.48661],[78.58534,21.48672],[78.58457,21.48707],[78.58434,21.48759],[78.58415,21.49006],[78.58177,21.48995],[78.58212,21.4906],[78.58249,21.4923],[78.58115,21.49301],[78.57843,21.49477],[78.5774,21.49624],[78.57671,21.49752],[78.57636,21.49787],[78.57585,21.49817],[78.57281,21.49854],[78.57172,21.4989],[78.57293,21.50068],[78.57315,21.50156],[78.57112,21.50307],[78.56785,21.50579],[78.56702,21.5097],[78.56806,21.51186],[78.56848,21.51241],[78.56978,21.51356],[78.57015,21.51425],[78.56852,21.51388],[78.56626,21.51373],[78.56528,21.5135],[78.56487,21.51324],[78.56347,21.51305],[78.56291,21.51286],[78.56138,21.51316],[78.56002,21.51328],[78.55978,21.51342],[78.55839,21.51512],[78.55797,21.51543],[78.55653,21.51555],[78.55603,21.51638],[78.55598,21.51762],[78.55394,21.51807],[78.55138,21.51806],[78.55071,21.51901],[78.54973,21.51828],[78.54917,21.51851],[78.54895,21.51878],[78.54797,21.51925],[78.54783,21.51964],[78.54643,21.52058],[78.54548,21.52106],[78.54387,21.52142],[78.54352,21.52213],[78.54304,21.52262],[78.54067,21.52372],[78.53284,21.52337],[78.53161,21.52322],[78.53076,21.52326],[78.52868,21.52399],[78.52606,21.52515],[78.52276,21.52627],[78.51956,21.52686],[78.51746,21.5269],[78.51581,21.52718],[78.51164,21.52869],[78.51034,21.52669],[78.51035,21.52647],[78.50926,21.52602],[78.5079,21.52571],[78.50682,21.52568],[78.50619,21.52593],[78.50472,21.52679],[78.50439,21.52605],[78.50398,21.52454],[78.50301,21.52285],[78.50243,21.52215],[78.50231,21.52188],[78.50233,21.52127],[78.50191,21.52093],[78.50182,21.52006],[78.50144,21.51904],[78.50134,21.51798],[78.50061,21.51709],[78.49869,21.51689],[78.49621,21.51723],[78.49503,21.51725],[78.49377,21.51561],[78.49335,21.51436],[78.49275,21.51392],[78.49171,21.51358],[78.49124,21.51288],[78.49102,21.51135],[78.49086,21.51096],[78.49018,21.51057],[78.48944,21.50991],[78.489,21.50911],[78.48843,21.50854],[78.48769,21.50806],[78.48694,21.50777],[78.48689,21.5072],[78.48707,21.5069],[78.48685,21.50553],[78.48408,21.50609],[78.48377,21.50539],[78.48326,21.50535],[78.48112,21.50541],[78.47758,21.50571],[78.4757,21.50571],[78.47534,21.50501],[78.47536,21.50475],[78.47569,21.50416],[78.47597,21.50303],[78.47592,21.50262],[78.47557,21.5018],[78.47561,21.50127],[78.47522,21.50097],[78.47088,21.50081],[78.46966,21.50087],[78.46677,21.50167],[78.46554,21.50221],[78.46417,21.50367],[78.46365,21.50383],[78.46223,21.50384],[78.46068,21.50348],[78.45976,21.50001],[78.45928,21.49889],[78.45709,21.49607],[78.453,21.49683],[78.45141,21.49665],[78.45051,21.49623],[78.44965,21.49552],[78.44881,21.49699],[78.44891,21.49866],[78.44868,21.49929],[78.44809,21.5],[78.44583,21.50131],[78.4445,21.50172],[78.44281,21.50206],[78.43955,21.5023],[78.43832,21.50113],[78.43619,21.5007]]}},{"type":"Feature","properties":{"kind":"state","name":"Madhya Pradesh–Maharashtra","src":"OSM relations 1950071 and 1950884","river":"6554","rlen":533},"geometry":{"type":"LineString","coordinates":[[78.43619,21.5007],[78.43566,21.50239],[78.43551,21.50261],[78.43508,21.50289],[78.43483,21.50374],[78.43464,21.50573],[78.43476,21.50644],[78.43489,21.50662],[78.43518,21.50771],[78.43534,21.50916],[78.43506,21.50973],[78.4331,21.51123],[78.43231,21.51234],[78.43213,21.51274],[78.43216,21.51355],[78.43243,21.51418],[78.43326,21.51458],[78.43413,21.51476],[78.43574,21.51469],[78.43691,21.51476],[78.43758,21.51498],[78.43817,21.51531],[78.43872,21.51588],[78.43911,21.51659],[78.43912,21.51689],[78.43862,21.518],[78.43744,21.51923],[78.43683,21.51968],[78.43658,21.5198],[78.43624,21.51985],[78.43497,21.51979],[78.43436,21.51986],[78.43309,21.52052],[78.432,21.52073],[78.43166,21.52094],[78.43013,21.52462],[78.42987,21.5258],[78.42989,21.52609],[78.43061,21.52699],[78.43171,21.52812],[78.43336,21.52944],[78.43425,21.53003],[78.43445,21.53027],[78.43487,21.53149],[78.43504,21.53284],[78.43495,21.53395],[78.43434,21.53541],[78.43369,21.53601],[78.43268,21.53674],[78.43097,21.53876],[78.4296,21.54077],[78.42839,21.54201],[78.4281,21.54215],[78.42784,21.54217],[78.42646,21.54206],[78.42584,21.54211],[78.42495,21.54238],[78.42438,21.54273],[78.42409,21.54303],[78.42389,21.5435],[78.42387,21.54457],[78.42417,21.54603],[78.42554,21.54782],[78.42576,21.54796],[78.42612,21.54858],[78.42621,21.55027],[78.4261,21.55176],[78.42622,21.55231],[78.42672,21.55308],[78.4274,21.55359],[78.42803,21.55534],[78.42823,21.55622],[78.42875,21.55727],[78.42891,21.55814],[78.42884,21.55851],[78.42816,21.55924],[78.42628,21.56046],[78.42616,21.56085],[78.42608,21.56253],[78.42567,21.5647],[78.42545,21.56635],[78.42518,21.56668],[78.42408,21.56739],[78.42216,21.56837],[78.42122,21.56931],[78.4206,21.56983],[78.4205,21.57135],[78.41976,21.57586],[78.41893,21.57904],[78.41889,21.57985],[78.41903,21.58038],[78.41938,21.58096],[78.41991,21.58247],[78.41987,21.58285],[78.41922,21.58456],[78.41913,21.5855],[78.42098,21.58962],[78.42234,21.59165],[78.42318,21.59323],[78.42475,21.59571],[78.42642,21.5975],[78.42705,21.59891],[78.42708,21.5992],[78.4269,21.59966],[78.42678,21.5998],[78.42615,21.59999],[78.42342,21.59992],[78.42066,21.59957],[78.42007,21.59956],[78.41915,21.59968],[78.4178,21.60091],[78.41726,21.60122],[78.4164,21.60129],[78.4156,21.60169],[78.41396,21.60377],[78.41203,21.60503],[78.41139,21.60608],[78.40854,21.60882],[78.408,21.60917],[78.4067,21.60921],[78.40589,21.60907],[78.4019,21.60787],[78.39914,21.6068],[78.39859,21.60673],[78.39749,21.60675],[78.39505,21.60755],[78.39367,21.60844],[78.39321,21.60864],[78.3929,21.60903],[78.39281,21.60955],[78.39304,21.61092],[78.39307,21.6118],[78.39285,21.61289],[78.39228,21.61382],[78.39141,21.6144],[78.38965,21.61489],[78.38912,21.61496],[78.38729,21.61478],[78.38594,21.61452],[78.3837,21.61449],[78.38317,21.61435],[78.38238,21.61393],[78.38185,21.61389],[78.38073,21.61396],[78.38007,21.6141],[78.37905,21.61412],[78.37786,21.61377],[78.37679,21.61388],[78.37562,21.61382],[78.37412,21.61333],[78.37278,21.61348]]}},{"type":"Feature","properties":{"kind":"state","name":"Madhya Pradesh–Maharashtra","src":"OSM relations 1950071 and 1950884"},"geometry":{"type":"LineString","coordinates":[[78.37278,21.61348],[78.3725,21.61166],[78.37302,21.60998],[78.37622,21.60581],[78.37792,21.60324],[78.37827,21.60182],[78.37813,21.59808],[78.38054,21.59615],[78.38049,21.59359],[78.38183,21.59295],[78.38162,21.59204],[78.38053,21.59008],[78.37932,21.58752],[78.37862,21.58571],[78.37834,21.58467],[78.3778,21.58373],[78.37347,21.5802],[78.37086,21.57898],[78.36565,21.5761],[78.36306,21.5752],[78.36045,21.57458],[78.35693,21.57401],[78.35542,21.57332],[78.35113,21.57729],[78.35075,21.57805],[78.34894,21.57863],[78.34871,21.579],[78.34852,21.58067],[78.34821,21.58092],[78.34568,21.58144],[78.34542,21.58176],[78.34397,21.58534],[78.34275,21.58906],[78.33952,21.58601],[78.32858,21.57721],[78.32717,21.57551],[78.32661,21.575],[78.32031,21.57205],[78.31919,21.57208],[78.31814,21.57233],[78.3151,21.57274],[78.31386,21.57275],[78.30975,21.57173],[78.30817,21.57151],[78.30774,21.57134],[78.30705,21.56957],[78.30395,21.57045],[78.30422,21.57242],[78.30416,21.57345],[78.30402,21.57385],[78.30404,21.57747],[78.30382,21.57802],[78.30386,21.57896],[78.30364,21.58119],[78.30297,21.58374],[78.29532,21.58392],[78.29342,21.58384],[78.29121,21.58323],[78.28936,21.58385],[78.28753,21.58484],[78.28677,21.58512],[78.28281,21.58504],[78.28115,21.58524],[78.28034,21.58612],[78.27824,21.58932],[78.27754,21.59004],[78.27522,21.59182],[78.27453,21.59187],[78.27247,21.5907],[78.27182,21.59066],[78.27,21.59094],[78.26648,21.59173],[78.26521,21.59159],[78.2644,21.59127],[78.26252,21.58896],[78.26189,21.5875],[78.26137,21.58674],[78.26104,21.58595],[78.26088,21.58474],[78.26105,21.58401],[78.26138,21.58354],[78.26134,21.58194],[78.26096,21.58081],[78.26033,21.57988],[78.2603,21.57966],[78.26177,21.57866],[78.26463,21.57581],[78.26526,21.57534],[78.26624,21.57482],[78.2689,21.57429],[78.26918,21.57408],[78.27026,21.57262],[78.27108,21.57187],[78.2716,21.57169],[78.2727,21.57158],[78.27327,21.57121],[78.27379,21.57051],[78.27391,21.57013],[78.27386,21.56925],[78.27179,21.56971],[78.27013,21.56927],[78.26331,21.56647],[78.26109,21.56572],[78.25617,21.56438],[78.2487,21.56258],[78.24805,21.56232],[78.24645,21.56232],[78.24353,21.56334],[78.24275,21.5635],[78.24141,21.56346],[78.23958,21.56307],[78.2384,21.56222],[78.23506,21.55913],[78.23192,21.55675],[78.22634,21.55432],[78.22328,21.55316],[78.22057,21.55318],[78.21877,21.55343],[78.21747,21.55376],[78.21599,21.55383],[78.21401,21.55355],[78.21037,21.55341],[78.20821,21.55298],[78.20695,21.5529],[78.20547,21.55297],[78.20211,21.55367],[78.19873,21.55475],[78.19549,21.55521],[78.19343,21.556],[78.19115,21.55656],[78.1827,21.55739],[78.18189,21.55734],[78.17824,21.55391],[78.17674,21.5521],[78.17648,21.55113],[78.17593,21.54992],[78.17501,21.54868],[78.17421,21.54726],[78.17401,21.54541],[78.17286,21.53875],[78.17327,21.53727],[78.17417,21.53531],[78.17471,21.53332],[78.1755,21.5281],[78.17362,21.52736],[78.17125,21.52558],[78.17203,21.52437],[78.17735,21.51816],[78.18051,21.51492],[78.18184,21.51329],[78.18263,21.51175],[78.17891,21.50996],[78.1773,21.5078],[78.17683,21.50761],[78.1764,21.50758],[78.17447,21.50798],[78.17456,21.50721],[78.17603,21.50119],[78.17581,21.50067],[78.17621,21.49975],[78.17478,21.49888],[78.17397,21.49854],[78.16507,21.49358],[78.15991,21.48991],[78.15801,21.48916],[78.15532,21.4878],[78.14914,21.48506],[78.14547,21.48242],[78.14225,21.48106],[78.14076,21.48],[78.1382,21.47903],[78.13655,21.47816],[78.13413,21.47646],[78.13297,21.47548],[78.13088,21.47324],[78.12688,21.47043],[78.12587,21.46984],[78.12254,21.46869],[78.11813,21.46697],[78.11541,21.46487],[78.11335,21.46346],[78.10991,21.46213],[78.10469,21.4607],[78.1022,21.46042],[78.09873,21.45865],[78.09383,21.45504],[78.09146,21.4526],[78.0854,21.44756],[78.08094,21.44464],[78.07756,21.44328],[78.07013,21.43993],[78.06606,21.43797],[78.06272,21.43709],[78.06,21.43683],[78.05801,21.43644],[78.05417,21.43525],[78.04919,21.43401],[78.04602,21.43398],[78.04372,21.43127],[78.04132,21.42943],[78.04029,21.42845],[78.0387,21.4275],[78.03384,21.42502],[78.03275,21.42398],[78.03009,21.42214],[78.02738,21.42118],[78.02737,21.42083],[78.02684,21.42046],[78.02132,21.41912],[78.01918,21.41891],[78.01777,21.4189],[78.01618,21.41916],[78.01464,21.41908],[78.01408,21.41887],[78.01324,21.41829],[78.01239,21.41744],[78.0118,21.41752],[78.01144,21.41743],[78.01062,21.41669],[78.0086,21.4172],[78.00763,21.41673],[78.00905,21.41522],[78.00897,21.41511],[78.00127,21.41469],[78.00066,21.41373],[77.9931,21.40792],[77.98954,21.40534],[77.98781,21.4044],[77.98473,21.40319],[77.98104,21.40246],[77.97913,21.40246],[77.97381,21.40285],[77.96781,21.40253],[77.96512,21.40221],[77.96223,21.40171],[77.95944,21.40087],[77.95616,21.40019],[77.94881,21.39813],[77.94259,21.39661],[77.94222,21.39596],[77.9409,21.39216],[77.94051,21.39037],[77.94084,21.38705],[77.94119,21.38577],[77.93847,21.38572],[77.93525,21.38551],[77.9326,21.38581],[77.93051,21.38619],[77.92759,21.38599],[77.92692,21.38584],[77.92426,21.38431],[77.92302,21.38377],[77.92172,21.38342],[77.91755,21.38276],[77.91454,21.38197],[77.91209,21.38113],[77.90835,21.37847],[77.907,21.37784],[77.90547,21.37758],[77.90184,21.37732],[77.89961,21.37731],[77.89766,21.37749],[77.89409,21.37741],[77.89164,21.3779],[77.88843,21.3781],[77.88557,21.37706],[77.88458,21.37647],[77.88327,21.37604],[77.88299,21.37636],[77.88297,21.37739],[77.8835,21.37808],[77.88357,21.37954],[77.88425,21.38074],[77.8842,21.38174],[77.88472,21.38323],[77.88385,21.38417],[77.88247,21.38467],[77.88002,21.38501],[77.87325,21.38663],[77.87175,21.38654],[77.86955,21.38735],[77.86758,21.38787],[77.86713,21.38775],[77.86524,21.38773],[77.86419,21.3876],[77.8568,21.38852],[77.85655,21.38979],[77.85637,21.39019],[77.85529,21.3906],[77.85236,21.39086],[77.8509,21.39134],[77.84974,21.39193],[77.84728,21.3925],[77.84634,21.39298],[77.84556,21.39369],[77.84476,21.39499],[77.84262,21.3972],[77.84136,21.3974],[77.83945,21.39825],[77.83802,21.39928],[77.83716,21.40024],[77.83651,21.40077],[77.83433,21.40197],[77.83085,21.40265],[77.82973,21.40268],[77.82511,21.40508],[77.82366,21.40624],[77.82262,21.40733],[77.81808,21.40788],[77.81749,21.40761],[77.816,21.40777],[77.81571,21.40736],[77.81453,21.40781],[77.81366,21.40882],[77.81333,21.40903],[77.81229,21.40931],[77.81157,21.40931],[77.80922,21.40812],[77.8083,21.40804],[77.8072,21.40814],[77.80643,21.40857],[77.80619,21.40891],[77.80457,21.40936],[77.80314,21.40939],[77.80115,21.4096],[77.79919,21.40621],[77.79828,21.40491],[77.79736,21.39821],[77.79677,21.38901],[77.7943,21.38838],[77.79166,21.38822],[77.7877,21.38713],[77.78067,21.38594],[77.77324,21.38437],[77.77024,21.38358],[77.76758,21.38255],[77.76423,21.38159],[77.76388,21.3814],[77.76122,21.38517],[77.75249,21.38357],[77.75004,21.38283],[77.74935,21.38231],[77.74726,21.3803],[77.74679,21.37974],[77.74605,21.37849],[77.74524,21.37673],[77.74385,21.373],[77.7419,21.36904],[77.74109,21.36625],[77.74057,21.36542],[77.74014,21.36499],[77.73838,21.36477],[77.73711,21.3622],[77.73483,21.36205],[77.73043,21.36215],[77.7273,21.36185],[77.7255,21.36202],[77.72329,21.36167],[77.72036,21.361],[77.71445,21.35875],[77.71286,21.35838],[77.71145,21.35781],[77.70999,21.35745],[77.70922,21.35868],[77.70912,21.36021],[77.70824,21.36463],[77.70676,21.3682],[77.70703,21.36995],[77.70629,21.37195],[77.70635,21.37233],[77.70679,21.37287],[77.7069,21.37362],[77.70724,21.37435],[77.70739,21.37505],[77.70708,21.37545],[77.70635,21.376],[77.70549,21.37639],[77.7047,21.377],[77.70412,21.37679],[77.70297,21.37611],[77.7006,21.37367],[77.70038,21.37361],[77.69917,21.37402],[77.69741,21.3743],[77.69517,21.37876],[77.69588,21.38095],[77.69593,21.3818],[77.69584,21.38254],[77.69556,21.38342],[77.69559,21.38373],[77.6961,21.38543],[77.6971,21.39184],[77.69708,21.39271],[77.69597,21.39471],[77.69548,21.39637],[77.69531,21.39653],[77.694,21.3968],[77.69199,21.39757],[77.69184,21.39749],[77.69112,21.39586],[77.68758,21.39111],[77.68618,21.38832],[77.68428,21.38549],[77.68169,21.38213],[77.67963,21.37909],[77.67908,21.37752],[77.67866,21.37691],[77.67709,21.37499],[77.67307,21.37208],[77.67104,21.37022],[77.66888,21.36968]]}},{"type":"Feature","properties":{"kind":"state","name":"Madhya Pradesh–Maharashtra","src":"OSM relations 1950071 and 1950884","river":"7918","rlen":46},"geometry":{"type":"LineString","coordinates":[[77.66888,21.36968],[77.66874,21.3702],[77.66774,21.37218],[77.66763,21.37253],[77.66715,21.37318],[77.6665,21.37328],[77.66582,21.37352],[77.66467,21.37417],[77.66431,21.37482],[77.66434,21.37528],[77.66482,21.37599],[77.66503,21.37643],[77.66524,21.37772],[77.66561,21.37852],[77.66578,21.37932],[77.66595,21.37955],[77.6667,21.38023],[77.6668,21.38048],[77.6668,21.38102],[77.6666,21.38188],[77.66662,21.38221],[77.66686,21.38267],[77.66688,21.38342],[77.66678,21.3841],[77.66649,21.38463],[77.66518,21.38507],[77.66163,21.38555],[77.66024,21.38624],[77.65876,21.3865],[77.65827,21.38635],[77.65725,21.38567],[77.65698,21.38562],[77.65646,21.38575],[77.65476,21.38726],[77.65442,21.38777],[77.65396,21.38911],[77.654,21.3894],[77.65413,21.38962],[77.65482,21.39019],[77.65498,21.39079],[77.65497,21.3909],[77.65481,21.39108],[77.65459,21.39126],[77.65373,21.39163],[77.65318,21.3917],[77.65195,21.39202],[77.6509,21.39196],[77.65077,21.392],[77.65047,21.39237],[77.64995,21.39262],[77.64931,21.39246],[77.64894,21.39208],[77.64785,21.38976],[77.64748,21.38971],[77.64721,21.38981],[77.64693,21.38981],[77.64655,21.38971],[77.64591,21.38935],[77.64542,21.3889],[77.64498,21.38834],[77.64476,21.38794],[77.64474,21.3875],[77.64445,21.38718],[77.64353,21.38693],[77.64263,21.38698],[77.64183,21.38738],[77.64117,21.38797],[77.6401,21.38851],[77.63921,21.38921]]}},{"type":"Feature","properties":{"kind":"state","name":"Madhya Pradesh–Maharashtra","src":"OSM relations 1950071 and 1950884"},"geometry":{"type":"LineString","coordinates":[[77.63921,21.38921],[77.63728,21.38842],[77.63586,21.38833],[77.63392,21.38877],[77.63107,21.38875],[77.62773,21.38816],[77.62157,21.38678],[77.61726,21.38712],[77.6139,21.39205],[77.61192,21.3924],[77.60862,21.39109],[77.60497,21.39073],[77.60343,21.38984],[77.60375,21.38847],[77.60481,21.38659],[77.6049,21.38283],[77.60529,21.37901],[77.60617,21.37357],[77.6075,21.37085],[77.60826,21.37049],[77.60824,21.36961],[77.60837,21.36893],[77.60815,21.36847],[77.60832,21.36776],[77.60785,21.36727],[77.60802,21.3668],[77.60794,21.36595],[77.60805,21.36537],[77.60785,21.36494],[77.60593,21.3628],[77.60513,21.36244],[77.603,21.36241],[77.59932,21.36263],[77.59556,21.36306],[77.59482,21.36303],[77.59332,21.3645],[77.59182,21.36504],[77.59142,21.36502],[77.59055,21.36414],[77.5886,21.36315],[77.58711,21.36284],[77.58643,21.36473],[77.58528,21.36679],[77.58457,21.36685],[77.58392,21.36663],[77.58048,21.3677],[77.57799,21.36873],[77.57476,21.36986],[77.57343,21.37093],[77.57163,21.3703],[77.57114,21.36867],[77.56801,21.3683],[77.56704,21.36897],[77.56387,21.36915],[77.5635,21.36931],[77.56304,21.37212],[77.56256,21.37342],[77.56281,21.37534],[77.55932,21.37964],[77.55678,21.38364],[77.55776,21.3871],[77.55924,21.38917],[77.55967,21.39055],[77.56104,21.3906],[77.56162,21.39036],[77.56237,21.39027],[77.56252,21.39041],[77.56324,21.39315],[77.56146,21.39646],[77.55841,21.40009],[77.55344,21.4034],[77.55144,21.40434],[77.55006,21.40484],[77.54766,21.40532],[77.54793,21.40654],[77.54829,21.41131],[77.54729,21.41138],[77.54269,21.41115],[77.53591,21.4177],[77.53524,21.41786],[77.53343,21.41882],[77.53172,21.41915],[77.53155,21.41908],[77.5309,21.41756],[77.53046,21.41685],[77.52924,21.4153],[77.52911,21.41465],[77.52917,21.41218],[77.52824,21.40972],[77.52809,21.40623],[77.52786,21.40563],[77.5272,21.40454],[77.52647,21.40399],[77.52586,21.40382],[77.52473,21.40293],[77.52455,21.40226],[77.52468,21.40098],[77.52518,21.39963],[77.52556,21.39778],[77.52539,21.39565],[77.52511,21.39467],[77.52359,21.39133],[77.52363,21.39019],[77.52329,21.38894],[77.52233,21.38769],[77.52116,21.38719],[77.52049,21.38664],[77.51854,21.38392],[77.51671,21.38402],[77.51568,21.37936],[77.51452,21.37594],[77.50961,21.37592],[77.50633,21.37621],[77.50492,21.37647],[77.50428,21.37673],[77.50221,21.37719],[77.50092,21.37691],[77.49938,21.37629],[77.49869,21.37572],[77.4948,21.37494],[77.49242,21.37425],[77.49132,21.37425],[77.49055,21.37443],[77.48994,21.37431],[77.48942,21.3744],[77.48806,21.37436],[77.48793,21.37477],[77.48978,21.37758],[77.48987,21.37796],[77.48946,21.37924],[77.48742,21.38319],[77.48713,21.38417],[77.48694,21.3859],[77.48752,21.39179],[77.48764,21.39766],[77.48729,21.40194],[77.48751,21.40622],[77.48659,21.40729],[77.48529,21.40952],[77.4841,21.41206],[77.4831,21.41377],[77.4827,21.41498],[77.48121,21.41683],[77.47955,21.42025],[77.47922,21.42188],[77.47855,21.42393],[77.47825,21.42629],[77.47809,21.42682],[77.47662,21.4293],[77.47653,21.43085],[77.4766,21.43179],[77.47489,21.43307],[77.47212,21.43587],[77.47165,21.43613],[77.47435,21.44659],[77.47236,21.4482],[77.47188,21.4492],[77.47171,21.45029],[77.47183,21.45075],[77.47283,21.45156],[77.47315,21.45207],[77.47321,21.45282],[77.4736,21.45445],[77.47294,21.45533],[77.47121,21.45694],[77.47112,21.45689],[77.47062,21.45725],[77.46972,21.45802],[77.46734,21.45935],[77.46591,21.45982],[77.46469,21.46096],[77.46289,21.4631],[77.46083,21.46588],[77.45982,21.46662],[77.45788,21.46681],[77.45664,21.46636],[77.45606,21.46634],[77.45448,21.46715],[77.4531,21.46706],[77.45191,21.46735],[77.45097,21.46734],[77.44801,21.46865],[77.44551,21.46912],[77.44509,21.4694],[77.44463,21.4693],[77.44285,21.46942],[77.44241,21.46965],[77.44219,21.46991],[77.44184,21.47119],[77.44186,21.47281],[77.44147,21.47505],[77.43972,21.47759],[77.43912,21.47836],[77.43874,21.47865],[77.44004,21.47968],[77.44103,21.48025],[77.44219,21.48062],[77.44241,21.48129],[77.44241,21.48184],[77.44197,21.48293],[77.44231,21.48463],[77.44299,21.48611],[77.44332,21.48725],[77.44214,21.48867],[77.44025,21.49172],[77.43823,21.49409],[77.43747,21.49523],[77.43596,21.4988],[77.43539,21.49958],[77.43483,21.5],[77.43416,21.50088],[77.4308,21.50315],[77.4302,21.50371],[77.42944,21.50471],[77.4287,21.50588],[77.42633,21.51127],[77.42559,21.51236],[77.4254,21.51353],[77.42519,21.51384],[77.42312,21.5157],[77.42258,21.51661],[77.42231,21.51748],[77.42195,21.5231],[77.42202,21.52765],[77.42247,21.53103],[77.42252,21.53256],[77.42302,21.53364],[77.42556,21.53774],[77.4265,21.53864],[77.42842,21.53987],[77.43709,21.54399],[77.44005,21.54478],[77.44072,21.54463],[77.44395,21.54263],[77.4442,21.54259],[77.4458,21.54341],[77.446,21.54338],[77.44695,21.54233],[77.44859,21.54146],[77.44934,21.5414],[77.45009,21.54168],[77.45189,21.54304],[77.45568,21.54553],[77.4562,21.54599],[77.45632,21.54623],[77.4563,21.54677],[77.45601,21.54733],[77.45431,21.54917],[77.45412,21.54958],[77.45409,21.55008],[77.45455,21.55353],[77.45465,21.55374],[77.45489,21.55384],[77.45759,21.55382],[77.45989,21.55353],[77.46339,21.55351],[77.46619,21.55329],[77.46968,21.5523],[77.47063,21.55193],[77.47129,21.55143],[77.47207,21.54973],[77.47397,21.54952],[77.48059,21.54953],[77.48697,21.55061],[77.48846,21.55049],[77.49022,21.5501],[77.49265,21.55],[77.4932,21.55013],[77.4951,21.55119],[77.49578,21.55139],[77.49929,21.55163],[77.50264,21.5522],[77.50519,21.55167],[77.50753,21.55095],[77.51138,21.54771],[77.51389,21.54646],[77.51646,21.54342],[77.51782,21.54227],[77.5213,21.54097],[77.52294,21.54047],[77.53008,21.53908],[77.53722,21.53652],[77.54375,21.53683],[77.54714,21.53672],[77.54895,21.53608],[77.55083,21.53524],[77.55241,21.53483],[77.55764,21.533],[77.56363,21.53],[77.5651,21.52944],[77.57134,21.52728],[77.57523,21.52646],[77.58177,21.52742],[77.58542,21.5275],[77.58782,21.52735],[77.589,21.52779],[77.58992,21.5274],[77.59317,21.52673],[77.59516,21.52668],[77.59618,21.52706],[77.59677,21.52711],[77.59811,21.52763],[77.5985,21.52791],[77.60029,21.5306],[77.60174,21.53171],[77.60279,21.53172],[77.60571,21.53472],[77.60794,21.53722],[77.6096,21.53778],[77.61148,21.53882],[77.60965,21.54402],[77.60874,21.54819],[77.60348,21.55176],[77.59864,21.55611],[77.59529,21.55943],[77.59195,21.55748],[77.59019,21.55698],[77.58718,21.55561],[77.58554,21.55515],[77.58294,21.55402],[77.58214,21.55378],[77.58111,21.55365],[77.57817,21.55435],[77.57746,21.55469],[77.57711,21.55517],[77.57706,21.55629],[77.57674,21.55836],[77.57495,21.56107],[77.57444,21.56236],[77.57438,21.5635],[77.57412,21.56469],[77.5743,21.56595],[77.57486,21.56735],[77.57452,21.56939],[77.57464,21.57228],[77.57523,21.57364],[77.57612,21.57725],[77.57696,21.57729],[77.57579,21.57985],[77.57545,21.58144],[77.57544,21.58536],[77.57515,21.58938],[77.5747,21.59133],[77.57424,21.59774],[77.57317,21.60659],[77.57293,21.61317],[77.57268,21.61598],[77.57272,21.61687],[77.57552,21.62064],[77.5725,21.6287],[77.57129,21.63083],[77.57057,21.6315],[77.56855,21.63403],[77.56768,21.63585],[77.56627,21.63816],[77.56557,21.6397],[77.56417,21.64188],[77.56311,21.64644],[77.56103,21.66006],[77.56111,21.66285],[77.56145,21.66597],[77.5611,21.6673],[77.55843,21.67079],[77.55744,21.67244],[77.5548,21.67765],[77.55386,21.67896],[77.55097,21.68078],[77.54975,21.68334],[77.54902,21.68619],[77.54874,21.68922],[77.54829,21.69183],[77.54767,21.69402],[77.5465,21.69647],[77.54504,21.70071],[77.54323,21.70428],[77.5421,21.70614],[77.54089,21.70692],[77.53897,21.70845],[77.5368,21.70904],[77.53608,21.70903],[77.53463,21.71047],[77.53322,21.71135],[77.53155,21.71183],[77.52888,21.71146],[77.52702,21.71091],[77.52604,21.71154],[77.52496,21.7119],[77.52402,21.71262],[77.52359,21.71341],[77.52343,21.71435],[77.52404,21.71668],[77.52399,21.71712],[77.5231,21.71972],[77.52329,21.72054],[77.52405,21.7223],[77.52555,21.72431],[77.52474,21.72449],[77.52302,21.72392],[77.5221,21.72408],[77.51971,21.72524],[77.51726,21.72806],[77.5144,21.73034],[77.51347,21.73122],[77.51196,21.7322],[77.51037,21.73538],[77.5086,21.73821],[77.50809,21.7387],[77.50743,21.73881],[77.50604,21.73872],[77.50371,21.73894]]}},{"type":"Feature","properties":{"kind":"state","name":"Madhya Pradesh–Maharashtra","src":"OSM relations 1950071 and 1950884","river":"8224","rlen":55},"geometry":{"type":"LineString","coordinates":[[77.50371,21.73894],[77.50371,21.73942],[77.50342,21.73971],[77.5032,21.7398],[77.50201,21.73985],[77.50144,21.74014],[77.50134,21.74037],[77.50136,21.74114],[77.50153,21.74241],[77.50193,21.74304],[77.50222,21.74411],[77.50275,21.74522],[77.50265,21.74575],[77.50002,21.74682],[77.4992,21.74723],[77.49785,21.74734],[77.4965,21.74812],[77.49545,21.74845],[77.49518,21.74845],[77.49458,21.74816],[77.4935,21.74698],[77.49317,21.74686],[77.49271,21.74687],[77.49196,21.74717],[77.49,21.74762],[77.48921,21.74851],[77.48761,21.74984],[77.48656,21.75059],[77.48589,21.75129],[77.48557,21.75146],[77.4842,21.75182],[77.48206,21.75293],[77.48142,21.75336],[77.48053,21.75366],[77.48022,21.75387],[77.48,21.75446],[77.48006,21.75482],[77.48048,21.7552],[77.48092,21.75578],[77.48112,21.75632],[77.48107,21.75729],[77.48077,21.75817],[77.48069,21.75888],[77.48027,21.76004],[77.47875,21.76295],[77.47864,21.76338],[77.47873,21.76366],[77.4789,21.76387],[77.47947,21.76428],[77.48018,21.7643],[77.48141,21.7641],[77.48236,21.7641],[77.48287,21.76416],[77.48358,21.7644],[77.48377,21.76478],[77.48377,21.76509],[77.48318,21.76801],[77.48309,21.76818],[77.48271,21.76853],[77.48051,21.76963],[77.47952,21.77023],[77.4794,21.77044]]}},{"type":"Feature","properties":{"kind":"state","name":"Madhya Pradesh–Maharashtra","src":"OSM relations 1950071 and 1950884"},"geometry":{"type":"LineString","coordinates":[[77.4794,21.77044],[77.47762,21.76971],[77.47686,21.76953],[77.47374,21.76814],[77.47064,21.76649],[77.46771,21.7655],[77.46583,21.76507],[77.46352,21.76425],[77.4613,21.76375],[77.46048,21.76342],[77.45901,21.76233],[77.45729,21.76081],[77.45629,21.76021],[77.44992,21.75977],[77.44811,21.75944],[77.44358,21.75967],[77.4405,21.75886],[77.43542,21.75801],[77.43265,21.75813],[77.42946,21.75771],[77.42679,21.75699],[77.42452,21.75609],[77.42065,21.75484],[77.41707,21.75348],[77.4146,21.7532],[77.41183,21.75337],[77.41024,21.75328],[77.40578,21.75252],[77.40417,21.75242],[77.40175,21.75233],[77.3959,21.75259],[77.39487,21.75248],[77.39332,21.75266],[77.38987,21.75337],[77.3888,21.75346],[77.38671,21.75345],[77.38124,21.75309],[77.37948,21.75339],[77.37718,21.75452],[77.3757,21.75492],[77.37444,21.75418],[77.37305,21.75372],[77.36785,21.754],[77.35903,21.75415],[77.3554,21.75477],[77.35336,21.75536],[77.35268,21.75545],[77.35121,21.75591],[77.34704,21.75754],[77.34637,21.75776],[77.34568,21.75778],[77.345,21.75774],[77.34218,21.75678],[77.34031,21.75644],[77.33391,21.75473],[77.32764,21.75369],[77.32443,21.75274],[77.31843,21.7553],[77.31612,21.7565],[77.31579,21.75657],[77.31451,21.75673],[77.31253,21.75671],[77.31064,21.75653],[77.30633,21.7558],[77.30429,21.7556],[77.30146,21.75562],[77.29936,21.75596],[77.29874,21.75612],[77.29515,21.75823],[77.29189,21.75979],[77.2903,21.76035],[77.28855,21.76015],[77.28722,21.75973],[77.28282,21.75886],[77.28047,21.75858],[77.2802,21.75821],[77.27973,21.75422],[77.27965,21.75064],[77.27995,21.74955],[77.28026,21.74908],[77.28067,21.74876],[77.28155,21.74832],[77.28302,21.74799],[77.28649,21.74584],[77.28702,21.74524],[77.28729,21.74472],[77.28742,21.74414],[77.28712,21.7426],[77.28576,21.7408],[77.28422,21.7369],[77.28575,21.73562],[77.28904,21.73342],[77.28985,21.73304],[77.29114,21.73285],[77.29117,21.73223],[77.29089,21.73097],[77.29012,21.72826],[77.28856,21.72447],[77.28772,21.72267],[77.28722,21.72192],[77.2868,21.72193],[77.28189,21.72334],[77.2803,21.72367],[77.27926,21.72406],[77.27666,21.72551],[77.2733,21.72788],[77.27253,21.72815],[77.27188,21.72814],[77.27067,21.72794],[77.27006,21.72767],[77.26802,21.72575],[77.26756,21.72504],[77.26654,21.72307],[77.26586,21.72012],[77.26478,21.71821],[77.26397,21.71559],[77.26246,21.71274],[77.26215,21.71238],[77.26188,21.71229],[77.25717,21.7121],[77.25446,21.71223],[77.25147,21.7128],[77.25061,21.71306],[77.25018,21.7134],[77.25,21.71387],[77.24883,21.71421],[77.24702,21.71531],[77.24438,21.71643],[77.24403,21.71635],[77.24249,21.7147],[77.24164,21.71536],[77.24044,21.71535],[77.2383,21.71569],[77.23554,21.71635],[77.23444,21.71614],[77.2329,21.71519],[77.2323,21.71498],[77.23196,21.71511],[77.2312,21.71618],[77.23082,21.71639],[77.23029,21.71647],[77.22968,21.7163],[77.22842,21.71636],[77.22691,21.71679],[77.22689,21.71473],[77.22752,21.71279],[77.22779,21.70981],[77.22756,21.70631],[77.22714,21.70512],[77.22688,21.70347],[77.22716,21.70054],[77.22735,21.69999],[77.22775,21.69953],[77.22682,21.69866],[77.22467,21.6973],[77.22116,21.69669],[77.22078,21.69651],[77.21978,21.69523],[77.21902,21.69402],[77.21883,21.69395],[77.21619,21.69398],[77.21476,21.69422],[77.21288,21.69501],[77.21217,21.69387],[77.21042,21.68965],[77.2059,21.69129],[77.20313,21.69277],[77.20193,21.69392],[77.1999,21.69661],[77.19889,21.69778],[77.1959,21.69898],[77.19423,21.69951],[77.19252,21.69969],[77.1909,21.70018],[77.18844,21.70145],[77.18813,21.70171],[77.18837,21.70361],[77.18992,21.70782],[77.1913,21.71261],[77.1916,21.71638],[77.19159,21.71753],[77.19143,21.71858],[77.19192,21.72063]]}},{"type":"Feature","properties":{"kind":"state","name":"Madhya Pradesh–Maharashtra","src":"OSM relations 1950071 and 1950884","river":"8440","rlen":779},"geometry":{"type":"LineString","coordinates":[[77.19192,21.72063],[77.19064,21.7209],[77.18864,21.72233],[77.18711,21.72307],[77.18649,21.72316],[77.181,21.72322],[77.18042,21.72343],[77.17998,21.72384],[77.17752,21.72507],[77.1771,21.72566],[77.17692,21.7258],[77.17611,21.72592],[77.17421,21.72587],[77.17386,21.72575],[77.1729,21.72494],[77.17118,21.72407],[77.16981,21.72304],[77.1695,21.72255],[77.16925,21.72194],[77.16914,21.72134],[77.16913,21.72052],[77.16885,21.71988],[77.16881,21.71935],[77.16888,21.71899],[77.16989,21.71668],[77.16997,21.71623],[77.16997,21.7152],[77.16966,21.71433],[77.16914,21.71337],[77.16835,21.71236],[77.16699,21.7115],[77.16633,21.71117],[77.16535,21.71086],[77.16416,21.71074],[77.16165,21.71086],[77.15869,21.7112],[77.153,21.71134],[77.14957,21.71214],[77.14888,21.71237],[77.14802,21.71243],[77.14623,21.71293],[77.14548,21.71344],[77.14479,21.71416],[77.1432,21.71653],[77.14002,21.71947],[77.13933,21.7198],[77.13623,21.71986],[77.13467,21.72002],[77.13388,21.72031],[77.13312,21.7207],[77.13258,21.72109],[77.13191,21.72185],[77.13082,21.72234],[77.12677,21.7223],[77.12145,21.72213],[77.11927,21.72221],[77.11808,21.7221],[77.11682,21.72185],[77.11426,21.72094],[77.1116,21.71991],[77.11033,21.7192],[77.10863,21.71867],[77.10364,21.7174],[77.10073,21.71688],[77.09627,21.71673],[77.09254,21.71626],[77.09021,21.71547],[77.08722,21.71479],[77.0864,21.71469],[77.08489,21.71474],[77.0843,21.71491],[77.08316,21.71566],[77.08207,21.71782],[77.08123,21.71882],[77.07947,21.72001],[77.07838,21.72014],[77.07734,21.72014],[77.07355,21.71974],[77.07239,21.71919],[77.07062,21.71808],[77.06976,21.71741],[77.06965,21.7167],[77.06911,21.7164],[77.06876,21.71604],[77.06791,21.71506],[77.06755,21.71478],[77.06647,21.71365],[77.06601,21.71311],[77.06507,21.71175],[77.06449,21.71137],[77.06434,21.71119],[77.06419,21.71089],[77.06404,21.7101],[77.06428,21.70862],[77.06355,21.70733],[77.06269,21.7066],[77.06235,21.70642],[77.06197,21.70634],[77.05939,21.70625],[77.05755,21.70605],[77.05275,21.70435],[77.05193,21.70415],[77.0512,21.70408],[77.05003,21.70371],[77.04967,21.70352],[77.04873,21.70278],[77.04738,21.70198],[77.04597,21.70156],[77.04043,21.69866],[77.03998,21.69833],[77.03991,21.69774],[77.03994,21.6974],[77.03973,21.69712],[77.03776,21.69579],[77.03743,21.69522],[77.03697,21.69475],[77.03615,21.6943],[77.03542,21.69345],[77.03512,21.6932],[77.03461,21.69292],[77.03269,21.69272],[77.03161,21.69252],[77.02908,21.69149],[77.02758,21.69066],[77.0267,21.69032],[77.02523,21.68915],[77.02274,21.68742],[77.02161,21.68639],[77.02009,21.6861],[77.01924,21.68572],[77.01696,21.68382],[77.01581,21.68269],[77.01505,21.68217],[77.0139,21.68161],[77.01029,21.68052],[77.00874,21.6805],[77.0068,21.67952],[77.00488,21.67836],[77.00342,21.67708],[77.0017,21.67602],[77.00005,21.67481],[76.99828,21.67372],[76.99523,21.67143],[76.99194,21.66805],[76.99185,21.66784],[76.99171,21.66579],[76.99148,21.66516],[76.99085,21.66438],[76.98994,21.66383],[76.98756,21.66272],[76.9861,21.6622],[76.98463,21.66156],[76.98279,21.66021],[76.98059,21.6588],[76.97908,21.65856],[76.97873,21.65844],[76.97733,21.65724],[76.97675,21.65692],[76.97614,21.65679],[76.97552,21.65611],[76.97523,21.65559],[76.9751,21.65515],[76.97513,21.65471],[76.97536,21.65392],[76.97527,21.65305],[76.97504,21.65275],[76.97429,21.65219],[76.9738,21.6515],[76.9733,21.65105],[76.97289,21.65042],[76.97235,21.65015],[76.97011,21.64959],[76.96495,21.64732],[76.96169,21.64537],[76.95986,21.64505],[76.9569,21.64392],[76.95576,21.64367],[76.95479,21.6436],[76.95395,21.6433],[76.95299,21.64281],[76.95184,21.64196],[76.94987,21.63994],[76.94754,21.63724],[76.94608,21.63566],[76.94567,21.63478],[76.94527,21.63425],[76.94405,21.6332],[76.943,21.63251],[76.94184,21.63207],[76.94041,21.63138],[76.9372,21.62936],[76.93565,21.62819],[76.93281,21.62626],[76.93155,21.62522],[76.93124,21.62508],[76.92944,21.62474],[76.92829,21.62467],[76.92703,21.62412],[76.92659,21.62375],[76.92526,21.62207],[76.91837,21.61529],[76.91582,21.61372],[76.91484,21.6136],[76.91412,21.61312],[76.91341,21.61231],[76.91017,21.60938],[76.90934,21.60835],[76.90895,21.60749],[76.90831,21.60465],[76.90796,21.60391],[76.90609,21.6013],[76.9049,21.59995],[76.90362,21.59881],[76.90118,21.5972],[76.90001,21.59633],[76.89921,21.59598],[76.89789,21.596],[76.89483,21.59696],[76.8944,21.59718],[76.89386,21.59811],[76.89313,21.59861],[76.89253,21.59883],[76.89164,21.59901],[76.88796,21.59939],[76.88706,21.59955],[76.88455,21.60032],[76.88079,21.60195],[76.87838,21.6031],[76.87446,21.60462],[76.87369,21.60514],[76.87295,21.60588],[76.87236,21.6067],[76.87035,21.60837],[76.86935,21.60914],[76.86794,21.61001],[76.86721,21.61035],[76.86426,21.61143],[76.86098,21.61182],[76.85888,21.61232],[76.85756,21.61283],[76.85664,21.61342],[76.85601,21.61357],[76.85526,21.61357],[76.8539,21.61331],[76.85145,21.61247],[76.84992,21.61165],[76.84753,21.61051],[76.84551,21.60921],[76.8427,21.60652],[76.84219,21.60516],[76.84193,21.60364],[76.84138,21.60161],[76.84123,21.59995],[76.84064,21.59686],[76.84091,21.59536],[76.84059,21.59463],[76.83997,21.59355],[76.83914,21.59279],[76.8382,21.59213],[76.83682,21.5909],[76.83564,21.59016],[76.83375,21.58943],[76.83082,21.58854],[76.82947,21.58854],[76.82807,21.58864],[76.82554,21.58925],[76.81666,21.59176],[76.8147,21.59219],[76.8108,21.59258],[76.80789,21.59268],[76.80636,21.59293],[76.80241,21.5946],[76.80094,21.59542],[76.79928,21.59589],[76.79734,21.59587],[76.79594,21.59544],[76.79519,21.59503],[76.79423,21.59374],[76.79351,21.59235],[76.79316,21.59069],[76.79292,21.58873],[76.79237,21.58703],[76.79179,21.58531],[76.79022,21.58231],[76.78823,21.57979],[76.78433,21.57571],[76.78284,21.57373],[76.7819,21.57225],[76.78124,21.57088],[76.78083,21.56984],[76.78064,21.56896],[76.78061,21.56607],[76.78046,21.56379],[76.78047,21.56246],[76.78061,21.56121],[76.78111,21.55949],[76.78125,21.55821],[76.78085,21.55717],[76.78072,21.5566],[76.78072,21.55621],[76.78078,21.55495],[76.78162,21.55237],[76.78162,21.55196],[76.78136,21.55049],[76.78142,21.54974],[76.78176,21.54905],[76.78214,21.54895],[76.78253,21.54899],[76.78307,21.54895],[76.78327,21.54877],[76.78351,21.54817],[76.78608,21.54323],[76.78728,21.54214],[76.78887,21.54139],[76.78907,21.541],[76.78922,21.54036],[76.78978,21.53777],[76.78992,21.53672],[76.7898,21.53614],[76.78955,21.53556],[76.78877,21.53487],[76.78755,21.534],[76.7857,21.53287],[76.78397,21.53162],[76.78189,21.52978],[76.7805,21.52891],[76.7789,21.52827],[76.77651,21.52761],[76.77449,21.52731],[76.76897,21.52699],[76.76831,21.52667],[76.76781,21.52619],[76.76578,21.52338],[76.76496,21.52245],[76.76297,21.52059]]}},{"type":"Feature","properties":{"kind":"state","name":"Madhya Pradesh–Maharashtra","src":"OSM relations 1950071 and 1950884"},"geometry":{"type":"LineString","coordinates":[[76.76297,21.52059],[76.76434,21.51929],[76.76725,21.51536],[76.76961,21.51169],[76.77238,21.5064],[76.77364,21.50578],[76.77491,21.50562],[76.77881,21.50572],[76.78089,21.50538],[76.78131,21.50505],[76.78162,21.50369],[76.78233,21.50281],[76.78364,21.50185],[76.78419,21.5013],[76.78707,21.50145],[76.78786,21.5012],[76.78805,21.50057],[76.78803,21.4991],[76.78776,21.49751],[76.79237,21.49299],[76.7955,21.48958],[76.79526,21.48763],[76.79409,21.48255],[76.79376,21.47967],[76.79298,21.47999],[76.79234,21.47966],[76.79176,21.48006],[76.79141,21.48009],[76.79113,21.47985],[76.79049,21.47889],[76.79008,21.47852],[76.78939,21.47827],[76.78862,21.4775],[76.7882,21.4774],[76.78785,21.47749],[76.7875,21.47556],[76.78684,21.46995],[76.78622,21.46651],[76.78404,21.46252],[76.78212,21.46008],[76.78091,21.45914],[76.77551,21.45708],[76.76585,21.45393],[76.76278,21.45257],[76.75828,21.45013],[76.75649,21.44759],[76.75527,21.4464],[76.75409,21.445],[76.74957,21.44276],[76.74778,21.44206],[76.74575,21.44095],[76.74397,21.43927],[76.74205,21.4359],[76.74018,21.43191],[76.73912,21.43082],[76.73839,21.42969],[76.73987,21.42968],[76.74052,21.42935],[76.74092,21.42869],[76.74103,21.42752],[76.74055,21.42595],[76.74008,21.42487],[76.73946,21.42389],[76.73841,21.42313],[76.73806,21.42233],[76.7383,21.42161],[76.73877,21.42079],[76.7395,21.42005],[76.73994,21.41918],[76.74042,21.41774],[76.73929,21.41452],[76.73973,21.41336],[76.74074,21.41286],[76.74049,21.4115],[76.73954,21.4106],[76.7377,21.40939],[76.73324,21.40814],[76.72946,21.40671],[76.7135,21.396],[76.69917,21.38829],[76.68362,21.379],[76.67998,21.37624],[76.66951,21.36735],[76.65891,21.36011],[76.65617,21.35837],[76.65442,21.35701],[76.65367,21.35662],[76.64438,21.34938],[76.63865,21.34572],[76.63283,21.34077],[76.62976,21.33831],[76.6264,21.33615],[76.62496,21.33478],[76.62178,21.33227],[76.62477,21.3282],[76.62921,21.32268],[76.635,21.31472],[76.64009,21.30867],[76.64912,21.29835],[76.65453,21.29017],[76.66268,21.28069],[76.66228,21.25636],[76.66165,21.24066],[76.65857,21.24141],[76.65374,21.24296],[76.65129,21.24389],[76.64969,21.24469],[76.64834,21.24407],[76.64734,21.24256],[76.64136,21.23629],[76.63669,21.22542],[76.63364,21.21598],[76.63413,21.21293],[76.6347,21.21114],[76.63554,21.20957],[76.63685,21.2039],[76.63627,21.20166],[76.62574,21.18947],[76.62496,21.18837],[76.62349,21.18504],[76.61938,21.18742],[76.61784,21.18885],[76.6153,21.19206],[76.61246,21.19303],[76.61055,21.19192],[76.60798,21.19095],[76.60509,21.19071],[76.59404,21.19249],[76.58435,21.19427],[76.57081,21.19831],[76.56731,21.19912],[76.56265,21.19882],[76.55898,21.19775],[76.55563,21.19505],[76.55166,21.19249],[76.54093,21.1885],[76.53422,21.18518],[76.53162,21.18289],[76.52933,21.18208],[76.52225,21.18502],[76.51978,21.18646],[76.51592,21.18811],[76.51467,21.18945],[76.51372,21.18997],[76.51205,21.18999],[76.51188,21.19133],[76.51009,21.19155],[76.50988,21.19341],[76.50913,21.19391],[76.50873,21.19269],[76.50859,21.18959],[76.50722,21.18897],[76.50496,21.18912],[76.50434,21.18793],[76.50401,21.18766],[76.50292,21.1891],[76.50167,21.18957],[76.501,21.19003],[76.50272,21.19065],[76.50347,21.19151],[76.50364,21.19299],[76.5018,21.19397],[76.49995,21.19408],[76.49884,21.19335],[76.49973,21.19215],[76.49956,21.19075],[76.49802,21.19082],[76.49665,21.19135],[76.49571,21.19214],[76.49498,21.19295],[76.49407,21.19358],[76.49304,21.19291],[76.49252,21.19149],[76.49137,21.19143],[76.49059,21.19215],[76.48622,21.18619],[76.48356,21.18409],[76.48051,21.18214],[76.47981,21.16665],[76.47945,21.16213],[76.47942,21.1596],[76.47906,21.15511],[76.47872,21.14739],[76.47624,21.14543],[76.4681,21.14378],[76.46711,21.14337],[76.46669,21.14295],[76.46657,21.14238],[76.46674,21.14149],[76.4673,21.13987],[76.46823,21.13834],[76.47031,21.13786],[76.47379,21.13778],[76.47435,21.13767],[76.47439,21.13718],[76.47414,21.13679],[76.47159,21.1353],[76.47071,21.1345],[76.46949,21.13366],[76.46193,21.13351],[76.45976,21.13322],[76.45878,21.1334],[76.45818,21.13326],[76.45784,21.13286],[76.45706,21.13048],[76.45697,21.12875],[76.45665,21.12704],[76.4567,21.12568],[76.45602,21.12447],[76.45501,21.12302],[76.45271,21.12192],[76.45174,21.12126],[76.45226,21.12014],[76.45398,21.11806],[76.45484,21.11647],[76.45528,21.11528],[76.45534,21.11411],[76.45581,21.11277],[76.45587,21.11104],[76.45574,21.10983],[76.45603,21.10832],[76.44582,21.10651],[76.44282,21.10621],[76.44047,21.10581],[76.43923,21.10433],[76.439,21.10233],[76.43726,21.10084],[76.4346,21.10071],[76.43261,21.10093],[76.4306,21.10224],[76.42662,21.10219],[76.42007,21.10262],[76.41071,21.10245],[76.41085,21.10142],[76.41249,21.09782],[76.41311,21.08852],[76.41181,21.08827],[76.40802,21.08928],[76.40518,21.08819],[76.40383,21.08714],[76.39954,21.0866],[76.39607,21.08643],[76.3911,21.08592],[76.38936,21.08535],[76.38531,21.08274],[76.38326,21.0812],[76.3819,21.0792],[76.38248,21.07796],[76.38424,21.07629],[76.38294,21.076],[76.3816,21.07554],[76.38031,21.07481],[76.37736,21.07345],[76.37477,21.07255],[76.3735,21.07244],[76.37216,21.07251],[76.37096,21.07273],[76.36996,21.07318],[76.36765,21.07481],[76.36631,21.07606],[76.36528,21.07626],[76.35909,21.0768],[76.35687,21.07676],[76.35142,21.07699],[76.35011,21.07685],[76.34616,21.07522],[76.34386,21.07415],[76.34027,21.07208],[76.33858,21.07152],[76.33641,21.07151],[76.33423,21.07191],[76.33257,21.07198],[76.32976,21.07238],[76.32387,21.07278],[76.31037,21.07351],[76.3068,21.07338],[76.30249,21.07384],[76.29985,21.07384],[76.29813,21.07338],[76.29668,21.07327],[76.29568,21.07337],[76.29412,21.07322],[76.29132,21.07193],[76.28938,21.07138],[76.28507,21.07122],[76.28013,21.07069],[76.27781,21.07634],[76.27728,21.07797],[76.27631,21.07997],[76.27263,21.08874],[76.27109,21.0889],[76.26911,21.08893],[76.26732,21.08941],[76.26555,21.08959],[76.26144,21.09048],[76.26039,21.09058],[76.258,21.09035],[76.25527,21.08954],[76.25143,21.09049],[76.25,21.09031],[76.24904,21.09001],[76.24804,21.08999],[76.24704,21.09005],[76.24497,21.09044],[76.24142,21.08924],[76.23903,21.08921],[76.23058,21.08833],[76.22929,21.08811],[76.22466,21.08498],[76.22277,21.08498],[76.21888,21.08579],[76.21505,21.08708],[76.21394,21.08702],[76.21181,21.08738],[76.21049,21.0863],[76.21016,21.08617],[76.20907,21.08592],[76.20463,21.08539],[76.20245,21.08561],[76.20129,21.08557],[76.19965,21.08569],[76.19435,21.08666],[76.19248,21.0867],[76.19087,21.08648],[76.18857,21.08588],[76.18589,21.08488],[76.18504,21.08414],[76.18352,21.08246],[76.1824,21.08178],[76.18064,21.08031],[76.17573,21.0801],[76.16982,21.07947],[76.16808,21.07939],[76.1674,21.07948],[76.16685,21.07993],[76.16739,21.08149],[76.16819,21.08522],[76.16843,21.08567],[76.17029,21.08724],[76.17363,21.08927],[76.17385,21.08968],[76.17388,21.09038],[76.17375,21.09102],[76.17333,21.09156],[76.17187,21.09272],[76.17144,21.09327],[76.17076,21.09352],[76.17044,21.09388],[76.17051,21.09556],[76.17082,21.09704],[76.1714,21.09875],[76.17084,21.1003],[76.17097,21.10101],[76.17148,21.10235],[76.17123,21.10339],[76.17089,21.10393],[76.17008,21.10438],[76.16835,21.10431],[76.16631,21.10445],[76.16412,21.10469],[76.16348,21.10488],[76.16258,21.10557],[76.16195,21.1063],[76.16137,21.10656],[76.15987,21.10838],[76.15881,21.10907],[76.15862,21.1094],[76.15743,21.10911],[76.15627,21.10843],[76.15534,21.10805],[76.15416,21.10791],[76.15382,21.10805],[76.15241,21.10959],[76.15199,21.11027],[76.14938,21.11245],[76.1487,21.11292],[76.14731,21.11359],[76.13793,21.11985],[76.13666,21.12117],[76.13577,21.12253],[76.13442,21.12415],[76.13314,21.12592],[76.13232,21.12744],[76.13209,21.12854],[76.13241,21.1305],[76.13214,21.13108],[76.13214,21.13192],[76.13224,21.13187],[76.13163,21.1328],[76.13199,21.13267],[76.13247,21.13225],[76.13426,21.1304],[76.13467,21.12978],[76.13541,21.12921],[76.13574,21.12935],[76.13538,21.13066],[76.13552,21.13079],[76.13692,21.13084],[76.13726,21.13106],[76.13695,21.13185],[76.13715,21.13189],[76.13864,21.13145],[76.14101,21.12971],[76.14165,21.1312],[76.14247,21.13515],[76.14229,21.13537],[76.1414,21.13565],[76.14117,21.13586],[76.14094,21.13654],[76.13994,21.13729],[76.13973,21.1379],[76.13918,21.1387],[76.13713,21.14073],[76.13574,21.14181],[76.13545,21.14225],[76.1347,21.14266],[76.13461,21.14285],[76.13484,21.1439],[76.13479,21.1442],[76.13455,21.14455],[76.13318,21.14539],[76.13296,21.14574],[76.13289,21.14611],[76.1332,21.14788],[76.133,21.14823],[76.13111,21.14962],[76.13044,21.1503],[76.1299,21.15111],[76.1291,21.15116],[76.1288,21.15227],[76.12863,21.15246],[76.12705,21.15325],[76.12643,21.15374],[76.12537,21.15374],[76.12452,21.15358],[76.12308,21.15376],[76.12242,21.154],[76.12006,21.15547],[76.11926,21.15544],[76.11827,21.15486],[76.11788,21.15444],[76.11716,21.15395],[76.11673,21.15381],[76.11539,21.154],[76.11348,21.15539],[76.11368,21.15567],[76.11274,21.15716],[76.11217,21.15994],[76.11141,21.16115],[76.11136,21.16155],[76.11143,21.16202],[76.11196,21.16322],[76.11201,21.16391],[76.11181,21.16481],[76.11143,21.16568],[76.11143,21.16646],[76.11184,21.16698],[76.11201,21.16708],[76.11244,21.16703],[76.11317,21.16635],[76.1138,21.16616],[76.11445,21.16667],[76.11556,21.16877],[76.11594,21.1691],[76.11637,21.16927],[76.11732,21.16944],[76.11798,21.1701],[76.1182,21.17059],[76.11821,21.171],[76.11888,21.17159],[76.11994,21.17201],[76.12213,21.17263],[76.12283,21.17312],[76.12308,21.1731],[76.12326,21.17293],[76.12343,21.17215],[76.12358,21.17185],[76.12379,21.17182],[76.12429,21.17265],[76.12587,21.17284],[76.1265,21.17343],[76.12706,21.17362],[76.12733,21.17411],[76.12678,21.1747],[76.12678,21.17503],[76.12693,21.17513],[76.12741,21.17513],[76.12881,21.17473],[76.12944,21.17489],[76.12962,21.17532],[76.12926,21.17582],[76.13333,21.17596],[76.13352,21.17501],[76.13386,21.16941],[76.13583,21.16969],[76.14549,21.17007],[76.15039,21.16922],[76.15219,21.16904],[76.15989,21.16919],[76.16629,21.16951],[76.16762,21.16737],[76.16798,21.16638],[76.17169,21.16656],[76.17139,21.1682],[76.17131,21.17048],[76.17099,21.17343],[76.17146,21.17954],[76.17398,21.18194],[76.1764,21.184],[76.17614,21.18464],[76.17511,21.18631],[76.17369,21.18761],[76.17306,21.18857],[76.16859,21.19017],[76.16734,21.19039],[76.16583,21.19035],[76.16521,21.19047],[76.16544,21.19145],[76.16558,21.19313],[76.16568,21.19808],[76.16629,21.19972],[76.17161,21.19896],[76.17193,21.20373],[76.17192,21.2053],[76.1697,21.20541],[76.1697,21.20665],[76.16667,21.20674],[76.16334,21.20651],[76.16326,21.21313],[76.15864,21.21359],[76.16019,21.21523],[76.16274,21.21864],[76.16542,21.22102],[76.16566,21.22162],[76.16222,21.22263],[76.15696,21.22479],[76.14686,21.22775],[76.14204,21.22816],[76.14223,21.23164],[76.14211,21.23258],[76.14081,21.23674],[76.14074,21.23887],[76.14102,21.23993],[76.14226,21.24203],[76.14441,21.24335],[76.14668,21.24394],[76.14878,21.24397],[76.15106,21.2444]]}},{"type":"Feature","properties":{"kind":"state","name":"Madhya Pradesh–Maharashtra","src":"OSM relations 1950071 and 1950884","river":"8321","rlen":17},"geometry":{"type":"LineString","coordinates":[[76.15106,21.2444],[76.15092,21.24507],[76.15073,21.24556],[76.15012,21.2461],[76.14986,21.24671],[76.15029,21.24687],[76.15213,21.24636],[76.15274,21.24642],[76.15295,21.24657],[76.15295,21.24692],[76.15287,21.24705],[76.15199,21.24724],[76.15179,21.24747],[76.15174,21.24791],[76.15185,21.2493],[76.15216,21.24996],[76.15269,21.25003],[76.15365,21.24969],[76.15397,21.24982],[76.15409,21.25008],[76.15407,21.25187],[76.15424,21.25227],[76.15453,21.2524],[76.15478,21.25237],[76.15502,21.25221],[76.15536,21.25182],[76.15572,21.25119],[76.15645,21.25073],[76.15693,21.25064],[76.15719,21.25069],[76.15735,21.25081],[76.15772,21.25134],[76.15808,21.25241],[76.15857,21.25283],[76.15898,21.25302],[76.15916,21.25334],[76.15918,21.25359],[76.15873,21.25418],[76.15862,21.25451],[76.15875,21.2549],[76.15918,21.25521],[76.15959,21.25533],[76.15974,21.25554],[76.15965,21.25581],[76.15949,21.25593],[76.15914,21.25607],[76.15833,21.2561],[76.15822,21.25625],[76.15826,21.2572],[76.15877,21.258],[76.15881,21.25833],[76.15875,21.25868],[76.15858,21.25902],[76.15816,21.25948],[76.15749,21.25983],[76.15673,21.25988],[76.15613,21.25974],[76.15554,21.25896],[76.1556,21.25813],[76.15627,21.25695],[76.15629,21.25671],[76.15621,21.25653],[76.15603,21.2564],[76.15572,21.25638],[76.15538,21.2565],[76.15483,21.25683],[76.1544,21.25735],[76.15419,21.25793],[76.15419,21.25875],[76.15397,21.25979],[76.15384,21.26247],[76.15374,21.26301],[76.15383,21.26382],[76.15411,21.26484],[76.15355,21.26474],[76.15293,21.2644],[76.15255,21.26448],[76.15242,21.26471],[76.15235,21.26511],[76.15252,21.26565],[76.15248,21.26649],[76.15206,21.26726],[76.15157,21.26786],[76.1511,21.2683],[76.15093,21.26837],[76.14881,21.26878],[76.14856,21.26888],[76.14802,21.2688],[76.14652,21.26804],[76.14586,21.26793],[76.1455,21.26798],[76.14487,21.26849],[76.14463,21.26955],[76.14443,21.27007],[76.14435,21.2702]]}},{"type":"Feature","properties":{"kind":"state","name":"Madhya Pradesh–Maharashtra","src":"OSM relations 1950071 and 1950884"},"geometry":{"type":"LineString","coordinates":[[76.14435,21.2702],[76.14629,21.2713],[76.14606,21.27357],[76.14293,21.28623],[76.13,21.28652],[76.12974,21.2867],[76.12811,21.29137],[76.1259,21.29852],[76.12579,21.30325],[76.12486,21.30491],[76.12419,21.308],[76.12337,21.31415],[76.12157,21.31907],[76.12147,21.32337],[76.11894,21.32597],[76.117,21.33419],[76.11668,21.33495],[76.11282,21.34234],[76.0966,21.37177],[76.06705,21.35828],[76.04898,21.34972],[76.04859,21.34973],[76.04719,21.35045],[76.04559,21.35158],[76.0305,21.36533],[76.02808,21.36589],[76.02375,21.36666],[76.00769,21.36751],[76,21.36777],[75.98662,21.36877],[75.96306,21.38971],[75.96218,21.38985],[75.95222,21.38958],[75.94171,21.38584],[75.93883,21.38694],[75.92901,21.38659],[75.91465,21.38356],[75.91066,21.38257],[75.90922,21.38366],[75.90796,21.38505]]}},{"type":"Feature","properties":{"kind":"state","name":"Madhya Pradesh–Maharashtra","src":"OSM relations 1950071 and 1950884","river":"8283","rlen":21},"geometry":{"type":"LineString","coordinates":[[75.90796,21.38505],[75.90717,21.38602],[75.90664,21.38694],[75.90634,21.3872],[75.90507,21.38783],[75.90479,21.3881],[75.90446,21.38902],[75.90432,21.39044],[75.90415,21.39081],[75.90336,21.39131],[75.90217,21.3916],[75.90166,21.39159],[75.9008,21.39116],[75.90014,21.39108],[75.89843,21.39147],[75.89422,21.39149],[75.89351,21.39159],[75.89315,21.39183],[75.89287,21.3922],[75.8928,21.39273],[75.89239,21.39313],[75.89215,21.39324],[75.89118,21.39284],[75.89094,21.39286],[75.89075,21.39308],[75.89054,21.39353],[75.89059,21.39439],[75.89044,21.39456],[75.89014,21.39459],[75.88886,21.39424],[75.88833,21.39421],[75.88609,21.39456],[75.88548,21.39449],[75.88509,21.39426],[75.88439,21.39324],[75.88408,21.39308],[75.88306,21.39295],[75.88271,21.39296],[75.88057,21.39373],[75.87979,21.39379],[75.87868,21.39363],[75.8785,21.39339],[75.87831,21.39287],[75.87807,21.39274],[75.87765,21.39263],[75.8768,21.39265],[75.87636,21.39278],[75.87588,21.3937],[75.87568,21.39375],[75.87545,21.39364],[75.87484,21.39274],[75.87198,21.39162],[75.87133,21.39076],[75.87097,21.39045],[75.87028,21.39024],[75.87022,21.39002],[75.87033,21.38975],[75.87085,21.38926],[75.87106,21.3889],[75.871,21.38859],[75.87081,21.38821],[75.8703,21.38735],[75.86982,21.38681],[75.8695,21.3867],[75.86905,21.38689],[75.86862,21.38684],[75.86833,21.38656],[75.86814,21.38567],[75.86704,21.38399],[75.86555,21.38276],[75.86403,21.38189],[75.86353,21.38135],[75.86308,21.38103],[75.8628,21.38096],[75.86262,21.38111],[75.86209,21.38226],[75.86186,21.38227],[75.86172,21.38221],[75.86151,21.38197],[75.86141,21.38167],[75.86145,21.38117],[75.86159,21.38083],[75.8618,21.38064],[75.86181,21.38052],[75.86173,21.38048],[75.86106,21.38053],[75.85942,21.38088],[75.85863,21.38088],[75.85828,21.38101],[75.85781,21.38137],[75.85744,21.38142],[75.85654,21.38101],[75.85635,21.38108],[75.85624,21.38116],[75.85621,21.3818],[75.85636,21.38242],[75.85664,21.3831],[75.85661,21.38338],[75.85641,21.38352],[75.85578,21.38339],[75.85473,21.38287],[75.8543,21.38288],[75.85406,21.38303],[75.85391,21.38339],[75.85366,21.38368],[75.85328,21.38379],[75.85092,21.38366],[75.84965,21.38379],[75.8494,21.38368],[75.84924,21.38344],[75.84912,21.38263],[75.84889,21.38228],[75.84849,21.38214],[75.84779,21.38211],[75.84728,21.38224],[75.8458,21.38222],[75.84499,21.38212],[75.84446,21.3822],[75.844,21.38244],[75.8436,21.38252],[75.84322,21.38244],[75.84291,21.38246],[75.84267,21.38266],[75.84253,21.38306],[75.84241,21.38369],[75.84244,21.38438],[75.84225,21.38467],[75.84107,21.38535],[75.84061,21.38538],[75.8401,21.38507],[75.83882,21.38292],[75.83831,21.38235],[75.83752,21.38196],[75.83604,21.38141],[75.83561,21.38117],[75.83487,21.38046],[75.83419,21.37959],[75.83353,21.37841],[75.83349,21.37806],[75.83359,21.3778],[75.83431,21.37758],[75.83432,21.37732],[75.83424,21.37726],[75.83344,21.37719],[75.8322,21.37757],[75.83159,21.37766],[75.83123,21.37764],[75.83104,21.37775],[75.83092,21.37849],[75.8307,21.37903],[75.83052,21.37903],[75.82932,21.3786],[75.82825,21.37855],[75.82744,21.37842],[75.8266,21.37804],[75.82645,21.37809],[75.82632,21.37864],[75.82601,21.37881],[75.82487,21.37888],[75.82356,21.37866],[75.82138,21.37896],[75.82061,21.37915],[75.81981,21.37915],[75.81923,21.37897],[75.81854,21.37889],[75.8175,21.37899],[75.81581,21.37941],[75.81452,21.37996],[75.81408,21.37999],[75.81398,21.37982],[75.81402,21.37915],[75.81394,21.37896],[75.81356,21.37896],[75.81287,21.37933],[75.81113,21.38054],[75.80801,21.38254],[75.80725,21.38286],[75.80648,21.38289],[75.80608,21.38304],[75.80576,21.38343],[75.80566,21.38408],[75.80536,21.38437],[75.805,21.38445],[75.80468,21.38431],[75.80434,21.38426],[75.80412,21.38442],[75.80365,21.38503],[75.80332,21.38515],[75.80302,21.38508],[75.80267,21.38481],[75.80202,21.38385],[75.80171,21.38379],[75.80011,21.38405],[75.79953,21.38428],[75.79917,21.38481],[75.79913,21.38497],[75.79889,21.38511],[75.79754,21.38514],[75.79692,21.38539],[75.79646,21.38542],[75.79582,21.38539],[75.79555,21.38522],[75.79481,21.38509],[75.79411,21.38544],[75.79369,21.38547],[75.79295,21.3853],[75.79205,21.38529],[75.79151,21.3854],[75.79094,21.38528],[75.79064,21.38508],[75.79007,21.38484],[75.78944,21.38468],[75.78874,21.38331],[75.78863,21.3832],[75.78825,21.38314],[75.78793,21.38325],[75.78773,21.38353],[75.78796,21.38454],[75.78721,21.3849],[75.78709,21.38509],[75.78685,21.38515],[75.78653,21.38511],[75.78553,21.38489],[75.78429,21.38509],[75.78279,21.38501],[75.78076,21.38526],[75.77872,21.38458],[75.7774,21.38452],[75.77655,21.38426],[75.77597,21.3835],[75.77476,21.38243],[75.77443,21.38246],[75.77397,21.38271],[75.77355,21.38275],[75.77336,21.38256],[75.77325,21.38194],[75.77306,21.38182],[75.77283,21.38182],[75.77225,21.38252],[75.77189,21.3826],[75.77046,21.38203],[75.76938,21.38172],[75.76445,21.38125],[75.76271,21.38077],[75.76158,21.38053],[75.75998,21.38031],[75.75916,21.38033],[75.75701,21.37988],[75.75658,21.37996],[75.75638,21.38022],[75.75631,21.38062],[75.75638,21.38107],[75.75658,21.38149],[75.75653,21.38191],[75.75618,21.38221],[75.75556,21.3825],[75.75508,21.38261],[75.7547,21.38289],[75.75435,21.38341],[75.754,21.38439],[75.75384,21.38471],[75.75362,21.3849],[75.75348,21.38522]]}},{"type":"Feature","properties":{"kind":"state","name":"Madhya Pradesh–Maharashtra","src":"OSM relations 1950071 and 1950884"},"geometry":{"type":"LineString","coordinates":[[75.75348,21.38522],[75.75129,21.38439],[75.75113,21.38466],[75.75098,21.3847],[75.75023,21.38667]]}},{"type":"Feature","properties":{"kind":"state","name":"Madhya Pradesh–Maharashtra","src":"OSM relations 1950071 and 1950884","river":"7909","rlen":126},"geometry":{"type":"LineString","coordinates":[[75.75023,21.38667],[75.75003,21.3866],[75.74952,21.38659],[75.74888,21.38686],[75.74809,21.38771],[75.74777,21.38795],[75.74712,21.3881],[75.74574,21.38814],[75.74491,21.38794],[75.74382,21.38791],[75.74209,21.38826],[75.73992,21.38828],[75.73864,21.38815],[75.73836,21.38803],[75.73833,21.3879],[75.7382,21.38783],[75.73776,21.3879],[75.73753,21.38783],[75.73709,21.38749],[75.73687,21.38744],[75.73674,21.38752],[75.73639,21.38808],[75.73618,21.38805],[75.73567,21.3876],[75.73551,21.38754],[75.73502,21.3879],[75.73471,21.3879],[75.73383,21.38751],[75.73339,21.3874],[75.73312,21.38746],[75.73288,21.38772],[75.73267,21.38831],[75.73251,21.38848],[75.73233,21.38849],[75.73211,21.38838],[75.73149,21.38789],[75.73094,21.38792],[75.72939,21.38813],[75.72931,21.38826],[75.72945,21.38872],[75.7294,21.38887],[75.72917,21.389],[75.72868,21.38896],[75.72833,21.38879],[75.72755,21.38815],[75.72709,21.38789],[75.7262,21.38793],[75.72583,21.38768],[75.72572,21.38743],[75.72547,21.38743],[75.72526,21.38752],[75.72471,21.38698],[75.72323,21.38642],[75.72214,21.38631],[75.72193,21.38605],[75.72135,21.38567],[75.72024,21.38522],[75.71923,21.38493],[75.71883,21.3849],[75.71814,21.38492],[75.71805,21.385],[75.71807,21.38514],[75.71858,21.3856],[75.71857,21.38595],[75.71825,21.38622],[75.7178,21.38635],[75.71706,21.38617],[75.71674,21.38596],[75.71656,21.38592],[75.71644,21.386],[75.71623,21.38685],[75.7163,21.38837],[75.71628,21.38848],[75.71612,21.38856],[75.71525,21.38843],[75.71437,21.38814],[75.71377,21.38777],[75.71341,21.38773],[75.71252,21.38824],[75.71221,21.38833],[75.71169,21.38817],[75.71065,21.38731],[75.71018,21.38728],[75.70883,21.38777],[75.70872,21.38794],[75.70856,21.38863],[75.70838,21.38872],[75.70819,21.38871],[75.7078,21.38829],[75.70789,21.38701],[75.70779,21.38699],[75.7071,21.38731],[75.70648,21.3873],[75.70562,21.38705],[75.70497,21.38711],[75.70491,21.38722],[75.70504,21.38779],[75.70501,21.38813],[75.70443,21.38848],[75.70397,21.38857],[75.70333,21.38845],[75.70176,21.38782],[75.6994,21.38661],[75.69847,21.38575],[75.69802,21.38554],[75.69761,21.38544],[75.69643,21.38541],[75.69533,21.38585],[75.69508,21.38586],[75.69487,21.3857],[75.69496,21.38516],[75.69487,21.38498],[75.6927,21.38399],[75.69253,21.38401],[75.69243,21.38411],[75.69256,21.38451],[75.69256,21.38494],[75.69248,21.38506],[75.69232,21.38508],[75.69034,21.3839],[75.68986,21.38378],[75.68844,21.38388],[75.68732,21.3837],[75.68672,21.38327],[75.68634,21.38261],[75.68607,21.38233],[75.68567,21.38211],[75.68549,21.38185],[75.68523,21.38053],[75.68512,21.38022],[75.68487,21.38002],[75.68319,21.37939],[75.68253,21.37925],[75.68097,21.37931],[75.67897,21.37821],[75.67832,21.37764],[75.67789,21.37713],[75.67682,21.37655],[75.67591,21.37647],[75.67463,21.37675],[75.67364,21.37659],[75.67348,21.3765],[75.67335,21.37557],[75.67327,21.37529],[75.67311,21.37513],[75.67229,21.37504],[75.67127,21.37478],[75.67081,21.37496],[75.66978,21.37498],[75.66947,21.37514],[75.66925,21.37537],[75.66902,21.37585],[75.66776,21.3769],[75.66705,21.37734],[75.66658,21.37754],[75.66616,21.37761],[75.66024,21.37667],[75.65946,21.37668],[75.65924,21.37682],[75.65898,21.37737],[75.65911,21.3783],[75.65906,21.37858],[75.65894,21.37869],[75.65867,21.37876],[75.65769,21.37864],[75.65688,21.37826],[75.65602,21.3777],[75.65374,21.37759],[75.65285,21.37738],[75.65157,21.37681],[75.64924,21.37626],[75.64867,21.37629],[75.64842,21.37644],[75.64799,21.37763],[75.64772,21.37781],[75.64683,21.37815],[75.64632,21.37808],[75.64607,21.37786],[75.64561,21.37688],[75.6452,21.37658],[75.64196,21.37457],[75.64141,21.37427],[75.64111,21.37423],[75.64083,21.37427],[75.64046,21.37451],[75.64013,21.37503],[75.63997,21.37512],[75.63947,21.37513],[75.63736,21.37482],[75.63708,21.37494],[75.63689,21.37506],[75.63687,21.37524],[75.63703,21.37546],[75.63773,21.3759],[75.63785,21.37615],[75.63738,21.37645],[75.63596,21.37691],[75.63539,21.37679],[75.63513,21.37656],[75.63458,21.3758],[75.6343,21.37566],[75.6327,21.376],[75.63212,21.37592],[75.62888,21.37505],[75.62847,21.37506],[75.62578,21.37563],[75.62519,21.37566],[75.62381,21.37524],[75.62314,21.37515],[75.62294,21.37542],[75.62297,21.37572],[75.62376,21.37662],[75.62409,21.37719],[75.62436,21.37789],[75.6244,21.37843],[75.62429,21.37863],[75.62374,21.37864],[75.62323,21.37827],[75.62201,21.37637],[75.62177,21.37623],[75.6211,21.37622],[75.62081,21.37637],[75.62066,21.37657],[75.62063,21.37681],[75.62095,21.37731],[75.62096,21.37754],[75.62077,21.37823],[75.62034,21.37888],[75.61888,21.37903],[75.6186,21.37933],[75.6181,21.38016],[75.61698,21.38254],[75.61559,21.3861],[75.61552,21.38662],[75.61566,21.38708],[75.61635,21.38739],[75.61663,21.38764],[75.61671,21.38778],[75.61667,21.38795],[75.61591,21.38834],[75.61445,21.38942],[75.614,21.38957],[75.6133,21.38961],[75.6122,21.3899],[75.6114,21.3902],[75.61029,21.39039],[75.60992,21.39027],[75.60915,21.38901],[75.60877,21.38869],[75.60843,21.38853],[75.60816,21.38854],[75.60785,21.38868],[75.60763,21.38893],[75.60753,21.38933],[75.60755,21.38961],[75.60778,21.38988],[75.60817,21.3901],[75.60853,21.39043],[75.60872,21.39072],[75.6087,21.391],[75.608,21.39158],[75.60764,21.39175],[75.60634,21.39177],[75.60543,21.39141],[75.60316,21.38902],[75.60109,21.38636],[75.60057,21.38605],[75.59953,21.38583],[75.59877,21.38632],[75.59777,21.38783],[75.59725,21.38814],[75.59679,21.38808],[75.59435,21.38674],[75.59386,21.38659],[75.5926,21.38656],[75.59207,21.38669],[75.59091,21.38751],[75.59074,21.38785],[75.59065,21.38829],[75.59043,21.38869],[75.59016,21.38894],[75.58937,21.38929],[75.58867,21.38927],[75.58792,21.38915],[75.58746,21.3889],[75.58682,21.38834],[75.58644,21.38826],[75.58554,21.38775],[75.58468,21.38649],[75.58351,21.38599],[75.58327,21.38575],[75.58314,21.38452],[75.58298,21.38415],[75.58273,21.38396],[75.58243,21.38389],[75.58111,21.38425],[75.58046,21.38419],[75.57984,21.38404],[75.5777,21.38261],[75.57719,21.38237],[75.57673,21.38225],[75.57612,21.38223],[75.57535,21.38257],[75.57495,21.38257],[75.5745,21.38236],[75.57318,21.38121],[75.57297,21.38078],[75.57286,21.38036],[75.57284,21.37983],[75.573,21.37907],[75.57323,21.37885],[75.57358,21.37872],[75.57703,21.37892],[75.57788,21.37889],[75.57891,21.37863],[75.58049,21.37775],[75.5807,21.37753],[75.58075,21.37728],[75.58066,21.37702],[75.58027,21.37672],[75.57917,21.3761],[75.57837,21.37594],[75.57606,21.37569],[75.57313,21.37516],[75.5705,21.37444],[75.56917,21.37421],[75.56788,21.37372],[75.56575,21.37358],[75.56508,21.37368],[75.56462,21.37396],[75.56449,21.37458],[75.56426,21.37498],[75.56306,21.3763],[75.56278,21.37642],[75.56241,21.3764],[75.56214,21.37623],[75.56145,21.37499],[75.56019,21.37398],[75.55965,21.3737],[75.55909,21.37354],[75.55776,21.37328],[75.55692,21.37326],[75.55651,21.37336],[75.55628,21.37358],[75.55621,21.3739],[75.55626,21.37413],[75.55645,21.37454],[75.55832,21.37672],[75.55858,21.37738],[75.55865,21.37811],[75.55854,21.37852],[75.55825,21.37873],[75.55778,21.37886],[75.55707,21.37882],[75.55637,21.37853],[75.55482,21.37703],[75.55434,21.3761],[75.55373,21.37605],[75.55075,21.37448],[75.54839,21.37298],[75.54732,21.37225],[75.54699,21.37194],[75.54694,21.37132],[75.54758,21.36965],[75.54767,21.36925],[75.54765,21.36881],[75.54751,21.36851],[75.54717,21.36831],[75.54659,21.36815],[75.54376,21.36829],[75.54275,21.36879],[75.54249,21.36908],[75.54218,21.36974],[75.54235,21.37024],[75.54293,21.37135],[75.54302,21.37176],[75.54281,21.37254],[75.54238,21.37326],[75.54212,21.37341],[75.54155,21.37347],[75.54119,21.37337],[75.5408,21.37313],[75.53975,21.37226],[75.53928,21.37208],[75.53757,21.37224],[75.53708,21.37241],[75.53479,21.37358],[75.53294,21.37456],[75.53236,21.37497],[75.53211,21.37572],[75.53224,21.3764],[75.5322,21.37686],[75.53162,21.37839],[75.53122,21.37909],[75.53046,21.37936],[75.52998,21.37938],[75.52942,21.37928],[75.52892,21.37909],[75.52832,21.37904],[75.52754,21.37918],[75.52684,21.38018],[75.52648,21.38054],[75.52559,21.38104],[75.52481,21.38178],[75.52458,21.38209],[75.52402,21.38347],[75.52332,21.38443],[75.52253,21.38599],[75.52228,21.38622],[75.52181,21.38637],[75.52121,21.38632],[75.52023,21.38662],[75.51953,21.38699],[75.519,21.38713],[75.51836,21.38704],[75.51811,21.38686],[75.51778,21.38574],[75.51724,21.38482],[75.517,21.38471],[75.5156,21.38495],[75.51428,21.38429],[75.51393,21.3838],[75.51325,21.38184],[75.51305,21.38157],[75.51273,21.38148],[75.51246,21.38149],[75.51103,21.38263],[75.50988,21.38315],[75.50857,21.38432],[75.50811,21.38452],[75.50622,21.38509],[75.50477,21.38522],[75.50322,21.38517],[75.50263,21.38527],[75.49977,21.38621],[75.49918,21.3865],[75.49775,21.38699],[75.49688,21.38695],[75.49629,21.38673],[75.49592,21.38649],[75.49558,21.38612],[75.49517,21.38544],[75.49493,21.38467],[75.49428,21.38394],[75.4941,21.38379],[75.49362,21.3836],[75.49314,21.38356],[75.49254,21.38378],[75.49183,21.38477],[75.49129,21.38496],[75.4896,21.38498],[75.48728,21.38535],[75.48596,21.3854],[75.48477,21.38604],[75.48389,21.38615],[75.48303,21.38618],[75.48087,21.38599],[75.48004,21.3861],[75.47908,21.38639],[75.47804,21.38658],[75.47758,21.38682],[75.47679,21.38689],[75.47634,21.38678],[75.47542,21.38676],[75.47444,21.38739],[75.47373,21.38848],[75.47255,21.38936],[75.47092,21.38998],[75.46996,21.39023],[75.46864,21.39071],[75.46728,21.39091],[75.46677,21.39094],[75.46586,21.39073],[75.46513,21.39032],[75.4648,21.39006],[75.4637,21.38891],[75.46319,21.388],[75.46285,21.38774],[75.46234,21.38754],[75.46189,21.38747],[75.46082,21.38743],[75.4596,21.38741],[75.45922,21.38753],[75.45897,21.38773],[75.45677,21.38843],[75.45478,21.38865],[75.45364,21.38926],[75.45269,21.38944],[75.45105,21.39014],[75.44991,21.39044],[75.44936,21.3905],[75.44745,21.3902],[75.44598,21.38948],[75.44425,21.38832],[75.44399,21.38786],[75.44333,21.38726],[75.44226,21.38587],[75.44185,21.38491],[75.44134,21.38445],[75.44087,21.38424],[75.44064,21.38424],[75.43979,21.38441],[75.43857,21.38505],[75.4375,21.38542],[75.43604,21.3857],[75.43416,21.38593],[75.4319,21.38596],[75.43129,21.38613],[75.43054,21.38662],[75.42997,21.38724],[75.4293,21.38814],[75.42911,21.3885],[75.42884,21.38967],[75.42823,21.39063],[75.42798,21.39086],[75.42759,21.39092],[75.42717,21.39078],[75.42657,21.39075],[75.4259,21.39046],[75.42441,21.39025],[75.42311,21.38994],[75.42067,21.38837],[75.41972,21.38761],[75.4189,21.38709],[75.41855,21.38709],[75.41807,21.38728],[75.41572,21.38863],[75.41542,21.38866],[75.415,21.38863],[75.41445,21.38841],[75.41328,21.38816],[75.41261,21.38817],[75.4116,21.38842],[75.41062,21.38845],[75.40854,21.38786],[75.40739,21.38721],[75.40658,21.38636],[75.40616,21.38604],[75.40559,21.38576],[75.4032,21.38421],[75.40258,21.38341],[75.40104,21.38219],[75.40065,21.38159],[75.40041,21.38044],[75.40016,21.37995],[75.39986,21.37955],[75.39942,21.37923],[75.39791,21.37927],[75.39718,21.3792],[75.39599,21.37931],[75.39405,21.37988],[75.39315,21.38024],[75.39181,21.38091],[75.39098,21.38109],[75.39037,21.3811],[75.38829,21.38106],[75.38545,21.38018],[75.38494,21.38013],[75.38319,21.37939],[75.38275,21.37936],[75.38222,21.37961],[75.38178,21.37994],[75.38131,21.38052],[75.38104,21.38125],[75.38119,21.38242],[75.38074,21.38329],[75.38055,21.38349],[75.38009,21.38372],[75.37902,21.38402],[75.37842,21.38446],[75.37795,21.38496],[75.3775,21.38515],[75.37499,21.38673],[75.37487,21.38715],[75.37488,21.38787],[75.37519,21.38833],[75.37559,21.38872],[75.37573,21.38917],[75.37559,21.38957],[75.37494,21.39043],[75.37113,21.39183],[75.37019,21.39243],[75.36884,21.39405],[75.36815,21.3945],[75.36804,21.39465],[75.36793,21.39553],[75.36781,21.39587],[75.36766,21.39599],[75.36644,21.396],[75.36503,21.39662],[75.36416,21.39719],[75.36282,21.39834],[75.36228,21.39908],[75.36141,21.39983],[75.35935,21.40132],[75.35914,21.40136],[75.35823,21.40141],[75.35732,21.40127],[75.35697,21.40115],[75.35646,21.40081],[75.3561,21.40045],[75.35593,21.39701],[75.35529,21.39452],[75.35443,21.39282],[75.35408,21.39234],[75.3537,21.39201],[75.35245,21.39151],[75.35203,21.39091],[75.35169,21.39061],[75.35126,21.39031],[75.35096,21.39021],[75.35024,21.39018],[75.34968,21.39025],[75.34906,21.39068],[75.3483,21.39097],[75.34773,21.39104],[75.34642,21.39104],[75.3449,21.39087],[75.34365,21.39127],[75.34277,21.39141],[75.34154,21.39139],[75.33936,21.39094],[75.33762,21.39087],[75.33493,21.39046],[75.33314,21.39044],[75.33026,21.39075],[75.32934,21.39075],[75.32876,21.39069],[75.32666,21.39024],[75.32571,21.39013],[75.32333,21.38884],[75.32276,21.38871],[75.32177,21.38835],[75.32129,21.38828],[75.31879,21.3882],[75.3177,21.388],[75.31703,21.38774],[75.31614,21.38765],[75.31575,21.38774],[75.31522,21.38821],[75.31493,21.38836],[75.31397,21.38854],[75.31333,21.38886],[75.31281,21.38929],[75.31261,21.38958],[75.31059,21.39126],[75.30936,21.39198],[75.30835,21.39224],[75.30799,21.39212],[75.30777,21.39174],[75.30751,21.39156],[75.30607,21.39076],[75.30471,21.38987],[75.30363,21.38874],[75.30267,21.3879],[75.3019,21.38757],[75.30089,21.38699],[75.30006,21.38622],[75.29909,21.38576],[75.2986,21.38577],[75.29809,21.386],[75.29751,21.38643],[75.2974,21.38661],[75.297,21.38757],[75.2965,21.38837],[75.29595,21.38974],[75.29586,21.39018],[75.29589,21.39035],[75.29601,21.39044],[75.2965,21.39062],[75.29705,21.39069],[75.298,21.39042],[75.29845,21.39044],[75.29936,21.39079],[75.29977,21.39164],[75.29983,21.39204],[75.2997,21.39321],[75.29992,21.39441],[75.29975,21.39635],[75.29951,21.3971],[75.29856,21.39898],[75.29814,21.40008],[75.29806,21.40122],[75.29836,21.40191],[75.29898,21.40417],[75.30017,21.40737],[75.30047,21.40859],[75.30052,21.40896],[75.30047,21.40929],[75.3002,21.41012],[75.29896,21.41006],[75.29807,21.40978],[75.29764,21.40983],[75.29719,21.41],[75.29597,21.41071],[75.29563,21.41107],[75.29554,21.41139],[75.29544,21.41263],[75.29517,21.41319],[75.2944,21.41409],[75.2942,21.41416],[75.29341,21.41418],[75.2929,21.41406],[75.29277,21.41391],[75.29268,21.41306],[75.29241,21.4127],[75.29212,21.41251],[75.29072,21.41217],[75.2891,21.41207],[75.28866,21.41191],[75.28736,21.41111],[75.28705,21.41076],[75.28698,21.41058],[75.28703,21.40872],[75.28678,21.40832],[75.28646,21.40813],[75.28506,21.4079],[75.2837,21.40753],[75.2825,21.40709],[75.28167,21.40699],[75.27677,21.40694],[75.27604,21.40671],[75.27516,21.4063],[75.27379,21.40609],[75.27148,21.40659],[75.26824,21.40768],[75.26749,21.4078],[75.26658,21.4078],[75.26574,21.40767],[75.26513,21.4075],[75.26383,21.40674],[75.26322,21.40529],[75.26312,21.40485],[75.26285,21.40457],[75.26245,21.40436],[75.26101,21.40414],[75.25859,21.40315],[75.2568,21.40209],[75.25585,21.40143],[75.25545,21.40134],[75.25438,21.40133],[75.25385,21.40143],[75.24695,21.40531],[75.24585,21.40638],[75.24535,21.40669],[75.24416,21.40709],[75.2437,21.40763],[75.24307,21.40913],[75.24265,21.40983],[75.24187,21.4103],[75.24074,21.41216],[75.24046,21.41238],[75.23976,21.4127],[75.23724,21.41363],[75.23467,21.41487],[75.23197,21.41513],[75.23136,21.41504],[75.22977,21.41452],[75.22867,21.41453],[75.22737,21.4141],[75.2264,21.41355],[75.22576,21.41301],[75.22345,21.41028],[75.2225,21.40991],[75.22217,21.4097],[75.22108,21.40867],[75.22064,21.40849],[75.22004,21.40845],[75.2169,21.40898],[75.21539,21.40971],[75.21263,21.41067],[75.21132,21.4114],[75.21127,21.41154],[75.21132,21.41187],[75.2102,21.41269],[75.20968,21.41295],[75.20851,21.41317],[75.20601,21.41319],[75.20538,21.41308],[75.20503,21.41297]]}},{"type":"Feature","properties":{"kind":"state","name":"Madhya Pradesh–Maharashtra","src":"OSM relations 1950071 and 1950884"},"geometry":{"type":"LineString","coordinates":[[75.20503,21.41297],[75.20439,21.41485],[75.20085,21.41701],[75.19872,21.41872],[75.19626,21.42029],[75.1957,21.42094],[75.18995,21.42431],[75.18676,21.42627],[75.18503,21.4275],[75.18379,21.42813],[75.17999,21.43055],[75.17903,21.43082],[75.17848,21.43075],[75.17263,21.43113],[75.17102,21.43131],[75.17012,21.43157],[75.16857,21.43254],[75.16811,21.43295],[75.16784,21.4335],[75.16233,21.43528],[75.16079,21.4359],[75.15735,21.43703],[75.15549,21.4378],[75.15308,21.43859],[75.15095,21.43914],[75.14568,21.44114],[75.14369,21.44166],[75.13686,21.44442],[75.13383,21.4454],[75.12988,21.44717],[75.12583,21.44926],[75.12387,21.4509],[75.12278,21.45138],[75.11967,21.45345],[75.11095,21.45971],[75.1106,21.46007],[75.11,21.4604],[75.10716,21.46269],[75.10692,21.4641],[75.10775,21.46667],[75.10565,21.46854],[75.10468,21.46919],[75.10352,21.47108],[75.10322,21.47295],[75.10268,21.47336],[75.10195,21.47428],[75.10143,21.47649],[75.10109,21.47871],[75.10055,21.48039],[75.10024,21.48107],[75.09958,21.48132],[75.09858,21.48262],[75.09848,21.48332],[75.09856,21.48369],[75.09879,21.48393],[75.0988,21.48452],[75.09804,21.48577],[75.09783,21.48735],[75.09745,21.48819],[75.09632,21.48974],[75.09562,21.49114],[75.09511,21.49128],[75.09411,21.49255],[75.09218,21.49558],[75.09165,21.49616],[75.08846,21.50088],[75.08892,21.5012],[75.08944,21.50192],[75.08978,21.50346],[75.08959,21.50532],[75.08866,21.50899],[75.08861,21.50978],[75.08964,21.51391],[75.08954,21.51531],[75.08921,21.51676],[75.08899,21.5168],[75.08862,21.51665],[75.08802,21.51597],[75.0875,21.5157],[75.08712,21.51559],[75.08665,21.51585],[75.08655,21.51619],[75.08663,21.51708],[75.08682,21.51789],[75.08596,21.5188],[75.08321,21.52248],[75.0759,21.53297],[75.07139,21.5389],[75.06832,21.54326],[75.06643,21.54638],[75.0597,21.5558],[75.05394,21.56426],[75.05332,21.56482],[75.05213,21.56545],[75.04969,21.5661],[75.03249,21.5675],[75.01502,21.56968],[75.01464,21.56991],[75.01567,21.57476],[75.01534,21.57523],[75.01031,21.57844],[75.00457,21.58231],[74.99906,21.58565],[74.97923,21.59524],[74.97772,21.59523],[74.97414,21.59636],[74.97089,21.59627],[74.96558,21.59868],[74.9562,21.60077],[74.95311,21.60163],[74.93534,21.60598],[74.92952,21.60769],[74.91475,21.61265],[74.91033,21.61457],[74.9078,21.61908],[74.90592,21.6217],[74.90181,21.62915],[74.90123,21.62936],[74.90045,21.62922],[74.89976,21.62889],[74.89898,21.62894],[74.89828,21.62836],[74.89792,21.62826],[74.89704,21.62906],[74.8967,21.62911],[74.89574,21.62885],[74.89483,21.62881],[74.89304,21.62905],[74.89266,21.62944],[74.89223,21.63016],[74.89173,21.63063],[74.89139,21.63065],[74.891,21.63033],[74.89059,21.62949],[74.8904,21.62929],[74.89011,21.62929],[74.88955,21.63007],[74.88932,21.63096],[74.88907,21.63119],[74.88836,21.63146],[74.88733,21.63159],[74.88615,21.63146],[74.88594,21.63128],[74.88589,21.63114],[74.88602,21.63085],[74.8865,21.63051],[74.88658,21.63018],[74.88637,21.62973],[74.88589,21.62941],[74.88564,21.62954],[74.88539,21.63031],[74.88465,21.63049],[74.88438,21.63106],[74.88402,21.63106],[74.88345,21.63041],[74.88274,21.63024],[74.88205,21.62977],[74.88091,21.62997],[74.88,21.62986],[74.87916,21.63017],[74.87884,21.63008],[74.87867,21.6298],[74.87874,21.62914],[74.87859,21.62872],[74.8783,21.62853],[74.87803,21.62852],[74.87774,21.62861],[74.87743,21.62944],[74.87716,21.62973],[74.87624,21.6297],[74.87603,21.62986],[74.87583,21.63037],[74.87547,21.63074],[74.87494,21.63085],[74.87317,21.62984],[74.8727,21.62975],[74.87199,21.62982],[74.87181,21.63024],[74.87223,21.63132],[74.87217,21.63164],[74.87181,21.63182],[74.87055,21.63146],[74.86883,21.63148],[74.86798,21.63101],[74.86791,21.63059],[74.86819,21.62885],[74.8679,21.62848],[74.86687,21.62894],[74.86657,21.6289],[74.86611,21.62861],[74.86538,21.62856],[74.86484,21.62873],[74.86478,21.6289],[74.86481,21.62926],[74.86524,21.62968],[74.86532,21.62999],[74.86484,21.63124],[74.86393,21.63222],[74.86379,21.63319],[74.86316,21.63363],[74.86301,21.63415],[74.86276,21.63446],[74.86177,21.63321],[74.85978,21.63154],[74.85877,21.63048],[74.85714,21.6271],[74.85668,21.6266],[74.8561,21.62645],[74.85537,21.62673],[74.85493,21.62673],[74.85273,21.62514],[74.85176,21.62484],[74.84988,21.62388],[74.84853,21.62389],[74.8466,21.6242],[74.84512,21.62401],[74.84423,21.62385],[74.8423,21.623],[74.84006,21.62275],[74.8381,21.62211],[74.83775,21.62176],[74.83775,21.62148],[74.83872,21.62021],[74.83981,21.61976],[74.83985,21.61937],[74.83974,21.61903],[74.83934,21.61881],[74.83552,21.61873],[74.83524,21.6186],[74.83471,21.61786],[74.83428,21.61767],[74.83385,21.61777],[74.83319,21.61814],[74.83198,21.61849],[74.83133,21.61829],[74.83104,21.61793],[74.83083,21.61745],[74.83083,21.61674],[74.8312,21.61557],[74.83119,21.61483],[74.83009,21.6136],[74.82992,21.61324],[74.82997,21.61303],[74.83036,21.61256],[74.8306,21.61171],[74.8304,21.61107],[74.82987,21.6103],[74.82886,21.60979],[74.82833,21.61001],[74.82775,21.61082],[74.82693,21.61131],[74.82649,21.61141],[74.82598,21.61129],[74.82531,21.61048],[74.82514,21.61007],[74.8249,21.60995],[74.82389,21.61007],[74.82338,21.60996],[74.82259,21.60954],[74.82088,21.60816]]}},{"type":"Feature","properties":{"kind":"state","name":"Madhya Pradesh–Maharashtra","src":"OSM relations 1950071 and 1950884","river":"8110","rlen":77},"geometry":{"type":"LineString","coordinates":[[74.82088,21.60816],[74.82005,21.60816],[74.81766,21.60942],[74.81723,21.60944],[74.81676,21.60932],[74.81602,21.60932],[74.81504,21.60954],[74.81412,21.60994],[74.81345,21.61033],[74.81216,21.61122],[74.81163,21.61188],[74.81149,21.61246],[74.81166,21.61345],[74.81144,21.61368],[74.81113,21.61375],[74.81031,21.61376],[74.80997,21.61367],[74.80931,21.61329],[74.80862,21.61236],[74.80816,21.61222],[74.80788,21.61229],[74.80776,21.61244],[74.80779,21.61295],[74.8076,21.61362],[74.80682,21.61455],[74.80634,21.61475],[74.80572,21.61476],[74.80426,21.61457],[74.80364,21.61441],[74.80309,21.61411],[74.80277,21.61408],[74.8024,21.61431],[74.80198,21.61523],[74.80161,21.61533],[74.80045,21.61499],[74.79954,21.6146],[74.7993,21.61441],[74.79919,21.61405],[74.79897,21.61254],[74.79873,21.61162],[74.79832,21.61045],[74.79812,21.61013],[74.79795,21.61003],[74.79769,21.61007],[74.79719,21.61036],[74.79614,21.61129],[74.79571,21.61136],[74.79511,21.61126],[74.7944,21.61133],[74.79381,21.61155],[74.79074,21.61238],[74.78939,21.61265],[74.78893,21.61261],[74.78836,21.61243],[74.78694,21.61158],[74.78608,21.61117],[74.78468,21.61085],[74.78396,21.61081],[74.7835,21.6107],[74.78277,21.61079],[74.78254,21.61099],[74.78248,21.61138],[74.78262,21.61166],[74.78309,21.61212],[74.78308,21.61267],[74.78272,21.61318],[74.78168,21.61394],[74.78083,21.61487],[74.78054,21.61505],[74.77968,21.61528],[74.77514,21.61746]]}},{"type":"Feature","properties":{"kind":"state","name":"Madhya Pradesh–Maharashtra","src":"OSM relations 1950071 and 1950884"},"geometry":{"type":"LineString","coordinates":[[74.77514,21.61746],[74.77412,21.6156],[74.75,21.61797],[74.74708,21.61856],[74.73412,21.62072],[74.71286,21.62522],[74.70658,21.62683],[74.70075,21.62758],[74.70069,21.62877],[74.70041,21.62947],[74.69989,21.63011],[74.69721,21.63156],[74.69458,21.63247],[74.69318,21.63281],[74.69272,21.63277],[74.6911,21.63203],[74.68835,21.63156],[74.68746,21.63159],[74.68707,21.63175],[74.68663,21.63229],[74.68538,21.63334],[74.68516,21.63365],[74.68546,21.63478],[74.68497,21.63568],[74.68487,21.63645],[74.68455,21.63695],[74.68394,21.63738],[74.68363,21.63824],[74.68363,21.63844],[74.68407,21.63905],[74.68408,21.63936],[74.68396,21.6395],[74.68324,21.63981],[74.68302,21.64024],[74.68238,21.64071],[74.68094,21.64083],[74.68032,21.64141],[74.67927,21.64198],[74.67868,21.6428],[74.67781,21.64361],[74.6772,21.64387],[74.67611,21.64405],[74.67545,21.64472],[74.6754,21.64491],[74.67562,21.64505],[74.67734,21.64512],[74.67749,21.64521],[74.67747,21.64543],[74.67638,21.64554],[74.67558,21.64613],[74.67496,21.64629],[74.67483,21.6465],[74.67277,21.64556],[74.67208,21.64538],[74.67104,21.64552],[74.67061,21.64588],[74.66941,21.64769],[74.66887,21.64813],[74.66836,21.64828],[74.66748,21.64838],[74.66647,21.6482],[74.6655,21.6478],[74.66488,21.6473],[74.66446,21.64795],[74.66421,21.64916],[74.66413,21.65253],[74.66313,21.65242],[74.65984,21.65282],[74.65347,21.65378],[74.65119,21.6544],[74.64486,21.6551],[74.6224,21.65679],[74.61855,21.65949],[74.61751,21.66047],[74.60445,21.66182],[74.584,21.66459],[74.58208,21.66499],[74.58219,21.66567],[74.58211,21.66686],[74.58217,21.66858],[74.58251,21.66921],[74.5832,21.66998],[74.58337,21.67037],[74.58347,21.67125],[74.58334,21.67188],[74.58383,21.67299],[74.58386,21.6733],[74.58313,21.67431],[74.58297,21.67496],[74.58299,21.67641],[74.58276,21.67697],[74.58202,21.67782],[74.58194,21.67853],[74.5815,21.67904],[74.5812,21.67981],[74.58056,21.68021],[74.58058,21.68181],[74.58044,21.68229],[74.57987,21.68333],[74.57371,21.68382],[74.56567,21.68344],[74.56238,21.68343],[74.56238,21.68115],[74.55655,21.6814],[74.55425,21.68145]]}},{"type":"Feature","properties":{"kind":"state","name":"Madhya Pradesh–Maharashtra","src":"OSM relations 1950071 and 1950884","river":"8533","rlen":32},"geometry":{"type":"LineString","coordinates":[[74.55425,21.68145],[74.55411,21.68309],[74.55393,21.68378],[74.55422,21.68537],[74.55447,21.68569],[74.55488,21.68586],[74.55657,21.68581],[74.55713,21.68608],[74.5575,21.68639],[74.55756,21.68677],[74.55748,21.68716],[74.55592,21.68929],[74.55564,21.69024],[74.55569,21.69062],[74.55602,21.69163],[74.55625,21.69394],[74.55604,21.69573],[74.55606,21.6963],[74.55586,21.69773],[74.55587,21.69854],[74.55651,21.70096],[74.55669,21.70125],[74.55697,21.70223],[74.55774,21.704]]}},{"type":"Feature","properties":{"kind":"state","name":"Madhya Pradesh–Maharashtra","src":"OSM relations 1950071 and 1950884"},"geometry":{"type":"LineString","coordinates":[[74.55774,21.704],[74.55577,21.70475],[74.54737,21.7196],[74.53554,21.71724],[74.53323,21.71689],[74.52919,21.71757],[74.52261,21.71798],[74.51615,21.7186],[74.51386,21.71861],[74.51123,21.72117],[74.50559,21.72631],[74.50585,21.72659],[74.50677,21.72679],[74.50718,21.72721],[74.50802,21.72754],[74.50798,21.72828],[74.50852,21.72879],[74.50879,21.72966],[74.50846,21.7301],[74.50839,21.73056],[74.5079,21.73064],[74.50777,21.73081],[74.50772,21.73168],[74.50796,21.7319],[74.50856,21.73207],[74.50889,21.73243],[74.50951,21.7325],[74.50957,21.73286],[74.5094,21.73362],[74.50951,21.73401],[74.50979,21.73406],[74.51012,21.73381],[74.51039,21.73379],[74.51107,21.73531],[74.51078,21.73572],[74.51019,21.73557],[74.51005,21.73569],[74.51019,21.73667],[74.51002,21.73743],[74.51008,21.73761],[74.51074,21.7381],[74.51114,21.73869],[74.51121,21.73953],[74.51088,21.74004],[74.5109,21.7403],[74.5114,21.74034],[74.51156,21.74049],[74.51144,21.74107],[74.51093,21.74228],[74.51083,21.7431],[74.51133,21.74446],[74.5118,21.74476],[74.51204,21.74521],[74.51189,21.74559],[74.51145,21.74592],[74.51052,21.74696],[74.51024,21.749],[74.51002,21.74913],[74.50944,21.74894],[74.50908,21.74903],[74.50897,21.75],[74.50949,21.75221],[74.51007,21.75295],[74.51018,21.75366],[74.51077,21.75412],[74.51154,21.75501],[74.51239,21.75548],[74.51309,21.75658],[74.51314,21.75687],[74.51297,21.75758],[74.51198,21.75865],[74.51163,21.75954],[74.51163,21.75985],[74.51173,21.76011],[74.5122,21.76032],[74.51229,21.76049],[74.51199,21.76165],[74.51199,21.76188],[74.51223,21.76226],[74.51217,21.76298],[74.51228,21.76329],[74.51253,21.76357],[74.51322,21.76399],[74.51369,21.76453],[74.51392,21.76492],[74.51395,21.76569],[74.51329,21.76771],[74.51233,21.76902],[74.51179,21.76945],[74.51128,21.77056],[74.50972,21.77282],[74.50164,21.78152],[74.5,21.78672],[74.49915,21.78831],[74.49863,21.78861],[74.49832,21.78914],[74.49821,21.79009],[74.49827,21.79059],[74.4986,21.79122],[74.49899,21.7915],[74.49915,21.79146],[74.49953,21.79192],[74.49974,21.79239],[74.5,21.80525],[74.50021,21.80652],[74.50047,21.80733],[74.50661,21.81638],[74.50807,21.82229],[74.50923,21.82802],[74.51001,21.82927],[74.51043,21.83487],[74.5112,21.84184],[74.51227,21.84872],[74.51389,21.86266],[74.51374,21.86963],[74.51374,21.87851],[74.51352,21.88634],[74.51364,21.88997],[74.5228,21.89909],[74.52236,21.90244],[74.52353,21.90473],[74.52458,21.90664]]}},{"type":"Feature","properties":{"kind":"state","name":"Madhya Pradesh–Maharashtra","src":"OSM relations 1950071 and 1950884","river":"1512","rlen":38},"geometry":{"type":"LineString","coordinates":[[74.52458,21.90664],[74.52352,21.90715],[74.52318,21.90756],[74.52304,21.908],[74.52303,21.9084],[74.52335,21.90917],[74.52407,21.91026],[74.52432,21.91083],[74.52461,21.91184],[74.52463,21.91207],[74.5245,21.91237],[74.52321,21.9135],[74.52295,21.91354],[74.52264,21.91348],[74.52186,21.91307],[74.52147,21.91295],[74.52087,21.91296],[74.52018,21.91322],[74.51948,21.914],[74.51909,21.91428],[74.51818,21.91451],[74.51777,21.91501],[74.51722,21.91612],[74.51691,21.91641],[74.51661,21.91651],[74.51574,21.91641],[74.51496,21.91615],[74.51372,21.91545],[74.51287,21.91566],[74.51261,21.91597],[74.51133,21.91826],[74.50984,21.92055],[74.50946,21.92131],[74.50933,21.92184],[74.50941,21.92243],[74.50999,21.92322],[74.51092,21.92376],[74.5117,21.92389],[74.51194,21.92415],[74.51195,21.92447],[74.51172,21.92535],[74.51159,21.92554],[74.5111,21.92594],[74.51086,21.92629],[74.51086,21.92659],[74.51122,21.92717],[74.51146,21.92776],[74.51215,21.93049],[74.51174,21.93352],[74.51157,21.9339],[74.51088,21.93487],[74.51007,21.93535],[74.50951,21.93579],[74.50916,21.93651],[74.50883,21.93694],[74.50833,21.93707],[74.50762,21.93754],[74.507,21.93814],[74.50636,21.93859],[74.50526,21.93905],[74.50425,21.93924],[74.5027,21.93936],[74.50178,21.93926],[74.50065,21.93898],[74.50003,21.93899],[74.49946,21.93975],[74.49894,21.94025],[74.49837,21.94054],[74.49785,21.94068],[74.4974,21.94098],[74.49701,21.94145],[74.49664,21.94256],[74.49606,21.94301],[74.49604,21.94344],[74.49624,21.94409],[74.49627,21.94516],[74.49591,21.94616],[74.49565,21.94655],[74.4953,21.94681],[74.49443,21.94694],[74.49328,21.94696],[74.49302,21.94681],[74.49271,21.94629],[74.49225,21.94477],[74.49194,21.94436],[74.49018,21.94332],[74.48886,21.94297],[74.48807,21.9431],[74.48735,21.94345],[74.48639,21.94426],[74.48493,21.94512],[74.4844,21.94604],[74.48442,21.94641],[74.48456,21.94687],[74.48477,21.94718],[74.4861,21.94803],[74.48638,21.94833],[74.48739,21.94904],[74.48864,21.94956],[74.48931,21.95001],[74.4906,21.95113],[74.49062,21.95146],[74.49037,21.952],[74.48972,21.9525],[74.4895,21.95277],[74.48933,21.95317],[74.48928,21.9548],[74.48934,21.95565],[74.48914,21.95607],[74.48879,21.95639],[74.48861,21.95647],[74.48826,21.95645],[74.48769,21.95616],[74.48641,21.95596],[74.48593,21.95576],[74.48484,21.95493],[74.48342,21.95443],[74.48271,21.95434],[74.48183,21.95441],[74.4814,21.95454],[74.48115,21.9547],[74.48096,21.95524],[74.48099,21.9555],[74.48113,21.95572],[74.48185,21.9563],[74.48201,21.95653],[74.4823,21.9572],[74.48229,21.95819],[74.4821,21.95862],[74.48193,21.95883],[74.48122,21.9589],[74.4791,21.95864],[74.47803,21.95871],[74.47712,21.95906],[74.47571,21.95948],[74.47515,21.96017],[74.47454,21.96064],[74.47314,21.96106],[74.47217,21.96104],[74.47154,21.96082],[74.47005,21.95946],[74.46914,21.95936],[74.46878,21.9595],[74.46855,21.95967],[74.46846,21.95998],[74.46864,21.96078],[74.46886,21.96117],[74.46952,21.96186],[74.46993,21.9621],[74.47081,21.96236],[74.47112,21.96258],[74.47134,21.96319],[74.47134,21.96335],[74.47089,21.96403],[74.47057,21.96523],[74.47016,21.96592],[74.46945,21.96665],[74.46893,21.96681],[74.46873,21.96676],[74.46859,21.96662],[74.46829,21.9657],[74.46807,21.9654],[74.46706,21.96508],[74.4667,21.96506],[74.46625,21.96524],[74.46527,21.96579],[74.46457,21.96596],[74.46425,21.9659],[74.46375,21.9655],[74.46279,21.96391],[74.46255,21.96291],[74.46205,21.96188],[74.46111,21.96131],[74.46017,21.96102],[74.45967,21.9609],[74.45917,21.96094],[74.45686,21.96171],[74.45606,21.96173],[74.45465,21.96125],[74.45382,21.96121],[74.45308,21.96163],[74.45273,21.96191],[74.45121,21.96222],[74.45095,21.96237],[74.45043,21.96307],[74.44903,21.96436],[74.44829,21.96547],[74.44748,21.96698],[74.4472,21.96847],[74.44704,21.96888],[74.44677,21.96928],[74.44642,21.96954],[74.44541,21.96969],[74.4449,21.96986],[74.44427,21.97022],[74.44379,21.97082],[74.44373,21.97114],[74.44378,21.97138],[74.44444,21.97265],[74.44476,21.97356],[74.4447,21.97433],[74.44426,21.97544],[74.44391,21.97579],[74.44373,21.97588],[74.44335,21.97591],[74.44275,21.9756],[74.44164,21.97549],[74.44086,21.97586],[74.4393,21.97643],[74.43888,21.97675],[74.43862,21.97745],[74.43858,21.97808],[74.43876,21.98001],[74.43874,21.98055],[74.43836,21.98098],[74.43808,21.98148],[74.4379,21.98263],[74.43856,21.98595],[74.43849,21.98722],[74.43865,21.98778],[74.43885,21.98796],[74.43954,21.9883],[74.44083,21.98852],[74.44124,21.98873],[74.44133,21.98888],[74.44131,21.98938],[74.44108,21.98959],[74.4402,21.98996],[74.43941,21.99],[74.43862,21.99017],[74.43859,21.99024],[74.43859,21.99049],[74.439,21.99144],[74.43915,21.99244],[74.43969,21.99333],[74.43976,21.99362],[74.43978,21.994],[74.43937,21.99474],[74.43842,21.99559],[74.43687,21.99717],[74.43634,21.99754],[74.43604,21.99758],[74.4351,21.99749],[74.43364,21.99709],[74.43276,21.99713],[74.43226,21.9973],[74.43205,21.99749],[74.43185,21.99868],[74.43186,21.999],[74.432,21.99938],[74.43221,21.99966],[74.43245,21.99983],[74.43319,21.99998],[74.43407,21.99962],[74.4348,21.99952],[74.43653,21.99965],[74.4382,21.99989],[74.43915,22.00027],[74.44025,22.0016],[74.44157,22.0028],[74.44204,22.00299],[74.44271,22.00299],[74.44313,22.00282],[74.44376,22.00243],[74.44411,22.00203],[74.44446,22.00149],[74.44493,22.00049],[74.44533,22.00022],[74.44608,22.00017],[74.44724,22.00054],[74.44738,22.00072],[74.44899,22.00116],[74.45063,22.00184],[74.45178,22.00272],[74.45216,22.00349],[74.45229,22.00422],[74.45179,22.00526],[74.45155,22.0055],[74.45117,22.00568],[74.45037,22.00572],[74.44937,22.00547],[74.44889,22.00553],[74.44875,22.00563],[74.44854,22.00614],[74.44857,22.00648],[74.44879,22.00697],[74.44889,22.00793],[74.4486,22.0084],[74.44658,22.00959],[74.44436,22.01006],[74.44365,22.01041],[74.44289,22.01093],[74.44266,22.01124],[74.4426,22.01202],[74.44305,22.01258],[74.44362,22.01301],[74.44395,22.01338],[74.44406,22.01361],[74.44418,22.01396],[74.44423,22.01452],[74.44413,22.01532],[74.44378,22.01607],[74.44352,22.01638],[74.44086,22.0186],[74.43944,22.01963],[74.43918,22.01995],[74.43892,22.0208],[74.43899,22.02119],[74.43921,22.02172],[74.43942,22.02197],[74.44007,22.02197],[74.44055,22.0218],[74.44143,22.02164],[74.44189,22.02164],[74.44242,22.02175],[74.4426,22.02191],[74.44277,22.02239],[74.44273,22.02291],[74.44257,22.02312],[74.44208,22.02342],[74.44159,22.02361],[74.43993,22.02389],[74.43939,22.02409],[74.4387,22.02447],[74.43759,22.02557],[74.43403,22.02814],[74.43383,22.02841]]}},{"type":"Feature","properties":{"kind":"state","name":"Madhya Pradesh–Maharashtra","src":"OSM relations 1950071 and 1950884"},"geometry":{"type":"LineString","coordinates":[[74.43383,22.02841],[74.43394,22.02848],[74.43354,22.02872],[74.43299,22.0306]]}},{"type":"Feature","properties":{"kind":"state","name":"Madhya Pradesh–Maharashtra","src":"OSM relations 1950071 and 1950884","river":"1844","rlen":1394},"geometry":{"type":"LineString","coordinates":[[74.43299,22.0306],[74.42713,22.02912],[74.41611,22.02547],[74.40985,22.0241],[74.40193,22.02305],[74.39499,22.02181],[74.38586,22.01851],[74.38233,22.01406],[74.37856,22.00558],[74.357,21.98336],[74.35302,21.97936],[74.34738,21.97626],[74.33692,21.97441],[74.31927,21.97354],[74.30478,21.97032],[74.29995,21.96841],[74.29685,21.96544],[74.29463,21.95931],[74.29165,21.94431],[74.28899,21.9393],[74.28608,21.93633],[74.28236,21.93465],[74.27617,21.93354],[74.27041,21.93292],[74.24048,21.93111],[74.22518,21.92852],[74.21651,21.92765],[74.20454,21.92671],[74.1928,21.92598],[74.19117,21.92637],[74.18927,21.92655],[74.18625,21.92744],[74.18143,21.9302],[74.17957,21.93146],[74.16557,21.94523],[74.16338,21.94677],[74.16086,21.94835],[74.15719,21.95005],[74.15506,21.95082],[74.15101,21.95113],[74.14467,21.95096]]}},{"type":"Feature","properties":{"kind":"state","name":"Madhya Pradesh–Maharashtra","src":"OSM relations 1950071 and 1950884"},"geometry":{"type":"LineString","coordinates":[[74.14467,21.95096],[74.14462,21.9529]]}},{"type":"Feature","properties":{"kind":"state","name":"Maharashtra–Telangana","src":"OSM relations 1950884 and 3250963"},"geometry":{"type":"LineString","coordinates":[[77.5498,18.29188],[77.54987,18.29264],[77.54965,18.29328],[77.54996,18.29418],[77.55088,18.29487],[77.55126,18.29604],[77.55212,18.29716],[77.55436,18.29916],[77.55541,18.30085],[77.55624,18.30301],[77.55741,18.30484],[77.55808,18.3046],[77.5597,18.30435],[77.56106,18.30432],[77.56281,18.30376],[77.56525,18.30322],[77.56797,18.30323],[77.57106,18.30272],[77.57247,18.3028],[77.57313,18.303],[77.57363,18.30301],[77.57381,18.30376],[77.57279,18.30564],[77.5731,18.30961],[77.57355,18.31151],[77.57355,18.31259],[77.57218,18.31323],[77.57186,18.31377],[77.57066,18.31437],[77.56979,18.31523],[77.56947,18.31641],[77.56501,18.32027],[77.56364,18.32315],[77.56275,18.3244],[77.56174,18.32958],[77.56115,18.33089],[77.55945,18.33169],[77.55208,18.33254],[77.54414,18.33818],[77.54101,18.33539],[77.54087,18.33514],[77.53266,18.33426],[77.53268,18.33962],[77.52895,18.34359],[77.52741,18.34382],[77.52136,18.34752],[77.52055,18.34984],[77.5202,18.35034],[77.52066,18.35242],[77.5205,18.35437],[77.51981,18.35564],[77.51898,18.35784],[77.52069,18.35792],[77.52375,18.36271],[77.52463,18.36489],[77.52524,18.36805],[77.52541,18.37009],[77.52567,18.37107],[77.5256,18.37163],[77.52606,18.37303],[77.52741,18.37383],[77.52882,18.37492],[77.53099,18.37733],[77.53142,18.37763],[77.5314,18.37776],[77.53187,18.37797],[77.53306,18.3791],[77.5338,18.37934],[77.53447,18.37933],[77.53542,18.37983],[77.53575,18.38057],[77.53623,18.38118],[77.53706,18.38281],[77.53749,18.38337],[77.53743,18.38383],[77.53797,18.3851],[77.54022,18.38731],[77.54053,18.38787],[77.54117,18.38845],[77.54235,18.38746],[77.54289,18.38725],[77.54347,18.38757],[77.54388,18.38762],[77.54397,18.38817],[77.54566,18.3888],[77.5462,18.38922],[77.54695,18.3895],[77.54752,18.39014],[77.55065,18.39214],[77.55107,18.39156],[77.55182,18.39234],[77.55137,18.39314],[77.55204,18.39377],[77.55203,18.39536],[77.55188,18.3966],[77.55207,18.39855],[77.55253,18.40072],[77.55249,18.40239],[77.55266,18.40358],[77.55309,18.40514],[77.554,18.40734],[77.55433,18.40848],[77.55441,18.40921],[77.55541,18.41162],[77.5557,18.41287],[77.55592,18.41287],[77.55592,18.41342],[77.5553,18.41366],[77.55538,18.4156],[77.55575,18.41566],[77.55603,18.41687],[77.55636,18.4173],[77.55656,18.41921],[77.55523,18.41951],[77.55502,18.41974],[77.55332,18.42029],[77.55313,18.42051],[77.54917,18.42129],[77.54808,18.4213],[77.54786,18.42097],[77.54674,18.42093],[77.54494,18.421],[77.54375,18.42121],[77.54373,18.42142],[77.54143,18.42214],[77.53762,18.42382],[77.53775,18.42581],[77.53569,18.42666],[77.52862,18.4283],[77.52872,18.42963],[77.52901,18.43117],[77.52901,18.43284],[77.52926,18.43405],[77.52993,18.43589],[77.5302,18.43757],[77.52764,18.43858],[77.52689,18.44007],[77.52704,18.4406],[77.52754,18.44111],[77.52796,18.44201],[77.5284,18.44224],[77.52876,18.44279],[77.53161,18.44213],[77.53215,18.44364],[77.53385,18.44324],[77.53552,18.44404],[77.53744,18.4441],[77.53875,18.44436],[77.53962,18.44432],[77.54231,18.44452],[77.5432,18.4444],[77.54455,18.44397],[77.5466,18.44313],[77.55013,18.44258],[77.55029,18.44219],[77.55109,18.44176],[77.55118,18.4416],[77.55204,18.44142],[77.55275,18.44112],[77.55259,18.44027],[77.55484,18.43961],[77.55769,18.4383],[77.55773,18.43805],[77.55998,18.4371],[77.56226,18.43674],[77.56395,18.43697],[77.56406,18.43652],[77.56465,18.43718],[77.56531,18.43731],[77.5659,18.43771],[77.56616,18.43828],[77.56847,18.44069],[77.56875,18.44059],[77.56917,18.44253],[77.57059,18.4422],[77.57591,18.44154],[77.57884,18.44369],[77.58089,18.44416],[77.58301,18.44429],[77.58381,18.44403],[77.5848,18.44428],[77.58622,18.44408],[77.58847,18.44318],[77.59186,18.44241],[77.59354,18.44214],[77.59514,18.44423],[77.59745,18.44807],[77.59795,18.44935],[77.5871,18.449],[77.58601,18.44907],[77.58402,18.44948],[77.58353,18.44965],[77.58434,18.45203],[77.58484,18.45454],[77.58353,18.4551],[77.58351,18.45573],[77.58242,18.45621],[77.57573,18.45799],[77.57069,18.45884],[77.56716,18.45915],[77.56716,18.45956],[77.56394,18.45986],[77.56385,18.46069],[77.56055,18.46059],[77.55733,18.46117],[77.55614,18.46083],[77.5553,18.46095],[77.55381,18.46147],[77.55294,18.46153],[77.55251,18.46123],[77.55178,18.46136],[77.55153,18.46079],[77.55092,18.46094],[77.55127,18.46204],[77.55064,18.46375],[77.55057,18.46485],[77.55008,18.46607],[77.54871,18.46663],[77.54886,18.46713],[77.5489,18.46797],[77.54989,18.46849],[77.55201,18.46824],[77.55327,18.46834],[77.55433,18.46804],[77.55561,18.46799],[77.55634,18.46774],[77.55787,18.46766],[77.55795,18.46755],[77.5583,18.46909],[77.56057,18.46888],[77.56087,18.47054],[77.56223,18.47052],[77.56626,18.46995],[77.56885,18.47009],[77.56983,18.47002],[77.57115,18.4698],[77.57186,18.46932],[77.57251,18.46905],[77.57303,18.46999],[77.57326,18.47],[77.57317,18.47301],[77.5733,18.47408],[77.57373,18.4757],[77.57388,18.47709],[77.57415,18.47805],[77.57507,18.47828],[77.57565,18.48292],[77.57657,18.4868],[77.57775,18.48685],[77.5809,18.48543],[77.58093,18.48519],[77.58334,18.4862],[77.5854,18.48549],[77.58755,18.4851],[77.58948,18.48491],[77.59065,18.48496],[77.59185,18.48475],[77.59233,18.48482],[77.59233,18.48239],[77.59455,18.47671],[77.59494,18.47684],[77.59634,18.47642],[77.59754,18.4766],[77.60018,18.47729],[77.60212,18.47649],[77.60324,18.47641],[77.6032,18.47919],[77.60309,18.4794],[77.60518,18.48733],[77.60561,18.48816],[77.6057,18.48896],[77.60556,18.48925],[77.6047,18.48946],[77.6033,18.48954],[77.60305,18.49024],[77.60266,18.4918],[77.60264,18.49333],[77.60299,18.49484],[77.60361,18.4958],[77.60369,18.49618],[77.6026,18.49637],[77.60169,18.49639],[77.60146,18.49624],[77.60018,18.49616],[77.59976,18.49631],[77.5975,18.49631],[77.59627,18.49598],[77.59463,18.49578],[77.59474,18.49661],[77.59471,18.49833],[77.59292,18.49866],[77.59217,18.49904],[77.59203,18.49931],[77.59149,18.49935],[77.59074,18.49961],[77.59058,18.50067],[77.58929,18.50196],[77.58868,18.50226],[77.58881,18.50239],[77.58532,18.50444],[77.5858,18.5057],[77.58608,18.50761],[77.58663,18.50937],[77.58767,18.51024],[77.58789,18.51026],[77.58843,18.51319],[77.58977,18.51313],[77.59006,18.51375],[77.59057,18.51363],[77.59266,18.51371],[77.59508,18.51582],[77.59674,18.51514],[77.59746,18.51656],[77.59781,18.51789],[77.599,18.51907],[77.5998,18.51963],[77.60017,18.52201],[77.59997,18.52735],[77.59928,18.52797],[77.5975,18.52867],[77.59532,18.52902],[77.59446,18.52779],[77.59428,18.52664],[77.59412,18.52641],[77.59166,18.52657],[77.59144,18.52595],[77.59032,18.52602],[77.58824,18.52645],[77.58915,18.5304],[77.59122,18.52993],[77.59137,18.53058],[77.59168,18.53058],[77.59219,18.53192],[77.592,18.53209],[77.59203,18.53234],[77.59236,18.53266],[77.59255,18.53388],[77.59281,18.53414],[77.59286,18.53437],[77.59537,18.53593],[77.59547,18.53622],[77.59577,18.53615],[77.59612,18.53727],[77.59641,18.53986],[77.5963,18.54019],[77.59561,18.54024],[77.5958,18.54086],[77.59593,18.54542],[77.59615,18.54606],[77.59649,18.54931],[77.59839,18.54977],[77.60254,18.55031],[77.60334,18.55051],[77.60484,18.55052],[77.60809,18.55009],[77.60855,18.55013],[77.60902,18.54996],[77.61,18.54995],[77.61159,18.55014],[77.61404,18.55094],[77.61869,18.55114],[77.62104,18.55108],[77.62531,18.55202],[77.62684,18.55194],[77.62737,18.5523],[77.62842,18.55205],[77.62886,18.55182],[77.62919,18.55102],[77.6295,18.54758],[77.62944,18.54676],[77.63076,18.54591],[77.63171,18.54492],[77.63227,18.54387],[77.6341,18.54258],[77.63486,18.54472],[77.63612,18.54673],[77.63825,18.55112],[77.6392,18.55351],[77.63953,18.55463],[77.64057,18.55459],[77.64094,18.55573],[77.64273,18.55576],[77.64311,18.55565],[77.64359,18.5557],[77.64767,18.55547],[77.64777,18.55304],[77.652,18.55169],[77.65154,18.54946],[77.65086,18.54729],[77.64929,18.54302],[77.64896,18.5415],[77.64895,18.54132],[77.64996,18.54139],[77.65054,18.54107],[77.65049,18.5397],[77.65029,18.53893],[77.64863,18.53741]]}},{"type":"Feature","properties":{"kind":"state","name":"Maharashtra–Telangana","src":"OSM relations 1950884 and 3250963","river":"5573","rlen":97},"geometry":{"type":"LineString","coordinates":[[77.64863,18.53741],[77.64897,18.53707],[77.64909,18.53675],[77.6492,18.53575],[77.64949,18.53484],[77.64988,18.53422],[77.65068,18.5334],[77.65219,18.53217],[77.65423,18.53126],[77.65462,18.53117],[77.65557,18.53111],[77.65626,18.53123],[77.65727,18.53177],[77.65833,18.53212],[77.65888,18.5322],[77.66131,18.53221],[77.6625,18.53243],[77.66285,18.53269],[77.66318,18.53318],[77.66352,18.53435],[77.66411,18.53502],[77.66534,18.53622],[77.66677,18.53741],[77.66903,18.53851],[77.67073,18.53957],[77.67296,18.54121],[77.67475,18.54273],[77.67622,18.54385],[77.67803,18.54499],[77.67976,18.54573],[77.68036,18.54608],[77.68189,18.54644],[77.68256,18.54668],[77.68284,18.54669],[77.68349,18.54658],[77.68544,18.54562],[77.68642,18.54539],[77.68754,18.54541],[77.68872,18.54588],[77.68951,18.54644],[77.69042,18.5474],[77.69372,18.54974]]}},{"type":"Feature","properties":{"kind":"state","name":"Maharashtra–Telangana","src":"OSM relations 1950884 and 3250963"},"geometry":{"type":"LineString","coordinates":[[77.69372,18.54974],[77.69247,18.55133],[77.6914,18.55272],[77.6909,18.55378],[77.69073,18.55468],[77.6908,18.55505],[77.69092,18.55538],[77.69143,18.55601],[77.69169,18.55619],[77.69352,18.55607],[77.69424,18.55621],[77.69804,18.55706],[77.69908,18.55765],[77.69949,18.55792],[77.69963,18.55829],[77.70358,18.56242],[77.70421,18.5629],[77.70601,18.56468],[77.70778,18.56537],[77.70926,18.56511],[77.71087,18.56445],[77.71189,18.56417],[77.71288,18.56366],[77.7131,18.56327],[77.7133,18.56175],[77.71307,18.56081],[77.71259,18.56025],[77.7113,18.55763],[77.71351,18.55667],[77.71684,18.55462],[77.72076,18.55353],[77.72123,18.55346],[77.72199,18.55355],[77.72201,18.55326],[77.72269,18.55326],[77.7263,18.55389],[77.72672,18.55389],[77.72673,18.55353],[77.72731,18.55396],[77.72744,18.55384],[77.73232,18.55518],[77.73619,18.55649],[77.73762,18.55657],[77.73831,18.55687],[77.73739,18.56242],[77.73756,18.56561],[77.73954,18.56807],[77.7404,18.57558],[77.74331,18.5771],[77.74372,18.5781],[77.74398,18.58225],[77.74499,18.58469],[77.74647,18.58723],[77.74934,18.59043],[77.74894,18.59488],[77.74707,18.60082],[77.74599,18.60516],[77.74606,18.60916],[77.74551,18.6132],[77.74726,18.61442]]}},{"type":"Feature","properties":{"kind":"state","name":"Maharashtra–Telangana","src":"OSM relations 1950884 and 3250963","river":"5657","rlen":753},"geometry":{"type":"LineString","coordinates":[[77.74726,18.61442],[77.74694,18.61483],[77.74641,18.61573],[77.7461,18.61634],[77.74547,18.61827],[77.74519,18.61885],[77.74492,18.61966],[77.74471,18.6216],[77.74448,18.62209],[77.74391,18.62253],[77.74291,18.62286],[77.74217,18.62329],[77.74181,18.62355],[77.74159,18.62381],[77.74143,18.62425],[77.74044,18.62477],[77.74023,18.62499],[77.74004,18.62565],[77.74002,18.6273],[77.74011,18.62868],[77.74053,18.63035],[77.74055,18.63107],[77.74071,18.63195],[77.74067,18.63237],[77.73983,18.63345],[77.7384,18.63491],[77.73807,18.63576],[77.7378,18.63603],[77.73669,18.63665],[77.73577,18.63781],[77.73561,18.63813],[77.7355,18.63897],[77.73563,18.63964],[77.73563,18.6402],[77.73534,18.64124],[77.7344,18.6426],[77.73249,18.64376],[77.73196,18.64394],[77.72963,18.6441],[77.7291,18.64464],[77.72874,18.64645],[77.72871,18.64772],[77.72841,18.64953],[77.72763,18.65077],[77.72739,18.65131],[77.7271,18.65288],[77.7271,18.65332],[77.72745,18.65418],[77.7279,18.65492],[77.72818,18.65536],[77.72952,18.65677],[77.72975,18.65712],[77.72992,18.65791],[77.72962,18.6589],[77.72982,18.65946],[77.73018,18.65967]]}},{"type":"Feature","properties":{"kind":"state","name":"Maharashtra–Telangana","src":"OSM relations 1950884 and 3250963"},"geometry":{"type":"LineString","coordinates":[[77.73018,18.65967],[77.72911,18.66137],[77.72861,18.66536],[77.73428,18.67633],[77.73512,18.67682],[77.7371,18.67607]]}},{"type":"Feature","properties":{"kind":"state","name":"Maharashtra–Telangana","src":"OSM relations 1950884 and 3250963","river":"5657","rlen":753},"geometry":{"type":"LineString","coordinates":[[77.7371,18.67607],[77.73754,18.6769],[77.73872,18.67796],[77.7392,18.67856],[77.73946,18.67902],[77.74037,18.67973],[77.74057,18.67997],[77.74117,18.68025],[77.7415,18.68073],[77.74255,18.68143],[77.74343,18.68311],[77.74509,18.68393],[77.74554,18.68405],[77.74597,18.6841],[77.74673,18.68379],[77.74695,18.68378],[77.74813,18.68428],[77.74842,18.68428],[77.7496,18.68386],[77.75021,18.68395],[77.75102,18.68433],[77.75125,18.68465],[77.75153,18.68694],[77.75213,18.68752],[77.75243,18.6882],[77.75275,18.68861],[77.75272,18.68911],[77.75258,18.68942],[77.75265,18.68975],[77.75302,18.69058],[77.7531,18.69139],[77.75317,18.6915],[77.75441,18.69244],[77.75463,18.69278],[77.75473,18.69431],[77.75485,18.69476],[77.75534,18.69546],[77.7555,18.6955],[77.75626,18.69539],[77.75673,18.69544],[77.75749,18.69577],[77.75777,18.69618],[77.75786,18.69798],[77.75777,18.69826],[77.75727,18.69871],[77.75714,18.69894],[77.75696,18.6998],[77.75708,18.70042],[77.75703,18.70093],[77.75633,18.70204],[77.75611,18.70282],[77.75573,18.70365],[77.75573,18.70413],[77.75583,18.70449],[77.75617,18.70495],[77.75785,18.70589],[77.75947,18.70667],[77.7608,18.70654],[77.76141,18.70656],[77.76195,18.7067],[77.76228,18.70665],[77.7635,18.70601],[77.76466,18.70525],[77.76521,18.70508],[77.76566,18.70509],[77.76633,18.70544],[77.76709,18.70623],[77.76752,18.70624],[77.7689,18.70654],[77.77046,18.70627]]}},{"type":"Feature","properties":{"kind":"state","name":"Maharashtra–Telangana","src":"OSM relations 1950884 and 3250963"},"geometry":{"type":"LineString","coordinates":[[77.77046,18.70627],[77.77031,18.70407],[77.77135,18.70339],[77.77216,18.70196],[77.77258,18.69867],[77.77299,18.69774],[77.77208,18.69122],[77.7725,18.69056],[77.77217,18.68894],[77.7738,18.68829],[77.77623,18.68656],[77.77713,18.68544],[77.78679,18.683],[77.78686,18.68355],[77.7873,18.68383],[77.78917,18.68788],[77.79016,18.68829],[77.78943,18.69077],[77.78992,18.69521],[77.78873,18.69708]]}},{"type":"Feature","properties":{"kind":"state","name":"Maharashtra–Telangana","src":"OSM relations 1950884 and 3250963","river":"5657","rlen":753},"geometry":{"type":"LineString","coordinates":[[77.78873,18.69708],[77.79002,18.69783],[77.79088,18.69774],[77.79119,18.69788],[77.7919,18.69791],[77.79318,18.69755],[77.79516,18.69814],[77.79581,18.69849],[77.79601,18.69869],[77.79627,18.69909],[77.79677,18.70053],[77.79753,18.70142],[77.79744,18.70187],[77.79719,18.70231],[77.79728,18.7034],[77.79788,18.70359],[77.79804,18.70376],[77.79811,18.70429],[77.79826,18.70457],[77.79977,18.70607],[77.80065,18.70662],[77.80088,18.70686],[77.80136,18.7083],[77.80157,18.70864],[77.80234,18.70924],[77.80291,18.70958],[77.80376,18.71056],[77.80414,18.71116],[77.80494,18.71298],[77.80542,18.71338],[77.80559,18.71401],[77.80595,18.71469],[77.80599,18.71564],[77.80588,18.71588],[77.80507,18.7168],[77.80473,18.71753],[77.80479,18.71801],[77.80517,18.71912],[77.80533,18.72104],[77.80533,18.72245],[77.80483,18.72505],[77.80449,18.72627],[77.80457,18.72781],[77.80475,18.72866],[77.80477,18.72981],[77.80525,18.73126],[77.80616,18.73222],[77.80718,18.73306],[77.80805,18.73362],[77.80905,18.73449],[77.80946,18.7348],[77.8104,18.73532]]}},{"type":"Feature","properties":{"kind":"state","name":"Maharashtra–Telangana","src":"OSM relations 1950884 and 3250963"},"geometry":{"type":"LineString","coordinates":[[77.8104,18.73532],[77.8093,18.73712],[77.81264,18.74275],[77.81616,18.7505],[77.81837,18.75112]]}},{"type":"Feature","properties":{"kind":"state","name":"Maharashtra–Telangana","src":"OSM relations 1950884 and 3250963","river":"5657","rlen":753},"geometry":{"type":"LineString","coordinates":[[77.81837,18.75112],[77.81834,18.7512],[77.81838,18.7515],[77.81861,18.752],[77.81903,18.75343],[77.81905,18.75376],[77.819,18.75404],[77.81847,18.75497],[77.81771,18.75569],[77.81768,18.75618],[77.81789,18.7568],[77.81813,18.75711],[77.81999,18.7589],[77.82217,18.76061],[77.82315,18.76119],[77.82334,18.76162],[77.8247,18.76283],[77.82524,18.76383],[77.82579,18.76414],[77.82835,18.7648],[77.82864,18.76494],[77.82906,18.76526],[77.82935,18.76565],[77.82995,18.76695],[77.83005,18.7672],[77.83003,18.76756],[77.82984,18.76795],[77.8295,18.76834],[77.8293,18.76887],[77.82902,18.76994],[77.82819,18.77222],[77.82771,18.77297],[77.8272,18.77348],[77.82658,18.77383],[77.82617,18.77433],[77.82589,18.77534],[77.82557,18.77613],[77.82541,18.77756],[77.82564,18.77844],[77.82606,18.77936],[77.82629,18.78076],[77.82661,18.78196],[77.8276,18.78432],[77.828,18.78475],[77.82884,18.78512],[77.82989,18.7854],[77.83075,18.78544],[77.8316,18.78536],[77.83291,18.78557],[77.83326,18.78587],[77.83387,18.7867],[77.83484,18.78829],[77.83528,18.79011],[77.83589,18.7918],[77.83591,18.79236],[77.8358,18.79273],[77.83536,18.79357],[77.83509,18.79429],[77.83507,18.79456],[77.83531,18.79504],[77.83569,18.79552],[77.83606,18.79573],[77.83737,18.79574],[77.838,18.79606],[77.83865,18.79657],[77.83981,18.79776],[77.84004,18.79843],[77.84003,18.79898],[77.83986,18.79945],[77.84038,18.80043],[77.84043,18.80087],[77.84023,18.80143],[77.8398,18.80211],[77.83979,18.8026],[77.83997,18.80337],[77.83984,18.80452],[77.84009,18.80549],[77.84118,18.80719],[77.84182,18.80782],[77.84269,18.80819],[77.84425,18.80874],[77.84592,18.80896],[77.84629,18.80913],[77.84714,18.80971],[77.84766,18.80989],[77.85037,18.8105],[77.85113,18.81083],[77.85158,18.81111],[77.8519,18.81148],[77.8523,18.81165],[77.85359,18.81185],[77.85568,18.81234],[77.85658,18.81284],[77.85905,18.8137],[77.86133,18.81391],[77.86192,18.81386],[77.86251,18.81352],[77.863,18.81345],[77.86373,18.81357],[77.86489,18.81411],[77.86543,18.8147],[77.86563,18.81504],[77.86572,18.8154],[77.86597,18.81577],[77.86803,18.81618],[77.86884,18.81613],[77.87016,18.81572],[77.87068,18.81572],[77.87122,18.81597],[77.87309,18.81768],[77.87335,18.81811],[77.87375,18.81846]]}},{"type":"Feature","properties":{"kind":"state","name":"Maharashtra–Telangana","src":"OSM relations 1950884 and 3250963"},"geometry":{"type":"LineString","coordinates":[[77.87375,18.81846],[77.87569,18.81767],[77.87614,18.81782],[77.8762,18.81803]]}},{"type":"Feature","properties":{"kind":"state","name":"Maharashtra–Telangana","src":"OSM relations 1950884 and 3250963","river":"4946","rlen":1661},"geometry":{"type":"LineString","coordinates":[[77.8762,18.81803],[77.87664,18.81791],[77.87739,18.81786],[77.87885,18.81803],[77.88602,18.82133],[77.89808,18.82571],[77.90662,18.82771],[77.90866,18.82789],[77.91264,18.8276],[77.91929,18.82532],[77.92614,18.82348],[77.92866,18.82307],[77.93092,18.82394],[77.93336,18.82403],[77.93413,18.82412],[77.93703,18.82471],[77.9402,18.82548],[77.9412,18.82575],[77.94287,18.82643],[77.94428,18.82711],[77.94532,18.82783],[77.94681,18.8291],[77.94736,18.82987],[77.94767,18.83068],[77.94799,18.83218],[77.94804,18.83308],[77.94776,18.83643],[77.9469,18.84417],[77.94695,18.8443]]}},{"type":"Feature","properties":{"kind":"state","name":"Maharashtra–Telangana","src":"OSM relations 1950884 and 3250963"},"geometry":{"type":"LineString","coordinates":[[77.94695,18.8443],[77.94506,18.84496],[77.9398,18.84557],[77.93985,18.84577],[77.93444,18.84655],[77.93436,18.84931],[77.93501,18.8505],[77.93542,18.85105],[77.93569,18.85119],[77.93661,18.85324],[77.93294,18.85398],[77.9285,18.85503],[77.92906,18.86028],[77.92653,18.86113],[77.92561,18.86167],[77.92435,18.86204],[77.92441,18.8622],[77.91231,18.8628],[77.91243,18.86666],[77.90666,18.86698],[77.90456,18.86736],[77.90287,18.86744],[77.90294,18.86914],[77.90253,18.87142],[77.90264,18.87267],[77.90257,18.87464],[77.90331,18.88239],[77.89101,18.88335],[77.88972,18.8878],[77.88912,18.88916],[77.88946,18.88936],[77.88886,18.89126],[77.88881,18.89198],[77.88807,18.89221],[77.88772,18.89294],[77.88666,18.89394],[77.88615,18.8965],[77.88537,18.89659],[77.88569,18.89932],[77.88409,18.90057],[77.88465,18.90443],[77.88514,18.90581],[77.87851,18.9078],[77.87402,18.90883],[77.87394,18.90892],[77.87389,18.9084],[77.87236,18.90487],[77.8719,18.90484],[77.8706,18.90526],[77.86801,18.90562],[77.86614,18.90518],[77.86363,18.90413],[77.86179,18.90394],[77.85984,18.90403],[77.85225,18.90553],[77.85135,18.905],[77.84975,18.9064],[77.84805,18.90765],[77.8427,18.91022],[77.84267,18.91241],[77.84399,18.9161],[77.84448,18.91799],[77.84772,18.92848],[77.84783,18.92867],[77.85019,18.92708],[77.85064,18.92713],[77.8516,18.93075],[77.85203,18.93287],[77.85258,18.93465],[77.85375,18.93803],[77.85662,18.94524],[77.85792,18.94954],[77.85598,18.94981],[77.85554,18.94967],[77.85359,18.95031],[77.85321,18.95056],[77.84815,18.95054],[77.84325,18.95111],[77.84198,18.95105],[77.84107,18.95062],[77.84046,18.95053],[77.83899,18.95004],[77.83608,18.9487],[77.83598,18.94876],[77.83522,18.9482],[77.83512,18.94824],[77.83374,18.94632],[77.8317,18.94273],[77.82831,18.94341],[77.8274,18.94394],[77.82403,18.94515],[77.82407,18.94532],[77.81957,18.94677],[77.81837,18.94693],[77.81799,18.94774],[77.81645,18.94791],[77.81588,18.94828],[77.81687,18.95049],[77.81848,18.95344],[77.81932,18.95583],[77.81878,18.95641],[77.81771,18.9567],[77.81668,18.95747],[77.81661,18.95783],[77.8155,18.95842],[77.81726,18.96195],[77.81757,18.96295],[77.81791,18.96547],[77.81911,18.96987],[77.81939,18.97122],[77.81945,18.97433],[77.82053,18.97787],[77.82015,18.97987],[77.81451,18.98067],[77.81431,18.98078],[77.81214,18.98114],[77.81121,18.98146],[77.8102,18.98152],[77.80992,18.98166],[77.80591,18.98237],[77.8049,18.98275],[77.80304,18.98312],[77.79471,18.9837],[77.79151,18.98368],[77.7908,18.98384],[77.79056,18.98236],[77.78918,18.97682],[77.78794,18.97458],[77.78725,18.97468],[77.78674,18.97377],[77.78478,18.97445],[77.78174,18.97574],[77.7807,18.97595],[77.77728,18.97752],[77.77609,18.9783],[77.77373,18.97925],[77.77088,18.9802],[77.77169,18.98347],[77.7714,18.98366],[77.77152,18.98484],[77.7722,18.98751],[77.77236,18.98934],[77.77297,18.99118],[77.77323,18.99433],[77.77322,18.99453],[77.77302,18.99465],[77.77329,18.99615],[77.77314,18.99708],[77.77343,18.99802],[77.77355,18.99901],[77.77341,19.00041],[77.77287,19.0015],[77.77199,19.0024],[77.77122,19.00358],[77.77058,19.00386],[77.77074,19.00394],[77.77108,19.00493],[77.77042,19.00524],[77.77039,19.00537],[77.77023,19.0091],[77.77045,19.00912],[77.77021,19.00941],[77.77008,19.01001],[77.77034,19.00988],[77.77039,19.01142],[77.76961,19.01673],[77.76915,19.01902],[77.76938,19.02149],[77.76972,19.02212],[77.76865,19.02239],[77.76761,19.02233],[77.76615,19.02373],[77.76556,19.02459],[77.76528,19.02694],[77.76346,19.02966],[77.76298,19.03136],[77.76225,19.03272],[77.7606,19.03259],[77.76081,19.03401],[77.76177,19.03404],[77.76148,19.03687],[77.76214,19.03715],[77.76297,19.04013],[77.76315,19.04117],[77.76426,19.04442],[77.76404,19.04778],[77.7649,19.05278],[77.76534,19.05419],[77.76531,19.05573],[77.76498,19.05797],[77.76491,19.05972],[77.76556,19.0634],[77.76903,19.06056],[77.77124,19.06002],[77.77208,19.05903],[77.77384,19.05757],[77.77527,19.05588],[77.77837,19.05536],[77.7812,19.05577],[77.7828,19.05526],[77.78394,19.05504],[77.78533,19.05501],[77.78649,19.05463],[77.78783,19.05445],[77.79114,19.05345],[77.79163,19.0536],[77.79247,19.05293],[77.79304,19.05285],[77.79483,19.05202],[77.80011,19.05091],[77.80008,19.05226],[77.80024,19.05495],[77.80014,19.05585],[77.79918,19.05959],[77.79901,19.05984],[77.79907,19.06004],[77.79879,19.06145],[77.79904,19.06235],[77.79903,19.06332],[77.79956,19.06536],[77.79953,19.06575],[77.79974,19.06671],[77.79951,19.06676],[77.79854,19.06812],[77.79762,19.06891],[77.79716,19.06971],[77.79679,19.06972],[77.79643,19.07059],[77.79656,19.07159],[77.79626,19.07191],[77.79674,19.07311],[77.79694,19.07458],[77.79923,19.0749],[77.80103,19.07556],[77.80163,19.07672],[77.80189,19.07787],[77.80216,19.07805],[77.80254,19.07953],[77.80275,19.08199],[77.80345,19.0843],[77.80347,19.0852],[77.80336,19.08545],[77.80346,19.08659],[77.80318,19.0872],[77.80327,19.08825],[77.80429,19.09201],[77.80424,19.09513],[77.80434,19.09592],[77.80341,19.09746],[77.80432,19.10002],[77.80536,19.10175],[77.81106,19.10495],[77.81232,19.1053],[77.81479,19.10516],[77.81689,19.10539],[77.81746,19.10506],[77.82192,19.10054],[77.82218,19.0999],[77.82321,19.09817],[77.82404,19.09752],[77.82554,19.09716],[77.82634,19.09582],[77.82743,19.09456],[77.82741,19.09356],[77.8281,19.09147],[77.82893,19.09098],[77.82917,19.09054],[77.82925,19.0891],[77.82952,19.08751],[77.83091,19.08685],[77.83119,19.08658],[77.83206,19.08695],[77.83369,19.08723],[77.83537,19.08814],[77.83549,19.0888],[77.84044,19.0893],[77.84477,19.08812],[77.8489,19.08773],[77.84983,19.08912],[77.85049,19.09089],[77.85069,19.0923],[77.85045,19.09318],[77.85088,19.09349],[77.85078,19.0939],[77.84921,19.09614],[77.84901,19.097],[77.8483,19.09756],[77.84798,19.09821],[77.84791,19.09872],[77.848,19.10009],[77.84664,19.10248],[77.84647,19.10476],[77.84628,19.10508],[77.8463,19.10584],[77.84691,19.10799],[77.84847,19.1105],[77.84995,19.11057],[77.85165,19.11105],[77.85224,19.11089],[77.85194,19.11682],[77.85139,19.11751],[77.84174,19.11822],[77.84143,19.12],[77.84,19.12237],[77.83941,19.12395],[77.83781,19.12668],[77.83738,19.12802],[77.83732,19.12866],[77.83756,19.12918],[77.83773,19.13027],[77.83686,19.13396],[77.83592,19.13461],[77.83518,19.13469],[77.83414,19.1344],[77.83554,19.13818],[77.83641,19.13775],[77.83693,19.13774],[77.84014,19.13911],[77.84096,19.1393],[77.84138,19.1405],[77.84257,19.14163],[77.84479,19.14341],[77.84577,19.14629],[77.84802,19.14797],[77.8482,19.14861],[77.84885,19.14973],[77.85041,19.15133],[77.85226,19.15434],[77.85244,19.15501],[77.85247,19.15662],[77.85207,19.15877],[77.852,19.16064],[77.85272,19.16486],[77.8528,19.16602],[77.85386,19.1689],[77.85345,19.16921],[77.85389,19.17043],[77.85499,19.17083],[77.85689,19.17149]]}},{"type":"Feature","properties":{"kind":"state","name":"Maharashtra–Telangana","src":"OSM relations 1950884 and 3250963","river":"6628","rlen":91},"geometry":{"type":"LineString","coordinates":[[77.85689,19.17149],[77.85642,19.17328],[77.85561,19.17451],[77.85552,19.17494],[77.85547,19.1756],[77.85604,19.17713],[77.85667,19.17765],[77.85811,19.17806],[77.8593,19.17851],[77.86039,19.17939],[77.86058,19.17978],[77.86064,19.18022],[77.8603,19.18108],[77.85895,19.18291],[77.85828,19.18369],[77.85702,19.18494],[77.8563,19.18544],[77.85464,19.1872],[77.854,19.18771],[77.85333,19.18811],[77.85263,19.18828],[77.8508,19.18834],[77.8502,19.18844],[77.84962,19.18876],[77.84906,19.18917],[77.84829,19.18932],[77.84795,19.18931],[77.84722,19.18955],[77.84668,19.18986],[77.84594,19.19082],[77.84558,19.19162],[77.84556,19.19165]]}},{"type":"Feature","properties":{"kind":"state","name":"Maharashtra–Telangana","src":"OSM relations 1950884 and 3250963"},"geometry":{"type":"LineString","coordinates":[[77.84556,19.19165],[77.84719,19.19283],[77.84796,19.19427],[77.84748,19.19453],[77.84726,19.19512],[77.84914,19.1942],[77.84912,19.19384],[77.85004,19.19352],[77.84997,19.19372],[77.85007,19.19449],[77.85071,19.19539],[77.85092,19.19635],[77.8509,19.197],[77.85109,19.1975],[77.85096,19.19789],[77.85087,19.19951],[77.85139,19.20003],[77.85318,19.20082],[77.85417,19.20176],[77.85497,19.20305],[77.85538,19.20328],[77.85602,19.20412],[77.85572,19.20674],[77.85639,19.20775],[77.8565,19.20893],[77.85707,19.20954],[77.85774,19.21076],[77.85744,19.21131],[77.85805,19.21245],[77.85797,19.21351],[77.85909,19.21432],[77.85893,19.21494],[77.85921,19.21571],[77.85857,19.21603],[77.85842,19.21624],[77.85847,19.2165],[77.85906,19.21663],[77.85935,19.21684],[77.85984,19.2176],[77.86044,19.21799],[77.86063,19.21865],[77.86094,19.21902],[77.86094,19.2195],[77.86132,19.21968],[77.86118,19.22022],[77.86192,19.22096],[77.86202,19.22153],[77.86275,19.22203],[77.86309,19.22208],[77.86308,19.2229],[77.86338,19.22339],[77.86399,19.22377],[77.86435,19.22443],[77.86426,19.22472],[77.8644,19.22494],[77.86504,19.22519],[77.86554,19.22598],[77.86593,19.22602],[77.86583,19.22634],[77.86602,19.22633],[77.86609,19.22588],[77.86627,19.22582],[77.86677,19.22676],[77.86693,19.22781],[77.86666,19.22779],[77.86574,19.23162],[77.86604,19.23241],[77.86617,19.23248],[77.86629,19.23312],[77.8665,19.23331],[77.86682,19.23335],[77.86705,19.23401],[77.86722,19.23392],[77.86728,19.23404],[77.86741,19.23451],[77.86704,19.2345],[77.86704,19.23473],[77.86678,19.23495],[77.86719,19.23515],[77.86723,19.23598],[77.86794,19.23615],[77.86759,19.237],[77.86723,19.23703],[77.86682,19.23762],[77.86692,19.23782],[77.86706,19.23782],[77.86708,19.23818],[77.86652,19.23853],[77.86683,19.23984],[77.86719,19.24041],[77.86734,19.24049],[77.86748,19.24041],[77.86782,19.24068],[77.86811,19.24053],[77.86858,19.24088],[77.86865,19.24122],[77.86829,19.24149],[77.86842,19.24181],[77.8688,19.24202],[77.86874,19.24295],[77.86968,19.24345],[77.86975,19.24364],[77.86964,19.24371],[77.86995,19.24394],[77.86986,19.24406],[77.87003,19.24417],[77.86993,19.24475],[77.87004,19.24505],[77.87002,19.24563],[77.86977,19.24672],[77.86897,19.24778],[77.86926,19.24768],[77.8693,19.2479],[77.86949,19.24788],[77.86948,19.24831],[77.86995,19.24922],[77.87474,19.25331],[77.88361,19.26059],[77.88475,19.26205],[77.88516,19.26227],[77.88785,19.26249],[77.88868,19.26236],[77.88921,19.26187],[77.89055,19.26096],[77.89065,19.261],[77.89071,19.25969],[77.89143,19.25964],[77.89359,19.2591],[77.89493,19.25858],[77.89525,19.25832],[77.89642,19.25799],[77.89681,19.25776],[77.89995,19.25685],[77.90295,19.2567],[77.90342,19.25821],[77.90449,19.26086],[77.90558,19.26328],[77.90665,19.26504],[77.90736,19.26726],[77.9075,19.26942],[77.907,19.27057],[77.90664,19.27098],[77.90623,19.27115],[77.90593,19.27175],[77.9057,19.27304],[77.90509,19.27357],[77.90514,19.27457],[77.90473,19.27626],[77.9047,19.27709],[77.90421,19.2788],[77.90093,19.27879],[77.89806,19.27915],[77.89562,19.28006],[77.89522,19.28051],[77.88973,19.27968],[77.88829,19.27975],[77.88644,19.27951],[77.88564,19.27961],[77.88295,19.28025],[77.88015,19.28061],[77.87862,19.28115],[77.87729,19.28135],[77.87607,19.28185],[77.87492,19.28216],[77.87221,19.28241],[77.87082,19.28267],[77.86786,19.28345],[77.86705,19.28376],[77.86646,19.28416],[77.86557,19.28518],[77.86596,19.28628],[77.86598,19.2874],[77.86527,19.28871],[77.86599,19.29206],[77.86665,19.29366],[77.86468,19.29714],[77.86378,19.29914],[77.86311,19.30221],[77.86313,19.30374],[77.8634,19.30444],[77.86903,19.30521],[77.87015,19.30495],[77.87274,19.30461],[77.87621,19.30716],[77.87856,19.30944],[77.88314,19.31071],[77.88455,19.31093],[77.88781,19.31067],[77.88959,19.31214],[77.88984,19.31556],[77.89146,19.31758],[77.90885,19.3239],[77.91816,19.32753],[77.92296,19.32869],[77.93007,19.33267],[77.93142,19.33324],[77.93547,19.33433],[77.93814,19.33296],[77.9396,19.33435],[77.94232,19.33534],[77.94419,19.33503],[77.94514,19.33713],[77.94625,19.33827],[77.94985,19.33851],[77.96002,19.33504],[77.96708,19.32665],[77.97696,19.32169],[77.97813,19.32078],[77.98022,19.31806],[77.983,19.31329],[77.98607,19.30839],[77.98725,19.30618],[77.99714,19.30259],[77.9968,19.30067],[78.00216,19.2981],[78.00497,19.2983],[78.00535,19.29884],[78.00923,19.29624],[78.01345,19.29442],[78.0148,19.29285],[78.01576,19.28755],[78.01391,19.28571],[78.01377,19.28383],[78.01443,19.28228],[78.01503,19.28134],[78.01501,19.27899],[78.02041,19.27799],[78.02314,19.27729],[78.02873,19.27526],[78.03274,19.27417],[78.03372,19.27381],[78.03694,19.27185],[78.0411,19.2706],[78.04158,19.27035],[78.04209,19.2706],[78.04154,19.26419],[78.04113,19.26296],[78.03993,19.26078],[78.03865,19.25775],[78.03779,19.25652],[78.03645,19.25391],[78.0355,19.25025],[78.03711,19.24886],[78.04154,19.24552],[78.04348,19.24388],[78.04451,19.24273],[78.04509,19.24257],[78.04878,19.24056],[78.05114,19.2395],[78.05627,19.23828],[78.05886,19.24178],[78.06437,19.24844],[78.06498,19.24886],[78.06754,19.24904],[78.07228,19.25008],[78.07907,19.25519],[78.08077,19.25156],[78.0815,19.25041],[78.08254,19.24918],[78.08278,19.24783],[78.08238,19.24433],[78.08242,19.24304],[78.08267,19.24272],[78.08691,19.24122],[78.08866,19.24001],[78.09199,19.24237],[78.09276,19.24311],[78.09463,19.24431],[78.09725,19.24472],[78.09973,19.24618],[78.10585,19.24944],[78.11362,19.24828],[78.11706,19.24696],[78.11859,19.24624],[78.12543,19.24019],[78.12938,19.23757],[78.13979,19.23011],[78.14869,19.22999],[78.15427,19.23601],[78.15943,19.23726],[78.16098,19.23701],[78.16382,19.23592],[78.16461,19.23542],[78.16623,19.2357],[78.17527,19.23789],[78.17708,19.2405],[78.1782,19.24259],[78.17697,19.24419],[78.17762,19.24485],[78.17756,19.2463],[78.17859,19.24598],[78.18008,19.24623],[78.18034,19.24606],[78.18047,19.24635],[78.18223,19.24794],[78.18197,19.24817],[78.18223,19.2489],[78.18115,19.24935],[78.18144,19.25007],[78.1816,19.25013],[78.18068,19.25235],[78.17965,19.25264],[78.17803,19.25377],[78.17746,19.25496],[78.17762,19.25668],[78.17853,19.25867],[78.17853,19.25922],[78.17655,19.26238],[78.17682,19.26289],[78.17742,19.26627],[78.17797,19.26792],[78.17816,19.2707],[78.17875,19.27065],[78.17873,19.27265],[78.17858,19.27409],[78.17742,19.27912],[78.17904,19.28019],[78.17945,19.28213],[78.18183,19.28297],[78.1829,19.28378],[78.18264,19.28399],[78.18498,19.29009],[78.18672,19.29633],[78.18938,19.30441],[78.19193,19.30957],[78.19346,19.31707],[78.19332,19.31868],[78.19047,19.32896],[78.17436,19.33057],[78.17217,19.33559],[78.1691,19.34389],[78.16802,19.34396],[78.16412,19.35059],[78.15875,19.36025],[78.16873,19.3589],[78.18853,19.40938],[78.19134,19.42343],[78.19421,19.43691],[78.24063,19.42678],[78.24226,19.42322],[78.25814,19.43283],[78.26601,19.43229],[78.26583,19.43346],[78.26291,19.43551],[78.26098,19.43871],[78.2624,19.43988],[78.26261,19.4397],[78.26501,19.44183],[78.26328,19.4443],[78.26234,19.44623],[78.25996,19.45186],[78.27496,19.45585],[78.28389,19.45243],[78.29693,19.44678],[78.30105,19.45012],[78.30802,19.45553],[78.3086,19.45856],[78.31114,19.47444],[78.30525,19.48176],[78.3038,19.48742],[78.30003,19.50011],[78.29992,19.50044],[78.29818,19.503],[78.29712,19.50657],[78.29523,19.51437],[78.29588,19.51442],[78.29533,19.51797],[78.29405,19.51945],[78.29098,19.52478],[78.29038,19.52844],[78.29158,19.53066],[78.29336,19.5356],[78.29247,19.54282],[78.28322,19.54282],[78.27461,19.55245],[78.27436,19.55587],[78.27486,19.56334],[78.27904,19.56309],[78.29374,19.56005],[78.29653,19.56511],[78.29678,19.56853],[78.30299,19.56993],[78.30362,19.57462],[78.30212,19.58042],[78.30365,19.58492],[78.30482,19.58622],[78.30467,19.58716],[78.30532,19.58998],[78.30553,19.59669],[78.30611,19.60096],[78.30657,19.60648],[78.30616,19.60712],[78.30476,19.60863],[78.2979,19.61547],[78.29703,19.61663],[78.2953,19.61972],[78.2942,19.62293],[78.29355,19.62622],[78.29348,19.62697],[78.29372,19.62796],[78.29345,19.62942],[78.29347,19.63086],[78.29306,19.63452],[78.29291,19.64003],[78.29274,19.64184],[78.29105,19.64421],[78.29049,19.64523],[78.28737,19.64676],[78.28589,19.64951],[78.28329,19.65019],[78.282,19.65071],[78.28145,19.65248],[78.28014,19.6578],[78.27907,19.65818],[78.27578,19.65892],[78.27254,19.65948],[78.27238,19.66041],[78.27244,19.66237],[78.27001,19.66437],[78.26507,19.66581],[78.26353,19.66581],[78.26619,19.67245],[78.26813,19.67404],[78.27135,19.67628],[78.27563,19.68576],[78.27839,19.6925],[78.28271,19.69145],[78.28919,19.68951],[78.29207,19.68766],[78.29283,19.68734],[78.29678,19.68807],[78.29993,19.68884],[78.30208,19.68923],[78.30266,19.68954],[78.30396,19.69158],[78.30417,19.69172],[78.30664,19.69153],[78.30825,19.69156],[78.30939,19.69176],[78.31231,19.69168],[78.31407,19.69238],[78.3138,19.69477],[78.31417,19.69804],[78.31503,19.70351],[78.31751,19.70554],[78.31991,19.70649],[78.32108,19.70712],[78.32321,19.70855],[78.32534,19.7086],[78.32757,19.7088],[78.32975,19.7094],[78.33163,19.7101],[78.33319,19.71038],[78.33386,19.7103],[78.33577,19.71038],[78.337,19.71016],[78.33762,19.70982],[78.33973,19.71018],[78.34059,19.71021],[78.34149,19.71155],[78.34301,19.71324],[78.34175,19.71765],[78.33996,19.72188],[78.33908,19.72508],[78.33915,19.72631],[78.34043,19.72738],[78.34135,19.72773],[78.34173,19.7283],[78.34177,19.73033],[78.34156,19.73173],[78.34061,19.73536],[78.34089,19.73621],[78.34079,19.73648],[78.34101,19.73656],[78.34116,19.73704],[78.34369,19.73837],[78.34597,19.7389],[78.34867,19.73872],[78.35137,19.73875],[78.35264,19.74216],[78.35678,19.7547],[78.358,19.76406],[78.35876,19.76534],[78.36375,19.77706],[78.36422,19.77723],[78.36453,19.77893],[78.36525,19.77924],[78.36398,19.78492],[78.36248,19.79012],[78.3606,19.79395],[78.35985,19.79743],[78.35954,19.79998],[78.35947,19.80232],[78.35778,19.8053],[78.35638,19.80587],[78.35447,19.80635],[78.35361,19.80675],[78.35147,19.80882],[78.35106,19.80972],[78.35014,19.81026],[78.34582,19.81341],[78.3391,19.81461],[78.33408,19.8147],[78.33453,19.81679],[78.33471,19.81939],[78.33472,19.82159],[78.33509,19.82495],[78.33597,19.83027],[78.33687,19.83408],[78.33713,19.83844],[78.33477,19.83858],[78.33263,19.83948],[78.3321,19.83949],[78.32977,19.84036],[78.32819,19.84077],[78.3251,19.84181],[78.32513,19.84206],[78.31907,19.84261],[78.31726,19.84258],[78.31666,19.84274],[78.31319,19.84263],[78.31155,19.84223],[78.30988,19.84164],[78.30388,19.84031],[78.29979,19.84128],[78.29247,19.84541],[78.28932,19.84706],[78.28611,19.84745],[78.28506,19.85387],[78.2851,19.8555],[78.28539,19.85683],[78.28584,19.8576],[78.28664,19.85821],[78.28841,19.85903],[78.29253,19.86302],[78.29568,19.86824],[78.29738,19.87193],[78.29873,19.87447],[78.29922,19.8792],[78.29949,19.88076],[78.29999,19.88204],[78.30111,19.88426],[78.30137,19.88675],[78.30214,19.89046],[78.30257,19.89373],[78.30274,19.89713],[78.30499,19.9053],[78.30628,19.9093],[78.30635,19.91181],[78.30584,19.91384]]}},{"type":"Feature","properties":{"kind":"state","name":"Maharashtra–Telangana","src":"OSM relations 1950884 and 3250963","river":"6016","rlen":685},"geometry":{"type":"LineString","coordinates":[[78.30584,19.91384],[78.30822,19.91437],[78.30941,19.91485],[78.3136,19.91626],[78.31572,19.91674],[78.32208,19.91737],[78.32372,19.91737],[78.32709,19.91687],[78.32914,19.91619],[78.32974,19.91575],[78.33054,19.9149],[78.33161,19.91356],[78.33259,19.91179],[78.33363,19.90955],[78.33418,19.90808],[78.33435,19.9072],[78.33433,19.90663],[78.33418,19.90585],[78.33379,19.90498],[78.3336,19.90476],[78.33307,19.90432],[78.33072,19.90303],[78.32851,19.90122],[78.32726,19.90005],[78.32556,19.8983],[78.32458,19.8971],[78.32441,19.89682],[78.32425,19.89624],[78.32421,19.89543],[78.32432,19.89475],[78.32501,19.89297],[78.32591,19.89153],[78.32779,19.88939],[78.33033,19.88675],[78.33221,19.88552],[78.33416,19.88385],[78.33559,19.88338],[78.33648,19.88321],[78.33691,19.88318],[78.34081,19.88358],[78.34192,19.88344],[78.34295,19.88344],[78.34467,19.88304],[78.35048,19.88284],[78.35489,19.88319],[78.35582,19.88352],[78.35698,19.88367],[78.35973,19.88372],[78.36087,19.88342],[78.36323,19.88246],[78.3642,19.88191],[78.3661,19.8811],[78.36795,19.88006],[78.36859,19.87984],[78.36954,19.87975],[78.37036,19.87977],[78.3712,19.87989],[78.37233,19.88023],[78.37554,19.88094],[78.37687,19.88112],[78.37879,19.88112],[78.37959,19.88087],[78.38043,19.88039],[78.38173,19.87956],[78.38202,19.87896],[78.38265,19.87821],[78.38296,19.87727],[78.3834,19.87388],[78.38335,19.8731],[78.38262,19.87224],[78.38239,19.87163],[78.3816,19.8681],[78.3817,19.86646],[78.38224,19.86588],[78.3826,19.86507],[78.38287,19.86433],[78.38303,19.86339],[78.38294,19.86267],[78.38224,19.8617],[78.38194,19.86102],[78.38185,19.85941],[78.38198,19.85822],[78.38231,19.85712],[78.38261,19.85647],[78.38349,19.85464],[78.38411,19.85378],[78.38463,19.85267],[78.3854,19.84951],[78.38606,19.84719],[78.38641,19.84655],[78.38696,19.84596],[78.38752,19.8456],[78.38849,19.84514],[78.38948,19.84451],[78.39165,19.8429],[78.39346,19.84104],[78.39511,19.83949],[78.3983,19.8371],[78.40006,19.83519],[78.40079,19.83376],[78.40116,19.83321],[78.40147,19.83292],[78.4057,19.83034],[78.40634,19.82971],[78.40684,19.82892],[78.40716,19.8286],[78.40963,19.82741],[78.41178,19.8265],[78.41295,19.82634],[78.41319,19.82621],[78.41379,19.82556],[78.41519,19.82436],[78.41783,19.82251],[78.42089,19.81981],[78.42318,19.818],[78.42408,19.81757],[78.4259,19.81685],[78.43042,19.81544],[78.43716,19.81384],[78.44104,19.81345],[78.44699,19.81352],[78.45228,19.81316],[78.45367,19.8132],[78.4546,19.8133],[78.45597,19.81362],[78.45807,19.81427],[78.46075,19.8153],[78.46213,19.81597],[78.46305,19.81597],[78.46341,19.81606],[78.46482,19.81674],[78.46518,19.81714],[78.46586,19.81739],[78.46992,19.81793],[78.47397,19.81691],[78.47481,19.8163],[78.47672,19.81439],[78.47737,19.81385],[78.47769,19.8135],[78.47838,19.81224],[78.47943,19.81172],[78.48183,19.80771],[78.4829,19.80526],[78.48332,19.80383],[78.48369,19.80162],[78.48379,19.79958],[78.48401,19.7982],[78.48425,19.79764],[78.4852,19.79602],[78.48611,19.7952],[78.48725,19.79434],[78.48808,19.79381],[78.48965,19.79314],[78.49073,19.79293],[78.49292,19.79282],[78.49485,19.79296],[78.49879,19.79387],[78.50132,19.79483],[78.50304,19.79523],[78.50415,19.79571],[78.50576,19.79619],[78.50685,19.7968],[78.50758,19.79758],[78.50826,19.79909],[78.50857,19.80013],[78.50842,19.80133],[78.50842,19.8039],[78.5083,19.80527],[78.50832,19.80832],[78.50842,19.80993],[78.5088,19.81199],[78.50898,19.8122],[78.50951,19.81252],[78.51019,19.81285],[78.51062,19.81318],[78.51183,19.81384],[78.51242,19.81434],[78.51305,19.81517],[78.5135,19.81601],[78.51363,19.81666],[78.51431,19.81767],[78.51557,19.81863],[78.51653,19.81908],[78.51805,19.81916],[78.52238,19.81915],[78.52329,19.81886],[78.52417,19.8187],[78.53034,19.81837],[78.53151,19.81848],[78.53384,19.81913],[78.53479,19.8195],[78.53543,19.81961],[78.53632,19.81958],[78.53695,19.81939],[78.53724,19.81923],[78.5377,19.81922],[78.53897,19.81985],[78.53931,19.82026],[78.53945,19.82079],[78.54068,19.82196],[78.54096,19.82246],[78.54134,19.82287],[78.54213,19.82369],[78.54291,19.82399],[78.54614,19.82417],[78.55152,19.82419],[78.55309,19.82379],[78.55564,19.82293],[78.55895,19.82212],[78.55974,19.82166],[78.56019,19.82111],[78.56057,19.82005],[78.56075,19.81977],[78.56179,19.81839],[78.56258,19.8177],[78.56305,19.81763],[78.5636,19.81768],[78.56401,19.81797],[78.56436,19.81834],[78.56464,19.81843],[78.56939,19.81676],[78.57152,19.8159],[78.57221,19.81571],[78.573,19.81569],[78.57411,19.81577],[78.57553,19.81642],[78.57618,19.81689],[78.57915,19.81795],[78.58206,19.81825],[78.58302,19.81853],[78.58449,19.81865],[78.58834,19.81865],[78.58945,19.8184],[78.59198,19.81744],[78.59522,19.81736],[78.59743,19.81767],[78.59887,19.81767],[78.6,19.81817],[78.60025,19.81845],[78.60071,19.81858],[78.60121,19.81858],[78.6023,19.81817],[78.60312,19.81795],[78.6037,19.81767],[78.60389,19.81769],[78.60427,19.81793],[78.60805,19.81729],[78.61022,19.81648],[78.61086,19.81612],[78.6115,19.8156],[78.61281,19.81377],[78.61399,19.81262],[78.61421,19.81237],[78.61466,19.81158],[78.61528,19.81101],[78.61576,19.81075],[78.6164,19.8107],[78.61696,19.81053],[78.61758,19.81022],[78.6207,19.80897],[78.62155,19.80876],[78.6271,19.80779],[78.62899,19.80786],[78.63061,19.80828],[78.63256,19.80833],[78.63448,19.80819],[78.6382,19.80735],[78.64141,19.80735],[78.64253,19.8076],[78.64324,19.80768],[78.64412,19.80766],[78.64544,19.80657],[78.64645,19.80543],[78.64914,19.80401],[78.6504,19.80346],[78.65152,19.8028],[78.6526,19.80199],[78.65343,19.80124],[78.65504,19.80015],[78.6558,19.79997],[78.65726,19.80018],[78.65884,19.8003],[78.65953,19.80047],[78.66167,19.80056],[78.66329,19.80031],[78.66734,19.79907],[78.6695,19.79788],[78.67312,19.79627],[78.67344,19.796],[78.67443,19.79484],[78.6753,19.79447],[78.67711,19.79416],[78.67977,19.794],[78.68114,19.79356],[78.68258,19.79365],[78.68603,19.79265],[78.68719,19.79208],[78.68934,19.79079],[78.69103,19.79075],[78.69165,19.79066],[78.69306,19.79016],[78.69409,19.78945],[78.69481,19.78938],[78.69691,19.78964],[78.69857,19.78912],[78.7005,19.78819],[78.70119,19.78748],[78.70161,19.78668],[78.7027,19.7839],[78.70366,19.78232],[78.70396,19.78138],[78.70403,19.78089],[78.70416,19.77853],[78.70408,19.77727],[78.70422,19.77639],[78.70455,19.77519],[78.70526,19.77362],[78.70602,19.77239],[78.70664,19.77163],[78.70743,19.77105],[78.71238,19.76875],[78.71609,19.76713],[78.7169,19.76694],[78.71952,19.7666],[78.72021,19.76658],[78.72172,19.76681],[78.72427,19.76763],[78.72454,19.76789],[78.72504,19.76865],[78.72548,19.77001],[78.72604,19.7714],[78.727,19.77449],[78.72718,19.77583],[78.72745,19.77679],[78.72838,19.77855],[78.73083,19.78032],[78.73329,19.78171],[78.73564,19.7827],[78.73901,19.78308],[78.74058,19.78305],[78.74202,19.78287],[78.74347,19.78239],[78.74576,19.78135],[78.74702,19.78056],[78.74915,19.77905],[78.74974,19.77834],[78.75059,19.77688],[78.75182,19.77505],[78.75234,19.77439],[78.75274,19.77403],[78.7541,19.77332],[78.75525,19.77294],[78.7567,19.7727],[78.75839,19.77277],[78.75961,19.77296],[78.7614,19.77354],[78.76268,19.77426],[78.76643,19.77693],[78.76825,19.77837],[78.77068,19.77973],[78.77172,19.78011],[78.77339,19.78052],[78.77686,19.78052],[78.78129,19.7798],[78.78395,19.77917],[78.78512,19.77851],[78.78628,19.77767],[78.78824,19.77556],[78.79013,19.77368],[78.79043,19.77327],[78.79042,19.77273],[78.79001,19.77197],[78.78999,19.77168],[78.79053,19.77128],[78.79145,19.77086],[78.79151,19.77055],[78.79142,19.76995],[78.79151,19.76965],[78.79208,19.76903],[78.79352,19.76772],[78.7937,19.76732],[78.79393,19.76456],[78.79401,19.76223],[78.7941,19.76158],[78.79429,19.76102],[78.79564,19.75936],[78.79598,19.75908],[78.79841,19.7576],[78.79933,19.75721],[78.80094,19.7567],[78.80164,19.75668],[78.80296,19.75683],[78.80413,19.7568],[78.80579,19.75687],[78.80733,19.7573],[78.8117,19.75964],[78.81235,19.76006],[78.8138,19.76127],[78.81539,19.76208],[78.81615,19.76213],[78.81726,19.76213],[78.81861,19.7618],[78.81959,19.76147],[78.82042,19.76095],[78.82066,19.76069],[78.82138,19.7595],[78.82185,19.75897],[78.82343,19.75766],[78.82442,19.7572],[78.82614,19.75679],[78.82682,19.75676],[78.82865,19.75708],[78.82948,19.75744],[78.83063,19.75821],[78.83244,19.75966],[78.83455,19.761],[78.83495,19.76115],[78.83596,19.76123],[78.8374,19.76119],[78.84043,19.76174]]}},{"type":"Feature","properties":{"kind":"state","name":"Maharashtra–Telangana","src":"OSM relations 1950884 and 3250963"},"geometry":{"type":"LineString","coordinates":[[78.84043,19.76174],[78.84083,19.75976],[78.84063,19.75955],[78.84062,19.75766],[78.84096,19.75614],[78.84221,19.75293],[78.84362,19.7511],[78.84484,19.74841],[78.84559,19.74293],[78.84606,19.74218],[78.84651,19.74008],[78.84691,19.73939],[78.84775,19.73608],[78.84851,19.73633],[78.85055,19.73636],[78.85165,19.73082],[78.85224,19.72977],[78.8524,19.72818],[78.85214,19.72731],[78.8507,19.72445],[78.84972,19.72164],[78.85185,19.71684],[78.85263,19.71408],[78.85348,19.71197],[78.85409,19.7083],[78.85466,19.70678],[78.8565,19.70444],[78.85717,19.69966],[78.85773,19.69735],[78.85964,19.69446],[78.86042,19.6895],[78.85665,19.6899],[78.85508,19.68608],[78.85579,19.68379],[78.85607,19.68027],[78.85682,19.67986],[78.85704,19.67923],[78.85622,19.67612],[78.85626,19.67281],[78.85531,19.67158],[78.85321,19.66427],[78.85257,19.66283],[78.85236,19.65825],[78.85829,19.65822],[78.86109,19.65805],[78.86294,19.65844],[78.86438,19.65946],[78.86727,19.65985],[78.86998,19.65987],[78.8725,19.6596],[78.87535,19.65843],[78.88003,19.65734],[78.88651,19.65472],[78.88698,19.65841],[78.88563,19.66242],[78.89183,19.6654],[78.89295,19.66455],[78.89512,19.66497],[78.89586,19.66526],[78.89752,19.66549],[78.89774,19.66561],[78.89848,19.66661],[78.90009,19.66788],[78.90119,19.66976],[78.90491,19.66994],[78.91219,19.66943],[78.9146,19.66809],[78.91565,19.66721],[78.9169,19.6673],[78.91896,19.66711],[78.92065,19.66625],[78.92089,19.66253],[78.92349,19.66217],[78.92351,19.6615],[78.92382,19.66017],[78.92504,19.66032],[78.92668,19.6602],[78.92802,19.65987],[78.93208,19.65977],[78.93348,19.65952],[78.93419,19.65921],[78.93968,19.65842],[78.94025,19.6585],[78.94408,19.65845],[78.94472,19.6583],[78.94545,19.66039],[78.94628,19.65975],[78.94714,19.65819],[78.95334,19.65602],[78.95546,19.65616],[78.95675,19.64983],[78.95875,19.64407],[78.96079,19.64134],[78.96179,19.63827],[78.96183,19.63584],[78.96154,19.63337],[78.96112,19.6327],[78.95993,19.62899],[78.95874,19.62658],[78.95716,19.6229],[78.95613,19.62132],[78.95558,19.61947],[78.95513,19.61926],[78.95464,19.61819],[78.9544,19.61669],[78.95413,19.61317],[78.95486,19.60937],[78.953,19.60889],[78.95043,19.60852],[78.95387,19.59619],[78.95719,19.5976],[78.95798,19.59682],[78.95955,19.59557],[78.96126,19.59455],[78.96408,19.59338],[78.96699,19.59239],[78.96774,19.59191],[78.97183,19.58825],[78.97284,19.58143],[78.97094,19.57945],[78.97055,19.57883],[78.96962,19.57673],[78.96855,19.57553],[78.96734,19.57469],[78.96629,19.57358],[78.96523,19.57323],[78.96455,19.57279],[78.96133,19.57187],[78.95957,19.57123],[78.95552,19.56777],[78.95536,19.56783],[78.95511,19.56739],[78.9544,19.56702],[78.95398,19.56695],[78.954,19.56647],[78.9538,19.56633],[78.95293,19.56591],[78.95284,19.56627],[78.95272,19.56623],[78.94794,19.56362],[78.94654,19.56264],[78.94415,19.56279],[78.93992,19.56372],[78.9369,19.56408],[78.94082,19.5568],[78.94035,19.55375],[78.93955,19.55237],[78.94711,19.55002],[78.97371,19.55054],[78.97619,19.55759],[78.97945,19.55902],[78.98062,19.56163],[78.99705,19.54976],[78.99757,19.54233],[79.01061,19.54402],[79.0238,19.54308],[79.03839,19.54859],[79.04504,19.54924],[79.06407,19.54063],[79.06655,19.53698],[79.07216,19.53529],[79.08389,19.53411],[79.09524,19.53359],[79.10019,19.53125],[79.10397,19.52381],[79.11206,19.5216],[79.11962,19.5126],[79.12862,19.51012],[79.13488,19.50686],[79.13722,19.50178],[79.14283,19.50073],[79.15991,19.48939],[79.16161,19.48783],[79.16526,19.47635],[79.17047,19.47127],[79.17575,19.46536],[79.17661,19.46385],[79.1794,19.46237],[79.18006,19.46221],[79.1873,19.46121],[79.19163,19.46111],[79.19226,19.46118],[79.19392,19.4617],[79.19884,19.46248],[79.20169,19.46359],[79.20281,19.4643],[79.20662,19.46492],[79.20834,19.46535],[79.21225,19.46511],[79.21351,19.46538],[79.21368,19.46532],[79.21573,19.46476]]}},{"type":"Feature","properties":{"kind":"state","name":"Maharashtra–Telangana","src":"OSM relations 1950884 and 3250963","river":"4381","rlen":26},"geometry":{"type":"LineString","coordinates":[[79.21573,19.46476],[79.21635,19.46613],[79.21731,19.46713],[79.21779,19.46739],[79.21899,19.46751],[79.22046,19.46742],[79.22132,19.46766],[79.22191,19.46817],[79.22204,19.46868],[79.22209,19.46975],[79.22188,19.47054],[79.22153,19.47143],[79.21967,19.47441],[79.21801,19.47663],[79.21684,19.47777],[79.21634,19.47836],[79.21576,19.47935],[79.21498,19.48026],[79.21464,19.48056],[79.2141,19.48077],[79.21291,19.48054],[79.21128,19.48049],[79.20943,19.48145],[79.20851,19.48216],[79.2076,19.48309],[79.20723,19.48356],[79.20695,19.48436],[79.20571,19.48606],[79.20434,19.48733]]}},{"type":"Feature","properties":{"kind":"state","name":"Maharashtra–Telangana","src":"OSM relations 1950884 and 3250963"},"geometry":{"type":"LineString","coordinates":[[79.20434,19.48733],[79.20576,19.48891],[79.20459,19.49144],[79.20402,19.49425],[79.2057,19.49616],[79.20724,19.50064],[79.20836,19.5063],[79.21301,19.51065],[79.22155,19.52129],[79.23263,19.52036],[79.23478,19.5241],[79.23596,19.52664],[79.23684,19.52981],[79.23667,19.53169],[79.24079,19.53734],[79.23953,19.54388],[79.24037,19.54812],[79.2383,19.55053],[79.23825,19.55604],[79.23882,19.55654],[79.23892,19.55719],[79.24259,19.56128],[79.243,19.56091],[79.2443,19.56353],[79.24569,19.56447],[79.2483,19.56821],[79.24884,19.57393],[79.24924,19.57501],[79.25071,19.57678],[79.25124,19.5787],[79.25179,19.58348],[79.25225,19.58471],[79.2532,19.59313],[79.252,19.59347],[79.24874,19.59356],[79.24461,19.59524],[79.2427,19.59794],[79.24104,19.60145],[79.23991,19.60454],[79.23904,19.60639],[79.24298,19.61626],[79.24405,19.61716],[79.24933,19.61653],[79.25442,19.61344],[79.25633,19.61207],[79.26636,19.60392],[79.27265,19.59922],[79.28311,19.59558],[79.2984,19.5962],[79.2982,19.59482],[79.3002,19.59038],[79.3076,19.58729],[79.30689,19.58647],[79.30677,19.58398],[79.30784,19.58041],[79.30983,19.57782],[79.30846,19.57376],[79.30876,19.57121],[79.31015,19.56907],[79.31041,19.56725],[79.3118,19.56626],[79.31468,19.56606],[79.31835,19.56731],[79.31848,19.57116],[79.31962,19.57541],[79.32178,19.57551],[79.32435,19.57681],[79.32656,19.57874],[79.33007,19.58017],[79.33258,19.58041],[79.336,19.5771],[79.339,19.57633],[79.34035,19.57641],[79.34167,19.57591],[79.34435,19.5762],[79.35031,19.57644],[79.35198,19.57666],[79.35333,19.57739],[79.35704,19.57798],[79.3584,19.57711],[79.36101,19.57679],[79.36394,19.57708],[79.36572,19.57696],[79.36598,19.57571],[79.36642,19.57439],[79.36711,19.57325],[79.36918,19.57319],[79.3697,19.57235],[79.36979,19.5718],[79.37041,19.57076],[79.37096,19.56911],[79.37123,19.56597],[79.37233,19.56202],[79.37284,19.56134],[79.37732,19.55928],[79.38121,19.55927],[79.38494,19.55882],[79.38571,19.55883],[79.38649,19.55768],[79.3869,19.55636],[79.38767,19.55485],[79.38824,19.55468],[79.38898,19.55357],[79.39092,19.55355],[79.392,19.55335],[79.39506,19.54952],[79.39644,19.5481],[79.39666,19.54813],[79.39698,19.54768],[79.39671,19.54756],[79.39863,19.54484],[79.3994,19.54412],[79.39956,19.54432],[79.4006,19.54316],[79.40125,19.54222],[79.40072,19.54211],[79.40098,19.5409],[79.40141,19.54009],[79.40174,19.53908],[79.40214,19.5385],[79.4029,19.538],[79.40294,19.53758],[79.40307,19.53772],[79.40369,19.5376],[79.40556,19.53619],[79.40724,19.53552],[79.4077,19.53553],[79.41049,19.5348],[79.41432,19.53333],[79.41536,19.53267],[79.4208,19.53024],[79.42127,19.53071],[79.42291,19.53079],[79.42301,19.53123],[79.42242,19.53833],[79.4249,19.53831],[79.43344,19.53761],[79.43581,19.53523],[79.44019,19.53125],[79.44237,19.5284],[79.44605,19.52735],[79.44677,19.52696],[79.44736,19.52637],[79.44895,19.52514],[79.45312,19.52081],[79.45389,19.52047],[79.45692,19.51955],[79.45768,19.51869],[79.45871,19.51714],[79.46828,19.51058],[79.47186,19.50153],[79.483,19.50582],[79.49204,19.50652],[79.49481,19.50607],[79.49642,19.50676],[79.49797,19.50774],[79.49914,19.50883],[79.50004,19.51013],[79.50073,19.51088],[79.50096,19.51137],[79.50172,19.51195],[79.50795,19.51557],[79.51167,19.51804],[79.51375,19.51884],[79.51574,19.51992],[79.51839,19.52022],[79.51848,19.52064],[79.51882,19.52128],[79.51901,19.52239],[79.51926,19.52548],[79.51988,19.52898],[79.52007,19.53101],[79.52046,19.53263],[79.52085,19.53581],[79.52052,19.538],[79.51976,19.54095],[79.51837,19.54266]]}},{"type":"Feature","properties":{"kind":"state","name":"Maharashtra–Telangana","src":"OSM relations 1950884 and 3250963","river":"6554","rlen":533},"geometry":{"type":"LineString","coordinates":[[79.51837,19.54266],[79.52139,19.54488],[79.52554,19.54901],[79.53071,19.55191],[79.53995,19.55475],[79.54183,19.55469],[79.54312,19.55398],[79.54435,19.55262],[79.54484,19.55111],[79.5451,19.55074],[79.54547,19.5505],[79.54589,19.54983],[79.54596,19.54482],[79.5464,19.54119],[79.54788,19.53361],[79.54911,19.52969],[79.55056,19.52702],[79.55215,19.52548],[79.55304,19.52478],[79.55421,19.5242],[79.55852,19.52265],[79.5598,19.52198],[79.5631,19.52075],[79.56891,19.5192],[79.57156,19.5181],[79.57518,19.51552],[79.58301,19.51054],[79.58605,19.50847],[79.58895,19.50731],[79.5916,19.50692],[79.59393,19.50692],[79.596,19.50769],[79.59826,19.50892],[79.59961,19.51002],[79.60239,19.51344],[79.60331,19.51675],[79.60473,19.52321],[79.60712,19.53076],[79.60848,19.53857],[79.61178,19.54892],[79.6121,19.55144],[79.61223,19.55338],[79.61281,19.55635],[79.61418,19.55959],[79.61527,19.56127],[79.61728,19.56347],[79.61967,19.56586],[79.6253,19.57188],[79.62931,19.57447],[79.63273,19.57608],[79.63687,19.57731],[79.64572,19.57827],[79.66959,19.58119],[79.67941,19.58197],[79.68736,19.58371],[79.69343,19.58332],[79.69809,19.58339],[79.70041,19.58345],[79.70771,19.5841],[79.71172,19.58591],[79.71488,19.58797],[79.72306,19.59465],[79.73088,19.6015],[79.7374,19.60614],[79.74147,19.60827],[79.74399,19.60892],[79.74716,19.60899],[79.75226,19.60782],[79.7629,19.60429],[79.77064,19.60183],[79.77814,19.59979],[79.78415,19.59831],[79.78444,19.59824]]}},{"type":"Feature","properties":{"kind":"state","name":"Maharashtra–Telangana","src":"OSM relations 1950884 and 3250963"},"geometry":{"type":"LineString","coordinates":[[79.78444,19.59824],[79.7839,19.59606],[79.78693,19.59282],[79.78904,19.59142],[79.79102,19.5925]]}},{"type":"Feature","properties":{"kind":"state","name":"Maharashtra–Telangana","src":"OSM relations 1950884 and 3250963","river":"6072","rlen":115},"geometry":{"type":"LineString","coordinates":[[79.79102,19.5925],[79.79199,19.59129],[79.79267,19.58995],[79.79519,19.5862],[79.7959,19.5853],[79.79653,19.58467],[79.79798,19.58373],[79.80088,19.5824],[79.80842,19.57835],[79.81058,19.57728],[79.81174,19.57656],[79.81278,19.57562],[79.81821,19.57351],[79.81857,19.57311],[79.81891,19.57224],[79.81922,19.57031],[79.8203,19.56575],[79.82045,19.56464],[79.82114,19.56386],[79.82189,19.56317],[79.8231,19.56259],[79.8237,19.56216],[79.82686,19.5576],[79.8306,19.55281],[79.83313,19.55035],[79.83726,19.54587],[79.84015,19.54226],[79.84798,19.53174],[79.84958,19.52991],[79.85007,19.528],[79.8509,19.5276],[79.8514,19.52748],[79.85174,19.52728],[79.85195,19.52704],[79.85188,19.52548],[79.85217,19.52457],[79.85266,19.52405],[79.85361,19.52349],[79.85469,19.52303],[79.85538,19.52263],[79.86253,19.51395],[79.86579,19.51091],[79.8712,19.50684],[79.87298,19.50613],[79.87745,19.50493],[79.8839,19.50387],[79.89006,19.50352],[79.89395,19.50348],[79.89671,19.50291],[79.89901,19.50187],[79.90177,19.50147],[79.90381,19.50131],[79.90535,19.50072],[79.90786,19.49936],[79.90942,19.49851],[79.91085,19.4975],[79.91129,19.49738],[79.91205,19.49698],[79.91348,19.49652],[79.91462,19.4965],[79.91509,19.49632],[79.91555,19.49606],[79.91511,19.49447],[79.9154,19.49402],[79.91658,19.4928],[79.91748,19.4922],[79.91808,19.4916],[79.92015,19.48991],[79.92075,19.4895],[79.92191,19.48896],[79.92246,19.48852],[79.92347,19.48735],[79.92393,19.487],[79.9247,19.48678],[79.92542,19.48647],[79.92586,19.48613],[79.92862,19.48171],[79.92969,19.4807],[79.93197,19.47785],[79.93389,19.47617],[79.93504,19.47526],[79.93772,19.47358],[79.9434,19.471],[79.94674,19.46932],[79.94813,19.46848],[79.9495,19.46567],[79.9503,19.46381],[79.95058,19.46297],[79.95059,19.46191],[79.95051,19.46133],[79.95036,19.46094],[79.95012,19.46079],[79.94959,19.4606],[79.94933,19.46032],[79.94918,19.45994],[79.94879,19.45817],[79.94879,19.45782],[79.94895,19.45716],[79.94897,19.45661],[79.94842,19.45462],[79.94841,19.45434],[79.94856,19.45383],[79.94888,19.45348],[79.94901,19.45315],[79.94913,19.45209],[79.94909,19.44939],[79.94936,19.44848],[79.95028,19.44707],[79.95049,19.44651],[79.95026,19.44564],[79.95048,19.44498],[79.9506,19.44438],[79.9506,19.4437],[79.95081,19.44302],[79.95115,19.44268],[79.9541,19.44092],[79.95456,19.44039],[79.95453,19.43974],[79.9546,19.43921],[79.95722,19.43624],[79.96001,19.4329],[79.96626,19.42582],[79.97043,19.42201],[79.97174,19.42053],[79.97282,19.41888],[79.97369,19.41706],[79.97377,19.41668],[79.97335,19.41562],[79.97233,19.41437],[79.97164,19.41312],[79.97159,19.41178],[79.9728,19.40831],[79.97366,19.40288],[79.97414,19.4022],[79.97444,19.4015]]}},{"type":"Feature","properties":{"kind":"state","name":"Maharashtra–Telangana","src":"OSM relations 1950884 and 3250963"},"geometry":{"type":"LineString","coordinates":[[79.97444,19.4015],[79.97642,19.40226],[79.97711,19.40201],[79.9775,19.40161],[79.97729,19.39852],[79.97687,19.39742],[79.97663,19.3959],[79.97664,19.39493],[79.97685,19.3943],[79.97913,19.39144],[79.97965,19.39053],[79.97963,19.38949],[79.97875,19.3881],[79.9769,19.38713],[79.97526,19.38079],[79.97112,19.37523],[79.97248,19.36826],[79.97049,19.36719]]}},{"type":"Feature","properties":{"kind":"state","name":"Maharashtra–Telangana","src":"OSM relations 1950884 and 3250963","river":"6072","rlen":115},"geometry":{"type":"LineString","coordinates":[[79.97049,19.36719],[79.97139,19.36569],[79.97147,19.36494],[79.97141,19.36446],[79.97033,19.36256],[79.96843,19.35806],[79.96789,19.35724],[79.96653,19.35459],[79.96577,19.35345],[79.96546,19.35277],[79.96491,19.35085],[79.96449,19.35028],[79.96393,19.34977],[79.96359,19.3491],[79.96337,19.34455],[79.96317,19.34302],[79.96147,19.33974],[79.96099,19.33842],[79.96012,19.33679],[79.95905,19.33561],[79.95889,19.33529],[79.95881,19.33486],[79.95896,19.33282],[79.95876,19.33223],[79.95802,19.33079],[79.958,19.33061],[79.95806,19.3294],[79.95819,19.32911],[79.95864,19.32878],[79.95955,19.3276],[79.95973,19.3268],[79.95964,19.32569],[79.95965,19.32526],[79.95975,19.32501],[79.96029,19.32416],[79.96139,19.32354],[79.96169,19.32322],[79.9619,19.32275],[79.96196,19.32191]]}},{"type":"Feature","properties":{"kind":"state","name":"Maharashtra–Telangana","src":"OSM relations 1950884 and 3250963"},"geometry":{"type":"LineString","coordinates":[[79.96196,19.32191],[79.96428,19.32204],[79.9666,19.31354],[79.96727,19.30926],[79.96551,19.30792]]}},{"type":"Feature","properties":{"kind":"state","name":"Maharashtra–Telangana","src":"OSM relations 1950884 and 3250963","river":"6072","rlen":115},"geometry":{"type":"LineString","coordinates":[[79.96551,19.30792],[79.96566,19.30773],[79.96574,19.30732],[79.96567,19.30684],[79.96494,19.30563],[79.96492,19.30492],[79.96545,19.3036],[79.96611,19.30244],[79.96644,19.30091],[79.96635,19.30027],[79.96596,19.29921],[79.96506,19.2989],[79.96355,19.2988],[79.96297,19.29858],[79.96131,19.29724],[79.95999,19.2968],[79.95805,19.29658],[79.95557,19.29603],[79.9541,19.29554],[79.95342,19.29508],[79.9527,19.29438],[79.95042,19.29195],[79.94979,19.29114],[79.94828,19.28407],[79.94776,19.28252],[79.94418,19.27693],[79.94327,19.27522],[79.93809,19.2666],[79.93688,19.26378],[79.93492,19.25984],[79.9319,19.25272],[79.93149,19.25223],[79.92931,19.25038],[79.92876,19.24934],[79.92834,19.2472],[79.9284,19.2462],[79.92899,19.24388],[79.92901,19.2416],[79.92846,19.23746],[79.92805,19.23639],[79.92709,19.23491],[79.92492,19.23373],[79.92487,19.23114],[79.92444,19.22847],[79.92417,19.22754],[79.92421,19.22692],[79.92397,19.22486]]}},{"type":"Feature","properties":{"kind":"state","name":"Maharashtra–Telangana","src":"OSM relations 1950884 and 3250963"},"geometry":{"type":"LineString","coordinates":[[79.92397,19.22486],[79.92618,19.22404],[79.92612,19.22282],[79.92584,19.22154],[79.92535,19.22029],[79.92408,19.21815],[79.92191,19.21837]]}},{"type":"Feature","properties":{"kind":"state","name":"Maharashtra–Telangana","src":"OSM relations 1950884 and 3250963","river":"6072","rlen":115},"geometry":{"type":"LineString","coordinates":[[79.92191,19.21837],[79.92163,19.21751],[79.92166,19.2149],[79.92187,19.21381],[79.92208,19.21336],[79.92292,19.21257],[79.92319,19.21217],[79.92339,19.21156],[79.92355,19.21028],[79.92345,19.20908],[79.92323,19.20868],[79.92322,19.20838],[79.92341,19.20799],[79.92415,19.20745],[79.92585,19.2058],[79.92605,19.20541],[79.92594,19.20449],[79.92688,19.20198],[79.92668,19.20122],[79.92669,19.20077],[79.92736,19.19915],[79.92857,19.19807],[79.92978,19.19669],[79.93098,19.19547],[79.93224,19.19489],[79.93269,19.19456],[79.93325,19.19381],[79.93381,19.19284],[79.93414,19.19205],[79.93528,19.19046],[79.93631,19.1895],[79.93817,19.18802],[79.94096,19.18688],[79.94137,19.18655],[79.94255,19.18465],[79.94311,19.18338],[79.94373,19.18124],[79.94368,19.17915],[79.94333,19.17832],[79.94306,19.17696],[79.94313,19.17639],[79.94338,19.17567],[79.94432,19.1719],[79.9443,19.17101],[79.94437,19.17063],[79.94479,19.17016],[79.94388,19.16851],[79.94321,19.16649],[79.94168,19.16389],[79.93941,19.1619],[79.93785,19.16037],[79.93584,19.15881],[79.93501,19.15788],[79.93171,19.15462],[79.93,19.15262],[79.92768,19.15121],[79.9261,19.14994],[79.92139,19.14674],[79.91731,19.1445],[79.91452,19.14369],[79.91181,19.14304],[79.91,19.14248],[79.90641,19.14158],[79.89975,19.13761],[79.89828,19.13716],[79.89728,19.13694],[79.89276,19.13705],[79.89193,19.13688],[79.89093,19.13652],[79.88521,19.13417],[79.88104,19.13234],[79.88053,19.13202],[79.87944,19.13106],[79.87623,19.12897],[79.87374,19.12663],[79.87108,19.12465],[79.87009,19.1237],[79.86901,19.12205],[79.86696,19.11768],[79.86438,19.11324],[79.86274,19.1099],[79.86205,19.10773],[79.86105,19.10498],[79.86048,19.10413],[79.85951,19.10301],[79.85771,19.10061],[79.85709,19.09921],[79.85675,19.09784],[79.85673,19.09723],[79.85731,19.09562],[79.8579,19.09318],[79.85933,19.08834],[79.85982,19.08571],[79.86209,19.07673],[79.86298,19.07543],[79.86467,19.07431],[79.86524,19.07358],[79.86543,19.07268],[79.86557,19.07105],[79.86561,19.06557],[79.86546,19.06383],[79.86551,19.06214],[79.8657,19.06095],[79.86653,19.05743],[79.86656,19.05694],[79.86832,19.05177],[79.87236,19.0442],[79.87502,19.04105],[79.87787,19.03898],[79.87847,19.03871],[79.88157,19.03774],[79.88275,19.03746],[79.88374,19.03744],[79.88816,19.0383],[79.89256,19.03839],[79.89499,19.03927],[79.89669,19.04023],[79.89936,19.04249],[79.90008,19.04337],[79.90081,19.04463],[79.90228,19.0461],[79.9033,19.04652],[79.90449,19.04685],[79.90725,19.0471],[79.90815,19.04738],[79.91069,19.04862],[79.91186,19.04862],[79.91242,19.04845],[79.91336,19.04833],[79.91476,19.04837],[79.9151,19.0485],[79.91572,19.04894],[79.92118,19.05089],[79.92248,19.0524],[79.92349,19.05455],[79.92513,19.0548],[79.92614,19.05467],[79.9274,19.05341],[79.92791,19.05139],[79.93018,19.04761],[79.93089,19.04708],[79.93233,19.04622],[79.93359,19.04509],[79.93662,19.0437],[79.93902,19.04105],[79.94078,19.03651],[79.9418,19.03055],[79.94154,19.02513],[79.94031,19.01845],[79.93854,19.01478],[79.93747,19.01273],[79.93713,19.0109],[79.93708,19.00772],[79.93735,19.00318],[79.93734,18.99996],[79.93715,18.99674],[79.93718,18.99563],[79.9377,18.99242],[79.93844,18.98942],[79.93879,18.98842],[79.93972,18.9865],[79.94001,18.98571],[79.94365,18.98131],[79.94614,18.97875],[79.94767,18.97729],[79.94983,18.97485],[79.95063,18.97316],[79.95168,18.97064],[79.95332,18.96611],[79.95374,18.96524],[79.95405,18.96436],[79.95468,18.95855],[79.95489,18.9558],[79.95479,18.95254],[79.95465,18.95198],[79.95378,18.95073],[79.95336,18.9494],[79.95381,18.94783],[79.95451,18.94703],[79.955,18.94452],[79.955,18.94347],[79.95486,18.9427],[79.95451,18.94221],[79.95406,18.94197],[79.95381,18.94155],[79.95364,18.94092],[79.95353,18.93732],[79.95343,18.93634],[79.95357,18.93338],[79.95376,18.93231],[79.95406,18.93161],[79.9545,18.93086],[79.95487,18.93039],[79.95574,18.92979],[79.95634,18.92952],[79.95692,18.9288],[79.95701,18.92807],[79.95694,18.92737],[79.95662,18.92635],[79.9558,18.92505],[79.95536,18.92415],[79.95527,18.92279],[79.95539,18.92214],[79.9556,18.92167],[79.95639,18.92083],[79.9569,18.9204],[79.95855,18.91551],[79.95888,18.91471],[79.95934,18.91406],[79.95915,18.91318],[79.95916,18.91053],[79.95909,18.90941],[79.9586,18.90693],[79.95797,18.90585],[79.9578,18.90527],[79.9578,18.90394],[79.95811,18.9021],[79.95832,18.9014],[79.9583,18.89919],[79.95741,18.8954],[79.95643,18.89382],[79.95632,18.89329],[79.95631,18.8921],[79.95788,18.88609],[79.9603,18.87464],[79.96164,18.87051],[79.96188,18.86855],[79.96185,18.86753],[79.9615,18.86457],[79.96143,18.86257],[79.96104,18.86061],[79.96072,18.8596],[79.95967,18.85744],[79.95858,18.85615],[79.95686,18.85489],[79.95578,18.85398],[79.95245,18.85058],[79.95045,18.84886],[79.94891,18.84767],[79.94779,18.84652],[79.94578,18.84534],[79.9449,18.84464],[79.94164,18.84282],[79.93544,18.84033],[79.93285,18.83967],[79.92658,18.83652],[79.92116,18.83517],[79.91983,18.83493],[79.91871,18.83447],[79.91458,18.83248],[79.91401,18.83188],[79.91237,18.83062],[79.91177,18.82943],[79.91107,18.8268]]}},{"type":"Feature","properties":{"kind":"state","name":"Maharashtra–Telangana","src":"OSM relations 1950884 and 3250963"},"geometry":{"type":"LineString","coordinates":[[79.91107,18.8268],[79.91229,18.82505],[79.91274,18.82489],[79.91105,18.82491]]}},{"type":"Feature","properties":{"kind":"state","name":"Maharashtra–Telangana","src":"OSM relations 1950884 and 3250963","river":"4946","rlen":1661},"geometry":{"type":"LineString","coordinates":[[79.91105,18.82491],[79.91104,18.82413],[79.91135,18.82157],[79.91296,18.81726],[79.91843,18.8086],[79.92518,18.79961],[79.9279,18.79739],[79.9331,18.79089],[79.94024,18.78529],[79.94575,18.78192],[79.95892,18.77812],[79.96218,18.77679],[79.96534,18.77526],[79.96769,18.77486],[79.96902,18.77486],[79.97034,18.77537],[79.97177,18.77669],[79.9731,18.77812],[79.9737,18.77987],[79.97431,18.78101],[79.97526,18.78178],[79.97572,18.78206],[79.97611,18.78224],[79.97688,18.78231],[79.97773,18.78227],[79.97994,18.78185],[79.98052,18.78186],[79.98283,18.78336],[79.98329,18.7835],[79.98547,18.78364],[79.99018,18.7823],[80.00001,18.77999],[80.00301,18.77978],[80.00594,18.77886],[80.00703,18.77826],[80.00806,18.77745],[80.01018,18.77508],[80.01139,18.77407],[80.01212,18.77317],[80.01365,18.76939],[80.01435,18.76844],[80.01514,18.7678],[80.01693,18.76677],[80.018,18.76599],[80.01931,18.76478],[80.02065,18.76428],[80.02119,18.7637],[80.02157,18.763],[80.02165,18.76223],[80.02141,18.75954],[80.02155,18.75805],[80.02207,18.7544],[80.02264,18.75281],[80.0236,18.7514],[80.02439,18.75042],[80.0267,18.74826],[80.02837,18.74738],[80.03,18.74694],[80.03196,18.74655],[80.03316,18.74615],[80.03395,18.74575],[80.03453,18.74523],[80.03516,18.74379],[80.03581,18.74284],[80.03659,18.74214],[80.03768,18.74163],[80.03897,18.74117],[80.04033,18.74087],[80.04172,18.74069],[80.04297,18.74065],[80.04412,18.74035],[80.04672,18.73885],[80.04753,18.73798],[80.04829,18.73692],[80.04852,18.73605],[80.0486,18.73427],[80.04855,18.73319],[80.04801,18.73142],[80.04751,18.73066],[80.04682,18.72932],[80.04642,18.72812],[80.04614,18.72679],[80.04618,18.7247],[80.04658,18.72341],[80.04726,18.72228],[80.0491,18.72091],[80.05151,18.71989],[80.05317,18.71937],[80.05452,18.71935],[80.05623,18.71962],[80.0578,18.72036],[80.06102,18.72223],[80.0626,18.72329],[80.06359,18.72377],[80.06393,18.72418],[80.06432,18.72502],[80.06452,18.72527],[80.06516,18.72562],[80.06568,18.72576],[80.06735,18.72549],[80.06871,18.72463],[80.06938,18.72341],[80.07015,18.7204],[80.07081,18.71911],[80.0712,18.71815],[80.07162,18.71692],[80.0719,18.71581],[80.07228,18.71495],[80.07301,18.71408],[80.0736,18.71372],[80.0765,18.71254],[80.0773,18.71245],[80.07813,18.71245],[80.07889,18.71298],[80.07949,18.71301],[80.08045,18.71292],[80.08165,18.71183],[80.08256,18.71089],[80.08489,18.70938],[80.08771,18.7083],[80.08866,18.70826],[80.09037,18.70797],[80.091,18.70779],[80.09176,18.70717],[80.09279,18.70523],[80.09388,18.70249],[80.09684,18.69932],[80.10038,18.69528],[80.1042,18.69213],[80.10519,18.69163],[80.10599,18.69134],[80.1073,18.69126],[80.10851,18.69134],[80.11319,18.69188],[80.11501,18.69232],[80.11673,18.69236],[80.11911,18.69229],[80.12115,18.69118],[80.12173,18.69056],[80.12474,18.68845],[80.12581,18.68804],[80.12625,18.68771],[80.12652,18.68749],[80.12722,18.68624],[80.1275,18.68558],[80.12774,18.68542],[80.12799,18.68544],[80.13039,18.68689],[80.13069,18.68731],[80.13082,18.68786],[80.13098,18.68808],[80.13412,18.68833],[80.13485,18.68833],[80.1359,18.68847],[80.13862,18.68938],[80.14052,18.69035],[80.14133,18.69067],[80.14453,18.69166],[80.14545,18.69208],[80.14598,18.69249],[80.1465,18.69415],[80.14707,18.69639],[80.14757,18.69705],[80.14812,18.69748],[80.14932,18.69807],[80.15131,18.6994],[80.15175,18.6996],[80.15258,18.70045],[80.15315,18.70124],[80.15341,18.70126],[80.15403,18.70109],[80.15455,18.70065],[80.15529,18.70034],[80.15609,18.70028],[80.15668,18.70061],[80.15713,18.70124],[80.1577,18.70179],[80.15825,18.70196],[80.15892,18.70208],[80.15997,18.70201],[80.16136,18.70176],[80.1621,18.70143],[80.16256,18.70136],[80.16356,18.70171],[80.16374,18.70201],[80.16382,18.70234],[80.16413,18.70272],[80.16565,18.70264],[80.16627,18.7029],[80.16689,18.70299],[80.16718,18.70299],[80.16842,18.70271],[80.16885,18.70273],[80.16924,18.70288],[80.16984,18.70384],[80.17004,18.70401],[80.17078,18.70428],[80.1715,18.70467],[80.17281,18.70651],[80.17353,18.70729],[80.17366,18.70755],[80.17362,18.70871],[80.17369,18.70904],[80.17416,18.70998],[80.17521,18.71124],[80.17536,18.71198],[80.17519,18.71242],[80.17521,18.71263],[80.17541,18.71307],[80.17711,18.7144],[80.17774,18.71509],[80.17902,18.7157],[80.1795,18.71581],[80.18168,18.71542],[80.18341,18.71522],[80.18886,18.71248],[80.19144,18.71043],[80.19271,18.70873],[80.19334,18.70721],[80.19352,18.70461],[80.19382,18.70372],[80.19445,18.70231],[80.19538,18.70065],[80.19613,18.69975],[80.199,18.69733],[80.20088,18.69614],[80.20185,18.69515],[80.20252,18.69427],[80.20292,18.69388],[80.20383,18.69342],[80.20534,18.69336],[80.20659,18.69362],[80.20751,18.69402],[80.20894,18.69446],[80.21067,18.69484],[80.2135,18.69518],[80.22078,18.69506],[80.22402,18.69585],[80.22688,18.69718],[80.22976,18.69794],[80.23193,18.69921],[80.2336,18.70034],[80.23921,18.70346],[80.24063,18.70501],[80.24295,18.70624],[80.24375,18.70643],[80.24464,18.70624],[80.24589,18.70663],[80.24697,18.70729],[80.24725,18.70771],[80.24824,18.70868],[80.24875,18.70877],[80.24931,18.70877],[80.25174,18.70763],[80.25204,18.70731],[80.25262,18.70707],[80.2533,18.70709],[80.25337,18.70726],[80.25337,18.70782],[80.25348,18.70797],[80.2541,18.70834],[80.25472,18.70847],[80.25506,18.70889],[80.25517,18.70922],[80.25619,18.71052],[80.25649,18.71076],[80.25762,18.71137],[80.25822,18.71216],[80.25838,18.71251],[80.26058,18.71505],[80.26124,18.71542],[80.26205,18.71612],[80.26372,18.71651],[80.26454,18.71653],[80.26537,18.71641],[80.26576,18.71643],[80.26653,18.7166],[80.26719,18.71735],[80.26721,18.71813],[80.26679,18.71882],[80.26634,18.71937],[80.26619,18.71978],[80.26641,18.72089],[80.26658,18.72109],[80.26862,18.72172],[80.2705,18.72267],[80.27226,18.72387],[80.27277,18.72357]]}},{"type":"Feature","properties":{"kind":"state","name":"Maharashtra–Telangana","src":"OSM relations 1950884 and 3250963"},"geometry":{"type":"LineString","coordinates":[[80.27277,18.72357],[80.27288,18.72372]]}}]}
