{"type":"FeatureCollection","features":[
{"type":"Feature","properties":{"kind":"state","name":"Sikkim–West Bengal","src":"OSM relations 1791324 and 1960177"},"geometry":{"type":"LineString","coordinates":[[88.01355,27.21297],[88.01561,27.21403],[88.01659,27.21497],[88.01883,27.21556],[88.01948,27.21581],[88.0207,27.2166],[88.02211,27.21692],[88.02309,27.21803],[88.02392,27.21944],[88.02513,27.21981],[88.02611,27.22042],[88.02743,27.22085],[88.02878,27.22023],[88.02926,27.22015],[88.02993,27.22028],[88.03173,27.22098],[88.03269,27.22107],[88.03462,27.22102],[88.03775,27.22053],[88.03835,27.22028],[88.03951,27.21927],[88.04108,27.21925],[88.0415,27.21941],[88.04309,27.21947],[88.04389,27.21923],[88.04569,27.21826],[88.04757,27.21747],[88.04844,27.21691],[88.04988,27.21507],[88.05057,27.21441],[88.05283,27.21341],[88.05351,27.21329],[88.05423,27.21347],[88.05515,27.21342],[88.05642,27.21383],[88.05715,27.21382],[88.05793,27.21405],[88.05912,27.21411],[88.05975,27.21428],[88.06038,27.21433],[88.06144,27.21413],[88.06277,27.21457],[88.06364,27.21464],[88.06418,27.21454],[88.06466,27.21431],[88.06493,27.21364],[88.06445,27.21227],[88.0644,27.21105],[88.06476,27.21009],[88.06552,27.20916],[88.06972,27.20621],[88.07117,27.20456],[88.07169,27.20416],[88.07263,27.20384],[88.07423,27.20357],[88.07564,27.20309],[88.07648,27.20253],[88.07723,27.20223],[88.07892,27.20125],[88.07933,27.20083],[88.07922,27.20028],[88.07832,27.19882],[88.07802,27.19696],[88.07778,27.19658],[88.07595,27.19515],[88.07502,27.19355],[88.07433,27.19281],[88.07418,27.19187],[88.07336,27.19037],[88.07266,27.18781],[88.07272,27.1872],[88.07314,27.18677],[88.07445,27.18602],[88.07477,27.18482],[88.07512,27.18404],[88.07679,27.18264],[88.07746,27.18109],[88.07822,27.18074],[88.07854,27.18035],[88.07854,27.17935],[88.07898,27.17853],[88.07873,27.1776],[88.07874,27.17668],[88.07938,27.17565],[88.07976,27.17437],[88.07953,27.17394],[88.07914,27.17368],[88.07763,27.17327],[88.07738,27.17311],[88.07741,27.1729],[88.07816,27.17253],[88.07865,27.17213],[88.07955,27.17115],[88.08083,27.17002],[88.08141,27.1694],[88.08279,27.16749],[88.08444,27.166],[88.08492,27.16568],[88.08552,27.16571],[88.0863,27.16553],[88.0871,27.16422],[88.08676,27.1636],[88.08669,27.16309],[88.08664,27.16161],[88.08684,27.16091],[88.08684,27.1596],[88.08773,27.15848],[88.08784,27.15725],[88.08749,27.15633],[88.08811,27.15481],[88.08782,27.15325],[88.0878,27.15203],[88.08746,27.15159],[88.08743,27.15103],[88.08813,27.14964],[88.08813,27.14925],[88.08768,27.14786],[88.08775,27.14615],[88.08854,27.14583],[88.08883,27.14562],[88.08894,27.14539],[88.08866,27.14394],[88.08885,27.14326],[88.09143,27.14067],[88.09229,27.13961],[88.09299,27.13786],[88.09413,27.13716],[88.09474,27.13652],[88.09543,27.13531],[88.09631,27.13314],[88.09712,27.13257],[88.09826,27.13307],[88.09875,27.1331],[88.10081,27.13284],[88.10131,27.13272],[88.10331,27.13167],[88.10528,27.13107],[88.10642,27.13111],[88.10712,27.13144],[88.10834,27.13176],[88.11034,27.13154],[88.11174,27.13118],[88.11235,27.1307],[88.11299,27.12949],[88.11414,27.12807],[88.11724,27.12594],[88.1198,27.12484],[88.12085,27.12392],[88.12194,27.12204],[88.12288,27.12132],[88.12379,27.12094],[88.12538,27.1212],[88.12588,27.12085],[88.12661,27.12091],[88.12718,27.12074],[88.1281,27.12108],[88.12984,27.12126],[88.13047,27.12159],[88.13151,27.1216],[88.13334,27.12136],[88.13423,27.12077],[88.13523,27.12059],[88.13549,27.12048],[88.13593,27.12001],[88.13619,27.11963],[88.13633,27.1191],[88.13624,27.11872],[88.13536,27.11727],[88.13534,27.117],[88.13539,27.11657],[88.136,27.11576],[88.1361,27.11492],[88.13636,27.11475],[88.13762,27.11461],[88.13891,27.11391],[88.14046,27.11431],[88.14297,27.11555],[88.14371,27.11568],[88.14404,27.11561],[88.14429,27.11537],[88.14456,27.11468],[88.14426,27.11234],[88.14472,27.11195],[88.14531,27.11177],[88.14616,27.11186],[88.14741,27.11309],[88.14832,27.11364],[88.14913,27.11389],[88.14984,27.1139],[88.15026,27.11373],[88.15065,27.11309],[88.15075,27.11028],[88.15097,27.10997],[88.15178,27.10958],[88.15264,27.10967],[88.15417,27.11006],[88.15506,27.11011],[88.15635,27.11],[88.15702,27.11031],[88.1575,27.11088],[88.15829,27.11308],[88.15859,27.11346],[88.15881,27.11355],[88.15901,27.11351],[88.15999,27.11257],[88.16021,27.11252],[88.16097,27.11259],[88.1621,27.11341],[88.16303,27.11443],[88.16427,27.11628],[88.16451,27.1184],[88.16482,27.11872],[88.16618,27.11955],[88.16671,27.12024],[88.16729,27.12243],[88.16784,27.1229],[88.16842,27.12298],[88.17038,27.12251],[88.1706,27.12263],[88.17079,27.12292],[88.17108,27.12417],[88.17154,27.12519],[88.17203,27.12691],[88.17232,27.12736],[88.17256,27.12757],[88.17385,27.12779],[88.17442,27.12801],[88.17495,27.1286],[88.17539,27.1294],[88.17587,27.12981],[88.17618,27.12992],[88.17792,27.12961],[88.17919,27.12983],[88.17972,27.13013],[88.18,27.13076],[88.18008,27.13182],[88.18031,27.13217],[88.18057,27.1324],[88.18101,27.13247],[88.18323,27.13237],[88.18409,27.13172],[88.18469,27.13088],[88.18536,27.13077],[88.18575,27.13095],[88.18617,27.132],[88.18658,27.13239],[88.18731,27.13262],[88.18842,27.13276],[88.18958,27.13322],[88.18983,27.13327],[88.19141,27.13254],[88.19203,27.13248],[88.1929,27.133],[88.19414,27.1345],[88.19463,27.13485],[88.1949,27.13487],[88.19538,27.13464],[88.19627,27.13363],[88.19716,27.13319],[88.19923,27.13328],[88.20041,27.13205],[88.20104,27.13155],[88.20144,27.13144],[88.20189,27.13145],[88.20237,27.13167],[88.20331,27.13236],[88.20431,27.13337],[88.20572,27.13346],[88.20656,27.13312],[88.20899,27.13124],[88.2094,27.13116],[88.21051,27.13127],[88.21081,27.13118],[88.21149,27.12989],[88.21216,27.12991],[88.21245,27.13014],[88.21323,27.13155],[88.21375,27.13196],[88.2157,27.13166],[88.21618,27.13144],[88.21737,27.13043],[88.2177,27.13],[88.21788,27.12944],[88.21865,27.1289],[88.21897,27.12886],[88.21945,27.12847],[88.21957,27.12756],[88.21934,27.12647],[88.21932,27.12564],[88.2196,27.12511],[88.22168,27.12439],[88.22333,27.12294],[88.22602,27.12138],[88.22807,27.11955],[88.22894,27.11914],[88.23002,27.11898],[88.23227,27.11908],[88.23344,27.11889],[88.23654,27.11914],[88.23766,27.11911],[88.23983,27.11962],[88.24081,27.11933],[88.24122,27.11936],[88.24278,27.11982],[88.24452,27.12153],[88.24485,27.12173],[88.24538,27.12195],[88.24642,27.12205],[88.2468,27.12235],[88.2476,27.12386],[88.248,27.12394],[88.24858,27.12435],[88.25085,27.12444],[88.25294,27.12428],[88.25605,27.1245],[88.25906,27.12526],[88.26186,27.1273],[88.26278,27.12784],[88.26347,27.12789],[88.26432,27.12764],[88.26566,27.12768],[88.26734,27.12898],[88.26839,27.12951],[88.26931,27.12944],[88.27173,27.12828],[88.27248,27.12815],[88.27314,27.1284],[88.2735,27.12886],[88.2738,27.13042],[88.27421,27.13083],[88.27501,27.13101],[88.2769,27.13068],[88.27757,27.13093],[88.27867,27.13176],[88.27901,27.13187],[88.27935,27.13107],[88.27926,27.13099]]}},
{"type":"Feature","properties":{"kind":"state","name":"Sikkim–West Bengal","src":"OSM relations 1791324 and 1960177","river":"613","rlen":79},"geometry":{"type":"LineString","coordinates":[[88.27926,27.13099],[88.27972,27.13027],[88.28041,27.1294],[88.28156,27.12837],[88.28243,27.12791],[88.28344,27.12756],[88.28402,27.12742],[88.2871,27.12745],[88.28915,27.12736],[88.29025,27.12718],[88.29118,27.12693],[88.2929,27.12626],[88.29322,27.12609],[88.29351,27.12569],[88.2939,27.12535],[88.29531,27.12597],[88.2983,27.12766],[88.30032,27.1281],[88.301,27.12818],[88.30344,27.12811],[88.3056,27.12758],[88.30734,27.12685],[88.30779,27.12651],[88.30803,27.12604],[88.30851,27.12542],[88.30895,27.12512],[88.30975,27.12486],[88.31127,27.12474],[88.31212,27.12478],[88.31314,27.12502],[88.31406,27.12513],[88.31458,27.12513],[88.31495,27.12501],[88.31529,27.12476],[88.31549,27.12451],[88.31558,27.12386],[88.31549,27.12343],[88.31548,27.12252],[88.31583,27.12191],[88.31679,27.12114],[88.31838,27.12026],[88.31924,27.11997],[88.3202,27.11952],[88.32136,27.11885],[88.32236,27.11788],[88.32272,27.11735],[88.32289,27.11656],[88.32277,27.11522],[88.32181,27.1086],[88.32165,27.1081],[88.32152,27.10629],[88.32157,27.10572],[88.32177,27.10522],[88.32231,27.10483],[88.32288,27.10461],[88.32363,27.10464],[88.32435,27.1049],[88.32564,27.10558],[88.32749,27.10675],[88.32848,27.10708],[88.33054,27.10703],[88.33267,27.10661],[88.33424,27.10666],[88.33488,27.10675],[88.33519,27.10688],[88.33551,27.10715],[88.33585,27.10775],[88.33681,27.10908],[88.33731,27.10949],[88.33827,27.10994],[88.33884,27.10998],[88.34115,27.10954],[88.34293,27.10902],[88.34372,27.10867],[88.34498,27.10788],[88.34597,27.10666],[88.34723,27.10459],[88.34774,27.10341],[88.34848,27.10101],[88.34885,27.10038],[88.34946,27.09996],[88.35001,27.09972],[88.35056,27.09969],[88.35097,27.09975],[88.35273,27.10062],[88.35367,27.10092],[88.35445,27.10107],[88.35561,27.10103],[88.35642,27.10052],[88.35669,27.10019],[88.35687,27.09978],[88.3569,27.0992],[88.35679,27.09801],[88.35648,27.09653],[88.35669,27.09602],[88.35728,27.09561],[88.35735,27.09533],[88.35753,27.09519],[88.35808,27.09503],[88.3589,27.09505],[88.3599,27.0952],[88.36118,27.09541],[88.36266,27.09585],[88.36575,27.0963],[88.36735,27.09674],[88.37196,27.09682],[88.3727,27.0967],[88.37563,27.09598],[88.37671,27.09595],[88.37792,27.09597],[88.37931,27.09655],[88.37986,27.09663],[88.38102,27.09668],[88.38228,27.09648],[88.38442,27.0957],[88.38512,27.09526],[88.38583,27.09446],[88.3877,27.09364],[88.38803,27.09356],[88.38832,27.09359],[88.38908,27.09382],[88.38964,27.09387],[88.39094,27.09364],[88.39217,27.09328],[88.39445,27.09208],[88.39559,27.09116],[88.397,27.0897],[88.39802,27.08946],[88.39989,27.08949],[88.40295,27.08972],[88.40593,27.08964],[88.40811,27.08926],[88.40999,27.08883],[88.41609,27.08686],[88.41747,27.08626],[88.42024,27.08451],[88.42189,27.08389],[88.42304,27.08328],[88.42394,27.08292],[88.42556,27.08189],[88.42703,27.08108],[88.42875,27.08118],[88.42962,27.08113],[88.43136,27.08074],[88.43158,27.08057]]}},
{"type":"Feature","properties":{"kind":"state","name":"Sikkim–West Bengal","src":"OSM relations 1791324 and 1960177"},"geometry":{"type":"LineString","coordinates":[[88.43158,27.08057],[88.43205,27.07925]]}},
{"type":"Feature","properties":{"kind":"state","name":"Sikkim–West Bengal","src":"OSM relations 1791324 and 1960177","river":"863","rlen":339},"geometry":{"type":"LineString","coordinates":[[88.43205,27.07925],[88.43254,27.07944],[88.43501,27.08071],[88.43809,27.0824],[88.44046,27.0832],[88.44209,27.08343],[88.4433,27.08341],[88.44496,27.08324],[88.44857,27.08319],[88.44923,27.08332],[88.45042,27.08371],[88.45084,27.08389],[88.45148,27.08436],[88.45186,27.08493],[88.45205,27.08545],[88.45264,27.08591],[88.45321,27.08661],[88.4534,27.08724],[88.45366,27.08753],[88.45517,27.08837],[88.45775,27.08911],[88.45819,27.08939],[88.45876,27.08991],[88.45971,27.09124],[88.46034,27.09309],[88.46099,27.09462],[88.46111,27.0958],[88.46101,27.0975],[88.46117,27.0981],[88.46159,27.09856],[88.46374,27.0998],[88.46497,27.10068],[88.46555,27.10121],[88.46588,27.10179],[88.46598,27.10438],[88.46616,27.10582],[88.46619,27.10691],[88.46619,27.10735],[88.4659,27.1086],[88.4659,27.10925],[88.46599,27.10964],[88.46735,27.11197],[88.46739,27.1125],[88.46732,27.1127],[88.46741,27.11334],[88.46774,27.1143],[88.46822,27.11539],[88.46886,27.11634],[88.4695,27.11682],[88.47238,27.11781],[88.47336,27.11849],[88.47408,27.11937],[88.47517,27.12149],[88.47584,27.12221],[88.47653,27.12271],[88.4771,27.12293],[88.47781,27.123],[88.47857,27.12295],[88.47938,27.12269],[88.48131,27.12138],[88.48245,27.12081],[88.48328,27.12063],[88.48436,27.12057],[88.48496,27.12087],[88.48508,27.12109],[88.48512,27.12176],[88.48486,27.12322],[88.48488,27.12413],[88.48495,27.1243],[88.48565,27.12511],[88.48705,27.12576],[88.48798,27.12606],[88.48895,27.12607],[88.49031,27.12588],[88.49142,27.12537],[88.49216,27.1248],[88.4929,27.12435],[88.4935,27.12405],[88.49448,27.12371],[88.49577,27.12357],[88.49699,27.12361],[88.49847,27.12426],[88.49921,27.12472],[88.49937,27.12492],[88.49947,27.12518],[88.49944,27.12571],[88.4992,27.1261],[88.49875,27.12653],[88.49763,27.12739],[88.49735,27.12785],[88.49735,27.12811],[88.49748,27.12841],[88.4978,27.12878],[88.49903,27.12984],[88.49901,27.13089],[88.49979,27.13124],[88.50103,27.13221],[88.50182,27.13313],[88.50257,27.13427],[88.50358,27.13546],[88.50455,27.13625],[88.50534,27.13651],[88.506,27.13656],[88.50671,27.13656],[88.50811,27.13638],[88.50903,27.13642],[88.51005,27.1366],[88.51102,27.137],[88.51146,27.1377],[88.51167,27.13915],[88.51225,27.14011],[88.51296,27.14064],[88.51379,27.14086],[88.51647,27.14117],[88.51704,27.14187],[88.51735,27.1431],[88.51797,27.14688],[88.51872,27.14749],[88.51964,27.14806],[88.52078,27.14837],[88.52237,27.14859],[88.52364,27.14898],[88.52562,27.14938],[88.528,27.14942],[88.53037,27.14933],[88.53161,27.14947],[88.53253,27.15035],[88.53323,27.15447],[88.5331,27.15531],[88.53204,27.15618],[88.53104,27.15658],[88.53015,27.15663],[88.52879,27.15645],[88.52813,27.1568],[88.52835,27.15948],[88.52857,27.16036],[88.52927,27.16141],[88.53059,27.16277],[88.53134,27.16396],[88.53134,27.16484],[88.53095,27.16554],[88.5302,27.16576],[88.52875,27.16637],[88.52619,27.16795],[88.52395,27.16962],[88.52223,27.17147],[88.52154,27.17241]]}},
{"type":"Feature","properties":{"kind":"state","name":"Sikkim–West Bengal","src":"OSM relations 1791324 and 1960177"},"geometry":{"type":"LineString","coordinates":[[88.52154,27.17241],[88.52161,27.17363]]}},
{"type":"Feature","properties":{"kind":"state","name":"Sikkim–West Bengal","src":"OSM relations 1791324 and 1960177","river":"615","rlen":43},"geometry":{"type":"LineString","coordinates":[[88.52161,27.17363],[88.52384,27.17364],[88.52764,27.17343],[88.53032,27.1728],[88.53222,27.17269],[88.53336,27.17349],[88.533,27.17618],[88.53299,27.17813],[88.53442,27.17903],[88.5362,27.17918],[88.53864,27.17904],[88.53991,27.17971],[88.54083,27.18124],[88.54179,27.18338],[88.54336,27.18439],[88.54528,27.18465],[88.54727,27.18381],[88.54969,27.18332],[88.55345,27.18457],[88.55572,27.18591],[88.55781,27.18665],[88.55971,27.18655],[88.56161,27.18632],[88.56399,27.18534],[88.5653,27.18454],[88.56655,27.18496],[88.56811,27.18585],[88.56984,27.18721],[88.57206,27.18782],[88.57654,27.18758],[88.57778,27.18788],[88.57891,27.18843],[88.58003,27.18885],[88.58153,27.18889],[88.58348,27.18757],[88.5848,27.18896],[88.58514,27.18991],[88.5861,27.18998],[88.58672,27.1891],[88.58824,27.18743],[88.58985,27.1871],[88.59035,27.18841],[88.59059,27.18998],[88.5912,27.19092],[88.59271,27.19108],[88.59349,27.19055],[88.59433,27.1888],[88.59539,27.18838],[88.59611,27.18907],[88.5968,27.18962]]}},
{"type":"Feature","properties":{"kind":"state","name":"Sikkim–West Bengal","src":"OSM relations 1791324 and 1960177"},"geometry":{"type":"LineString","coordinates":[[88.5968,27.18962],[88.59709,27.18933],[88.59734,27.18964],[88.59795,27.18981],[88.59901,27.18902],[88.59947,27.18881],[88.59974,27.18854],[88.60089,27.18634],[88.60137,27.18576],[88.60162,27.18567],[88.60218,27.18571],[88.60309,27.18623],[88.60371,27.18623],[88.60479,27.18562],[88.60625,27.18519],[88.608,27.18398],[88.61027,27.18362],[88.61145,27.18249],[88.6128,27.18194],[88.61432,27.18169],[88.61535,27.18182],[88.61604,27.18218],[88.61721,27.1825],[88.61843,27.18326],[88.61894,27.18335],[88.61937,27.18309],[88.6197,27.18227],[88.62006,27.18194],[88.6205,27.18196],[88.62208,27.18248],[88.62251,27.18232],[88.62276,27.18209],[88.62297,27.18185],[88.62303,27.18153],[88.6228,27.18101],[88.62244,27.18081],[88.62232,27.18037],[88.62266,27.17955],[88.62289,27.17936],[88.62364,27.17956],[88.62548,27.18037],[88.62597,27.18037],[88.62671,27.17755],[88.62788,27.17732],[88.62859,27.17702],[88.6295,27.1757],[88.63102,27.17426],[88.63225,27.17361],[88.63364,27.17319],[88.63424,27.17259],[88.635,27.17084],[88.63499,27.16986],[88.63477,27.16872],[88.63497,27.16794],[88.63551,27.16668],[88.63745,27.16628],[88.63797,27.16601],[88.63898,27.1652],[88.63978,27.16484],[88.64315,27.1651],[88.64561,27.16596],[88.64681,27.16616],[88.64762,27.1659],[88.64857,27.16528],[88.6491,27.16514],[88.65047,27.16516],[88.65145,27.16485],[88.65185,27.16457],[88.65215,27.16412],[88.65228,27.16306],[88.6525,27.16258],[88.65295,27.16211],[88.65335,27.16193],[88.65541,27.16218],[88.65732,27.16195],[88.65922,27.16141],[88.65971,27.16115],[88.66026,27.16055],[88.6618,27.161],[88.66284,27.16168],[88.66318,27.16217],[88.6645,27.16505],[88.66633,27.16782],[88.66684,27.16851],[88.66863,27.16987],[88.66973,27.17157],[88.67075,27.17252],[88.67102,27.173],[88.67236,27.17396],[88.67404,27.17549],[88.67801,27.17838],[88.67857,27.17852],[88.68098,27.17964],[88.68177,27.17973],[88.68342,27.17965],[88.68451,27.17989],[88.68506,27.17988],[88.68673,27.17924],[88.68805,27.17933],[88.69153,27.17839],[88.69546,27.17636],[88.69661,27.17564],[88.69792,27.1751],[88.70134,27.1741],[88.70173,27.17387],[88.70294,27.1714],[88.70449,27.1697],[88.70544,27.16885],[88.70641,27.16849],[88.70858,27.16805],[88.70895,27.16755],[88.71012,27.16684],[88.71083,27.16586],[88.71187,27.16406],[88.7122,27.16282],[88.71248,27.16248],[88.7141,27.16157],[88.71599,27.16003],[88.71614,27.15977],[88.71608,27.15868],[88.71625,27.15809],[88.71691,27.1568],[88.71705,27.15597],[88.71691,27.15327],[88.717,27.1515],[88.71756,27.1485],[88.71781,27.14331],[88.71899,27.14318],[88.71979,27.14294],[88.72045,27.14248],[88.72201,27.14179],[88.72324,27.14034],[88.72411,27.13834],[88.72669,27.1375],[88.72896,27.13627],[88.72977,27.13628],[88.73239,27.13596],[88.73368,27.13559],[88.73654,27.13536],[88.73862,27.1354],[88.73879,27.13571],[88.74054,27.13728],[88.74142,27.13784],[88.74282,27.13918],[88.74557,27.14208]]}},
{"type":"Feature","properties":{"kind":"state","name":"Bihar–Jharkhand","src":"OSM relations 1958982 and 1960191"},"geometry":{"type":"LineString","coordinates":[[87.82437,25.2365],[87.82434,25.23619],[87.82047,25.23821],[87.81914,25.23842],[87.8124,25.24111],[87.81063,25.24192],[87.80951,25.2419],[87.8086,25.24217],[87.80679,25.24314],[87.80422,25.24533],[87.80335,25.24639],[87.80214,25.2467],[87.80153,25.24743],[87.80166,25.2484],[87.80237,25.24896],[87.80229,25.24915],[87.8008,25.24925],[87.79926,25.24953],[87.79839,25.24994],[87.79786,25.25034],[87.79769,25.25092],[87.79724,25.25123],[87.79364,25.25101],[87.7928,25.25111],[87.79072,25.25203],[87.79062,25.25266],[87.7904,25.25294],[87.79038,25.25382],[87.78989,25.25411],[87.78293,25.25594],[87.78097,25.25634],[87.77665,25.25651],[87.77548,25.25717],[87.76772,25.26026],[87.76091,25.26104],[87.756,25.26313],[87.75252,25.26379],[87.74785,25.26438],[87.74286,25.26442],[87.73779,25.26282],[87.73167,25.26154],[87.72848,25.26114],[87.72506,25.26053],[87.71217,25.25769],[87.71136,25.25767],[87.71098,25.2582],[87.71163,25.2695],[87.71141,25.27408],[87.71077,25.27485],[87.70242,25.27972],[87.69339,25.28458],[87.69302,25.28487],[87.69289,25.28526],[87.69317,25.28559],[87.69625,25.29399],[87.69722,25.29429],[87.69789,25.29481],[87.69925,25.29641],[87.69964,25.29723],[87.69766,25.2981],[87.69735,25.2985],[87.69597,25.29886],[87.6955,25.30038],[87.69869,25.30328],[87.6987,25.30395],[87.69813,25.30457],[87.69636,25.30598],[87.69542,25.30654],[87.69386,25.30653],[87.68926,25.30619],[87.68644,25.30635],[87.6854,25.30622],[87.68506,25.30634],[87.68484,25.3066],[87.68462,25.30885],[87.68437,25.30962],[87.68477,25.30982],[87.68658,25.3097],[87.6869,25.30936],[87.68739,25.3092],[87.68855,25.30951],[87.68974,25.31015],[87.69114,25.31068],[87.69206,25.31085],[87.69196,25.31157],[87.68848,25.31176],[87.68802,25.312],[87.68585,25.31196],[87.67439,25.31277],[87.67365,25.31302],[87.67332,25.31296],[87.67325,25.31249],[87.67446,25.31167],[87.67551,25.31054],[87.67524,25.30706],[87.6748,25.30716],[87.67365,25.30787],[87.67207,25.30811],[87.66976,25.30816],[87.66848,25.30857],[87.66796,25.30949],[87.66716,25.31038],[87.66707,25.31067],[87.66664,25.31065],[87.66639,25.31018],[87.66617,25.30889],[87.66581,25.30869],[87.66547,25.3106],[87.66508,25.3109],[87.66403,25.31085],[87.66369,25.31043],[87.66374,25.30879],[87.66355,25.30805],[87.66273,25.30803],[87.65704,25.30878],[87.65584,25.30838],[87.65525,25.30765],[87.6547,25.30752],[87.65406,25.30763],[87.65136,25.30911],[87.64843,25.31009],[87.6435,25.31262],[87.63923,25.31436],[87.63839,25.31451],[87.63783,25.31435],[87.63701,25.31314],[87.63642,25.31324],[87.63555,25.31417],[87.63595,25.31586],[87.63077,25.3197],[87.63025,25.31966],[87.63011,25.31941],[87.63027,25.31901],[87.63021,25.31767],[87.62928,25.31549],[87.62738,25.31365],[87.62703,25.31185],[87.62665,25.31199],[87.62339,25.31407],[87.62111,25.31495],[87.61955,25.31691],[87.61856,25.31753],[87.6174,25.31799],[87.61614,25.31621],[87.61454,25.31571],[87.61335,25.31569],[87.61273,25.31445],[87.6123,25.31274],[87.60924,25.3136],[87.60588,25.31495],[87.60474,25.31525],[87.60342,25.31671],[87.60131,25.31832],[87.601,25.31892],[87.60043,25.31887],[87.59958,25.31969],[87.59889,25.31965],[87.59725,25.32018],[87.59671,25.32007],[87.59625,25.3207],[87.59429,25.32134],[87.59232,25.32239],[87.59215,25.3226],[87.59337,25.32514],[87.59325,25.32529],[87.59231,25.32561],[87.59041,25.3269],[87.58859,25.32786],[87.58431,25.33083],[87.58418,25.33153],[87.58436,25.33288],[87.58905,25.33788],[87.59129,25.34107],[87.59147,25.34165],[87.59061,25.34287],[87.5889,25.34607],[87.58511,25.34828],[87.58452,25.34885],[87.58421,25.34892],[87.58387,25.34882],[87.58369,25.34841],[87.58337,25.34533],[87.58269,25.34305],[87.58232,25.34273],[87.57924,25.34187],[87.57489,25.341],[87.57467,25.34079],[87.57364,25.33877],[87.57329,25.33766],[87.571,25.33307],[87.57092,25.33328],[87.57045,25.3331],[87.56594,25.33374],[87.56225,25.3339],[87.55747,25.33309],[87.55168,25.3325],[87.55181,25.32953],[87.55023,25.32938],[87.55002,25.32765],[87.55003,25.3263],[87.55026,25.32517],[87.55008,25.32441],[87.54956,25.32408],[87.54796,25.32354],[87.54768,25.32321],[87.54748,25.32245],[87.54782,25.32098],[87.54787,25.31969],[87.54766,25.31824],[87.547,25.31689],[87.54637,25.31167],[87.54644,25.30838],[87.54464,25.30196],[87.54371,25.2992],[87.54267,25.29506],[87.5426,25.28874],[87.54333,25.28503],[87.54344,25.28304],[87.54295,25.28102],[87.54044,25.28058],[87.53814,25.28039],[87.5343,25.28025],[87.53251,25.28032],[87.52927,25.28261],[87.52646,25.28389],[87.52217,25.28815],[87.52078,25.29086],[87.51757,25.29302],[87.51619,25.29323],[87.51533,25.2927],[87.5052,25.29318],[87.50387,25.29272],[87.50308,25.29222],[87.5017,25.29239],[87.50119,25.29437],[87.50026,25.29696],[87.49904,25.2985],[87.49597,25.30325],[87.49407,25.30733],[87.49356,25.30742],[87.49326,25.30727],[87.49322,25.30652],[87.4911,25.30078],[87.49016,25.29763],[87.48892,25.29776],[87.48716,25.29752],[87.48646,25.29725],[87.48624,25.29669],[87.48634,25.29441],[87.48696,25.29315],[87.48682,25.29148],[87.4877,25.28899],[87.48745,25.28698],[87.48806,25.28549],[87.49007,25.28207],[87.48999,25.28032],[87.49146,25.2791],[87.49254,25.2784],[87.49394,25.27777],[87.49588,25.27719],[87.49829,25.27667],[87.49855,25.27632],[87.49846,25.27562],[87.49829,25.2753],[87.49754,25.27447],[87.49712,25.27429],[87.49571,25.27215],[87.49541,25.27101],[87.49552,25.27064],[87.49782,25.26899],[87.50035,25.26655],[87.5004,25.26591],[87.49915,25.26404],[87.49871,25.2629],[87.49883,25.26223],[87.4999,25.26037],[87.50039,25.26005],[87.5005,25.25973],[87.49983,25.25917],[87.49762,25.2597],[87.49422,25.26083],[87.49215,25.26096],[87.49052,25.26126],[87.48947,25.25947],[87.4866,25.25588],[87.48166,25.24871],[87.48074,25.24637],[87.47842,25.2425],[87.47744,25.24039],[87.47617,25.23712],[87.47613,25.23005],[87.47656,25.22784],[87.47675,25.22527],[87.47695,25.21104],[87.47735,25.20596],[87.47787,25.19417],[87.47552,25.19463],[87.47232,25.19429],[87.47174,25.19406],[87.47001,25.19538],[87.46697,25.19504],[87.46391,25.19498],[87.46256,25.19482],[87.4623,25.19624],[87.46191,25.19738],[87.46019,25.19803],[87.45932,25.19672],[87.45048,25.2011],[87.44887,25.20208],[87.44684,25.2031],[87.4448,25.20453],[87.44225,25.20445],[87.4409,25.2047],[87.43905,25.20617],[87.43734,25.20685],[87.43609,25.20714],[87.43256,25.20836],[87.43069,25.20988],[87.42976,25.21001],[87.42681,25.21074],[87.42543,25.21151],[87.42385,25.21297],[87.42253,25.21391],[87.42094,25.214],[87.41969,25.21498],[87.4189,25.2151],[87.41654,25.21464],[87.41183,25.21507],[87.4115,25.21552],[87.41183,25.21837],[87.41168,25.21904],[87.40394,25.22196],[87.40263,25.22587],[87.40113,25.22742],[87.39221,25.22839],[87.38753,25.22278],[87.38352,25.22449],[87.37884,25.21711],[87.37545,25.21509],[87.37198,25.2062],[87.36022,25.21172],[87.3347,25.21645],[87.33322,25.22338],[87.32783,25.22373],[87.32346,25.21096],[87.32268,25.20618],[87.31843,25.19531],[87.32127,25.19011],[87.31597,25.18068],[87.31689,25.17855],[87.31449,25.17015],[87.31967,25.16523],[87.31678,25.16045],[87.31437,25.16033],[87.31202,25.14849],[87.30818,25.14831],[87.30543,25.14291],[87.307,25.14088],[87.30631,25.13821],[87.30346,25.13434],[87.2962,25.11403],[87.29816,25.11269],[87.29542,25.10233],[87.29947,25.09986],[87.29552,25.08848],[87.2705,25.09364],[87.26762,25.09815],[87.26385,25.10013],[87.26337,25.1034],[87.25582,25.10532],[87.25056,25.10577],[87.2472,25.1109],[87.24187,25.11447],[87.2396,25.11727],[87.23488,25.10868],[87.24372,25.10017],[87.2402,25.0976],[87.23979,25.09215],[87.23698,25.09261],[87.23629,25.08952],[87.23065,25.09003],[87.22775,25.08799],[87.21167,25.08999],[87.21364,25.08494],[87.21334,25.08202],[87.20909,25.08187],[87.20415,25.08043],[87.20098,25.07849],[87.19977,25.07285],[87.19608,25.06908],[87.19297,25.06752],[87.19276,25.06819]]}},
{"type":"Feature","properties":{"kind":"state","name":"Bihar–Jharkhand","src":"OSM relations 1958982 and 1960191","river":"22531","rlen":16},"geometry":{"type":"LineString","coordinates":[[87.19276,25.06819],[87.19267,25.06817],[87.19201,25.06812],[87.18884,25.0681],[87.18747,25.06779],[87.18596,25.06713],[87.18514,25.06701],[87.18419,25.06696],[87.18245,25.06728],[87.18208,25.06725],[87.18145,25.06692],[87.18111,25.06651],[87.18024,25.06504],[87.17998,25.06476],[87.17829,25.06342],[87.17803,25.06312],[87.17785,25.06275],[87.17766,25.06094],[87.17745,25.06009],[87.17611,25.05855],[87.17545,25.05733],[87.17528,25.05646],[87.17526,25.05564],[87.17494,25.05492],[87.17438,25.05401],[87.17347,25.05326],[87.1731,25.05273],[87.17267,25.05127],[87.17262,25.0503],[87.1723,25.04911],[87.1719,25.04849],[87.17132,25.04769],[87.17057,25.04708],[87.16977,25.04678],[87.16897,25.04663],[87.16827,25.04664],[87.16776,25.04675],[87.16731,25.04654],[87.16709,25.04594],[87.16712,25.04545],[87.16796,25.04358],[87.16818,25.04255],[87.16758,25.04065],[87.1673,25.04012],[87.16706,25.03991],[87.16645,25.03964],[87.16502,25.03932],[87.16398,25.03883],[87.16359,25.03855],[87.16325,25.03797],[87.16303,25.03688],[87.16218,25.03412],[87.16017,25.03122],[87.15898,25.02904],[87.15843,25.02842],[87.15797,25.02809],[87.15721,25.02774],[87.15447,25.02728],[87.15292,25.02664],[87.15155,25.02642],[87.1511,25.02628],[87.15055,25.02606],[87.15002,25.0257],[87.14965,25.0253],[87.14933,25.02475],[87.14933,25.02427],[87.1492,25.02374],[87.14898,25.02328],[87.14875,25.023],[87.14778,25.02226],[87.14743,25.02171],[87.14634,25.0207],[87.14575,25.01994],[87.1455,25.01911],[87.14557,25.01835],[87.14591,25.01708],[87.14664,25.01552],[87.14701,25.01428],[87.14693,25.0138],[87.14667,25.01318],[87.14575,25.01141],[87.14528,25.01065],[87.14523,25.01018],[87.14542,25.00979],[87.14614,25.00898],[87.14853,25.00656],[87.14882,25.00604],[87.14912,25.00482],[87.14911,25.00362],[87.14958,25.00275],[87.1496,25.00227],[87.14923,25.00039],[87.14869,24.99946],[87.14871,24.99836],[87.14882,24.998],[87.14918,24.9975],[87.14928,24.9972],[87.14985,24.9965],[87.15023,24.99581],[87.15095,24.99209],[87.15108,24.98878],[87.15117,24.98808],[87.15057,24.98678],[87.15046,24.98578],[87.15006,24.98466],[87.14984,24.98448],[87.14964,24.98325],[87.14961,24.98147],[87.14972,24.98105],[87.14983,24.97975],[87.14976,24.97889],[87.14964,24.97856],[87.14896,24.9776],[87.14847,24.97734],[87.14816,24.97685],[87.14761,24.97631],[87.14676,24.97508],[87.14638,24.97449],[87.14619,24.97354],[87.14619,24.97289],[87.14628,24.97245],[87.14669,24.97218],[87.14698,24.97174],[87.14712,24.97171],[87.14791,24.97107],[87.14834,24.97006],[87.14831,24.96944],[87.14769,24.96764],[87.14763,24.96696],[87.14799,24.96549],[87.14842,24.96457],[87.14845,24.96379],[87.14885,24.9624],[87.14886,24.96191],[87.14851,24.96116],[87.14856,24.96069],[87.14883,24.96033],[87.14904,24.95958],[87.14869,24.958],[87.14834,24.95687],[87.14812,24.95648],[87.14804,24.95485],[87.14797,24.95451]]}},
{"type":"Feature","properties":{"kind":"state","name":"Bihar–Jharkhand","src":"OSM relations 1958982 and 1960191"},"geometry":{"type":"LineString","coordinates":[[87.14797,24.95451],[87.14786,24.95403]]}},
{"type":"Feature","properties":{"kind":"state","name":"Bihar–Jharkhand","src":"OSM relations 1958982 and 1960191","river":"29634","rlen":48},"geometry":{"type":"LineString","coordinates":[[87.14786,24.95403],[87.14763,24.95319],[87.14677,24.95179],[87.14617,24.9511],[87.14577,24.95021],[87.14511,24.94943],[87.14416,24.94556],[87.14389,24.94519],[87.14381,24.9441],[87.14389,24.94366],[87.14402,24.94317],[87.14449,24.94222],[87.14527,24.94106],[87.14639,24.93968],[87.14755,24.93932],[87.14791,24.93907],[87.14872,24.93807],[87.15003,24.93705],[87.1503,24.93658],[87.15046,24.9359],[87.15082,24.93517],[87.15144,24.93455],[87.15157,24.93417],[87.15185,24.93397],[87.15192,24.93371],[87.15214,24.93338],[87.15226,24.93305],[87.15234,24.93227],[87.15223,24.93151],[87.15222,24.93044],[87.15198,24.92939],[87.15076,24.92718],[87.14992,24.92646],[87.14976,24.9262],[87.14938,24.92605],[87.14859,24.92532],[87.14731,24.92494],[87.1463,24.92392],[87.14574,24.92355],[87.14476,24.92312],[87.14403,24.92257],[87.14334,24.92227],[87.14289,24.92189],[87.14255,24.92134],[87.14234,24.92027],[87.14229,24.9195],[87.1424,24.91875],[87.14278,24.91795],[87.14245,24.91491],[87.14261,24.91389],[87.14297,24.9125],[87.14349,24.91138],[87.14411,24.90937],[87.14513,24.90825],[87.14565,24.90774],[87.14604,24.9075],[87.1463,24.90695],[87.14623,24.90607],[87.14633,24.90563],[87.14669,24.90533],[87.1471,24.90527],[87.14843,24.90531],[87.14994,24.90569],[87.15057,24.90577],[87.15097,24.90579],[87.15128,24.90568],[87.15223,24.90376],[87.15367,24.90139],[87.15424,24.90008],[87.15475,24.89966],[87.15443,24.8991],[87.15436,24.89864],[87.15436,24.89726],[87.15462,24.89609],[87.15533,24.89388],[87.15567,24.89309],[87.15593,24.8917],[87.15604,24.88953],[87.15604,24.88454],[87.15589,24.88386],[87.15552,24.88315],[87.15511,24.88255],[87.15409,24.88135],[87.15267,24.88033],[87.15203,24.87943],[87.15158,24.87853],[87.15068,24.87707],[87.14963,24.87467],[87.14906,24.87384],[87.14895,24.87343],[87.14806,24.87196],[87.1479,24.87125],[87.14746,24.8703],[87.1461,24.86943],[87.14542,24.86916],[87.1438,24.8688]]}},
{"type":"Feature","properties":{"kind":"state","name":"Bihar–Jharkhand","src":"OSM relations 1958982 and 1960191"},"geometry":{"type":"LineString","coordinates":[[87.1438,24.8688],[87.14431,24.86677],[87.14125,24.86461],[87.14153,24.86212],[87.14295,24.86307],[87.1443,24.86236],[87.14257,24.86039],[87.1348,24.85953],[87.13326,24.86107],[87.1265,24.85581],[87.12088,24.8525],[87.1133,24.85116],[87.11052,24.85036],[87.11042,24.84778],[87.11008,24.84666],[87.10899,24.84621],[87.10736,24.8467],[87.1063,24.84583],[87.10386,24.84053],[87.0949,24.82612],[87.09038,24.82277],[87.08386,24.82168],[87.07647,24.82347],[87.07418,24.8172],[87.07538,24.81151],[87.07468,24.80799],[87.08315,24.80647],[87.08731,24.80294],[87.09568,24.80251],[87.09279,24.79137],[87.08899,24.78642],[87.08622,24.78666],[87.08418,24.78112],[87.08286,24.77929],[87.08643,24.75833],[87.07129,24.74668],[87.07392,24.73701],[87.07845,24.73639],[87.07697,24.73032],[87.0801,24.72843],[87.07869,24.72178],[87.07755,24.71768],[87.07418,24.71576],[87.07504,24.71284],[87.06802,24.70286],[87.07043,24.69693],[87.06935,24.69385],[87.06523,24.68894],[87.06189,24.68884],[87.06047,24.68387],[87.05981,24.68051],[87.0596,24.67736],[87.05434,24.669],[87.05366,24.65874],[87.05099,24.65209],[87.05099,24.64436],[87.0523,24.64111],[87.04614,24.62989],[87.04689,24.62736],[87.04914,24.62346],[87.05097,24.60887],[87.04764,24.6082],[87.04532,24.6121],[87.03784,24.61732],[87.03609,24.61296],[87.02275,24.61623],[87.02428,24.62451],[87.01995,24.62957],[87.01086,24.63196],[87.00713,24.62868],[87.007,24.62324],[86.9958,24.61996],[86.99243,24.62543],[86.97824,24.63996],[86.97453,24.64015],[86.97312,24.63789],[86.96091,24.63551],[86.95745,24.63188],[86.95237,24.63161],[86.95202,24.63325],[86.95056,24.63364],[86.95401,24.63627],[86.95408,24.64202],[86.9567,24.64161],[86.95891,24.64736],[86.95818,24.64969],[86.94271,24.6518],[86.94007,24.65314],[86.93932,24.64649],[86.93954,24.64333],[86.94024,24.64214],[86.94177,24.64165],[86.94271,24.64054],[86.94211,24.63873],[86.94511,24.63805],[86.94576,24.63555],[86.93881,24.63165],[86.93267,24.6311],[86.92837,24.62498],[86.92769,24.61694],[86.92722,24.61323],[86.92225,24.61029],[86.92018,24.6025],[86.91452,24.60048],[86.91267,24.59716],[86.90928,24.5963],[86.90821,24.58466],[86.91376,24.57708],[86.91025,24.5715],[86.91441,24.56898],[86.91761,24.56067],[86.91645,24.5521],[86.91764,24.5485],[86.91769,24.5462],[86.91671,24.545],[86.91492,24.54627],[86.91294,24.54729],[86.91115,24.54744],[86.90661,24.55034],[86.90512,24.55054],[86.90464,24.5555],[86.89735,24.56049],[86.89475,24.56038],[86.89407,24.55821],[86.88889,24.56084],[86.88697,24.56387],[86.88806,24.56697],[86.88254,24.5699],[86.88123,24.57438],[86.87126,24.56888],[86.86152,24.56633],[86.8601,24.56301],[86.86276,24.56201],[86.85982,24.55602],[86.85605,24.55507],[86.85572,24.55737],[86.85289,24.55909],[86.84776,24.56034],[86.84437,24.55958],[86.84035,24.56272],[86.84377,24.56898],[86.8432,24.57526],[86.83489,24.57679],[86.8322,24.57277],[86.8222,24.57534],[86.81633,24.57226],[86.81581,24.57004],[86.81167,24.56888],[86.80194,24.57061],[86.80145,24.5753],[86.80309,24.57872],[86.80959,24.58182],[86.80879,24.58922],[86.80569,24.59388],[86.81096,24.5993],[86.80521,24.60012],[86.7873,24.61554],[86.78425,24.61478],[86.77734,24.61962],[86.77556,24.61561],[86.76294,24.61671],[86.75355,24.61718],[86.74805,24.60652],[86.74937,24.5946],[86.74719,24.59376],[86.74358,24.59013],[86.74264,24.58611],[86.73783,24.58526],[86.73594,24.58401],[86.72114,24.58436],[86.71553,24.58215],[86.70727,24.57588],[86.69582,24.57382],[86.69487,24.57632],[86.69221,24.57726],[86.69065,24.57418],[86.68861,24.5723],[86.68365,24.57314],[86.68166,24.57162],[86.67608,24.56834],[86.66951,24.56617],[86.65126,24.57019],[86.64655,24.581],[86.63162,24.5851],[86.62518,24.59037],[86.62425,24.60003],[86.61772,24.59893],[86.61037,24.59915],[86.61186,24.6045],[86.61516,24.60627],[86.61544,24.60863],[86.61016,24.60816],[86.6082,24.60809],[86.60477,24.60473],[86.60327,24.60211],[86.59789,24.60065],[86.59739,24.59673],[86.58969,24.58982],[86.5894,24.58018],[86.58031,24.56673],[86.57887,24.56726],[86.57712,24.56551],[86.57465,24.56773],[86.57115,24.56539],[86.56677,24.56582],[86.56583,24.56633],[86.56308,24.56426],[86.55909,24.56492],[86.55788,24.56146],[86.56301,24.55522],[86.56388,24.55395],[86.56306,24.55302],[86.56039,24.55196],[86.55343,24.54388],[86.55244,24.53703],[86.54905,24.5374],[86.54649,24.54138],[86.54233,24.54308],[86.53939,24.543],[86.53456,24.54039],[86.52881,24.54449],[86.52639,24.54201],[86.521,24.53821],[86.51686,24.53504],[86.51587,24.53067],[86.51557,24.52534],[86.51171,24.52315],[86.50867,24.51989],[86.5039,24.51077],[86.5,24.5098],[86.50176,24.50183],[86.50274,24.49392],[86.50199,24.49006],[86.49914,24.48883],[86.49691,24.49],[86.49324,24.49008],[86.49219,24.48621],[86.49092,24.48328],[86.49154,24.47854],[86.48794,24.47699],[86.48916,24.47578],[86.4888,24.47225],[86.48571,24.47106],[86.48309,24.46847],[86.48568,24.46625],[86.48948,24.46563],[86.49515,24.45575],[86.4947,24.44963],[86.49712,24.44266],[86.49363,24.4387],[86.49355,24.43544],[86.4918,24.43371],[86.49086,24.42802],[86.48414,24.43471],[86.47734,24.43426],[86.48111,24.42843],[86.47822,24.42509],[86.47305,24.42414],[86.46912,24.42634],[86.46744,24.42521],[86.46622,24.41971],[86.46584,24.41245],[86.47056,24.40511],[86.4703,24.39635],[86.47227,24.39377],[86.46961,24.38752],[86.46777,24.38666],[86.46648,24.3847],[86.46712,24.3815],[86.46287,24.37982],[86.4582,24.37939],[86.45755,24.37759],[86.45708,24.37536],[86.45591,24.37154],[86.45495,24.37139],[86.45502,24.37159]]}},
{"type":"Feature","properties":{"kind":"state","name":"Bihar–Jharkhand","src":"OSM relations 1958982 and 1960191","river":"27471","rlen":83},"geometry":{"type":"LineString","coordinates":[[86.45502,24.37159],[86.4549,24.37163],[86.45437,24.37132],[86.45316,24.37089],[86.45207,24.37078],[86.45124,24.37101],[86.45038,24.37096],[86.45031,24.37108],[86.44883,24.37061],[86.44797,24.37025],[86.44693,24.3695],[86.44675,24.36925],[86.44643,24.36911],[86.44601,24.36879],[86.44554,24.36865],[86.44458,24.36868],[86.44369,24.36904],[86.44336,24.36936],[86.4429,24.3699],[86.44251,24.37111],[86.4414,24.37211],[86.44106,24.37225],[86.44062,24.37261],[86.43976,24.37272],[86.4388,24.37311],[86.43797,24.37371],[86.43748,24.37432],[86.43715,24.37504],[86.43673,24.37543],[86.43653,24.37588],[86.43596,24.37666],[86.43587,24.37724],[86.43549,24.37731],[86.43506,24.37773],[86.43425,24.37812],[86.43357,24.37892],[86.43349,24.37916],[86.43346,24.3802],[86.43326,24.38063],[86.43291,24.38096],[86.43235,24.38102],[86.43134,24.38067],[86.43019,24.37925],[86.42992,24.37909],[86.42943,24.37848],[86.4285,24.37813],[86.4275,24.37809],[86.42471,24.37966],[86.42343,24.3797],[86.42275,24.37959],[86.42193,24.37923],[86.42131,24.37855],[86.42107,24.37884],[86.42075,24.37888],[86.41997,24.37927],[86.41947,24.37963],[86.41918,24.37995],[86.4184,24.38009],[86.41796,24.37984],[86.41768,24.38012],[86.41668,24.3802],[86.41533,24.3802],[86.41485,24.38009],[86.4144,24.38027],[86.41408,24.3803],[86.41286,24.38109],[86.412,24.38187],[86.41137,24.38284],[86.41083,24.38312],[86.40997,24.38344],[86.40979,24.38384],[86.40972,24.38441],[86.4094,24.38491],[86.40801,24.38587],[86.40715,24.38634],[86.40665,24.38673],[86.4063,24.38708],[86.40612,24.38741],[86.40515,24.38826],[86.40465,24.3893],[86.40465,24.38972]]}},
{"type":"Feature","properties":{"kind":"state","name":"Bihar–Jharkhand","src":"OSM relations 1958982 and 1960191"},"geometry":{"type":"LineString","coordinates":[[86.40465,24.38972],[86.40683,24.38975],[86.40955,24.39272],[86.4052,24.39698],[86.40258,24.40831],[86.39601,24.41015],[86.39623,24.41402],[86.38069,24.42519],[86.37812,24.43027],[86.3664,24.42614],[86.36617,24.42515]]}},
{"type":"Feature","properties":{"kind":"state","name":"Bihar–Jharkhand","src":"OSM relations 1958982 and 1960191","river":"27471","rlen":83},"geometry":{"type":"LineString","coordinates":[[86.36617,24.42515],[86.36574,24.42524],[86.36527,24.4257],[86.3647,24.42588],[86.36367,24.42781],[86.36331,24.4282],[86.36306,24.4287],[86.36249,24.42917],[86.36181,24.42942],[86.35974,24.42934],[86.35931,24.42945],[86.35881,24.4297],[86.35835,24.43052],[86.35799,24.43149],[86.35796,24.43181],[86.35749,24.43273],[86.35678,24.43323],[86.35617,24.43356],[86.3551,24.43452],[86.35489,24.43498],[86.35471,24.43609],[86.35471,24.4378],[86.35456,24.43805],[86.3541,24.43837],[86.35378,24.4388],[86.35339,24.43884],[86.35317,24.43905],[86.35253,24.44073],[86.3524,24.44133],[86.35203,24.44144],[86.35147,24.44435],[86.35116,24.44514],[86.35071,24.44615],[86.35015,24.44698],[86.34981,24.44721],[86.34931,24.44715],[86.3488,24.44693],[86.34827,24.44691],[86.34745,24.44713],[86.34645,24.44761],[86.3458,24.44766],[86.34546,24.44744],[86.34519,24.44689],[86.3453,24.44615],[86.34528,24.44578],[86.34511,24.44538],[86.34442,24.44492],[86.3438,24.44468],[86.34343,24.44464],[86.34269,24.44439],[86.34207,24.44434],[86.34058,24.44442],[86.33986,24.4442],[86.33876,24.44353],[86.33694,24.44303],[86.336,24.44293],[86.33507,24.44244],[86.33438,24.44228],[86.3316,24.44261],[86.32996,24.44317],[86.32925,24.44317],[86.32704,24.44364],[86.32452,24.44337],[86.32433,24.44324],[86.32407,24.44276],[86.32422,24.44256],[86.32403,24.44229],[86.32331,24.44207],[86.32271,24.44207],[86.3221,24.44196],[86.32171,24.44171],[86.32135,24.44161],[86.31992,24.44161],[86.318,24.44196],[86.31753,24.44196],[86.317,24.44182],[86.31657,24.44182],[86.31628,24.44207],[86.31626,24.44238]]}},
{"type":"Feature","properties":{"kind":"state","name":"Bihar–Jharkhand","src":"OSM relations 1958982 and 1960191"},"geometry":{"type":"LineString","coordinates":[[86.31626,24.44238],[86.31295,24.44733],[86.30226,24.44853],[86.29458,24.45217],[86.29452,24.45639],[86.29969,24.4602],[86.29203,24.4633],[86.29143,24.4618],[86.28709,24.46217],[86.2836,24.46447],[86.27651,24.46632],[86.27692,24.47106],[86.28121,24.47934],[86.2895,24.47947],[86.29349,24.48281],[86.29359,24.48902],[86.29829,24.49496],[86.29992,24.50191],[86.30289,24.50566],[86.30789,24.51062],[86.3079,24.51395],[86.30589,24.51804],[86.30521,24.52767],[86.29958,24.53038],[86.29759,24.53534],[86.30027,24.53549],[86.30134,24.5392],[86.3072,24.54536],[86.30069,24.56035],[86.30392,24.56566],[86.30434,24.56589],[86.30513,24.5672]]}},
{"type":"Feature","properties":{"kind":"state","name":"Bihar–Jharkhand","src":"OSM relations 1958982 and 1960191","river":"27537","rlen":22},"geometry":{"type":"LineString","coordinates":[[86.30513,24.5672],[86.30574,24.56695],[86.30627,24.56656],[86.30663,24.56641],[86.30695,24.56641],[86.30713,24.56659],[86.30763,24.56677],[86.30774,24.56699],[86.30777,24.56748],[86.30706,24.56866],[86.30656,24.56988],[86.30652,24.57102],[86.30666,24.57141],[86.30688,24.57159],[86.30738,24.57155],[86.30795,24.57138],[86.3087,24.57138],[86.30895,24.57148],[86.30956,24.57184],[86.3102,24.57234],[86.31041,24.5727],[86.31073,24.57295],[86.31163,24.57337],[86.31259,24.57405],[86.3132,24.57469],[86.31335,24.57469],[86.31449,24.57566],[86.31502,24.57598],[86.31677,24.57666],[86.31759,24.57709],[86.31795,24.57759],[86.31802,24.57794],[86.31799,24.57826],[86.31702,24.57883],[86.31649,24.57941],[86.31538,24.58023],[86.31499,24.58119],[86.31499,24.58155],[86.31531,24.58176],[86.31656,24.5818],[86.31713,24.58201],[86.31784,24.58212],[86.31813,24.5823],[86.31916,24.58269],[86.31941,24.58287],[86.31988,24.5834],[86.32045,24.58383],[86.32084,24.5844],[86.32181,24.5849],[86.3222,24.58494],[86.32266,24.58515],[86.32321,24.58581],[86.32323,24.5866],[86.32308,24.58679],[86.32256,24.58674],[86.32127,24.58619],[86.32113,24.58604],[86.32038,24.58565],[86.31938,24.58544],[86.31866,24.58544],[86.31838,24.58569],[86.31828,24.58638],[86.31801,24.58736],[86.31723,24.58826]]}},
{"type":"Feature","properties":{"kind":"state","name":"Bihar–Jharkhand","src":"OSM relations 1958982 and 1960191"},"geometry":{"type":"LineString","coordinates":[[86.31723,24.58826],[86.31665,24.58771]]}},
{"type":"Feature","properties":{"kind":"state","name":"Bihar–Jharkhand","src":"OSM relations 1958982 and 1960191","river":"22831","rlen":22},"geometry":{"type":"LineString","coordinates":[[86.31665,24.58771],[86.3161,24.58736],[86.3154,24.58704],[86.31499,24.58696],[86.31477,24.58681],[86.31362,24.58675],[86.3118,24.58731],[86.31131,24.58763],[86.31055,24.58794],[86.30987,24.58841],[86.30869,24.58871],[86.30824,24.58873],[86.30795,24.58865],[86.30761,24.58818],[86.30755,24.58776],[86.30788,24.58694],[86.30811,24.58675],[86.30823,24.58654],[86.30843,24.58564],[86.30886,24.58459],[86.30887,24.58365],[86.30862,24.58355],[86.30815,24.58355],[86.30723,24.58372],[86.30516,24.58372],[86.3033,24.58312],[86.30262,24.58312],[86.30198,24.58337],[86.30162,24.58394],[86.30148,24.5848],[86.30123,24.58533],[86.30109,24.58555],[86.30077,24.58579],[86.30027,24.58604],[86.29994,24.58615],[86.29905,24.58612],[86.2988,24.58569],[86.29873,24.5853],[86.29837,24.58494],[86.29812,24.5848],[86.29741,24.58483],[86.29659,24.58533],[86.29484,24.58723],[86.29378,24.58775],[86.29276,24.58798],[86.29196,24.58858],[86.29146,24.58864],[86.29083,24.58868],[86.29058,24.58857],[86.28969,24.58791],[86.28841,24.58716],[86.28768,24.58679],[86.28696,24.58667],[86.28643,24.58681],[86.28599,24.58735],[86.28479,24.58841],[86.28412,24.58868],[86.2835,24.58868],[86.28313,24.58831],[86.28317,24.58753],[86.283,24.58706],[86.28301,24.58626],[86.28288,24.58604],[86.28199,24.58531],[86.28157,24.58518],[86.28099,24.58519],[86.28024,24.58569],[86.27733,24.58676],[86.27648,24.58685],[86.27592,24.58684],[86.27547,24.58661],[86.27469,24.58636],[86.27416,24.58634],[86.27383,24.58647],[86.27306,24.5866],[86.27248,24.58648],[86.27113,24.58555],[86.27071,24.58554],[86.26982,24.58593],[86.26932,24.58578],[86.26911,24.5854],[86.26908,24.5851],[86.26936,24.58424],[86.26987,24.58385],[86.2705,24.58371],[86.27123,24.58327],[86.27175,24.58268],[86.27251,24.58211],[86.27408,24.5812],[86.27458,24.58104],[86.27461,24.58081],[86.27484,24.58053],[86.275,24.58045],[86.27528,24.58003],[86.27553,24.57923],[86.27553,24.57791],[86.27525,24.57723],[86.27468,24.57676],[86.27407,24.5768],[86.27357,24.57698],[86.27246,24.5778],[86.27137,24.57876],[86.2709,24.57872],[86.26998,24.57964],[86.26925,24.57984],[86.26775,24.57984],[86.26722,24.58034],[86.26666,24.58106],[86.2663,24.58165],[86.26543,24.58341],[86.26515,24.58369],[86.26378,24.58455],[86.26339,24.58458],[86.263,24.58444],[86.26282,24.58406],[86.26294,24.58301],[86.26318,24.58248],[86.26361,24.58183],[86.26361,24.58144],[86.26322,24.58044],[86.26272,24.57969],[86.26119,24.57876],[86.26037,24.57844],[86.25993,24.57837],[86.25917,24.57861],[86.25792,24.57939],[86.25739,24.57986],[86.25621,24.58154],[86.25571,24.58268],[86.25528,24.58332],[86.25514,24.58371],[86.25514,24.58453],[86.25535,24.58532],[86.2553,24.58611],[86.25477,24.58676],[86.25367,24.58682],[86.25271,24.58635],[86.2515,24.58539],[86.25035,24.58482],[86.25018,24.58482],[86.24915,24.58517],[86.24826,24.5851]]}},
{"type":"Feature","properties":{"kind":"state","name":"Bihar–Jharkhand","src":"OSM relations 1958982 and 1960191"},"geometry":{"type":"LineString","coordinates":[[86.24826,24.5851],[86.24733,24.58704],[86.24444,24.58697],[86.24105,24.58986],[86.2401,24.5949],[86.23997,24.59899],[86.23714,24.60059],[86.23523,24.60258],[86.23184,24.60342],[86.22997,24.60559],[86.22431,24.60732],[86.22362,24.61074],[86.21912,24.6107],[86.2168,24.61341],[86.21425,24.61471],[86.21388,24.60418],[86.21362,24.60139],[86.21637,24.59909],[86.21362,24.59622],[86.20779,24.59076],[86.20509,24.58928],[86.19701,24.58777],[86.19485,24.58528],[86.18734,24.5845],[86.18397,24.58395],[86.18028,24.58364],[86.17326,24.58379],[86.16678,24.58485],[86.15951,24.58697],[86.15558,24.58734],[86.1538,24.59097],[86.15139,24.5913],[86.14959,24.59435],[86.15022,24.59973],[86.14749,24.60215],[86.14451,24.6028],[86.13989,24.6061],[86.13556,24.60596],[86.13298,24.6035],[86.1311,24.60366],[86.13086,24.60637],[86.12884,24.61062],[86.12522,24.61061],[86.12339,24.6116],[86.12341,24.61244],[86.12451,24.61188]]}},
{"type":"Feature","properties":{"kind":"state","name":"Bihar–Jharkhand","src":"OSM relations 1958982 and 1960191","river":"25810","rlen":160},"geometry":{"type":"LineString","coordinates":[[86.12451,24.61188],[86.1246,24.61203],[86.12492,24.61282],[86.12492,24.61321],[86.1248,24.61399],[86.12433,24.61437],[86.12399,24.61479],[86.12345,24.61513],[86.1228,24.61567],[86.12254,24.61651],[86.12212,24.61701],[86.121,24.61893],[86.12095,24.61941],[86.12116,24.6197],[86.12169,24.61993],[86.12264,24.62065],[86.12276,24.62108],[86.12262,24.62138],[86.12203,24.62207],[86.12171,24.62257],[86.12128,24.62381],[86.12071,24.62426],[86.11957,24.62469],[86.11926,24.62491],[86.11903,24.62538],[86.11882,24.62643],[86.11888,24.62721],[86.11907,24.62781],[86.1194,24.62826],[86.11981,24.62855],[86.11976,24.62883],[86.11938,24.62945],[86.11935,24.62976],[86.11948,24.63038],[86.12012,24.63088],[86.12131,24.63162],[86.12148,24.63195],[86.12143,24.63245],[86.12119,24.63312],[86.12116,24.63369],[86.12097,24.63423],[86.12095,24.63512],[86.12074,24.63576],[86.12052,24.6359],[86.12014,24.6359],[86.11981,24.63599],[86.11876,24.63602],[86.11843,24.63626],[86.11869,24.63702],[86.11967,24.63818],[86.12003,24.63873],[86.12033,24.63897],[86.12026,24.63935],[86.11841,24.63947],[86.11771,24.63964],[86.11712,24.63997],[86.117,24.64018],[86.1171,24.64106],[86.11695,24.64159],[86.11688,24.64247],[86.11676,24.6428],[86.11633,24.64301],[86.11601,24.64382],[86.11567,24.6442],[86.11491,24.6447],[86.11484,24.64481]]}},
{"type":"Feature","properties":{"kind":"state","name":"Bihar–Jharkhand","src":"OSM relations 1958982 and 1960191"},"geometry":{"type":"LineString","coordinates":[[86.11484,24.64481],[86.12407,24.65547],[86.12402,24.65861],[86.12571,24.66462],[86.12563,24.66834],[86.12365,24.67083],[86.12397,24.67213],[86.12954,24.67483],[86.13068,24.67628],[86.1312,24.68028],[86.12895,24.68582],[86.12747,24.6874],[86.12779,24.69352],[86.12775,24.69845],[86.1258,24.70185],[86.12355,24.70479],[86.12303,24.7083],[86.11696,24.71251],[86.11526,24.71493],[86.1149,24.71908],[86.11181,24.72253],[86.10719,24.72645],[86.10799,24.72995],[86.10842,24.73332],[86.10196,24.7381],[86.09406,24.74364],[86.0888,24.7458],[86.08716,24.74769],[86.08284,24.74829],[86.06466,24.75168],[86.05451,24.74603],[86.04558,24.74367],[86.03829,24.74089],[86.038,24.74118],[86.03794,24.7411]]}},
{"type":"Feature","properties":{"kind":"state","name":"Bihar–Jharkhand","src":"OSM relations 1958982 and 1960191","river":"25810","rlen":160},"geometry":{"type":"LineString","coordinates":[[86.03794,24.7411],[86.0373,24.7415],[86.03666,24.74218],[86.03505,24.74436],[86.03462,24.7455],[86.03455,24.7465],[86.0347,24.747],[86.03498,24.74714],[86.03559,24.74721],[86.03677,24.74707],[86.04137,24.74707],[86.04208,24.74718],[86.04259,24.74739],[86.04317,24.74776],[86.04366,24.74828],[86.04387,24.74882],[86.04523,24.75139],[86.04536,24.75182],[86.04583,24.7525],[86.04608,24.75271],[86.04744,24.75332],[86.04819,24.75346],[86.04923,24.75353],[86.05158,24.75428],[86.05254,24.75474],[86.05308,24.75507],[86.05344,24.75539],[86.05522,24.75906],[86.05582,24.75999],[86.05608,24.76024],[86.05736,24.76256],[86.05668,24.76456],[86.05665,24.76531],[86.05686,24.76581],[86.0574,24.76659],[86.0575,24.76688],[86.05797,24.7692],[86.05797,24.76983],[86.05831,24.77023],[86.05894,24.77126],[86.059,24.77194],[86.05894,24.77194],[86.05859,24.77263],[86.05717,24.77411],[86.05637,24.77468],[86.05602,24.77525],[86.05591,24.77571],[86.0554,24.77668],[86.05534,24.77731],[86.05538,24.77808]]}},
{"type":"Feature","properties":{"kind":"state","name":"Bihar–Jharkhand","src":"OSM relations 1958982 and 1960191"},"geometry":{"type":"LineString","coordinates":[[86.05538,24.77808],[86.05551,24.77807],[86.0551,24.77969],[86.04671,24.77673],[86.03741,24.77709],[86.03436,24.77277],[86.02943,24.76951],[86.02574,24.76735],[86.0216,24.76667],[86.01675,24.76371],[86.01053,24.76358],[86.00681,24.76402],[86.0022,24.76037],[85.99673,24.75351],[85.9907,24.75244],[85.98849,24.75083],[85.98647,24.75153],[85.98355,24.74894],[85.97988,24.74879],[85.97192,24.73958],[85.97231,24.736],[85.97017,24.73266],[85.9598,24.73138],[85.94571,24.73345],[85.93682,24.73498],[85.93302,24.73798],[85.92214,24.74313],[85.91532,24.74761],[85.90383,24.7649],[85.89596,24.7775],[85.8862,24.78386],[85.88669,24.78732],[85.89056,24.78977],[85.88959,24.79326],[85.87618,24.79983],[85.86742,24.80508],[85.86391,24.80561],[85.85529,24.80865],[85.85193,24.80933],[85.84047,24.80879],[85.83118,24.80935],[85.8265,24.80935],[85.81928,24.80803],[85.81088,24.80064],[85.80908,24.79407],[85.80659,24.7939],[85.80528,24.79564],[85.79644,24.79542],[85.79048,24.79657],[85.78095,24.7996],[85.77797,24.79622],[85.77438,24.79956],[85.76814,24.80356],[85.76812,24.80865],[85.7614,24.81393],[85.75638,24.8138],[85.75387,24.81524],[85.74645,24.81823],[85.73628,24.82144],[85.7337,24.81802],[85.73065,24.81295],[85.73035,24.80131],[85.72883,24.79792],[85.72392,24.79741],[85.72226,24.78586],[85.71366,24.78177],[85.70959,24.78108],[85.70776,24.78015],[85.70892,24.77742],[85.70864,24.7759],[85.7088,24.77417],[85.70854,24.77352],[85.70771,24.76954],[85.70956,24.76751],[85.70877,24.76661],[85.70516,24.76678],[85.70409,24.76363],[85.70398,24.75153],[85.70946,24.7455],[85.70623,24.74048],[85.70538,24.73615],[85.70651,24.73056],[85.70866,24.72541],[85.70362,24.72054],[85.69924,24.71721],[85.69859,24.71348],[85.69231,24.70366],[85.68731,24.6967],[85.68473,24.6942],[85.68187,24.69182],[85.68079,24.69118],[85.67868,24.69096],[85.67638,24.68976],[85.67351,24.6897],[85.67159,24.69026],[85.66656,24.68859],[85.66283,24.68835],[85.65827,24.6864],[85.6538,24.68569],[85.64922,24.68481],[85.64938,24.68402],[85.65043,24.68193],[85.65004,24.68018],[85.65086,24.67913],[85.65131,24.67814],[85.65289,24.67757],[85.65371,24.67661],[85.65408,24.67546],[85.6541,24.67429],[85.65436,24.67393],[85.65731,24.67373],[85.65771,24.67353],[85.65837,24.67234],[85.65878,24.67213],[85.66007,24.67235],[85.6606,24.67233],[85.66079,24.67195],[85.66034,24.67116],[85.65993,24.6684],[85.66011,24.6673],[85.66052,24.66679],[85.66413,24.66442],[85.66591,24.66268],[85.66663,24.66156],[85.66726,24.65906],[85.66723,24.65827],[85.66746,24.65771],[85.66742,24.65713],[85.66652,24.65635],[85.6655,24.65521],[85.66446,24.65465],[85.66443,24.65375],[85.66497,24.65229],[85.66401,24.65182],[85.66317,24.65104],[85.66254,24.65004],[85.66259,24.64937],[85.66362,24.64817],[85.66343,24.64697],[85.66381,24.64633],[85.66396,24.64484],[85.66495,24.64286],[85.666,24.64193],[85.6686,24.64068],[85.66855,24.64011],[85.66743,24.63725],[85.66811,24.6353],[85.66934,24.63323],[85.67036,24.63165],[85.67194,24.62996],[85.67243,24.62914],[85.67282,24.62796],[85.67291,24.62728],[85.67276,24.62686],[85.6724,24.62656],[85.6723,24.62573],[85.67319,24.62213],[85.67325,24.62095],[85.67573,24.61798],[85.67631,24.61621],[85.67576,24.61543],[85.67593,24.61385],[85.67535,24.61183],[85.67495,24.61154],[85.67417,24.61126],[85.67494,24.61049],[85.67527,24.60945],[85.67569,24.60568],[85.67514,24.6014],[85.67405,24.59743],[85.67701,24.59518],[85.67749,24.5926],[85.67759,24.59081],[85.67675,24.5904],[85.67557,24.58782],[85.67272,24.58537],[85.67057,24.58194],[85.66989,24.58058],[85.66933,24.58017],[85.66906,24.57982],[85.66879,24.5797],[85.668,24.57876],[85.66673,24.57896],[85.66401,24.57856],[85.66064,24.57846],[85.65838,24.5781],[85.65659,24.57732],[85.65482,24.57636],[85.65261,24.57556],[85.65137,24.57454],[85.65039,24.57578],[85.64903,24.57608],[85.64585,24.57629],[85.64245,24.5771],[85.64091,24.57725],[85.64029,24.57685],[85.63972,24.57689],[85.63541,24.57932],[85.63072,24.5793],[85.62877,24.58112],[85.62248,24.58178],[85.62085,24.58071],[85.61436,24.58082],[85.6117,24.58412],[85.61114,24.58803],[85.60588,24.59229],[85.59751,24.59766],[85.59595,24.59581],[85.59243,24.5949],[85.59114,24.5985],[85.58985,24.59663],[85.58492,24.59919],[85.58137,24.60051],[85.58064,24.60065],[85.57933,24.59979],[85.5744,24.5976],[85.57218,24.5962],[85.57132,24.59548],[85.56782,24.59137],[85.5673,24.59017],[85.56725,24.58904],[85.56609,24.5876],[85.56598,24.58712],[85.56698,24.58538],[85.56689,24.58427],[85.56593,24.58282],[85.56597,24.57958],[85.56721,24.57659],[85.56952,24.5758],[85.57164,24.57486],[85.57181,24.57319],[85.57157,24.57254],[85.57054,24.57152],[85.56981,24.56961],[85.56982,24.56863],[85.5702,24.56793],[85.57229,24.56539],[85.57215,24.56301],[85.5719,24.56189],[85.57039,24.56066],[85.56883,24.55962],[85.56778,24.55826],[85.5668,24.55794],[85.56367,24.55799],[85.56141,24.55847],[85.561,24.55279],[85.56001,24.55274],[85.55866,24.5555],[85.55829,24.55582],[85.55746,24.55597],[85.55627,24.55802],[85.55269,24.55929],[85.5495,24.56058],[85.54461,24.56332],[85.54336,24.56265],[85.54254,24.56245],[85.54165,24.56246],[85.54067,24.56269],[85.5408,24.56169],[85.54139,24.55957],[85.5422,24.55775],[85.54355,24.55746],[85.54385,24.55625],[85.54386,24.55466],[85.54545,24.54832],[85.54516,24.54539],[85.54471,24.54329],[85.54369,24.54154],[85.54324,24.53995],[85.54297,24.53694],[85.54243,24.5348],[85.54082,24.53053],[85.53907,24.52863],[85.53818,24.5279],[85.53745,24.52752],[85.53591,24.52752],[85.53536,24.5273],[85.53405,24.52635],[85.5332,24.52619],[85.53241,24.52579],[85.52988,24.52394],[85.52905,24.5237],[85.52749,24.52403],[85.52684,24.52355],[85.52501,24.52171],[85.52407,24.52127],[85.52304,24.52131],[85.52208,24.52173],[85.52111,24.52264],[85.51833,24.52611],[85.51766,24.52637],[85.51577,24.52638],[85.51279,24.52616],[85.51122,24.52582],[85.51105,24.52564]]}},
{"type":"Feature","properties":{"kind":"state","name":"Bihar–Jharkhand","src":"OSM relations 1958982 and 1960191","river":"29501","rlen":25},"geometry":{"type":"LineString","coordinates":[[85.51105,24.52564],[85.51038,24.52559],[85.51006,24.52546],[85.50897,24.5254],[85.50807,24.52525],[85.50743,24.52536],[85.50728,24.52548],[85.50707,24.52587],[85.50713,24.52637],[85.50729,24.52681],[85.50819,24.52839],[85.50815,24.52877],[85.50794,24.52917],[85.50806,24.52964],[85.5089,24.53073],[85.5092,24.53172],[85.50946,24.53227],[85.50974,24.53331],[85.50977,24.53407],[85.50992,24.5347],[85.50992,24.53547],[85.50986,24.53598],[85.50974,24.53615],[85.50969,24.53678],[85.50946,24.53741],[85.50889,24.53781],[85.50849,24.53838],[85.50815,24.53861],[85.50689,24.54021],[85.50581,24.54095],[85.50546,24.54106],[85.50523,24.54129],[85.50449,24.54175],[85.5042,24.54203],[85.50386,24.54221],[85.50352,24.54278],[85.50329,24.54335],[85.50266,24.54386],[85.5014,24.54438],[85.50066,24.54478],[85.4985,24.54563],[85.49598,24.54643],[85.49524,24.54655],[85.4925,24.5466],[85.49233,24.54666],[85.49159,24.54706],[85.49137,24.54735]]}},
{"type":"Feature","properties":{"kind":"state","name":"Bihar–Jharkhand","src":"OSM relations 1958982 and 1960191"},"geometry":{"type":"LineString","coordinates":[[85.49137,24.54735],[85.4922,24.54787],[85.49141,24.54815],[85.48906,24.54717],[85.48689,24.54665],[85.47915,24.54654],[85.47024,24.54367],[85.46582,24.53867],[85.45915,24.53615],[85.44917,24.53625],[85.43967,24.53293],[85.43638,24.53295],[85.43364,24.53132],[85.43045,24.53261],[85.42745,24.53399],[85.41359,24.54092],[85.41055,24.54004],[85.4057,24.54099],[85.40141,24.54507],[85.38903,24.54876],[85.38507,24.55154],[85.3848,24.55565],[85.38244,24.55542],[85.37907,24.55575],[85.37078,24.55535],[85.37081,24.55288],[85.38248,24.55013],[85.3907,24.54664],[85.39611,24.54468],[85.39759,24.54353],[85.39853,24.54142],[85.39475,24.53807],[85.39119,24.53027],[85.37433,24.52483],[85.35933,24.52446],[85.3524,24.52223],[85.33834,24.5228],[85.33699,24.52186],[85.3359,24.5214],[85.3316,24.52083],[85.32794,24.51989],[85.32412,24.52019],[85.31995,24.52019],[85.31821,24.52077],[85.31038,24.52155],[85.30738,24.52149],[85.30508,24.52196],[85.30365,24.52241],[85.29676,24.52253],[85.29513,24.52274],[85.2939,24.52309],[85.29253,24.52323],[85.29051,24.52311],[85.28845,24.52268],[85.28616,24.52163],[85.28358,24.52091],[85.28337,24.51948],[85.28393,24.51739],[85.28393,24.51605],[85.28225,24.51398],[85.28197,24.5131],[85.2818,24.51179],[85.28298,24.50855],[85.28395,24.50297],[85.2845,24.5025],[85.28618,24.50213],[85.28646,24.5015],[85.28571,24.49883],[85.28575,24.49754],[85.28614,24.49555],[85.28601,24.49389],[85.28551,24.49271],[85.2836,24.49168],[85.28234,24.49117],[85.28129,24.49123],[85.27611,24.49252],[85.27363,24.49271],[85.26936,24.4917],[85.2665,24.49127],[85.26116,24.49129],[85.25416,24.4909],[85.25208,24.49039],[85.25,24.49008],[85.24934,24.48916],[85.24863,24.48762],[85.24723,24.48564],[85.24599,24.48449],[85.24378,24.48315],[85.24258,24.48129],[85.24232,24.4786],[85.24305,24.4759],[85.24262,24.47453],[85.24086,24.47348],[85.2391,24.47203],[85.23803,24.4718],[85.23648,24.4718],[85.23515,24.47246],[85.23339,24.47199],[85.2309,24.46922],[85.22822,24.46459],[85.22737,24.46256],[85.22408,24.464],[85.22084,24.46507],[85.21878,24.46517],[85.21601,24.46513],[85.21375,24.46527],[85.21266,24.4657],[85.21199,24.46616],[85.20978,24.46627],[85.20881,24.46612],[85.20812,24.46568],[85.20676,24.46338],[85.20534,24.46171],[85.20362,24.46048],[85.20212,24.46],[85.20074,24.46006],[85.19923,24.46055],[85.19838,24.46108],[85.19496,24.46122],[85.1919,24.46189],[85.1909,24.46225],[85.18839,24.4613],[85.18265,24.46118],[85.18029,24.46035],[85.17726,24.46],[85.17491,24.45932],[85.17294,24.45908],[85.17187,24.45933],[85.17102,24.46004],[85.16569,24.46056],[85.1624,24.46038],[85.1616,24.46012],[85.16096,24.45959],[85.16033,24.45725],[85.15922,24.45649],[85.15648,24.45615],[85.15544,24.45576],[85.15391,24.45484],[85.15387,24.45413],[85.15453,24.45057],[85.15459,24.44725],[85.15481,24.44614],[85.15515,24.44561],[85.15584,24.44515],[85.15656,24.44494],[85.16045,24.44516],[85.16356,24.44494],[85.1644,24.44461],[85.16496,24.44402],[85.16529,24.44304],[85.16557,24.44142],[85.16656,24.43972],[85.16707,24.43764],[85.1684,24.43553],[85.17163,24.43177],[85.17179,24.43079],[85.1712,24.42873],[85.1726,24.42733],[85.17412,24.42633],[85.17578,24.42457],[85.17626,24.4232],[85.17589,24.42185],[85.17503,24.42097],[85.17435,24.42046],[85.17313,24.4204],[85.17082,24.42125],[85.16971,24.42106],[85.16891,24.42045],[85.16732,24.41912],[85.16471,24.41636],[85.16441,24.41511],[85.16461,24.41321],[85.1639,24.41265],[85.15912,24.41182],[85.15389,24.41141],[85.15273,24.41037],[85.15152,24.41006],[85.15018,24.40953],[85.14443,24.40665],[85.13999,24.40546],[85.1381,24.40512],[85.13459,24.405],[85.13357,24.4048],[85.12997,24.40283],[85.12881,24.40196],[85.12592,24.40134],[85.12357,24.40061],[85.12056,24.39646],[85.11909,24.39421],[85.11785,24.39171],[85.11755,24.39077],[85.11635,24.38979],[85.11542,24.38928],[85.11157,24.38801],[85.11097,24.3876],[85.11023,24.38785]]}},
{"type":"Feature","properties":{"kind":"state","name":"Bihar–Jharkhand","src":"OSM relations 1958982 and 1960191","river":"29294","rlen":121},"geometry":{"type":"LineString","coordinates":[[85.11023,24.38785],[85.11005,24.38749],[85.1094,24.38684],[85.10845,24.38624],[85.10809,24.38618],[85.10786,24.386],[85.1075,24.38589],[85.10565,24.38583],[85.10548,24.38577],[85.10405,24.38577],[85.10399,24.38571],[85.10304,24.38559],[85.10291,24.38517],[85.10256,24.38482],[85.10244,24.38446],[85.10244,24.3841],[85.10297,24.38309],[85.1031,24.38303],[85.10321,24.38267],[85.10327,24.38267],[85.10357,24.38172],[85.10369,24.3816],[85.10399,24.38077],[85.1041,24.38071],[85.1041,24.38059],[85.10435,24.38018],[85.1044,24.37946],[85.10476,24.37821],[85.10465,24.37756],[85.10393,24.37702],[85.10346,24.37684],[85.10346,24.37678],[85.10185,24.37631],[85.10131,24.37589],[85.10089,24.37482],[85.10048,24.37434],[85.1003,24.37429],[85.10006,24.37405],[85.09959,24.37387],[85.09946,24.37375],[85.09929,24.37375],[85.09857,24.37333],[85.09821,24.37327],[85.09667,24.37327],[85.09589,24.37339],[85.09441,24.37345],[85.09037,24.3725]]}},
{"type":"Feature","properties":{"kind":"state","name":"Bihar–Jharkhand","src":"OSM relations 1958982 and 1960191"},"geometry":{"type":"LineString","coordinates":[[85.09037,24.3725],[85.09028,24.3728],[85.08943,24.37304],[85.08866,24.37409],[85.08613,24.3756],[85.08506,24.3764],[85.07737,24.37657],[85.07564,24.37693],[85.07435,24.37898],[85.07379,24.38062],[85.07403,24.38152],[85.07488,24.38261],[85.07675,24.38443],[85.07836,24.38638],[85.08064,24.3899],[85.08117,24.39141],[85.081,24.39229],[85.07862,24.39324],[85.07828,24.39403],[85.07808,24.39674],[85.07969,24.3986],[85.0813,24.39834],[85.08265,24.39774],[85.08306,24.39825],[85.08304,24.39977],[85.08278,24.40106],[85.08201,24.40259],[85.08175,24.40851],[85.08295,24.41443],[85.08291,24.41521],[85.08197,24.41546],[85.08079,24.4156],[85.0804,24.41624],[85.08021,24.4198],[85.08055,24.42347],[85.0819,24.42656],[85.08192,24.42855],[85.08134,24.43086],[85.08016,24.43217],[85.07853,24.43195],[85.07637,24.43056],[85.07398,24.42845],[85.07006,24.42437],[85.06817,24.42158],[85.0669,24.41839],[85.066,24.41564],[85.06497,24.41136],[85.0642,24.4095],[85.06328,24.4079],[85.06141,24.40765],[85.05489,24.40745],[85.05233,24.40774],[85.04845,24.40899],[85.04613,24.40927],[85.0454,24.41001],[85.04403,24.41286],[85.04313,24.41394],[85.0416,24.41464],[85.04036,24.41402],[85.03967,24.41314],[85.03815,24.41245],[85.03733,24.41277],[85.0351,24.41517],[85.03274,24.4157],[85.02867,24.41529],[85.02761,24.41409],[85.02452,24.41236],[85.02098,24.41073],[85.01341,24.40583],[85.00813,24.40315],[85.00403,24.39934],[85.00122,24.39762],[84.99895,24.39492],[84.99592,24.39362],[84.98714,24.38787],[84.98549,24.38693],[84.98448,24.38615],[84.98397,24.3848],[84.98337,24.38259],[84.98236,24.38095],[84.98135,24.38015],[84.97895,24.37873],[84.97789,24.37789],[84.97539,24.37535],[84.97359,24.375],[84.9707,24.37472],[84.96867,24.37419],[84.96094,24.37325],[84.95839,24.37235],[84.95461,24.37137],[84.94101,24.3765],[84.93983,24.37739],[84.93807,24.37947],[84.93687,24.37992],[84.93344,24.37947],[84.92496,24.37794],[84.92327,24.37745],[84.92043,24.37589],[84.91799,24.37395],[84.91483,24.37298],[84.91013,24.37309],[84.90537,24.3722],[84.90367,24.37272],[84.90269,24.37427],[84.90061,24.37661],[84.90108,24.3773],[84.90569,24.37974],[84.90801,24.38152],[84.90908,24.38296],[84.90831,24.38468],[84.90582,24.38809],[84.90507,24.39162],[84.90453,24.39504],[84.89567,24.40141],[84.89314,24.40485],[84.89213,24.4071],[84.89099,24.41404],[84.88844,24.41845],[84.88503,24.42253],[84.88226,24.42463],[84.88267,24.42519],[84.88415,24.42564],[84.88552,24.42642],[84.88589,24.42943],[84.88698,24.43105],[84.8875,24.4323],[84.8873,24.43404],[84.88574,24.43656],[84.88453,24.44039],[84.88531,24.44399],[84.88544,24.45055],[84.88591,24.45344],[84.88601,24.45983],[84.88649,24.46162],[84.88773,24.46295],[84.88664,24.46373],[84.88451,24.46471],[84.88421,24.46369],[84.88368,24.46285],[84.88288,24.46217],[84.88254,24.46235],[84.88144,24.46473],[84.88014,24.46557],[84.87606,24.46692],[84.87408,24.46672],[84.87338,24.46553],[84.87305,24.46391],[84.87288,24.46192],[84.87256,24.46065],[84.87099,24.45856],[84.86966,24.45776],[84.86419,24.45764],[84.8637,24.45815],[84.8637,24.45946],[84.86329,24.46084],[84.8566,24.46477],[84.85522,24.46612],[84.85413,24.46653],[84.8528,24.46569],[84.85087,24.46334],[84.84971,24.45871],[84.84803,24.45403],[84.84213,24.4525],[84.84048,24.45244],[84.83924,24.45279],[84.83718,24.45645],[84.83743,24.4601],[84.83804,24.46084],[84.84014,24.46131],[84.84055,24.46496],[84.84016,24.46867],[84.83836,24.46922],[84.83632,24.46961],[84.8328,24.47002],[84.8328,24.47117],[84.83308,24.47242],[84.83355,24.47971],[84.8346,24.48229],[84.83449,24.48963],[84.83398,24.49045],[84.83353,24.4915],[84.83377,24.49336],[84.83458,24.49553],[84.83577,24.49688],[84.83707,24.49729],[84.83812,24.49781],[84.83819,24.50027],[84.8393,24.50351],[84.83949,24.50658],[84.83937,24.51019],[84.83728,24.51402],[84.83518,24.51626],[84.83192,24.51899],[84.82812,24.5227],[84.82711,24.52343],[84.82641,24.52452],[84.82488,24.5252],[84.82357,24.52516],[84.82005,24.52458],[84.81842,24.52419],[84.81186,24.52223],[84.80909,24.52229],[84.80804,24.52263],[84.80726,24.52366],[84.80688,24.52512],[84.80561,24.52737],[84.80426,24.52868],[84.80347,24.52993],[84.80265,24.53088],[84.80151,24.53077],[84.8001,24.52993],[84.79759,24.52792],[84.79754,24.52653],[84.79774,24.52333],[84.79699,24.52179],[84.79628,24.52069],[84.79437,24.5196],[84.79076,24.51923],[84.78948,24.51833],[84.78905,24.5137],[84.78935,24.50894],[84.78907,24.50712],[84.78797,24.50537],[84.78587,24.50351],[84.78454,24.50324],[84.78306,24.50347],[84.78031,24.50461],[84.77828,24.50445],[84.77443,24.50375],[84.77235,24.50246],[84.771,24.50201],[84.76849,24.50187],[84.76433,24.50058],[84.75688,24.50025],[84.75555,24.49992],[84.75422,24.49924],[84.75182,24.49763],[84.74991,24.49662],[84.74849,24.4965],[84.74796,24.49365],[84.74703,24.49074],[84.74688,24.48707],[84.74669,24.48647],[84.74521,24.48539],[84.74315,24.48498],[84.74251,24.48432],[84.74186,24.48328],[84.74034,24.48182],[84.73909,24.47983],[84.73783,24.47875],[84.73671,24.47746],[84.73583,24.47729],[84.73504,24.4768],[84.73405,24.47524],[84.73369,24.47487],[84.73311,24.47463],[84.73214,24.47352],[84.73042,24.47252],[84.72931,24.47059],[84.72841,24.46981],[84.72669,24.46947],[84.7215,24.4691],[84.71959,24.46916],[84.71843,24.46951],[84.7174,24.47014],[84.71697,24.4711],[84.71626,24.47201],[84.71332,24.47188],[84.71126,24.4716],[84.70998,24.4708],[84.7088,24.46957],[84.70794,24.46781],[84.70607,24.46752],[84.70489,24.46701],[84.70382,24.46639],[84.70326,24.46506],[84.70313,24.46365],[84.70281,24.46268],[84.70105,24.46176],[84.69903,24.46106],[84.69562,24.45957],[84.69236,24.45867],[84.68951,24.45819],[84.68805,24.45758],[84.68526,24.4552],[84.68393,24.45315],[84.68324,24.45022],[84.68112,24.44715],[84.68127,24.44625],[84.68176,24.4451],[84.68182,24.44434],[84.68004,24.44029],[84.67914,24.43592],[84.67822,24.43564],[84.67723,24.4357],[84.6756,24.43449],[84.67358,24.43228],[84.67253,24.43142],[84.67148,24.43035],[84.67075,24.42916],[84.67054,24.42758],[84.67124,24.42675],[84.6733,24.42687],[84.67498,24.42716],[84.67579,24.42638],[84.67618,24.42507],[84.67517,24.42326],[84.67466,24.42193],[84.67318,24.41677],[84.67378,24.41568],[84.67496,24.41419],[84.67275,24.41405],[84.67245,24.4132],[84.67283,24.41224],[84.67391,24.41032],[84.67371,24.40983],[84.67167,24.41087],[84.66925,24.41056],[84.66846,24.40991],[84.66861,24.4094],[84.66957,24.40858],[84.67021,24.40821],[84.67054,24.40767],[84.67054,24.40532],[84.67006,24.40452],[84.66884,24.4045],[84.66792,24.40471],[84.66749,24.4043],[84.66792,24.4036],[84.66863,24.40315],[84.66811,24.4001],[84.66794,24.39833],[84.66672,24.39696],[84.66661,24.39471],[84.66556,24.39364],[84.66517,24.39291],[84.66549,24.39145],[84.66502,24.3907],[84.66264,24.39088],[84.66165,24.39125],[84.66064,24.39192],[84.65959,24.39301],[84.65794,24.39524],[84.65586,24.39666],[84.65028,24.39788],[84.64942,24.39895],[84.6488,24.40024],[84.64642,24.40296],[84.64547,24.40274],[84.64532,24.40145],[84.64496,24.40032],[84.64511,24.3994],[84.6432,24.39934],[84.64206,24.39893],[84.64086,24.40001],[84.64009,24.4004],[84.63796,24.40057],[84.637,24.40008],[84.63646,24.39995],[84.6358,24.40012],[84.63565,24.40089],[84.63567,24.40206],[84.63221,24.40356],[84.63054,24.40516],[84.63009,24.4046],[84.62972,24.40366],[84.62919,24.40296],[84.62854,24.40255],[84.6273,24.40204],[84.6255,24.40171],[84.62427,24.4023],[84.62253,24.40366],[84.6216,24.40349],[84.62013,24.40103],[84.61939,24.40065],[84.61791,24.40098],[84.61636,24.40166],[84.61497,24.39903],[84.6137,24.3994],[84.61185,24.39967],[84.60902,24.40047],[84.60365,24.40145],[84.60254,24.40249],[84.60125,24.40343],[84.59859,24.40456],[84.59505,24.40475],[84.59432,24.40358],[84.59267,24.40174],[84.58975,24.40077],[84.5878,24.40042],[84.58644,24.40036],[84.58619,24.40141],[84.58657,24.40288],[84.58792,24.40602],[84.58786,24.40796],[84.58719,24.41005],[84.58601,24.41173],[84.58419,24.41275],[84.5829,24.41288],[84.582,24.41271],[84.58171,24.41242],[84.58155,24.41259]]}},
{"type":"Feature","properties":{"kind":"state","name":"Bihar–Jharkhand","src":"OSM relations 1958982 and 1960191","river":"29256","rlen":282},"geometry":{"type":"LineString","coordinates":[[84.58155,24.41259],[84.58077,24.41194],[84.58072,24.41179],[84.58025,24.41151],[84.58025,24.41141],[84.57958,24.41103],[84.57929,24.41074],[84.57806,24.41008],[84.57729,24.40998],[84.57642,24.40976],[84.57286,24.41019],[84.57124,24.41015],[84.56994,24.41003],[84.56897,24.40974],[84.56719,24.40659],[84.56642,24.40396],[84.56541,24.40185],[84.56484,24.40011],[84.56416,24.39902],[84.5631,24.3976],[84.56302,24.39679],[84.56327,24.39574],[84.56355,24.39489],[84.56404,24.39412],[84.56428,24.39331],[84.56428,24.39262]]}},
{"type":"Feature","properties":{"kind":"state","name":"Bihar–Jharkhand","src":"OSM relations 1958982 and 1960191"},"geometry":{"type":"LineString","coordinates":[[84.56428,24.39262],[84.56664,24.39252],[84.5673,24.39207],[84.56868,24.39162],[84.56962,24.39115],[84.57054,24.39033],[84.57168,24.38973],[84.5728,24.38937],[84.57353,24.38898],[84.57393,24.38785],[84.57389,24.38521],[84.5734,24.38429],[84.57252,24.38326],[84.57177,24.38269],[84.56941,24.38248],[84.5678,24.38195],[84.5652,24.38074],[84.56512,24.38013],[84.56222,24.37906],[84.55949,24.37644],[84.55836,24.37585],[84.5569,24.37566],[84.55554,24.37532],[84.55278,24.37317],[84.55042,24.37247],[84.54932,24.37286],[84.54855,24.37431],[84.54769,24.37546],[84.54692,24.37681],[84.54623,24.37712],[84.5462,24.37724]]}},
{"type":"Feature","properties":{"kind":"state","name":"Bihar–Jharkhand","src":"OSM relations 1958982 and 1960191","river":"29256","rlen":282},"geometry":{"type":"LineString","coordinates":[[84.5462,24.37724],[84.54437,24.3768],[84.5406,24.3768],[84.53761,24.37692],[84.53453,24.37733],[84.53259,24.37769],[84.53138,24.37717],[84.52794,24.37668],[84.52741,24.37538],[84.52729,24.37421],[84.52765,24.37203],[84.52899,24.37033],[84.53032,24.36915],[84.53105,24.36798],[84.53295,24.36652],[84.53397,24.36498],[84.53421,24.36276],[84.53425,24.36146],[84.52729,24.35462],[84.52454,24.35102],[84.52458,24.34952],[84.52486,24.34799],[84.52555,24.34661],[84.52676,24.34487],[84.53089,24.34058],[84.53097,24.33969],[84.53093,24.33876],[84.53008,24.33763],[84.52761,24.33589],[84.52539,24.33455],[84.52255,24.33216],[84.52089,24.32884],[84.52041,24.32642],[84.5194,24.32241],[84.51818,24.32022],[84.51713,24.31901],[84.51576,24.318],[84.51191,24.31711],[84.51041,24.31654],[84.50883,24.31351],[84.50859,24.31177],[84.50863,24.31031],[84.50904,24.30659],[84.50908,24.30404],[84.50823,24.30205],[84.50705,24.29995],[84.50649,24.29837],[84.50657,24.29708],[84.50676,24.29643]]}},
{"type":"Feature","properties":{"kind":"state","name":"Bihar–Jharkhand","src":"OSM relations 1958982 and 1960191"},"geometry":{"type":"LineString","coordinates":[[84.50676,24.29643],[84.50448,24.29585],[84.50411,24.29524],[84.50379,24.2935],[84.5034,24.2925],[84.5028,24.29198],[84.50248,24.29047],[84.50164,24.28826],[84.50038,24.28699],[84.49938,24.28672],[84.49751,24.28658],[84.49584,24.28582],[84.49428,24.28572],[84.4916,24.28574],[84.4901,24.2889],[84.48993,24.29334],[84.49089,24.2953],[84.49364,24.29735],[84.49486,24.29808],[84.49542,24.29894],[84.49514,24.29993],[84.49272,24.30201],[84.49072,24.30332],[84.48946,24.30179],[84.48866,24.30117],[84.48778,24.30101],[84.48632,24.30105],[84.48506,24.30134],[84.48439,24.30259],[84.48497,24.30424],[84.48667,24.31044],[84.48733,24.31222],[84.48879,24.31382],[84.49162,24.31544],[84.49493,24.31585],[84.49776,24.31665],[84.49875,24.3184],[84.4996,24.31927],[84.50209,24.31947],[84.50308,24.31988],[84.50383,24.3209],[84.50458,24.32334],[84.50636,24.32424],[84.50711,24.32491],[84.50737,24.32575],[84.50688,24.32688],[84.5051,24.32893],[84.50338,24.32972],[84.5007,24.32948],[84.49634,24.3262],[84.49488,24.32481],[84.49231,24.32023],[84.48969,24.3166],[84.48641,24.31337],[84.48244,24.31345],[84.48156,24.31368],[84.48096,24.31433],[84.47999,24.31585],[84.47896,24.31675],[84.4778,24.31724],[84.47598,24.31681],[84.47441,24.31603],[84.47356,24.31519],[84.47197,24.31439],[84.47008,24.31452],[84.46961,24.31552],[84.46868,24.31622],[84.46723,24.31677],[84.46564,24.31796],[84.46512,24.31937],[84.46489,24.3218],[84.46568,24.32352],[84.46701,24.32493],[84.46662,24.32594],[84.46366,24.3279],[84.46383,24.32856],[84.46486,24.32938],[84.46499,24.33075],[84.46452,24.33204],[84.46233,24.33455],[84.46019,24.33607],[84.45847,24.33701],[84.45169,24.33697],[84.4513,24.33392],[84.45079,24.33243],[84.44972,24.33208],[84.44787,24.33169],[84.44302,24.33177],[84.43967,24.33161],[84.42481,24.32974],[84.42375,24.33122],[84.42324,24.33271],[84.42298,24.33466],[84.4233,24.33777],[84.42399,24.34008],[84.42515,24.34635],[84.42519,24.34874],[84.42706,24.35363],[84.428,24.35517],[84.42875,24.35568],[84.43021,24.35603],[84.43109,24.35675],[84.42497,24.35724],[84.4209,24.35787],[84.41912,24.35834],[84.41779,24.35851],[84.41543,24.35935],[84.41313,24.36086],[84.40989,24.36244],[84.40427,24.3633],[84.40232,24.36371],[84.40139,24.36424],[84.40051,24.36526],[84.40041,24.36604],[84.40101,24.36725],[84.40163,24.36801],[84.40341,24.36899],[84.40551,24.37115],[84.40606,24.37199],[84.40677,24.3744],[84.40592,24.3747],[84.4048,24.3747],[84.40397,24.37451],[84.40232,24.3735],[84.40168,24.37323],[84.39908,24.37255],[84.39536,24.37302],[84.39418,24.37351],[84.39371,24.37425],[84.39337,24.37624],[84.3927,24.37704],[84.39159,24.37745],[84.38989,24.37878],[84.38749,24.38361],[84.38697,24.38429],[84.38642,24.38539],[84.38665,24.38654],[84.38755,24.38762],[84.38783,24.38867],[84.38674,24.3891],[84.38406,24.38906],[84.38206,24.38859],[84.38028,24.38834],[84.37882,24.38793],[84.37727,24.38574],[84.37468,24.38414],[84.37354,24.38359],[84.37193,24.38343],[84.37026,24.38416],[84.36901,24.38441],[84.3668,24.38435],[84.36466,24.38457],[84.36303,24.38533],[84.36275,24.3864],[84.36215,24.38771],[84.36,24.38934],[84.35588,24.3893],[84.35219,24.38953],[84.34938,24.39055],[84.34693,24.39068],[84.34322,24.39186],[84.34155,24.39301],[84.34161,24.39436],[84.34305,24.39659],[84.34382,24.39829],[84.34408,24.39942],[84.34198,24.39967],[84.34088,24.40081],[84.33801,24.4018],[84.33432,24.40356],[84.33294,24.4047],[84.33026,24.41024],[84.33037,24.41099],[84.33166,24.41171],[84.33286,24.4122],[84.33352,24.41282],[84.33363,24.41404],[84.33324,24.4154],[84.33316,24.41839],[84.33417,24.41978],[84.33494,24.42048],[84.33349,24.42082],[84.33275,24.42068],[84.33097,24.42182],[84.33045,24.42187],[84.33009,24.42161],[84.33001,24.42123],[84.33038,24.4204],[84.33036,24.41959],[84.32935,24.41915],[84.32805,24.41893],[84.32681,24.41884],[84.32471,24.41906],[84.32387,24.41875],[84.32331,24.41811],[84.32285,24.41801],[84.32212,24.41862],[84.3214,24.41872],[84.3203,24.4204],[84.32003,24.42126],[84.32003,24.42181],[84.32035,24.42296],[84.32269,24.42537],[84.32419,24.42662],[84.32475,24.4267],[84.32606,24.42619],[84.32837,24.42498],[84.32942,24.42504],[84.33086,24.4255],[84.33181,24.42566],[84.33472,24.42533],[84.3358,24.42591],[84.33599,24.42781],[84.33517,24.42879],[84.3303,24.43592],[84.32955,24.43719],[84.32912,24.43836],[84.32803,24.43912],[84.3267,24.43922],[84.32518,24.43977],[84.32333,24.44256],[84.32018,24.44565],[84.31638,24.44582],[84.31247,24.44707],[84.30717,24.44781],[84.3005,24.44807],[84.29726,24.44834],[84.29683,24.44965],[84.29638,24.45192],[84.29582,24.45617],[84.29543,24.45731],[84.29453,24.45838],[84.29329,24.45938],[84.29262,24.46129],[84.29181,24.46307],[84.29164,24.46588],[84.29207,24.46713],[84.2938,24.46819],[84.29492,24.46916],[84.29629,24.47092],[84.29591,24.47291],[84.29711,24.47354],[84.29895,24.47502],[84.30219,24.47897],[84.30482,24.48073],[84.30787,24.48169],[84.30979,24.48282],[84.31183,24.48362],[84.31467,24.48559],[84.31638,24.48648],[84.31824,24.48693],[84.32745,24.48734],[84.32731,24.49086],[84.32753,24.49236],[84.3273,24.49289],[84.32642,24.49398],[84.32648,24.49519],[84.32684,24.4977],[84.32741,24.50053],[84.32695,24.50143],[84.32565,24.50247],[84.32516,24.50317],[84.3239,24.50395],[84.32382,24.50424],[84.32395,24.50474],[84.32378,24.50582],[84.32303,24.50719],[84.32222,24.50809],[84.32232,24.50926],[84.32188,24.51194],[84.32206,24.51316],[84.32225,24.51333],[84.32257,24.51414],[84.32258,24.51629],[84.32247,24.5167],[84.32169,24.51748],[84.32031,24.51843],[84.3198,24.51852],[84.31938,24.51836],[84.31865,24.51855],[84.3174,24.52034],[84.31713,24.52053],[84.31601,24.52055],[84.31553,24.52074],[84.31507,24.52153],[84.31462,24.52189],[84.31438,24.52231],[84.31293,24.523],[84.31241,24.52346],[84.31231,24.52403],[84.313,24.52795],[84.313,24.53018],[84.31137,24.53447],[84.31101,24.53504],[84.31048,24.53556],[84.30625,24.53943],[84.30468,24.54061],[84.30264,24.54253],[84.30104,24.54445],[84.29974,24.5464],[84.29965,24.54776],[84.29846,24.55106],[84.29858,24.55308],[84.2982,24.55664],[84.29813,24.55876],[84.29732,24.56055],[84.29599,24.56114],[84.29425,24.56157],[84.29082,24.56211],[84.28904,24.56203],[84.2876,24.5608],[84.28586,24.55959],[84.28411,24.55866],[84.28132,24.55825],[84.2782,24.55801],[84.27563,24.55817],[84.27426,24.55864],[84.2723,24.55965],[84.27097,24.56],[84.2705,24.55917],[84.27029,24.55803],[84.27048,24.55487],[84.27142,24.55407],[84.27288,24.55376],[84.27308,24.55095],[84.27333,24.55025],[84.27391,24.54978],[84.27501,24.54945],[84.27833,24.54915],[84.2793,24.54868],[84.27964,24.54783],[84.27969,24.54693],[84.27945,24.54585],[84.27861,24.54474],[84.27743,24.54363],[84.27599,24.54312],[84.27286,24.54312],[84.27035,24.54291],[84.26928,24.5431],[84.26866,24.5401],[84.26818,24.53891],[84.26758,24.5385],[84.26518,24.53834],[84.26473,24.53555],[84.26447,24.53487],[84.2637,24.53408],[84.26286,24.53379],[84.26112,24.53348],[84.25831,24.53367],[84.25833,24.53149],[84.25806,24.52879],[84.25726,24.52717],[84.25479,24.52667],[84.25278,24.52678],[84.2511,24.52719],[84.24894,24.52797],[84.24784,24.5286],[84.24758,24.52924],[84.24838,24.53049],[84.24913,24.5309],[84.25005,24.53118],[84.25063,24.53164],[84.2508,24.53237],[84.25057,24.53315],[84.24971,24.53481],[84.24872,24.53559],[84.24606,24.53586],[84.2446,24.53641],[84.24379,24.53744],[84.24342,24.53846],[84.24319,24.54049],[84.24282,24.54191],[84.24117,24.54051],[84.23965,24.53973],[84.23855,24.53894],[84.23771,24.53855],[84.2364,24.5385],[84.23623,24.53912],[84.23621,24.53998],[84.23636,24.54353],[84.23621,24.54685],[84.23668,24.54968],[84.23377,24.5498],[84.23035,24.5496],[84.22842,24.54911],[84.22516,24.54783],[84.22291,24.5472],[84.22087,24.54703],[84.22044,24.5466],[84.21973,24.54392],[84.21954,24.54053],[84.21973,24.5384],[84.21971,24.53715],[84.21939,24.53488],[84.21855,24.5335],[84.21654,24.53239],[84.21448,24.53209],[84.21287,24.53209],[84.21186,24.53248],[84.21083,24.53326],[84.21055,24.53512],[84.20935,24.53645],[84.21005,24.54101],[84.20795,24.54125],[84.20467,24.54246],[84.20272,24.54355],[84.20098,24.54503],[84.20029,24.54578],[84.19971,24.54675],[84.19945,24.54831],[84.19933,24.55173],[84.19943,24.55298],[84.20029,24.55333],[84.20059,24.55405],[84.19978,24.5544],[84.19495,24.5545],[84.193,24.55409],[84.19098,24.55349],[84.18892,24.5531],[84.18802,24.55265],[84.1884,24.54948],[84.1883,24.54845],[84.18742,24.54759],[84.18613,24.54722],[84.18525,24.54609],[84.18439,24.54461],[84.17834,24.54453],[84.17274,24.5449],[84.1727,24.54359],[84.17293,24.54016],[84.17328,24.5377],[84.17375,24.53586],[84.17418,24.53504],[84.17484,24.53428],[84.17577,24.53367],[84.17697,24.5325],[84.17716,24.53192],[84.1772,24.53016],[84.17774,24.52936],[84.17847,24.52874],[84.17888,24.52713],[84.1789,24.52606],[84.17913,24.52532],[84.17963,24.52477],[84.18143,24.52411],[84.1819,24.52352],[84.18257,24.52147],[84.18315,24.52114],[84.18435,24.52173],[84.18519,24.52169],[84.18551,24.52069],[84.18541,24.5188],[84.18428,24.51519],[84.18285,24.51238],[84.18111,24.50999],[84.17991,24.50818],[84.17907,24.50654],[84.17774,24.50474],[84.17508,24.5047],[84.17233,24.50445],[84.1701,24.50494],[84.16862,24.50591],[84.16609,24.50623],[84.16311,24.50755],[84.15845,24.50988],[84.15557,24.51165],[84.15381,24.5139],[84.15317,24.51585],[84.15343,24.5171],[84.15714,24.52175],[84.15877,24.52341],[84.16047,24.52567],[84.16169,24.52704],[84.16233,24.52762],[84.16343,24.52801],[84.16497,24.52817],[84.16373,24.52998],[84.16341,24.53104],[84.16328,24.53321],[84.16218,24.53344],[84.15987,24.5334],[84.15871,24.53385],[84.15823,24.53455],[84.15643,24.53449],[84.15064,24.53656],[84.1486,24.53695],[84.14545,24.53684],[84.1453,24.53533],[84.14412,24.53432],[84.1439,24.53284],[84.14347,24.532],[84.14023,24.53094],[84.13534,24.52559],[84.13472,24.52458],[84.13455,24.52346],[84.1347,24.52243],[84.13534,24.52141],[84.13643,24.52042],[84.1371,24.51925],[84.13764,24.51569],[84.14006,24.51003],[84.14027,24.50802],[84.14047,24.50267],[84.14094,24.50175],[84.13997,24.49967],[84.13927,24.49883],[84.13781,24.49793],[84.136,24.49763],[84.13461,24.49795],[84.13085,24.49777],[84.12967,24.49728],[84.12834,24.49494],[84.12811,24.49424],[84.12723,24.49308],[84.12549,24.49191],[84.12493,24.49078],[84.12467,24.4898],[84.12545,24.4859],[84.12545,24.48488],[84.12493,24.48121],[84.1239,24.48098],[84.12193,24.48109],[84.12025,24.48067],[84.11798,24.48047],[84.11443,24.47916],[84.11267,24.47816],[84.11111,24.4768],[84.10892,24.47742],[84.10575,24.47945],[84.10313,24.48137],[84.09931,24.48652],[84.09851,24.49241],[84.0983,24.49275],[84.09673,24.49333],[84.09643,24.49325],[84.09625,24.49304],[84.09533,24.49286],[84.09475,24.49297],[84.09451,24.49311],[84.09431,24.49345],[84.09414,24.49442],[84.09368,24.49462],[84.09294,24.49444],[84.09262,24.49458],[84.09267,24.49492],[84.09289,24.49524],[84.09281,24.4954],[84.09215,24.49528],[84.09202,24.49558],[84.09226,24.49613],[84.092,24.49638],[84.09231,24.49664],[84.09248,24.49712],[84.0922,24.49728],[84.09216,24.49763],[84.09184,24.49782],[84.09155,24.49776],[84.09122,24.4969],[84.09061,24.49672]]}},
{"type":"Feature","properties":{"kind":"state","name":"Bihar–Jharkhand","src":"OSM relations 1958982 and 1960191","river":"29632","rlen":48},"geometry":{"type":"LineString","coordinates":[[84.09061,24.49672],[84.0901,24.49787],[84.08905,24.49933],[84.08861,24.50007],[84.08861,24.50063],[84.08911,24.50203],[84.08988,24.50379],[84.08983,24.50444],[84.08958,24.5048],[84.08935,24.50498],[84.08858,24.50498],[84.08798,24.50468],[84.08756,24.50459],[84.08634,24.50456],[84.08604,24.50471],[84.08569,24.50522],[84.08563,24.50569],[84.08572,24.50614],[84.08601,24.50649],[84.08655,24.50691],[84.08697,24.50768],[84.08697,24.50834],[84.08691,24.50834],[84.08691,24.50852],[84.08661,24.50899],[84.08649,24.50905],[84.08649,24.50917],[84.08625,24.50953],[84.08619,24.51024],[84.08625,24.51042],[84.08667,24.5109],[84.08672,24.51107],[84.08708,24.51131],[84.08738,24.51167],[84.08756,24.51203],[84.08756,24.51268],[84.08732,24.5128],[84.08661,24.5128],[84.08595,24.51238],[84.08512,24.51232],[84.08465,24.51262],[84.08459,24.5128],[84.08459,24.51345],[84.08482,24.51393],[84.08554,24.51435],[84.08578,24.51464],[84.08584,24.51512],[84.08578,24.51619],[84.08584,24.51631],[84.08608,24.51661],[84.08667,24.51702],[84.08732,24.51726],[84.0878,24.51726],[84.08839,24.51744],[84.08863,24.51768],[84.08863,24.51821],[84.08846,24.51857],[84.08774,24.51922],[84.08708,24.52035],[84.0868,24.5216]]}},
{"type":"Feature","properties":{"kind":"state","name":"Bihar–Jharkhand","src":"OSM relations 1958982 and 1960191"},"geometry":{"type":"LineString","coordinates":[[84.0868,24.5216],[84.08793,24.52182],[84.08798,24.52325],[84.08871,24.52393],[84.08938,24.52544],[84.08931,24.52848],[84.09017,24.53172],[84.09129,24.53285],[84.09315,24.53399],[84.09253,24.53453],[84.08991,24.53529],[84.08811,24.53545],[84.08674,24.53467],[84.08564,24.53473],[84.08524,24.535],[84.08491,24.53619],[84.08485,24.53787],[84.08459,24.53846],[84.08426,24.53862],[84.08185,24.53862]]}},
{"type":"Feature","properties":{"kind":"state","name":"Bihar–Jharkhand","src":"OSM relations 1958982 and 1960191","river":"29632","rlen":48},"geometry":{"type":"LineString","coordinates":[[84.08185,24.53862],[84.08185,24.53915],[84.08197,24.53987],[84.08167,24.53998],[84.08114,24.53998],[84.08054,24.54016],[84.07834,24.54016],[84.07816,24.54034],[84.07763,24.54129],[84.07727,24.5426],[84.07727,24.54361],[84.07774,24.54451],[84.07792,24.54468],[84.0781,24.54522],[84.07763,24.54694],[84.07644,24.54891],[84.07536,24.5526],[84.0753,24.55307],[84.07513,24.55331],[84.07477,24.55349],[84.07436,24.55349],[84.074,24.55361],[84.07257,24.5542],[84.07251,24.55432],[84.07251,24.55527],[84.07263,24.55563],[84.07281,24.55581],[84.07281,24.55599],[84.07328,24.557],[84.07334,24.55759],[84.07239,24.55854],[84.07245,24.5592],[84.07257,24.55944],[84.07304,24.55979],[84.0734,24.55991],[84.07436,24.55991],[84.07519,24.56009],[84.07602,24.56086],[84.07608,24.5611],[84.07602,24.56158],[84.07549,24.56182],[84.07447,24.56182],[84.07406,24.56194],[84.07352,24.56265],[84.07323,24.5633],[84.07334,24.56616],[84.07311,24.56681],[84.07287,24.56717],[84.07251,24.56729],[84.07192,24.56765],[84.07049,24.56759],[84.06977,24.56717],[84.06924,24.56717],[84.06805,24.56776],[84.06799,24.56812],[84.06811,24.56848],[84.06858,24.56907],[84.06876,24.56943],[84.0687,24.5702],[84.06864,24.57038],[84.06841,24.57062],[84.06793,24.5708],[84.06674,24.57092],[84.0649,24.5708],[84.06364,24.5708],[84.06341,24.57104],[84.06335,24.57127],[84.06406,24.57217],[84.06406,24.57252],[84.06388,24.57306],[84.06358,24.57336],[84.06168,24.5733],[84.06103,24.57353],[84.06097,24.57401],[84.06109,24.57413],[84.06133,24.57467],[84.06281,24.57568],[84.06287,24.57597],[84.06275,24.57621],[84.06258,24.57633],[84.06228,24.57639],[84.06032,24.57645],[84.06043,24.5774],[84.06133,24.57806],[84.06181,24.57818],[84.06216,24.57818],[84.06275,24.57835],[84.06287,24.57853],[84.06281,24.57978],[84.06311,24.58032],[84.06341,24.58056],[84.06413,24.58061],[84.06436,24.58079],[84.06484,24.58091],[84.06496,24.58109],[84.06496,24.58151],[84.06471,24.58207],[84.06394,24.5823],[84.06313,24.58268],[84.06285,24.58287],[84.06242,24.58345],[84.06223,24.58383],[84.06218,24.58425],[84.06223,24.58621],[84.06213,24.58649],[84.0619,24.58673],[84.06147,24.58702],[84.0609,24.58702],[84.06047,24.58692],[84.05975,24.58625],[84.05933,24.58568],[84.05904,24.58549],[84.05856,24.5853],[84.05728,24.5853],[84.05618,24.58521],[84.05524,24.58473],[84.05505,24.58473],[84.05447,24.58487],[84.05343,24.58492],[84.05248,24.58516],[84.05167,24.58587],[84.05162,24.58602],[84.051,24.58663],[84.05086,24.58687],[84.05071,24.58792],[84.05086,24.58811],[84.051,24.5882],[84.05152,24.58825],[84.05219,24.58844],[84.05276,24.58901],[84.05319,24.58925],[84.05443,24.58925],[84.05514,24.58963],[84.05518,24.5903],[84.05528,24.59039],[84.05533,24.59087],[84.05566,24.59168],[84.05671,24.59168],[84.05714,24.59177],[84.05762,24.59215],[84.05762,24.59249],[84.05743,24.59311],[84.05705,24.59377],[84.05671,24.59396],[84.05533,24.59415],[84.05476,24.59439],[84.054,24.59491],[84.05381,24.59539],[84.05381,24.59558],[84.05338,24.59615],[84.05305,24.59725],[84.05305,24.59777],[84.0529,24.5981],[84.05267,24.59829],[84.05205,24.59834],[84.05143,24.59863],[84.05109,24.59901],[84.051,24.59925],[84.05033,24.59963],[84.05014,24.59991],[84.05005,24.60015],[84.05005,24.60091],[84.04981,24.60139],[84.04962,24.6022],[84.04943,24.60253],[84.04914,24.60277],[84.04897,24.60348],[84.04862,24.60394],[84.0484,24.60401],[84.04812,24.60394],[84.04762,24.60365],[84.04708,24.60351],[84.0464,24.60358],[84.04626,24.60369],[84.04623,24.60437],[84.0463,24.60462],[84.04733,24.60505],[84.04747,24.60608],[84.0474,24.60704],[84.04755,24.60712],[84.04812,24.60869],[84.04855,24.60926],[84.04887,24.60997],[84.04965,24.61086],[84.04979,24.61115],[84.04979,24.61147],[84.04968,24.61176],[84.04947,24.61186],[84.04887,24.61186],[84.04855,24.61197],[84.04804,24.61201],[84.04697,24.61161],[84.04633,24.61126],[84.0453,24.61111],[84.04504,24.61101],[84.04447,24.61101],[84.04419,24.61115],[84.04401,24.6114],[84.04401,24.61165],[84.04426,24.61233],[84.04491,24.6134],[84.04512,24.61404],[84.04512,24.61429],[84.04501,24.6145],[84.04469,24.61479],[84.04423,24.615],[84.04347,24.61561],[84.04315,24.61608],[84.04276,24.617],[84.04266,24.61793],[84.04242,24.61864],[84.04225,24.6189],[84.04198,24.61902],[84.04162,24.61905],[84.041,24.61893],[84.04026,24.61843],[84.03944,24.61757],[84.03891,24.6174],[84.03866,24.6174],[84.03834,24.61775],[84.03809,24.61825],[84.03737,24.62032],[84.03677,24.62068],[84.03598,24.62064],[84.03537,24.6205],[84.03455,24.62004],[84.03402,24.61961],[84.03349,24.61964],[84.03284,24.62007],[84.03266,24.62036],[84.03281,24.62107],[84.03309,24.62143],[84.03391,24.62218],[84.03413,24.62279],[84.03413,24.6235],[84.03402,24.62379],[84.03381,24.62414],[84.0332,24.62464],[84.03326,24.62507],[84.03362,24.62557],[84.03388,24.62621],[84.03402,24.62855],[84.03373,24.62924],[84.03331,24.62983],[84.03231,24.62974],[84.03185,24.62951],[84.03103,24.62963],[84.03005,24.62965],[84.02917,24.62955],[84.02873,24.62893],[84.02829,24.62849],[84.02752,24.62843],[84.02666,24.62807],[84.02579,24.62807],[84.024,24.62862],[84.02331,24.62937],[84.02295,24.63054],[84.02307,24.63117],[84.0234,24.63152],[84.02417,24.63167],[84.02619,24.63152],[84.02734,24.63202],[84.02772,24.63238],[84.02796,24.63303],[84.02783,24.63325],[84.02673,24.63371],[84.02652,24.63389],[84.02514,24.63463],[84.02126,24.63778],[84.02016,24.63801],[84.01835,24.63791],[84.01821,24.63788]]}},
{"type":"Feature","properties":{"kind":"state","name":"Bihar–Jharkhand","src":"OSM relations 1958982 and 1960191"},"geometry":{"type":"LineString","coordinates":[[84.01821,24.63788],[84.01766,24.63992],[84.01142,24.64195],[84.00692,24.64376],[83.99825,24.63894],[83.98458,24.61632],[83.97581,24.59592],[83.96834,24.58725],[83.96583,24.58135],[83.96171,24.57837],[83.95134,24.56603],[83.94143,24.55823],[83.93326,24.5477],[83.92058,24.54516],[83.90808,24.54093],[83.89857,24.54074],[83.88563,24.53754],[83.87279,24.5322],[83.86801,24.53309],[83.85775,24.53755],[83.83338,24.5322],[83.83154,24.5337]]}},
{"type":"Feature","properties":{"kind":"state","name":"Bihar–Jharkhand","src":"OSM relations 1958982 and 1960191","river":"29252","rlen":877},"geometry":{"type":"LineString","coordinates":[[83.83154,24.5337],[83.8294,24.53149],[83.82797,24.53071],[83.8253,24.53095],[83.82328,24.53206],[83.81996,24.53196],[83.8147,24.53133],[83.80986,24.52981],[83.80625,24.52897],[83.80216,24.52901],[83.79426,24.52757],[83.79085,24.529],[83.78905,24.52875],[83.78723,24.52762],[83.78576,24.52561],[83.78226,24.52412],[83.77787,24.52247],[83.77557,24.52031],[83.77056,24.51751],[83.76616,24.51557],[83.76332,24.51452],[83.76058,24.51277],[83.75521,24.50853],[83.75393,24.50784],[83.75266,24.50729],[83.74904,24.50724],[83.74812,24.50713],[83.74745,24.50687],[83.74591,24.50673],[83.74559,24.50677],[83.74435,24.50756],[83.74345,24.50832],[83.74304,24.50836],[83.74201,24.50805],[83.74018,24.50794],[83.73968,24.50816],[83.73957,24.50846],[83.73967,24.50911],[83.73953,24.50942],[83.73929,24.50958],[83.73827,24.50951],[83.73718,24.50908],[83.73665,24.50869]]}},
{"type":"Feature","properties":{"kind":"state","name":"Bihar–Jharkhand","src":"OSM relations 1958982 and 1960191"},"geometry":{"type":"LineString","coordinates":[[83.73665,24.50869],[83.73767,24.50743],[83.72498,24.504],[83.71595,24.50345],[83.70857,24.50702],[83.69129,24.51073],[83.68843,24.51364],[83.68361,24.51396],[83.65626,24.51437],[83.61716,24.51208],[83.59611,24.51261],[83.57264,24.5168],[83.55144,24.52365],[83.50685,24.52568],[83.50169,24.5265]]}},
{"type":"Feature","properties":{"kind":"state","name":"Bihar–West Bengal","src":"OSM relations 1958982 and 1960177"},"geometry":{"type":"LineString","coordinates":[[87.82437,25.2365],[87.82735,25.23522],[87.83355,25.23904],[87.83476,25.23996],[87.83615,25.24139],[87.83648,25.24192],[87.83668,25.24261],[87.8367,25.24343],[87.83662,25.24581],[87.83825,25.24776],[87.83953,25.24852],[87.83968,25.24892],[87.84019,25.24951],[87.84023,25.24983],[87.84154,25.25074],[87.84281,25.25143],[87.84538,25.25241],[87.84855,25.25397],[87.8489,25.25397],[87.8492,25.25348],[87.84972,25.25308],[87.85029,25.25296],[87.85165,25.25328],[87.85317,25.25397],[87.85527,25.25527],[87.85549,25.25568],[87.85559,25.25695],[87.85553,25.25991],[87.85533,25.26051],[87.8534,25.26265],[87.85343,25.2636],[87.85397,25.26487],[87.85634,25.26862],[87.85666,25.26931],[87.85701,25.26965],[87.8573,25.26974],[87.8599,25.26951],[87.86053,25.26951],[87.86069,25.26963],[87.86107,25.27142],[87.86219,25.27318],[87.86241,25.27411],[87.86155,25.27774],[87.86168,25.27994],[87.86143,25.28142],[87.86019,25.28578],[87.85721,25.29293],[87.85721,25.29362],[87.85566,25.29429],[87.85544,25.29689],[87.8521,25.29741],[87.84848,25.29816],[87.83998,25.30075],[87.83903,25.30109],[87.83817,25.30158],[87.83684,25.30268],[87.83369,25.30482],[87.83093,25.3073],[87.82855,25.3104],[87.82763,25.31213],[87.82705,25.31288],[87.82636,25.31352],[87.82359,25.31569],[87.82159,25.31675],[87.81831,25.31882],[87.81627,25.31992],[87.81059,25.32225],[87.80887,25.32306],[87.80506,25.32456],[87.80325,25.32488],[87.80127,25.32502],[87.79841,25.32505],[87.7973,25.32522],[87.79654,25.3256],[87.79596,25.3262],[87.79529,25.3273],[87.79158,25.33398],[87.78824,25.33834],[87.78818,25.33906],[87.78935,25.34155],[87.79018,25.34432],[87.791,25.35206],[87.79194,25.36287],[87.79222,25.36402],[87.79355,25.36695],[87.79359,25.36742],[87.79234,25.37054],[87.79231,25.37355],[87.78882,25.37314],[87.78606,25.37331],[87.78517,25.37348],[87.78165,25.37342],[87.78009,25.37302],[87.77929,25.37308],[87.77812,25.37397],[87.77669,25.37478],[87.77367,25.37693],[87.77214,25.37788],[87.77132,25.37831],[87.77008,25.37866],[87.76966,25.37898],[87.76772,25.38224],[87.76715,25.38357],[87.7661,25.38481],[87.76588,25.38527],[87.76594,25.38751],[87.76613,25.38843],[87.76629,25.38863],[87.76661,25.38866],[87.7669,25.38892],[87.76772,25.39089],[87.76829,25.39274],[87.76842,25.39372],[87.76749,25.39586],[87.76743,25.39661],[87.76787,25.39826],[87.76812,25.39893],[87.76853,25.39919],[87.76936,25.39939],[87.76977,25.39985],[87.77228,25.40335],[87.77253,25.40422],[87.76716,25.40641],[87.76589,25.40713],[87.76484,25.40742],[87.76388,25.4075],[87.76423,25.41019],[87.76432,25.41314],[87.76451,25.41378],[87.76518,25.41441],[87.76573,25.41459],[87.76673,25.41413],[87.76794,25.41344],[87.76867,25.41269],[87.76921,25.412],[87.7701,25.41],[87.77045,25.40957],[87.77261,25.40888],[87.77408,25.40871],[87.77506,25.40877],[87.77519,25.40891],[87.77535,25.4094],[87.77535,25.41099],[87.77633,25.41269],[87.77624,25.41347],[87.77547,25.41471],[87.77474,25.41656],[87.77445,25.41763],[87.77407,25.41827],[87.77394,25.41922],[87.77401,25.42008],[87.77426,25.42054],[87.77407,25.4217],[87.77432,25.42353],[87.76993,25.42621],[87.77098,25.42861],[87.77136,25.42898],[87.77235,25.42948],[87.77377,25.42942],[87.774,25.42962],[87.77412,25.43182],[87.77431,25.43214],[87.7747,25.43231],[87.77587,25.43231],[87.77632,25.43188],[87.77673,25.4317],[87.77882,25.43147],[87.77977,25.43147],[87.78031,25.43158],[87.78076,25.43185],[87.78133,25.43254],[87.78355,25.43717],[87.78535,25.4433],[87.78726,25.4504],[87.79336,25.44916],[87.79384,25.44887],[87.79394,25.44781],[87.79426,25.44754],[87.79627,25.44764],[87.79678,25.4475],[87.79681,25.4455],[87.79694,25.44501],[87.80181,25.44496],[87.80231,25.44473],[87.80425,25.44198],[87.8053,25.44071],[87.80896,25.43768],[87.81027,25.43644],[87.81167,25.43555],[87.81246,25.43543],[87.81451,25.43563],[87.81785,25.4365],[87.81941,25.43653],[87.82268,25.43708],[87.82478,25.43795],[87.82637,25.43962],[87.82681,25.44107],[87.82678,25.44286],[87.82658,25.44363],[87.82591,25.44458],[87.82572,25.44545],[87.82635,25.44617],[87.82718,25.44747],[87.82747,25.44764],[87.82849,25.44669],[87.82874,25.44666],[87.8289,25.44683],[87.8289,25.44857],[87.82922,25.44929],[87.8302,25.45021],[87.83036,25.45053],[87.83033,25.45099],[87.83096,25.45221],[87.83102,25.45573],[87.83096,25.45625],[87.83067,25.45657],[87.83013,25.46085],[87.83023,25.46105],[87.83757,25.46091],[87.83906,25.46111],[87.83964,25.46137],[87.83916,25.46521],[87.83922,25.46758],[87.83935,25.46784],[87.84024,25.46776],[87.8439,25.46695],[87.84626,25.4666],[87.84655,25.46663],[87.84687,25.467],[87.84725,25.46721],[87.85282,25.46669],[87.85428,25.46672],[87.85469,25.46686],[87.85523,25.46779],[87.85548,25.46872],[87.8558,25.47098],[87.85628,25.47115],[87.85784,25.47123],[87.86053,25.47108],[87.861,25.4707],[87.86132,25.46928],[87.86152,25.46914],[87.86193,25.46896],[87.8633,25.46934],[87.86346,25.46911],[87.86311,25.4666],[87.8625,25.46434],[87.86253,25.46409],[87.86288,25.46397],[87.86323,25.46411],[87.86412,25.46506],[87.8661,25.46743],[87.86714,25.4681],[87.86861,25.46853],[87.86931,25.469],[87.8694,25.46949],[87.86912,25.47102],[87.86908,25.47243],[87.86886,25.47301],[87.86822,25.47373],[87.86727,25.47451],[87.86689,25.47538],[87.86683,25.47717],[87.8667,25.47758],[87.86489,25.47995],[87.86495,25.48269],[87.86507,25.48353],[87.86533,25.48417],[87.86638,25.48552],[87.8666,25.48826],[87.86781,25.49385],[87.86848,25.49576],[87.86895,25.49671],[87.87025,25.49682],[87.87077,25.49703],[87.87109,25.4974],[87.87219,25.49968],[87.87417,25.50203],[87.87454,25.50282],[87.87468,25.50433],[87.87482,25.50469],[87.87614,25.50441],[87.87758,25.50425],[87.87989,25.5042],[87.88029,25.50459],[87.88152,25.50487],[87.88325,25.50558],[87.88541,25.50698],[87.88637,25.50808],[87.88677,25.50895],[87.88677,25.51036],[87.88634,25.5112],[87.88567,25.51159],[87.88528,25.51218],[87.88426,25.51502],[87.88333,25.51694],[87.88325,25.51765],[87.88409,25.51773],[87.88448,25.51855],[87.88449,25.51942],[87.88429,25.52001],[87.88437,25.52057],[87.88525,25.52039],[87.88545,25.52011],[87.88553,25.51901],[87.88714,25.51819],[87.8895,25.5184],[87.89018,25.51827],[87.89054,25.51781],[87.89094,25.51696],[87.89167,25.51623],[87.89237,25.5149],[87.89263,25.51311],[87.89285,25.51267],[87.89474,25.51264],[87.89556,25.51229],[87.89591,25.51196],[87.89645,25.5118],[87.89758,25.51188],[87.8982,25.5117],[87.89845,25.51134],[87.89856,25.51075],[87.8976,25.50556],[87.89786,25.50491],[87.89825,25.50494],[87.89921,25.50545],[87.89989,25.50563],[87.90203,25.50525],[87.90276,25.50532],[87.90285,25.5056],[87.90259,25.5066],[87.90302,25.50808],[87.90349,25.5088],[87.90439,25.50939],[87.90532,25.50934],[87.90651,25.50895],[87.90803,25.50867],[87.90871,25.50864],[87.90891,25.50882],[87.90871,25.50934],[87.90744,25.51033],[87.90682,25.51136],[87.90682,25.51174],[87.90727,25.5123],[87.91073,25.51488],[87.91093,25.51575],[87.91071,25.51629],[87.91068,25.51708],[87.91031,25.51741],[87.90941,25.51767],[87.90851,25.51831],[87.90834,25.51866],[87.90856,25.51923],[87.91175,25.52396],[87.91273,25.52577],[87.91327,25.52628],[87.91394,25.52654],[87.91561,25.52628],[87.9169,25.52572],[87.91738,25.52574],[87.91837,25.52659],[87.91851,25.52736],[87.91837,25.52784],[87.91806,25.5288],[87.91744,25.52957],[87.91696,25.53134],[87.91682,25.53236],[87.91696,25.53295],[87.9173,25.53305],[87.91761,25.53288],[87.91874,25.53264],[87.91933,25.53282],[87.92156,25.534],[87.92304,25.53371],[87.9249,25.53364],[87.92555,25.53377],[87.92628,25.53471],[87.92668,25.53563],[87.92772,25.5372],[87.93215,25.53663],[87.93336,25.53609],[87.93738,25.53545],[87.93834,25.53568],[87.93876,25.53566],[87.93921,25.53548],[87.94014,25.53553],[87.9417,25.53658],[87.94212,25.53668],[87.9426,25.53655],[87.9442,25.53568],[87.94573,25.53545],[87.94635,25.53547],[87.94685,25.53586],[87.94696,25.53621],[87.94669,25.53857],[87.94708,25.53908],[87.94889,25.53898],[87.95111,25.53836],[87.95148,25.53841],[87.95342,25.53977],[87.95419,25.53977],[87.95455,25.53959],[87.95534,25.5379],[87.9558,25.53749],[87.95671,25.53739],[87.95825,25.53785],[87.95882,25.53831],[87.95933,25.53895],[87.95964,25.53913],[87.96006,25.5392],[87.9613,25.53908],[87.96263,25.53956],[87.96333,25.53954],[87.96364,25.5393],[87.96375,25.53782],[87.96408,25.5369],[87.96462,25.53644],[87.96532,25.53636],[87.96628,25.53669],[87.9667,25.53664],[87.96786,25.53429],[87.96837,25.53406],[87.96888,25.53413],[87.96915,25.53386],[87.97045,25.53204],[87.97146,25.5301],[87.97292,25.5283],[87.97371,25.52759],[87.97411,25.52692],[87.97655,25.5247],[87.9772,25.52442],[87.97878,25.52467],[87.97951,25.52454],[87.98078,25.52454],[87.98244,25.52513],[87.98357,25.52585],[87.98478,25.52641],[87.986,25.52664],[87.98655,25.52654],[87.98687,25.52605],[87.98754,25.52559],[87.98915,25.52539],[87.99033,25.52546],[87.9909,25.52538],[87.9912,25.52508],[87.9912,25.52303],[87.99135,25.52287],[87.99256,25.52264],[87.99335,25.52264],[87.9938,25.52241],[87.99385,25.5222],[87.99374,25.52195],[87.99273,25.52126],[87.99369,25.52073]]}},
{"type":"Feature","properties":{"kind":"state","name":"Bihar–West Bengal","src":"OSM relations 1958982 and 1960177","river":"30323","rlen":413},"geometry":{"type":"LineString","coordinates":[[87.99369,25.52073],[87.99339,25.52028],[87.99276,25.51952],[87.99207,25.51911],[87.99145,25.5186],[87.99071,25.51819],[87.98985,25.51783],[87.98806,25.51727],[87.98796,25.51734],[87.98621,25.51718],[87.98473,25.5173],[87.98421,25.51721],[87.98377,25.51694],[87.98341,25.51648],[87.98326,25.51603],[87.98329,25.51544],[87.98363,25.51485],[87.98425,25.51417],[87.985,25.51357],[87.98561,25.51322],[87.98609,25.51305],[87.98671,25.51298],[87.98804,25.51323],[87.98984,25.51284],[87.99165,25.5117],[87.99296,25.50756],[87.99282,25.50539],[87.99258,25.50322],[87.99363,25.50206],[87.99425,25.50072],[87.99491,25.50026],[87.99605,25.49923],[87.9964,25.49902],[87.99779,25.49874],[88.0012,25.49747],[88.00427,25.49655],[88.00693,25.49566],[88.00798,25.4957],[88.00902,25.49564],[88.00941,25.49699],[88.00945,25.49771],[88.00932,25.49848],[88.00877,25.50019],[88.00861,25.50047],[88.00786,25.50125],[88.00663,25.50331],[88.00636,25.5043],[88.00639,25.5052],[88.00678,25.50587],[88.00732,25.50644],[88.00754,25.50661]]}},
{"type":"Feature","properties":{"kind":"state","name":"Bihar–West Bengal","src":"OSM relations 1958982 and 1960177"},"geometry":{"type":"LineString","coordinates":[[88.00754,25.50661],[88.00659,25.50771],[88.00656,25.50876],[88.00672,25.51014],[88.00756,25.51125],[88.00827,25.51132],[88.00916,25.51108],[88.01133,25.51096],[88.01352,25.51121],[88.01371,25.51088],[88.01286,25.50915],[88.0126,25.508],[88.01195,25.50736],[88.01103,25.50693],[88.01038,25.50628],[88.00995,25.50577],[88.00952,25.50488],[88.0093,25.50403],[88.00964,25.5025],[88.01038,25.5016],[88.01197,25.50037],[88.01412,25.49938],[88.01459,25.49947],[88.01556,25.50002],[88.01806,25.50186],[88.01881,25.502],[88.01976,25.50169],[88.02079,25.5016],[88.02269,25.50176],[88.02466,25.50165],[88.02497,25.5014],[88.02499,25.50113],[88.02477,25.50081],[88.0245,25.50087],[88.02426,25.50119],[88.02369,25.50104],[88.02303,25.50042],[88.02247,25.49968],[88.0223,25.49863],[88.02244,25.49828],[88.02288,25.49777],[88.02485,25.49678],[88.02585,25.49614],[88.02771,25.49428],[88.02916,25.49253],[88.03028,25.49154],[88.03106,25.4914],[88.03237,25.49154],[88.03509,25.49215],[88.03594,25.49212],[88.03656,25.49189],[88.03672,25.49167],[88.03685,25.49048],[88.03642,25.49042]]}},
{"type":"Feature","properties":{"kind":"state","name":"Bihar–West Bengal","src":"OSM relations 1958982 and 1960177","river":"30323","rlen":413},"geometry":{"type":"LineString","coordinates":[[88.03642,25.49042],[88.03645,25.49025],[88.03701,25.48917],[88.03793,25.48894],[88.04012,25.48882],[88.04219,25.48855],[88.04287,25.48859],[88.04387,25.48876],[88.04734,25.48897],[88.05072,25.48947],[88.05377,25.4904],[88.05431,25.49047],[88.05601,25.49109],[88.05681,25.49098],[88.05708,25.49088],[88.05735,25.49055],[88.05785,25.49019],[88.05808,25.48989],[88.05875,25.48957],[88.05924,25.4894],[88.05993,25.4893],[88.06155,25.48917],[88.06283,25.49053],[88.06312,25.49106]]}},
{"type":"Feature","properties":{"kind":"state","name":"Bihar–West Bengal","src":"OSM relations 1958982 and 1960177"},"geometry":{"type":"LineString","coordinates":[[88.06312,25.49106],[88.06506,25.49016],[88.06551,25.49005],[88.06598,25.48938],[88.06669,25.48898],[88.06681,25.48826],[88.06772,25.48789],[88.06768,25.48699],[88.06778,25.48688],[88.06885,25.48623],[88.07041,25.48551],[88.07132,25.48426],[88.07338,25.48431],[88.07312,25.4857],[88.07339,25.48573]]}},
{"type":"Feature","properties":{"kind":"state","name":"Bihar–West Bengal","src":"OSM relations 1958982 and 1960177","river":"30323","rlen":413},"geometry":{"type":"LineString","coordinates":[[88.07339,25.48573],[88.07327,25.4868],[88.07317,25.48923],[88.07263,25.49145],[88.07183,25.49354],[88.07158,25.49565],[88.07153,25.49608],[88.07153,25.49673],[88.07171,25.49755],[88.07251,25.50269],[88.07275,25.50543],[88.073,25.50615],[88.07328,25.50653],[88.07353,25.50673],[88.0741,25.50684],[88.07479,25.50673],[88.0764,25.50622],[88.07705,25.50621],[88.07747,25.5063],[88.07787,25.50656],[88.07808,25.50692],[88.07813,25.50737],[88.07804,25.50787],[88.07768,25.50858],[88.07712,25.50913],[88.0754,25.5097],[88.0742,25.50986],[88.0733,25.50987],[88.07072,25.50952],[88.06979,25.5096],[88.06953,25.51034],[88.06943,25.51148],[88.06969,25.51229],[88.07055,25.51316],[88.0711,25.51395],[88.07171,25.51502],[88.07203,25.51594],[88.07211,25.5171],[88.07195,25.51775],[88.07149,25.51853],[88.07066,25.51922],[88.07001,25.51953],[88.06873,25.5206],[88.06769,25.52224],[88.06327,25.52658],[88.06259,25.52762],[88.0608,25.52897],[88.05953,25.53016],[88.05932,25.53112],[88.05966,25.53284],[88.05963,25.53348],[88.05933,25.53404],[88.05842,25.53429],[88.0571,25.53483],[88.05495,25.53505],[88.05331,25.53561],[88.05215,25.53625],[88.0511,25.53694],[88.04807,25.53952],[88.0476,25.53977],[88.04712,25.53991],[88.04668,25.53994],[88.04616,25.53986],[88.04537,25.5395],[88.04485,25.53906],[88.04362,25.53764],[88.04295,25.53724],[88.04122,25.53698],[88.04032,25.53711],[88.03941,25.53766],[88.03853,25.53833],[88.03736,25.53981],[88.03711,25.54035],[88.03638,25.54344],[88.03607,25.54506],[88.0361,25.54534],[88.03401,25.54716],[88.03369,25.54823],[88.03368,25.54882]]}},
{"type":"Feature","properties":{"kind":"state","name":"Bihar–West Bengal","src":"OSM relations 1958982 and 1960177"},"geometry":{"type":"LineString","coordinates":[[88.03368,25.54882],[88.03594,25.54916],[88.03778,25.55204],[88.03846,25.55259],[88.03833,25.55299],[88.03723,25.55279],[88.03651,25.55252],[88.03553,25.55253],[88.03464,25.55292],[88.03326,25.55383],[88.03153,25.5553],[88.03043,25.55595],[88.02907,25.55612],[88.02699,25.55609],[88.0267,25.55633],[88.02638,25.55696],[88.02598,25.55802],[88.02582,25.55886],[88.02655,25.55978],[88.02831,25.55991],[88.02892,25.56078],[88.02977,25.56298],[88.02982,25.56363],[88.0295,25.56435],[88.0295,25.56475],[88.03048,25.56567],[88.03178,25.56655],[88.03255,25.56676],[88.03315,25.56591],[88.03359,25.56412],[88.03386,25.56392],[88.03417,25.56392],[88.03467,25.56417],[88.03609,25.56585],[88.0367,25.56681],[88.03791,25.56809],[88.03851,25.5694],[88.03813,25.56911],[88.0377,25.56905],[88.03771,25.5692]]}},
{"type":"Feature","properties":{"kind":"state","name":"Bihar–West Bengal","src":"OSM relations 1958982 and 1960177","river":"29308","rlen":176},"geometry":{"type":"LineString","coordinates":[[88.03771,25.5692],[88.03753,25.56922],[88.03708,25.5694],[88.03559,25.57078],[88.035,25.57112],[88.03451,25.57127],[88.032,25.57144],[88.03168,25.57128],[88.03127,25.57083],[88.0309,25.57058],[88.03036,25.57035],[88.02984,25.57026],[88.02837,25.57023],[88.02793,25.57029],[88.02717,25.57055],[88.02672,25.57081],[88.02583,25.57224],[88.0253,25.57272],[88.02461,25.57308],[88.02435,25.5734],[88.02386,25.5743],[88.02365,25.57544],[88.0237,25.57582],[88.0241,25.57648],[88.02448,25.5767],[88.02496,25.57665],[88.02604,25.57594],[88.02664,25.57578],[88.027,25.57583],[88.02775,25.5761],[88.02812,25.57629],[88.0282,25.57646],[88.02802,25.57733],[88.0276,25.57789],[88.02695,25.57837],[88.0247,25.57946],[88.02447,25.57988],[88.02439,25.58025],[88.0246,25.5812],[88.02446,25.58188],[88.02448,25.58309],[88.02526,25.5845],[88.02543,25.58495],[88.0256,25.58574],[88.02555,25.58652],[88.02511,25.58685],[88.02385,25.58711],[88.02286,25.58745],[88.02241,25.58771],[88.02214,25.58798],[88.02186,25.58863],[88.02153,25.5891],[88.02017,25.59047],[88.02007,25.59067],[88.02018,25.59093],[88.02102,25.59101],[88.02224,25.59156],[88.02269,25.59185],[88.02295,25.5919],[88.02329,25.59186],[88.02396,25.59159],[88.02491,25.59097],[88.02564,25.59077],[88.02619,25.59071],[88.02756,25.59088],[88.02799,25.59099],[88.02857,25.59143],[88.02881,25.59189],[88.02914,25.59306],[88.02921,25.59467],[88.02912,25.59527],[88.02894,25.59565],[88.02881,25.59628],[88.02879,25.59832],[88.02925,25.59903],[88.03058,25.59993],[88.03075,25.60029],[88.03067,25.60051],[88.03033,25.60064],[88.02955,25.60054],[88.0284,25.59998],[88.02697,25.59952],[88.02511,25.59844],[88.02475,25.59833],[88.02461,25.59897],[88.02417,25.60009],[88.02379,25.60081],[88.02366,25.60163],[88.02367,25.60202],[88.02375,25.60215],[88.02403,25.60215],[88.02594,25.60142],[88.02693,25.60141],[88.02696,25.60145]]}},
{"type":"Feature","properties":{"kind":"state","name":"Bihar–West Bengal","src":"OSM relations 1958982 and 1960177"},"geometry":{"type":"LineString","coordinates":[[88.02696,25.60145],[88.02812,25.60169],[88.02899,25.60149],[88.02997,25.60169],[88.0311,25.60174],[88.03252,25.60076],[88.03332,25.59984],[88.03375,25.59989],[88.03455,25.60075],[88.0356,25.60108],[88.03654,25.60099],[88.03788,25.60067],[88.03927,25.60071],[88.03982,25.60106],[88.04028,25.60193],[88.04034,25.60258],[88.04001,25.60334],[88.03803,25.60379],[88.03681,25.60328],[88.03505,25.60322],[88.03322,25.60347],[88.03208,25.60376],[88.03144,25.60432],[88.03034,25.60496],[88.03008,25.6053],[88.03008,25.60566],[88.0308,25.60584],[88.03094,25.60569]]}},
{"type":"Feature","properties":{"kind":"state","name":"Bihar–West Bengal","src":"OSM relations 1958982 and 1960177","river":"29308","rlen":176},"geometry":{"type":"LineString","coordinates":[[88.03094,25.60569],[88.03142,25.60608],[88.03384,25.60827],[88.03615,25.60966],[88.03666,25.60984],[88.03718,25.60988],[88.03856,25.60962],[88.04006,25.60871],[88.04082,25.60831],[88.04122,25.6082],[88.04165,25.60824],[88.04206,25.60842],[88.04232,25.60948],[88.04194,25.61111],[88.04086,25.61197],[88.04057,25.6125],[88.03913,25.61396],[88.03756,25.61594],[88.03517,25.62112],[88.03512,25.62248],[88.03529,25.62306],[88.03573,25.6236],[88.03607,25.62429],[88.03697,25.62649],[88.04,25.6303],[88.04182,25.63101],[88.04355,25.63151],[88.04463,25.63154],[88.04544,25.63218],[88.04558,25.63269]]}},
{"type":"Feature","properties":{"kind":"state","name":"Bihar–West Bengal","src":"OSM relations 1958982 and 1960177"},"geometry":{"type":"LineString","coordinates":[[88.04558,25.63269],[88.04619,25.63256],[88.04737,25.6314],[88.04782,25.63145],[88.04852,25.63344],[88.04978,25.63452],[88.05102,25.63508],[88.05313,25.63571],[88.05424,25.6362],[88.05496,25.63681],[88.05526,25.63782],[88.05504,25.63851],[88.05449,25.63912],[88.05396,25.63918],[88.05212,25.63806],[88.0511,25.63779],[88.04911,25.63754],[88.04842,25.63714],[88.0481,25.63673],[88.0482,25.63579],[88.04791,25.63511],[88.04726,25.63482],[88.0463,25.63475],[88.04557,25.63518],[88.04472,25.63669],[88.04431,25.63783],[88.04362,25.63907],[88.04297,25.64009],[88.04237,25.64062],[88.04112,25.64259],[88.04059,25.64273],[88.04002,25.64262],[88.03739,25.64101],[88.03709,25.64114],[88.0368,25.64164],[88.03694,25.64299],[88.03662,25.64608],[88.03683,25.64645],[88.03783,25.64727],[88.0389,25.6475],[88.04024,25.64723],[88.04137,25.6461],[88.04295,25.64365],[88.04359,25.6431],[88.04408,25.64306],[88.04442,25.64363],[88.04453,25.64502],[88.04474,25.64589],[88.04561,25.64384]]}},
{"type":"Feature","properties":{"kind":"state","name":"Bihar–West Bengal","src":"OSM relations 1958982 and 1960177","river":"29308","rlen":176},"geometry":{"type":"LineString","coordinates":[[88.04561,25.64384],[88.04746,25.64422],[88.04895,25.64525],[88.04912,25.64695],[88.04882,25.64865],[88.04796,25.6503],[88.04721,25.65246],[88.04741,25.65436],[88.04822,25.6557],[88.04919,25.65697],[88.04919,25.65821],[88.04844,25.65913],[88.04811,25.66032],[88.04838,25.66213],[88.04842,25.66456],[88.04763,25.66728],[88.04808,25.66921],[88.0483,25.671],[88.04773,25.67391],[88.04709,25.67657],[88.04714,25.67745],[88.04731,25.67846],[88.04817,25.67915],[88.04934,25.67987],[88.05098,25.68193],[88.05234,25.68298],[88.05316,25.68411],[88.05327,25.68576],[88.05315,25.68733],[88.05165,25.69178],[88.05125,25.69253],[88.04939,25.6945],[88.04773,25.69646],[88.04673,25.70076],[88.04605,25.70237]]}},
{"type":"Feature","properties":{"kind":"state","name":"Bihar–West Bengal","src":"OSM relations 1958982 and 1960177"},"geometry":{"type":"LineString","coordinates":[[88.04605,25.70237],[88.04374,25.70156],[88.04279,25.70199],[88.04225,25.70193],[88.04193,25.70168],[88.04142,25.70071],[88.04116,25.69992],[88.04086,25.69815],[88.04053,25.69756],[88.03991,25.6972],[88.03911,25.697],[88.03764,25.69698],[88.03733,25.69729],[88.03655,25.7002],[88.03594,25.70111],[88.03497,25.70208],[88.03323,25.7032],[88.0325,25.70336],[88.03122,25.7033],[88.03052,25.70304],[88.02975,25.70248],[88.02923,25.70168],[88.0291,25.70109],[88.03086,25.69882],[88.0312,25.69791],[88.03084,25.6945],[88.03055,25.69441],[88.03019,25.69458],[88.02995,25.69539],[88.02918,25.69552],[88.02887,25.69528],[88.02848,25.69461],[88.02751,25.69486],[88.02603,25.69578],[88.02532,25.69594],[88.02065,25.69586],[88.01966,25.69627],[88.01918,25.69679],[88.01868,25.69769],[88.01851,25.699],[88.01862,25.70017],[88.019,25.70153],[88.02013,25.70409],[88.02132,25.70817],[88.02127,25.70907],[88.02107,25.70969],[88.02019,25.71009],[88.01793,25.70988],[88.01646,25.71076],[88.0157,25.71067],[88.01357,25.71008],[88.01247,25.71018],[88.01167,25.71064],[88.01022,25.71234],[88.00975,25.71259],[88.00812,25.71302],[88.00195,25.71568],[88.00103,25.71647],[88.00018,25.71779],[87.99964,25.72106],[87.99885,25.7219],[87.9975,25.72241],[87.99604,25.72272],[87.99493,25.72276],[87.99386,25.72304],[87.99233,25.72314],[87.9914,25.72389],[87.99132,25.72437],[87.99154,25.72496],[87.99126,25.72539],[87.98962,25.72619],[87.98919,25.72619],[87.98903,25.72596],[87.989,25.72524],[87.9888,25.72501],[87.98835,25.72499],[87.98776,25.72519],[87.98711,25.72524],[87.98618,25.72481],[87.98547,25.72468],[87.98476,25.7243],[87.98408,25.72289],[87.98343,25.72042],[87.98312,25.71996],[87.98247,25.71998],[87.9821,25.72019],[87.98143,25.72024],[87.97776,25.72106],[87.97782,25.72172],[87.97624,25.72246],[87.97008,25.72408],[87.96856,25.72465],[87.96745,25.72483],[87.9657,25.72562],[87.9657,25.72629],[87.9659,25.72721],[87.96664,25.72917],[87.96619,25.73063],[87.96588,25.73109],[87.96591,25.73196],[87.96633,25.7326],[87.96633,25.7328],[87.96608,25.73298],[87.96373,25.73365],[87.96348,25.73406],[87.96354,25.73506],[87.96102,25.73638],[87.961,25.73671],[87.96139,25.73707],[87.9615,25.73794],[87.96137,25.73866],[87.95666,25.7415],[87.95544,25.74181],[87.95522,25.74227],[87.95513,25.74321],[87.95474,25.74365],[87.95358,25.74386],[87.9535,25.74403],[87.95372,25.74526],[87.95316,25.74536],[87.9527,25.74565],[87.95223,25.74619],[87.95143,25.74634],[87.95076,25.74614],[87.9494,25.74598],[87.94892,25.74634],[87.94858,25.74701],[87.94802,25.74706],[87.94804,25.74631],[87.94745,25.74585],[87.94671,25.74586],[87.94626,25.74624],[87.94607,25.74675],[87.94621,25.74734],[87.94666,25.74747],[87.94736,25.74742],[87.94765,25.74752],[87.94765,25.74783],[87.94669,25.74842],[87.94669,25.7487],[87.94722,25.74952],[87.94711,25.75],[87.94629,25.75053],[87.94702,25.75138],[87.94705,25.75161],[87.94623,25.75254],[87.94477,25.75092],[87.94419,25.7508],[87.94365,25.75087],[87.94398,25.75194],[87.94509,25.75384],[87.94562,25.75376],[87.94677,25.75548],[87.94762,25.75733],[87.94759,25.75764],[87.94719,25.75809],[87.94622,25.75881],[87.94465,25.75932],[87.94253,25.75955],[87.94239,25.75966],[87.94227,25.76157],[87.94232,25.76464],[87.9417,25.76528],[87.94229,25.76854],[87.94219,25.76941],[87.94176,25.76978],[87.93987,25.77037],[87.93927,25.77082],[87.93881,25.77204],[87.93846,25.77223],[87.93788,25.77214],[87.93775,25.77232],[87.9381,25.77362],[87.93797,25.77393],[87.9372,25.77429],[87.93566,25.77475],[87.9353,25.77471],[87.93494,25.77426],[87.93263,25.77295],[87.93263,25.77262],[87.93285,25.77235],[87.93424,25.77179],[87.93393,25.76984],[87.93363,25.76943],[87.93179,25.77036],[87.92903,25.7714],[87.92611,25.77279],[87.9254,25.774],[87.92539,25.7745],[87.92571,25.77535],[87.92568,25.77567],[87.92536,25.77574],[87.92464,25.77538],[87.92441,25.77549],[87.92392,25.77638],[87.9236,25.7764],[87.92236,25.77567],[87.92221,25.77511],[87.92034,25.7754],[87.91965,25.77464],[87.91931,25.77458],[87.91455,25.77436],[87.9098,25.77436],[87.9093,25.77431],[87.90811,25.77379],[87.90706,25.77354],[87.90692,25.77337],[87.90697,25.77321],[87.9076,25.77278],[87.90846,25.77241],[87.909,25.77173],[87.9085,25.77108],[87.90786,25.77077],[87.90784,25.76985],[87.90768,25.76969],[87.9071,25.77014],[87.9068,25.77086],[87.90609,25.77143],[87.9052,25.77169],[87.90499,25.77165],[87.90458,25.77117],[87.90417,25.77113],[87.90292,25.7724],[87.90264,25.77298],[87.90216,25.77489],[87.902,25.77622],[87.90195,25.77705],[87.90209,25.77722],[87.90345,25.77791],[87.90349,25.77851],[87.90313,25.78094],[87.90318,25.78151],[87.90377,25.78228],[87.90425,25.78247],[87.90447,25.78239],[87.90554,25.78061],[87.90609,25.78012],[87.90648,25.78002],[87.90675,25.78018],[87.90685,25.7809],[87.90615,25.78358],[87.90573,25.78457],[87.90518,25.79216],[87.90433,25.79548],[87.90472,25.79705],[87.90366,25.79888],[87.90382,25.80202],[87.90353,25.8022],[87.90313,25.80222],[87.90212,25.80183],[87.90169,25.80196],[87.90164,25.80225],[87.90184,25.80261],[87.90291,25.8032],[87.90376,25.80296],[87.90693,25.80262],[87.90757,25.80267],[87.90791,25.80286],[87.90797,25.80342],[87.90739,25.80446],[87.90643,25.8069],[87.90564,25.80756],[87.90236,25.80783],[87.90193,25.80772],[87.90058,25.80652],[87.89972,25.80675],[87.89951,25.80708],[87.89946,25.80749],[87.90021,25.80903],[87.90085,25.80971],[87.9013,25.80976],[87.90171,25.80999],[87.90198,25.81036],[87.9034,25.81359],[87.90384,25.814],[87.90477,25.81418],[87.90507,25.8141],[87.90574,25.81264],[87.90609,25.81231],[87.90694,25.81197],[87.90752,25.812],[87.90813,25.81287],[87.90827,25.81369],[87.90786,25.8156],[87.90796,25.81568],[87.90857,25.81553],[87.90935,25.81503],[87.91064,25.81349],[87.9112,25.81319],[87.91151,25.8133],[87.91222,25.81322],[87.91265,25.81234],[87.91345,25.81216],[87.91364,25.81194],[87.91378,25.81141],[87.91435,25.81134],[87.91473,25.81157],[87.91493,25.81187],[87.91519,25.81273],[87.91542,25.81353],[87.91536,25.8154],[87.91591,25.81621],[87.91588,25.8164],[87.91547,25.81669],[87.91446,25.81703],[87.91255,25.81803],[87.91104,25.81854],[87.90889,25.81988],[87.90728,25.82007],[87.90558,25.81981],[87.90445,25.82107],[87.90433,25.82202],[87.90442,25.82248],[87.90168,25.82297],[87.90124,25.82322],[87.90035,25.82428],[87.90006,25.82442],[87.89931,25.82446],[87.89911,25.82461],[87.89908,25.82484],[87.89959,25.82551],[87.89962,25.8258],[87.8979,25.82671],[87.8978,25.82707],[87.89802,25.82734],[87.89839,25.82748],[87.8991,25.82744],[87.8992,25.82841],[87.89956,25.82867],[87.9002,25.82848],[87.90114,25.82797],[87.90168,25.82793],[87.90198,25.82824],[87.90286,25.83029],[87.90254,25.83052],[87.90196,25.83057],[87.90165,25.83044],[87.9012,25.82994],[87.90097,25.82991],[87.89992,25.83113],[87.89919,25.83157],[87.89853,25.83181],[87.89724,25.83161],[87.8971,25.83127],[87.89762,25.8305],[87.89752,25.83024],[87.89686,25.82988],[87.89642,25.82985],[87.89554,25.83006],[87.89516,25.82965],[87.89501,25.82923],[87.896,25.82849],[87.89609,25.82804],[87.89592,25.82785],[87.89395,25.82751]]}},
{"type":"Feature","properties":{"kind":"state","name":"Bihar–West Bengal","src":"OSM relations 1958982 and 1960177","river":"28644","rlen":137},"geometry":{"type":"LineString","coordinates":[[87.89395,25.82751],[87.89348,25.82777],[87.89281,25.82782],[87.89196,25.82776],[87.8915,25.8279],[87.89125,25.82807],[87.89087,25.82887],[87.8901,25.82893],[87.88918,25.8288],[87.88845,25.82886],[87.88814,25.82895],[87.88786,25.82932],[87.88779,25.82961],[87.8881,25.83007],[87.88839,25.8303],[87.88979,25.83058],[87.89025,25.83077],[87.89068,25.83108],[87.89128,25.83178],[87.89158,25.83198],[87.89214,25.83206],[87.89329,25.83206],[87.89427,25.83258],[87.89456,25.83309],[87.89447,25.83341],[87.89401,25.83374],[87.89364,25.83429],[87.89369,25.83516],[87.8942,25.83543],[87.89474,25.83531],[87.89526,25.83534],[87.89576,25.83555],[87.89595,25.83569],[87.89634,25.83653],[87.89737,25.83785],[87.89774,25.838],[87.89829,25.83799],[87.89865,25.83786],[87.89904,25.83727],[87.89979,25.83653],[87.90021,25.83628],[87.90051,25.83628],[87.9008,25.8364],[87.90106,25.83676],[87.9012,25.83745],[87.90157,25.83769],[87.90178,25.83762],[87.90191,25.83732],[87.90195,25.83666],[87.90247,25.83556],[87.90278,25.83539]]}},
{"type":"Feature","properties":{"kind":"state","name":"Bihar–West Bengal","src":"OSM relations 1958982 and 1960177"},"geometry":{"type":"LineString","coordinates":[[87.90278,25.83539],[87.90191,25.83328],[87.90285,25.83395],[87.903,25.83438],[87.90227,25.83494],[87.90065,25.83584],[87.8991,25.83604],[87.89765,25.83675],[87.89688,25.8373],[87.89668,25.83769],[87.89673,25.83794],[87.89716,25.83832],[87.89795,25.83845],[87.89844,25.83838],[87.89925,25.83798],[87.90035,25.83764],[87.90171,25.83767],[87.90247,25.83729],[87.90326,25.83654],[87.90369,25.8363],[87.9039,25.83628],[87.90421,25.83645],[87.90422,25.83683],[87.9035,25.83798],[87.90297,25.83858],[87.90268,25.83938],[87.90186,25.84061],[87.90173,25.84101],[87.90209,25.84207],[87.90299,25.84259],[87.90326,25.84254],[87.90367,25.84226],[87.90458,25.84067],[87.90524,25.83993],[87.90592,25.83969],[87.90702,25.84015],[87.90855,25.84107],[87.90864,25.84127],[87.90843,25.84136],[87.90677,25.84043],[87.90616,25.84026],[87.90541,25.84039],[87.90495,25.84069],[87.90443,25.84212],[87.90362,25.84259],[87.9036,25.84287],[87.90508,25.84314],[87.90573,25.84373],[87.90648,25.84414],[87.90779,25.84527],[87.9088,25.84748],[87.91006,25.84831],[87.91208,25.85112],[87.91263,25.85151],[87.91305,25.85159],[87.91412,25.85145],[87.91431,25.85175],[87.91469,25.85321],[87.91469,25.85395],[87.9142,25.85408],[87.91373,25.85396],[87.91186,25.85274],[87.91131,25.85273],[87.91001,25.85347],[87.90829,25.85407],[87.9081,25.85498],[87.90762,25.85532],[87.90797,25.85561],[87.90738,25.85593],[87.90637,25.85723],[87.90608,25.85782],[87.90551,25.85795],[87.90453,25.85796],[87.90328,25.8587],[87.90313,25.85867],[87.90239,25.85785],[87.902,25.8578],[87.90175,25.85821],[87.90178,25.85847],[87.90292,25.86099],[87.90291,25.86133],[87.90256,25.86168],[87.90168,25.86178],[87.90027,25.86235],[87.89771,25.8629],[87.89698,25.86321],[87.89592,25.86406],[87.89436,25.86498],[87.89211,25.86574],[87.89161,25.86579],[87.89021,25.86534],[87.88862,25.86511],[87.88819,25.86307],[87.88764,25.86203],[87.88707,25.8612],[87.88649,25.86065],[87.8854,25.86004],[87.88373,25.85949],[87.88271,25.85936],[87.88178,25.85951],[87.88073,25.85986],[87.87872,25.8599],[87.87658,25.86015],[87.87602,25.86029],[87.87551,25.86083],[87.87591,25.86394],[87.87585,25.86467],[87.87465,25.86815],[87.87437,25.86822],[87.87401,25.86793],[87.87374,25.86657],[87.87356,25.86617],[87.87338,25.86612],[87.87313,25.86607],[87.87104,25.86678],[87.86979,25.86657],[87.86961,25.86714],[87.86953,25.86863],[87.86806,25.86865],[87.86801,25.86815],[87.86667,25.86806],[87.86662,25.86746],[87.86529,25.86721],[87.86179,25.86695],[87.86151,25.86677],[87.85977,25.8648],[87.8587,25.86479],[87.8575,25.8649],[87.85697,25.8655],[87.85686,25.86597],[87.85651,25.86643],[87.85406,25.86787],[87.8525,25.86863],[87.85095,25.86915],[87.85017,25.8696],[87.84971,25.86965],[87.84826,25.86945],[87.8464,25.86994],[87.84625,25.86975],[87.84627,25.86897],[87.84611,25.86895],[87.84385,25.86918],[87.84186,25.86976],[87.84129,25.8698],[87.83938,25.86944],[87.8377,25.86989],[87.83744,25.86985],[87.83702,25.86956],[87.83665,25.86953],[87.83546,25.87],[87.83404,25.87033],[87.83015,25.8705],[87.82911,25.87117],[87.82858,25.8717],[87.82792,25.87249],[87.82766,25.87338],[87.82743,25.87538],[87.82798,25.87619],[87.82904,25.87683],[87.82932,25.87756],[87.82925,25.87774],[87.8291,25.87784],[87.82803,25.87756],[87.82733,25.87755],[87.82572,25.87774],[87.82548,25.87794],[87.82549,25.87825],[87.82619,25.88002],[87.82602,25.88033],[87.82487,25.88102],[87.8225,25.88171],[87.82234,25.88195],[87.8225,25.88296],[87.82311,25.88414],[87.82332,25.88559],[87.82268,25.88646],[87.82174,25.88685],[87.82178,25.88752],[87.82201,25.88778],[87.82299,25.89066],[87.82316,25.89081],[87.82477,25.89091],[87.82536,25.89132],[87.82559,25.89174],[87.82573,25.89269],[87.82668,25.89361],[87.82683,25.89408],[87.82601,25.89629],[87.82505,25.89715],[87.82241,25.89788],[87.82173,25.89821],[87.82102,25.89876],[87.81957,25.90048],[87.82019,25.90087],[87.82038,25.90162],[87.821,25.90176],[87.82136,25.90298],[87.82151,25.9067],[87.8223,25.90959],[87.8213,25.90972],[87.8226,25.91195],[87.82258,25.91213],[87.82021,25.91393],[87.81983,25.914],[87.81932,25.91389],[87.81888,25.91361],[87.81872,25.91324],[87.81875,25.91275],[87.81723,25.91271],[87.81689,25.91283],[87.81673,25.91425],[87.81582,25.91438],[87.81518,25.91486],[87.81494,25.91478],[87.81481,25.91449],[87.81481,25.91392],[87.81647,25.91202],[87.81646,25.91125],[87.81589,25.91093],[87.81553,25.91022],[87.81319,25.91054],[87.81284,25.91],[87.81206,25.90997],[87.81194,25.91075],[87.81139,25.91137],[87.80986,25.91134],[87.8097,25.91218],[87.80803,25.91216],[87.808,25.91332],[87.80757,25.91609],[87.80796,25.91615],[87.81054,25.91559],[87.81102,25.91585],[87.81207,25.91595],[87.8122,25.91616],[87.81213,25.9164],[87.813,25.9164],[87.813,25.91764],[87.81275,25.91885],[87.81067,25.91918],[87.8106,25.91963],[87.80991,25.91973],[87.80934,25.92003],[87.80923,25.92054],[87.80885,25.92069],[87.80882,25.92155],[87.80846,25.92166],[87.80836,25.92223],[87.80851,25.92488],[87.809,25.92837],[87.8074,25.92885],[87.80737,25.92985],[87.8075,25.93021],[87.80797,25.9303],[87.81115,25.9301],[87.81187,25.93015],[87.81212,25.93137],[87.81237,25.93189],[87.81262,25.93211],[87.81605,25.93172],[87.81959,25.93394],[87.8201,25.93388],[87.82472,25.93185],[87.83141,25.92861],[87.83311,25.92791],[87.83332,25.92794],[87.83349,25.92823],[87.83381,25.92843],[87.83436,25.92863],[87.83636,25.93017],[87.83843,25.93149],[87.83842,25.93192],[87.83723,25.93201],[87.8363,25.93124],[87.8358,25.93114],[87.83503,25.93135],[87.83473,25.93168],[87.83563,25.93281],[87.83659,25.93439],[87.83675,25.93554],[87.83696,25.93555],[87.8376,25.93522],[87.83778,25.93676],[87.83906,25.93775],[87.83935,25.93811],[87.83877,25.93866],[87.83874,25.93917],[87.8384,25.93927],[87.83785,25.93981],[87.83795,25.94084],[87.83705,25.94116],[87.83695,25.94228],[87.83403,25.94216],[87.83357,25.94458],[87.8337,25.94585],[87.83387,25.94587],[87.83417,25.94558],[87.83464,25.94588],[87.8352,25.94745],[87.83634,25.94973],[87.83666,25.95028],[87.83806,25.95148],[87.83826,25.95203],[87.83772,25.95408],[87.83596,25.95831],[87.83685,25.95924],[87.83687,25.95941],[87.83663,25.95981],[87.83668,25.96012],[87.83684,25.96028],[87.83727,25.96038],[87.83963,25.96054],[87.83984,25.96066],[87.84053,25.96175],[87.84229,25.96184],[87.84235,25.96268],[87.84269,25.96281],[87.84388,25.96309],[87.8445,25.9628],[87.84515,25.96306],[87.84524,25.96347],[87.84633,25.96319],[87.84657,25.96334],[87.84648,25.96394],[87.84591,25.96427],[87.84581,25.96449],[87.84574,25.96684],[87.84675,25.96701],[87.84706,25.96937],[87.84588,25.96948],[87.84577,25.96958],[87.84605,25.96995],[87.84622,25.97066],[87.84508,25.97167],[87.84513,25.97239],[87.84477,25.97242],[87.84472,25.97393],[87.84652,25.97384],[87.84672,25.97397],[87.84708,25.97467],[87.8468,25.97527],[87.84464,25.97691],[87.84456,25.97725],[87.84488,25.97856],[87.84477,25.98023],[87.84413,25.98133],[87.84425,25.9824],[87.84547,25.98457],[87.84575,25.98557],[87.84579,25.98618],[87.84555,25.98806],[87.8446,25.9881],[87.8448,25.9911],[87.84518,25.99273],[87.84513,25.99412],[87.84599,25.99412],[87.84794,25.99369],[87.84799,25.99509],[87.84912,25.99515],[87.84945,25.99543],[87.8495,25.99676],[87.84918,25.99807],[87.84939,25.99834],[87.85045,25.99854],[87.85102,26.00136],[87.85141,26.00228],[87.8514,26.00248],[87.85049,26.00312],[87.85041,26.00345],[87.8521,26.00557],[87.85344,26.00802],[87.85422,26.01008],[87.85459,26.01185],[87.85458,26.01234],[87.85446,26.01253],[87.85417,26.01267],[87.85282,26.01282],[87.85127,26.01335],[87.85059,26.01378],[87.85045,26.01416],[87.85094,26.01462],[87.85252,26.01541],[87.85446,26.01667],[87.85487,26.01728],[87.85646,26.02158],[87.85673,26.0235],[87.8573,26.02535],[87.85735,26.02739],[87.85725,26.02808],[87.85638,26.02949],[87.85607,26.02966],[87.85504,26.02966],[87.85452,26.02936],[87.85423,26.03112],[87.85423,26.03231],[87.85476,26.03403],[87.85521,26.03508],[87.85593,26.03598],[87.85643,26.03631],[87.85769,26.03659],[87.86206,26.03654],[87.86194,26.0356],[87.862,26.03545],[87.86227,26.0354],[87.86426,26.03648],[87.86482,26.03699],[87.86561,26.03815],[87.86769,26.04028],[87.87014,26.04135],[87.87158,26.04238],[87.87245,26.04334],[87.87474,26.04652],[87.87591,26.04781],[87.87737,26.04898],[87.87833,26.04953],[87.87884,26.04956],[87.8797,26.04912],[87.88139,26.048],[87.88241,26.04703],[87.88301,26.04684],[87.8835,26.04681],[87.88514,26.04788],[87.88589,26.04815],[87.88924,26.0486],[87.89012,26.04918],[87.89045,26.04962],[87.89014,26.05417],[87.89027,26.05551],[87.89022,26.05699],[87.89039,26.05792],[87.89055,26.05852],[87.892,26.05973],[87.89219,26.06009],[87.89224,26.06074],[87.8924,26.06116],[87.89565,26.06205],[87.89784,26.06375],[87.89878,26.064],[87.89952,26.06387],[87.9009,26.063],[87.90124,26.06291],[87.90145,26.06304],[87.90232,26.06567],[87.90302,26.06683],[87.90488,26.06874],[87.90602,26.07071],[87.9065,26.07186],[87.90699,26.07234],[87.908,26.07277],[87.90851,26.0728],[87.9095,26.07161],[87.91008,26.07137],[87.91028,26.07155],[87.91055,26.07248],[87.91111,26.07256],[87.91142,26.07241],[87.91166,26.07251],[87.91169,26.07296],[87.91248,26.07311],[87.91286,26.07336],[87.91316,26.07453],[87.91402,26.07514],[87.91436,26.07601],[87.91558,26.0757],[87.91624,26.07571],[87.9165,26.07587],[87.91668,26.077],[87.91687,26.07706],[87.9183,26.07617],[87.92053,26.07569],[87.92191,26.07744],[87.92385,26.07956],[87.92805,26.08307],[87.93136,26.08202],[87.93112,26.0807],[87.93157,26.08061],[87.93178,26.0803],[87.9313,26.07595],[87.93062,26.07376],[87.93085,26.07253],[87.93014,26.07188],[87.93102,26.07108],[87.93064,26.07031],[87.9313,26.06991],[87.93222,26.07009],[87.93343,26.06994],[87.93599,26.06898],[87.93635,26.0686],[87.93496,26.06501],[87.93481,26.06443],[87.93492,26.06368],[87.93893,26.06275],[87.94037,26.06192],[87.94104,26.0619],[87.94388,26.06101],[87.9455,26.06076],[87.94561,26.06163],[87.94616,26.06169],[87.94714,26.06148],[87.94716,26.06135]]}},
{"type":"Feature","properties":{"kind":"state","name":"Bihar–West Bengal","src":"OSM relations 1958982 and 1960177","river":"28644","rlen":137},"geometry":{"type":"LineString","coordinates":[[87.94716,26.06135],[87.94806,26.06146],[87.9487,26.06204],[87.94902,26.06208],[87.94923,26.06197],[87.94945,26.06166],[87.9495,26.0607],[87.9496,26.06041],[87.94989,26.06026],[87.95005,26.06032],[87.95019,26.0605],[87.95024,26.06094],[87.95013,26.06207],[87.95042,26.06337],[87.95034,26.06377],[87.94988,26.06493],[87.94985,26.06529],[87.94996,26.06552],[87.95046,26.06581],[87.95112,26.06583],[87.95143,26.06563],[87.95212,26.06477],[87.95237,26.06468],[87.9527,26.06467],[87.95335,26.06484],[87.954,26.06514],[87.95445,26.06551],[87.95462,26.06582],[87.95463,26.06627],[87.95439,26.0671],[87.95438,26.06743],[87.95447,26.06775],[87.95495,26.0685],[87.95503,26.06876],[87.95498,26.06899],[87.95472,26.06924],[87.9543,26.06937],[87.95389,26.06935],[87.95355,26.06918],[87.95297,26.06853],[87.95269,26.06835],[87.95118,26.06817],[87.95071,26.0683],[87.94979,26.06887],[87.94886,26.0691],[87.94863,26.06933],[87.9487,26.07046],[87.94884,26.07069],[87.94901,26.07071],[87.94925,26.0706],[87.94972,26.06998],[87.95003,26.06974],[87.95025,26.06966],[87.95059,26.06966],[87.95088,26.06982],[87.95116,26.07015],[87.95193,26.0716],[87.95221,26.07241],[87.95216,26.07307],[87.95188,26.07344],[87.95107,26.07384],[87.95098,26.07403],[87.95132,26.07422],[87.95265,26.07452],[87.95303,26.07481],[87.95313,26.07504],[87.95312,26.0753],[87.95273,26.07594],[87.95265,26.07626],[87.95272,26.07648],[87.953,26.07669],[87.95365,26.07676],[87.95405,26.07654],[87.95417,26.07612],[87.95411,26.07535],[87.95432,26.07504],[87.95479,26.07488],[87.95675,26.07454],[87.95689,26.07459],[87.9571,26.07526],[87.95753,26.07594],[87.95756,26.07596]]}},
{"type":"Feature","properties":{"kind":"state","name":"Bihar–West Bengal","src":"OSM relations 1958982 and 1960177"},"geometry":{"type":"LineString","coordinates":[[87.95756,26.07596],[87.95763,26.07587],[87.95786,26.07625],[87.95808,26.07632],[87.95834,26.07601],[87.95909,26.07553],[87.96124,26.07532],[87.96347,26.07429],[87.9655,26.07405],[87.96661,26.07433],[87.96711,26.07495],[87.96756,26.07525],[87.96835,26.07553],[87.96908,26.07551],[87.97011,26.07621],[87.97125,26.07606],[87.97227,26.07735],[87.97279,26.07743],[87.97514,26.07703],[87.97676,26.0765],[87.97699,26.07622],[87.97755,26.0759],[87.97989,26.07483],[87.98051,26.07427],[87.98162,26.07382],[87.98219,26.07376],[87.98412,26.07583],[87.98562,26.07766],[87.98505,26.07796],[87.98442,26.07884],[87.98391,26.07885],[87.98347,26.07944],[87.98224,26.07987],[87.9826,26.08106],[87.98246,26.08165],[87.9825,26.08214],[87.98205,26.08223],[87.98235,26.08339],[87.98202,26.08366],[87.98138,26.08393],[87.98066,26.08406],[87.9782,26.0838],[87.97787,26.08481],[87.97673,26.08473],[87.97666,26.08707],[87.97523,26.08754],[87.97494,26.08715],[87.97429,26.08723],[87.97431,26.08771],[87.97075,26.08867],[87.97077,26.09022],[87.97144,26.09229],[87.97152,26.09293],[87.97128,26.09299],[87.97044,26.09274],[87.9699,26.0928],[87.96833,26.09342],[87.96647,26.09361],[87.96538,26.09348],[87.96524,26.09398],[87.96421,26.09392],[87.96453,26.09446],[87.96361,26.09463],[87.96435,26.09488],[87.9651,26.09558],[87.96653,26.0955],[87.9666,26.09567],[87.96626,26.0965],[87.96642,26.09674],[87.96664,26.09686],[87.96729,26.09608],[87.96747,26.0961],[87.96843,26.09688],[87.96835,26.09699],[87.96596,26.09749]]}},
{"type":"Feature","properties":{"kind":"state","name":"Bihar–West Bengal","src":"OSM relations 1958982 and 1960177","river":"28644","rlen":137},"geometry":{"type":"LineString","coordinates":[[87.96596,26.09749],[87.96607,26.09797],[87.96643,26.09832],[87.96825,26.09857],[87.96975,26.09831],[87.97042,26.09843],[87.97198,26.0991],[87.9733,26.10031],[87.97481,26.10126],[87.97535,26.10182],[87.97558,26.10193],[87.97607,26.1018],[87.97666,26.10114],[87.97692,26.10103],[87.97708,26.10113],[87.97718,26.10144],[87.97707,26.10259],[87.97718,26.10282],[87.97735,26.10294],[87.97755,26.10293],[87.97784,26.10271],[87.97846,26.10164],[87.97866,26.10149],[87.97905,26.1014],[87.97983,26.10146],[87.9805,26.10171],[87.98134,26.10236],[87.98193,26.10326],[87.98219,26.1034],[87.98248,26.1033],[87.98259,26.10312],[87.98262,26.1025],[87.98273,26.10226],[87.98308,26.10208],[87.98367,26.10203],[87.98471,26.10227],[87.98576,26.10223],[87.98615,26.10242],[87.98633,26.10275],[87.9863,26.1031],[87.98616,26.1033],[87.98542,26.10384],[87.98541,26.10385]]}},
{"type":"Feature","properties":{"kind":"state","name":"Bihar–West Bengal","src":"OSM relations 1958982 and 1960177"},"geometry":{"type":"LineString","coordinates":[[87.98541,26.10385],[87.98469,26.10429],[87.98384,26.10398],[87.98335,26.10427],[87.98323,26.10486],[87.98334,26.10528],[87.9837,26.10541],[87.9849,26.10538],[87.9849,26.10556],[87.98438,26.10628],[87.98464,26.1067],[87.985,26.10671],[87.98631,26.10641],[87.98647,26.1066],[87.98654,26.10799],[87.98591,26.10852],[87.98579,26.10883],[87.98585,26.10927],[87.98613,26.10953],[87.98743,26.10951],[87.98773,26.10977],[87.98767,26.11028],[87.98697,26.11122],[87.98656,26.11261],[87.98622,26.11313],[87.98577,26.11344],[87.98554,26.11344],[87.98533,26.11289],[87.98566,26.11203],[87.98568,26.11159],[87.98553,26.11139],[87.98511,26.11143],[87.98511,26.11227],[87.98476,26.11247],[87.98413,26.1135],[87.98434,26.1143],[87.98376,26.11571],[87.9835,26.11552],[87.98332,26.11485],[87.98149,26.11498],[87.97832,26.11537],[87.97759,26.11613],[87.97706,26.11634],[87.97427,26.11664],[87.9735,26.11587],[87.97222,26.11576],[87.97197,26.11551],[87.97152,26.11536],[87.97111,26.1163],[87.97118,26.11694],[87.97021,26.11703],[87.96995,26.11725],[87.96999,26.11777],[87.96927,26.11762],[87.96921,26.11845],[87.96951,26.1191],[87.9703,26.11924],[87.97003,26.12004],[87.9708,26.12046],[87.97113,26.12045],[87.97147,26.12001],[87.97203,26.1199],[87.97235,26.12026],[87.97326,26.1203],[87.97472,26.12061],[87.97767,26.12159],[87.97795,26.12178],[87.97819,26.12238],[87.97939,26.12228],[87.97955,26.12342],[87.97812,26.12369],[87.9773,26.12401],[87.97534,26.12426],[87.97615,26.12528],[87.97717,26.12473],[87.97907,26.12423],[87.97981,26.1243],[87.9805,26.12541],[87.9812,26.12565],[87.9814,26.12606],[87.98153,26.12769],[87.97976,26.1285],[87.97959,26.1299],[87.97849,26.13015],[87.97829,26.13396],[87.97842,26.13557],[87.97912,26.1361],[87.97919,26.13797],[87.9783,26.1379],[87.97776,26.13831],[87.97719,26.13835],[87.97665,26.1387],[87.97547,26.13881],[87.97487,26.13831],[87.97385,26.13873],[87.97361,26.13939],[87.97245,26.14],[87.97412,26.14165],[87.9749,26.14337],[87.9783,26.14374],[87.97997,26.14435],[87.98131,26.14458],[87.98179,26.14419],[87.98309,26.14402],[87.98325,26.14364],[87.98325,26.14243],[87.98375,26.14212],[87.98452,26.14212],[87.98467,26.14251],[87.98488,26.14262],[87.98588,26.14268],[87.98544,26.14449],[87.98502,26.14565],[87.98636,26.14589],[87.9861,26.14672],[87.98657,26.14689],[87.98673,26.14755],[87.98728,26.14779],[87.98849,26.14777],[87.98921,26.1482],[87.99001,26.14921],[87.99146,26.15058],[87.99162,26.1509],[87.99207,26.15096],[87.99244,26.15033],[87.99237,26.14921],[87.99302,26.14883],[87.99338,26.14812],[87.99439,26.14341],[87.99491,26.14311],[87.99783,26.14056],[87.99795,26.13983],[87.99943,26.1385],[87.99988,26.1384],[88.0005,26.13902],[88.00065,26.13955],[88.00092,26.13979],[88.00166,26.13984],[88.00178,26.13997],[88.00183,26.1407],[88.00195,26.14084],[88.00226,26.14106],[88.00344,26.1414],[88.00404,26.14177],[88.00437,26.14311],[88.0054,26.14506],[88.00625,26.14574],[88.00811,26.14568],[88.00897,26.14526],[88.01043,26.14476],[88.01077,26.14477],[88.01113,26.14502],[88.01415,26.14931],[88.0132,26.14991],[88.01051,26.15301],[88.00925,26.15471],[88.00919,26.15496],[88.00972,26.1563],[88.00973,26.15693],[88.00847,26.15757],[88.00783,26.15805],[88.00823,26.15831],[88.00872,26.15947],[88.00886,26.16014],[88.00949,26.16048],[88.00977,26.16129],[88.00998,26.16154],[88.01022,26.16167],[88.01104,26.16152],[88.01191,26.16035],[88.01247,26.15991],[88.01366,26.1595],[88.01387,26.15931],[88.01397,26.1587],[88.01434,26.15857],[88.0155,26.15848],[88.01581,26.15863],[88.01586,26.15916],[88.01625,26.1594],[88.01649,26.15941],[88.01733,26.15892],[88.01778,26.15911],[88.01833,26.15958],[88.01968,26.15982],[88.01994,26.16002],[88.0206,26.16105],[88.02157,26.16185],[88.02222,26.16322],[88.02245,26.16343],[88.02343,26.16371],[88.02378,26.16439],[88.02394,26.16507],[88.02416,26.16526],[88.02465,26.16537],[88.02612,26.16534],[88.02648,26.16544],[88.0266,26.16587],[88.02717,26.16635],[88.02786,26.16911],[88.02829,26.17004],[88.03088,26.16983],[88.03177,26.16998],[88.03195,26.17019],[88.03217,26.17122],[88.03272,26.17237],[88.03293,26.17321],[88.03288,26.17346],[88.03159,26.17478],[88.03149,26.17521],[88.03187,26.17541],[88.03265,26.17552],[88.03278,26.17599],[88.03332,26.17647],[88.03497,26.17731],[88.03613,26.17821],[88.03723,26.17871],[88.03798,26.17876],[88.0386,26.17863],[88.03943,26.17817],[88.04272,26.17726],[88.04911,26.1763],[88.04983,26.17607],[88.05027,26.17588],[88.05062,26.17511],[88.05064,26.17276],[88.05067,26.17237],[88.0508,26.17218],[88.05115,26.17218],[88.05167,26.17309],[88.05187,26.17311],[88.05211,26.17308],[88.05224,26.17291],[88.05226,26.17225],[88.05257,26.17201],[88.05406,26.17205],[88.05437,26.17266],[88.05481,26.17265],[88.05494,26.17248],[88.05494,26.17212],[88.05538,26.17219],[88.05554,26.17272],[88.05574,26.17284],[88.05771,26.17278],[88.05789,26.17266],[88.05791,26.17114],[88.05814,26.17083],[88.05862,26.17057],[88.05907,26.1705],[88.05958,26.17061],[88.05986,26.17096],[88.06134,26.17189],[88.06403,26.17477],[88.06536,26.17495],[88.0657,26.17517],[88.06573,26.17579],[88.06556,26.1761],[88.06489,26.17652],[88.06479,26.17672],[88.06497,26.17699],[88.06888,26.17685],[88.06922,26.17544],[88.06939,26.17529],[88.07005,26.17512],[88.06943,26.17426],[88.06949,26.17413],[88.07185,26.1742],[88.07198,26.17433],[88.07254,26.176],[88.07459,26.17624],[88.07508,26.1766],[88.07788,26.17951],[88.07804,26.1798],[88.07791,26.18022],[88.07708,26.18026],[88.07693,26.18054],[88.07696,26.18139],[88.07683,26.18156],[88.07635,26.18175],[88.07626,26.18237],[88.07581,26.18252],[88.0761,26.18516],[88.07621,26.18532],[88.07673,26.18557],[88.07702,26.18598],[88.07744,26.18622],[88.07922,26.18564],[88.07955,26.18587],[88.07996,26.18664],[88.08112,26.18665],[88.08174,26.18683],[88.08215,26.18749],[88.08241,26.18768],[88.08315,26.18784],[88.08362,26.18808],[88.08373,26.18838],[88.08373,26.18929],[88.0847,26.18946],[88.0849,26.18965],[88.08543,26.19103],[88.08587,26.1911],[88.08913,26.19062],[88.08932,26.19073],[88.08936,26.19143],[88.08973,26.19222],[88.08985,26.19287],[88.08927,26.19325],[88.08912,26.19357],[88.08926,26.19434],[88.09016,26.19614],[88.09032,26.19949],[88.09103,26.20161],[88.09134,26.20214],[88.09211,26.20244],[88.09328,26.20242],[88.09424,26.20256],[88.09435,26.20298],[88.09421,26.20313],[88.09373,26.20321],[88.09371,26.20367],[88.09413,26.2041],[88.09513,26.2042],[88.09546,26.20478],[88.09579,26.20488],[88.09634,26.20489],[88.09678,26.20462],[88.09708,26.20354],[88.09756,26.20345],[88.09781,26.20359],[88.09797,26.20482],[88.09823,26.20528],[88.09872,26.20542],[88.10042,26.2056],[88.10113,26.20601],[88.1012,26.20632],[88.10073,26.20675],[88.10069,26.20701],[88.10087,26.20753],[88.1016,26.20773],[88.10361,26.20778],[88.10379,26.20824],[88.10394,26.21021],[88.10375,26.2107],[88.10309,26.21082],[88.10314,26.21124],[88.10345,26.21175],[88.10386,26.21194],[88.1047,26.21197],[88.10483,26.21227],[88.10486,26.21312],[88.10522,26.21366],[88.10541,26.21438],[88.1063,26.21424],[88.10698,26.21466],[88.10736,26.21473],[88.10902,26.21472],[88.10926,26.21546],[88.11146,26.21545],[88.11156,26.21665],[88.11147,26.21676],[88.11077,26.21668],[88.11068,26.21675],[88.11086,26.2174],[88.11111,26.2177],[88.11213,26.21829],[88.11265,26.21829],[88.11316,26.21861],[88.11424,26.21846],[88.11481,26.21901],[88.11621,26.21898],[88.11658,26.21915],[88.11687,26.22016],[88.11531,26.22058],[88.11467,26.22098],[88.11454,26.22121],[88.11458,26.22185],[88.11421,26.22338],[88.11442,26.22372],[88.11514,26.22389],[88.11561,26.22463],[88.11579,26.22472],[88.1186,26.22489],[88.11894,26.22565],[88.12019,26.22575],[88.12068,26.22618],[88.12098,26.22628],[88.12388,26.2265],[88.12458,26.2268],[88.12501,26.22739],[88.12573,26.22776],[88.12636,26.22777],[88.12655,26.22757],[88.12661,26.22715],[88.12706,26.22702],[88.12734,26.22678],[88.12791,26.22668],[88.12815,26.22574],[88.12942,26.22509],[88.12987,26.22502],[88.13004,26.22518],[88.13019,26.22592],[88.13063,26.227],[88.13089,26.22715],[88.13192,26.22709],[88.13272,26.2266],[88.13296,26.22656],[88.13636,26.22695],[88.13937,26.22704],[88.13982,26.2272],[88.14036,26.22779],[88.14119,26.22905],[88.14131,26.23011],[88.14174,26.23112],[88.14176,26.23164],[88.141,26.23203],[88.14039,26.23215],[88.13889,26.23229],[88.13703,26.2323],[88.1366,26.23248],[88.13663,26.24018],[88.13674,26.24122],[88.13707,26.24162],[88.13837,26.24219],[88.13845,26.2427],[88.13985,26.24354],[88.14012,26.24364],[88.14112,26.2434],[88.14129,26.24407],[88.14131,26.24564],[88.14265,26.25047],[88.1444,26.25224],[88.14541,26.2526],[88.14641,26.25258],[88.14744,26.25206],[88.14814,26.25212],[88.14864,26.25249],[88.14957,26.25243],[88.15013,26.25252],[88.15054,26.25289],[88.15071,26.25332],[88.15101,26.25352],[88.15241,26.25349],[88.15358,26.25432],[88.15434,26.25452],[88.15453,26.2549],[88.15424,26.25663],[88.15437,26.25719],[88.15469,26.25778],[88.155,26.258],[88.15544,26.25811],[88.15708,26.25729],[88.16048,26.25689],[88.16086,26.25644],[88.16103,26.25592],[88.1611,26.25495],[88.16132,26.25434],[88.16166,26.25388],[88.16216,26.25365],[88.16324,26.25341],[88.16361,26.25342],[88.16377,26.25355],[88.16379,26.25468],[88.16394,26.25494],[88.1645,26.25503],[88.16507,26.25541],[88.16533,26.25595],[88.16582,26.25625],[88.1662,26.2563],[88.16722,26.25722],[88.16779,26.258],[88.16822,26.25815],[88.16865,26.2582],[88.16912,26.258],[88.17012,26.25707],[88.17065,26.2568],[88.17133,26.25592],[88.17177,26.25565],[88.17288,26.25549],[88.17419,26.25579],[88.17697,26.25878],[88.1778,26.26006],[88.17888,26.26246],[88.17947,26.26331],[88.18,26.26508],[88.17993,26.2654],[88.17915,26.26604],[88.17905,26.26628],[88.17901,26.2691],[88.17998,26.26998],[88.18048,26.27018],[88.18183,26.27004],[88.18234,26.27014],[88.18265,26.27044],[88.18293,26.2727],[88.18318,26.27368],[88.18359,26.27387],[88.18508,26.27391],[88.19388,26.27228],[88.19732,26.27186],[88.19775,26.2721],[88.19815,26.2741],[88.19913,26.27586],[88.19941,26.27738],[88.19981,26.27804],[88.20089,26.27893],[88.20126,26.27968],[88.20141,26.28086],[88.20159,26.28092],[88.20323,26.28056],[88.20877,26.27784],[88.20953,26.27767],[88.21009,26.27766],[88.21063,26.27779],[88.21184,26.27931],[88.21222,26.27966],[88.21295,26.28003],[88.21322,26.28043],[88.21312,26.28073],[88.21257,26.28104],[88.21247,26.28138],[88.21335,26.28404],[88.21522,26.28412],[88.21573,26.28431],[88.21712,26.28445],[88.21741,26.28468],[88.21744,26.28525],[88.2176,26.28557],[88.2189,26.28609],[88.21986,26.2869],[88.2239,26.28797],[88.22427,26.28827],[88.22457,26.28894],[88.22539,26.28994],[88.22693,26.2909],[88.22701,26.29111],[88.22618,26.2928],[88.22593,26.2936],[88.22591,26.29407],[88.2261,26.29439],[88.2277,26.29488],[88.22806,26.29518],[88.22818,26.29566],[88.22794,26.29742],[88.2281,26.29944],[88.22786,26.30008],[88.22675,26.3016],[88.22663,26.30248],[88.22671,26.30362],[88.22691,26.3041],[88.2273,26.30444],[88.22773,26.30453],[88.22794,26.30498],[88.22884,26.3052],[88.22937,26.30547],[88.22967,26.30732],[88.23061,26.30792],[88.23054,26.30853],[88.22956,26.30957],[88.22937,26.30993],[88.22943,26.31037],[88.22971,26.31063],[88.23013,26.31055],[88.23055,26.31029],[88.23125,26.30972],[88.23184,26.3087],[88.23203,26.30793],[88.23163,26.30636],[88.23165,26.30582],[88.23264,26.30522],[88.23286,26.30475],[88.23329,26.30448],[88.23409,26.30431],[88.23462,26.30396],[88.23512,26.3034],[88.2357,26.30333],[88.2362,26.30363],[88.23686,26.30439],[88.23704,26.30573],[88.23764,26.3068],[88.23768,26.30763],[88.23789,26.30803],[88.23852,26.30857],[88.23981,26.30933],[88.23984,26.30958],[88.23961,26.31011],[88.23958,26.31112],[88.23987,26.31155],[88.24171,26.31292],[88.24468,26.31402],[88.24554,26.31454],[88.2456,26.31476],[88.24539,26.3162],[88.24502,26.31692],[88.24486,26.31764],[88.24501,26.31952],[88.24489,26.32025],[88.2442,26.32201],[88.24449,26.32275],[88.24614,26.3235],[88.24674,26.32428],[88.24691,26.32775],[88.24725,26.32812],[88.24735,26.32805],[88.2478,26.32741],[88.24805,26.32636],[88.24851,26.32647],[88.24871,26.32726],[88.24915,26.32742],[88.24923,26.32793],[88.25011,26.3279],[88.25039,26.32773],[88.25161,26.32755],[88.25218,26.32732],[88.25254,26.32733],[88.25279,26.32782],[88.25334,26.32731],[88.25417,26.32693],[88.25439,26.32699],[88.25493,26.32932],[88.25529,26.32954],[88.25588,26.33072],[88.25666,26.33107],[88.25675,26.33165],[88.25756,26.33156],[88.25779,26.33195],[88.25783,26.33225],[88.25741,26.33228],[88.2576,26.3331],[88.2575,26.33371],[88.25778,26.33552],[88.25863,26.33545],[88.25875,26.33556],[88.25991,26.33536],[88.26032,26.33547],[88.26084,26.33501],[88.26149,26.33555],[88.26173,26.33561],[88.26246,26.33545],[88.26313,26.33582],[88.26398,26.33548],[88.2645,26.3355],[88.26481,26.33535],[88.26688,26.33508],[88.26711,26.33667],[88.26779,26.33651],[88.26819,26.33673],[88.26837,26.33707],[88.26836,26.3373],[88.26819,26.33744],[88.26838,26.33799],[88.27088,26.33753],[88.27083,26.33709],[88.27114,26.33593],[88.27107,26.33574],[88.27047,26.33547],[88.27042,26.33524],[88.2697,26.3349],[88.26944,26.33459],[88.26981,26.33348],[88.26933,26.33324],[88.26915,26.33275],[88.26652,26.33247],[88.26648,26.33227],[88.26652,26.33187],[88.26755,26.33181],[88.26862,26.33155],[88.26877,26.33141],[88.26905,26.33086],[88.26883,26.32953],[88.26933,26.32942],[88.2694,26.32891],[88.26976,26.3288],[88.26946,26.32802],[88.26979,26.32787],[88.27295,26.32785],[88.27309,26.3279],[88.27319,26.32847],[88.27337,26.32865],[88.27424,26.32894],[88.27447,26.3285],[88.27469,26.32857],[88.27505,26.32928],[88.27456,26.32962],[88.27489,26.33077],[88.27537,26.33089],[88.27546,26.33133],[88.27577,26.33192],[88.2763,26.33238],[88.27713,26.33232],[88.27831,26.33195],[88.27981,26.3319],[88.27981,26.33217],[88.27946,26.33253],[88.27942,26.33416],[88.28015,26.33465],[88.28021,26.33514],[88.2795,26.33574],[88.2794,26.33596],[88.27948,26.33668],[88.27979,26.33795],[88.28054,26.33978],[88.28105,26.34034],[88.28104,26.34105],[88.28085,26.34131],[88.28115,26.34202],[88.28103,26.34248],[88.28071,26.34266],[88.27866,26.34295],[88.2782,26.3432],[88.2789,26.34495],[88.27895,26.3454],[88.27846,26.3455],[88.2778,26.34607],[88.27779,26.3463],[88.27866,26.34801],[88.27891,26.34939],[88.2791,26.3496],[88.28323,26.34943],[88.28433,26.34965],[88.28476,26.35049],[88.28487,26.35108],[88.28539,26.35238],[88.28599,26.35242],[88.28678,26.35206],[88.28806,26.35181],[88.28881,26.35183],[88.28897,26.35177],[88.28918,26.35143],[88.29035,26.35142],[88.29032,26.35111],[88.29077,26.35103],[88.29084,26.35079],[88.29054,26.34948],[88.29139,26.34923],[88.29201,26.3494],[88.29256,26.35053],[88.29309,26.35053],[88.29353,26.35082],[88.29366,26.35114],[88.2938,26.35173],[88.29355,26.3519],[88.29369,26.35293],[88.289,26.35396],[88.28893,26.35416],[88.28906,26.35448],[88.28882,26.35484],[88.28956,26.35599],[88.2893,26.35666],[88.28989,26.35725],[88.28822,26.35888]]}},
{"type":"Feature","properties":{"kind":"state","name":"Bihar–West Bengal","src":"OSM relations 1958982 and 1960177","river":"29459","rlen":100},"geometry":{"type":"LineString","coordinates":[[88.28822,26.35888],[88.28701,26.35788],[88.28374,26.35757],[88.28106,26.35824],[88.27914,26.35998],[88.27805,26.36175],[88.27764,26.36489],[88.27822,26.36705],[88.27799,26.37014],[88.27729,26.37139],[88.27647,26.37213],[88.27623,26.37312],[88.27667,26.3745],[88.27712,26.37545],[88.27726,26.37619],[88.27697,26.37706],[88.27602,26.37785],[88.27397,26.37823],[88.27303,26.37875],[88.27258,26.37951],[88.2716,26.38046],[88.2702,26.38089],[88.26907,26.38083],[88.26841,26.38055],[88.26768,26.38067],[88.26655,26.38073],[88.26567,26.38046],[88.26498,26.37976],[88.26437,26.37841],[88.26407,26.37805],[88.26253,26.37742],[88.26151,26.37761],[88.26062,26.37837],[88.25802,26.38199],[88.25734,26.38259],[88.25648,26.38257],[88.25605,26.38209],[88.25636,26.38073],[88.25605,26.37968],[88.25475,26.37783],[88.25333,26.37648],[88.25212,26.37584],[88.25037,26.37558],[88.24746,26.37542],[88.24548,26.37513],[88.24451,26.3752],[88.24373,26.37474],[88.24248,26.3752],[88.23864,26.37564],[88.23487,26.37649],[88.23327,26.37699],[88.23199,26.37755],[88.23145,26.37772]]}},
{"type":"Feature","properties":{"kind":"state","name":"Bihar–West Bengal","src":"OSM relations 1958982 and 1960177"},"geometry":{"type":"LineString","coordinates":[[88.23145,26.37772],[88.23222,26.3796],[88.23232,26.38038],[88.23401,26.38066],[88.23391,26.38158],[88.23419,26.38198],[88.23426,26.38255],[88.23368,26.38292],[88.23378,26.38352],[88.23275,26.38398],[88.23334,26.38579],[88.23321,26.38634],[88.23298,26.38655],[88.2315,26.38681],[88.23034,26.38752],[88.22942,26.38766],[88.22866,26.38801],[88.22886,26.38914],[88.22845,26.38947],[88.22704,26.38947],[88.22711,26.39041],[88.22778,26.39169],[88.22794,26.39275],[88.22807,26.39285],[88.22856,26.39231],[88.22908,26.39225],[88.22978,26.3928],[88.23014,26.39331],[88.23082,26.39366],[88.23126,26.39366],[88.23143,26.39353],[88.23155,26.39313],[88.23199,26.39297],[88.23324,26.39395],[88.23328,26.39431],[88.23372,26.39501],[88.2339,26.39497],[88.23395,26.39464],[88.23439,26.39476],[88.2353,26.3961],[88.23549,26.39672],[88.23586,26.39731],[88.23623,26.39752],[88.23701,26.39747],[88.2375,26.39826],[88.23826,26.39886],[88.23829,26.39919],[88.23761,26.39932],[88.23752,26.39957],[88.23774,26.40013],[88.23881,26.40089],[88.23897,26.40138],[88.23936,26.40178],[88.23923,26.40344],[88.24051,26.40344],[88.24056,26.40427],[88.24154,26.40399],[88.2418,26.40508],[88.24251,26.40506],[88.24367,26.40478],[88.24431,26.40496],[88.24467,26.40704],[88.24562,26.40713],[88.2457,26.4075],[88.24756,26.40752],[88.24756,26.40925],[88.24898,26.4107],[88.25242,26.41605],[88.25404,26.41695],[88.25489,26.41707],[88.25619,26.41699],[88.25942,26.41621],[88.26109,26.41638],[88.26301,26.41591],[88.26332,26.41579],[88.2636,26.4155],[88.26455,26.41541],[88.26632,26.41703],[88.26796,26.4174],[88.26825,26.41758],[88.26852,26.41802],[88.26851,26.41875],[88.26864,26.41926],[88.26952,26.42011],[88.26958,26.42045],[88.26896,26.42086],[88.26793,26.42093],[88.26763,26.42111],[88.26754,26.42229],[88.2673,26.42271],[88.26701,26.42285],[88.26578,26.42281],[88.26507,26.42307],[88.2646,26.42305],[88.26423,26.42262],[88.26376,26.42255],[88.26305,26.42283],[88.26277,26.4245],[88.26227,26.4249],[88.26292,26.42579],[88.26362,26.42832],[88.26341,26.42877],[88.26183,26.42883],[88.26119,26.42938],[88.26008,26.4286],[88.2594,26.42863],[88.25936,26.43028],[88.25893,26.43151],[88.25846,26.43218],[88.25696,26.43193],[88.25545,26.43238],[88.25506,26.43211],[88.2542,26.43183],[88.25359,26.43234],[88.25261,26.43289],[88.25086,26.43315],[88.25108,26.4359],[88.25,26.43614],[88.24906,26.43656],[88.24817,26.43668],[88.24754,26.4379],[88.24644,26.44129],[88.24545,26.44356],[88.24466,26.4466],[88.24406,26.4474],[88.24305,26.44838],[88.24286,26.44872],[88.24332,26.45009],[88.24359,26.45174],[88.24384,26.45242],[88.24391,26.45354],[88.24382,26.45384],[88.2435,26.45398],[88.24331,26.45387],[88.24285,26.45272],[88.24245,26.45235],[88.24197,26.45234],[88.24036,26.4529],[88.23898,26.45218],[88.23466,26.45146],[88.2309,26.45183],[88.22764,26.45316],[88.22649,26.45348],[88.22515,26.45366],[88.22512,26.45477],[88.22496,26.45555],[88.22453,26.4565],[88.22275,26.45913],[88.22018,26.46032],[88.21976,26.46141],[88.21845,26.46259],[88.21801,26.46393],[88.21773,26.46591],[88.21549,26.46639],[88.21492,26.4668],[88.214,26.46858],[88.2135,26.46874],[88.21083,26.4686],[88.21028,26.46876],[88.20982,26.46923],[88.20978,26.46968],[88.21104,26.47129],[88.21171,26.47182],[88.21507,26.47195],[88.21684,26.47086],[88.21822,26.47066],[88.2198,26.47086],[88.22117,26.47153],[88.22246,26.47293],[88.22447,26.47894],[88.22462,26.4799],[88.22464,26.48126],[88.22436,26.48195],[88.22383,26.48239],[88.22119,26.48333],[88.21986,26.48352],[88.21827,26.48335],[88.21532,26.48325],[88.21303,26.48341],[88.21246,26.48325],[88.21196,26.4829],[88.21177,26.48164],[88.21211,26.4811],[88.21331,26.47986],[88.2138,26.47808],[88.21507,26.47877],[88.21544,26.47869],[88.21577,26.47805],[88.21346,26.47482],[88.21187,26.47366],[88.21073,26.47309],[88.20989,26.47344],[88.20734,26.47388],[88.20466,26.47398],[88.20331,26.47432],[88.20297,26.47452],[88.20296,26.47464],[88.20352,26.47556],[88.20352,26.47592],[88.20339,26.47619],[88.20296,26.47636],[88.20114,26.4759],[88.20065,26.47562],[88.19953,26.47594],[88.19883,26.47589],[88.19779,26.47538],[88.19577,26.47513],[88.19324,26.47646],[88.19162,26.47767],[88.19086,26.47869],[88.19075,26.47901],[88.19084,26.48107],[88.19066,26.48205],[88.18949,26.48251],[88.18905,26.48281],[88.18863,26.48402],[88.18786,26.48491],[88.18745,26.48485],[88.18707,26.48417],[88.18618,26.48377],[88.18597,26.48492],[88.18572,26.48539],[88.18504,26.48607],[88.18353,26.4866],[88.18137,26.48687],[88.18018,26.48728],[88.17989,26.48764],[88.1803,26.48973],[88.18059,26.49029],[88.18175,26.4919],[88.18178,26.49282],[88.18161,26.49323],[88.18115,26.49373],[88.18007,26.49406],[88.17903,26.49404],[88.17885,26.4946],[88.17668,26.49549]]}},
{"type":"Feature","properties":{"kind":"state","name":"Bihar–West Bengal","src":"OSM relations 1958982 and 1960177","river":"22710","rlen":66},"geometry":{"type":"LineString","coordinates":[[88.17668,26.49549],[88.17705,26.49621],[88.17803,26.49744],[88.17858,26.4977],[88.18277,26.49902],[88.18397,26.49975],[88.1844,26.50229],[88.18465,26.50288],[88.1851,26.50359],[88.18639,26.50468],[88.18829,26.5058],[88.19013,26.50704],[88.19099,26.50779],[88.19164,26.50849],[88.19156,26.50922],[88.19086,26.50999],[88.19072,26.51091],[88.1916,26.51196],[88.19184,26.51262],[88.19336,26.51309],[88.19401,26.51257],[88.19451,26.51193],[88.19531,26.51171],[88.19709,26.51204],[88.19714,26.51339]]}},
{"type":"Feature","properties":{"kind":"state","name":"Bihar–West Bengal","src":"OSM relations 1958982 and 1960177"},"geometry":{"type":"LineString","coordinates":[[88.19714,26.51339],[88.196,26.5138],[88.19884,26.51266],[88.19995,26.51272],[88.20134,26.5135],[88.20167,26.51355],[88.20289,26.51312],[88.20316,26.51313],[88.20355,26.51374],[88.2035,26.51401],[88.20257,26.51445],[88.20233,26.51511],[88.20274,26.51693],[88.20344,26.51849],[88.2039,26.51855],[88.20391,26.51927],[88.20371,26.51936],[88.20399,26.5202],[88.20415,26.52129],[88.20609,26.52111],[88.20677,26.52149],[88.20762,26.52229],[88.20768,26.52343],[88.20822,26.52402],[88.20877,26.52441],[88.21219,26.52539],[88.21322,26.52595],[88.21438,26.52664],[88.21498,26.52752],[88.21613,26.52856],[88.21705,26.52866],[88.21818,26.52853],[88.22053,26.52956],[88.22129,26.52998],[88.2218,26.53074],[88.22469,26.53239],[88.22585,26.53323],[88.2272,26.534],[88.22968,26.53504],[88.22958,26.53737],[88.22928,26.53889],[88.22931,26.54006],[88.22797,26.54271],[88.2277,26.54347],[88.22637,26.54546],[88.22616,26.54628],[88.22556,26.54721],[88.22546,26.55024],[88.22566,26.55097],[88.22611,26.55123],[88.22708,26.55124],[88.22791,26.55205],[88.228,26.55295],[88.2275,26.55347],[88.22643,26.55411],[88.22627,26.55446],[88.22632,26.55474],[88.22603,26.55621],[88.22549,26.55675],[88.22394,26.5569],[88.21957,26.55656],[88.21871,26.55666],[88.21675,26.55748],[88.21484,26.55851],[88.21386,26.55939],[88.21296,26.56],[88.21231,26.56088],[88.21191,26.56117],[88.2115,26.56124],[88.21095,26.56092],[88.21065,26.56009],[88.21015,26.55748],[88.20969,26.55645],[88.20974,26.55489],[88.20912,26.55483],[88.20873,26.55456],[88.20829,26.55361],[88.20808,26.55216],[88.20822,26.55006],[88.20898,26.54981],[88.21177,26.54953],[88.21398,26.549],[88.21624,26.54869],[88.21518,26.54701],[88.21404,26.54581],[88.21342,26.54528],[88.2119,26.54443],[88.20976,26.54531],[88.20875,26.54527],[88.20858,26.54538],[88.20765,26.54539],[88.2069,26.54512],[88.20642,26.54477],[88.2061,26.54484],[88.20577,26.54463],[88.20541,26.54457],[88.20527,26.54426],[88.20525,26.54349],[88.20638,26.54326],[88.20777,26.54319],[88.20886,26.54222],[88.2115,26.54268],[88.21294,26.54243],[88.21398,26.54156],[88.21268,26.54041],[88.21161,26.53994],[88.21076,26.53993],[88.20959,26.54023],[88.20767,26.54048],[88.20555,26.5404],[88.20398,26.54113],[88.20338,26.54045],[88.20268,26.53997],[88.20137,26.53954],[88.20151,26.54113],[88.20212,26.54375],[88.1991,26.54413],[88.19627,26.54392],[88.19558,26.54437],[88.19537,26.54481],[88.19526,26.54686],[88.19541,26.54796],[88.19257,26.5479],[88.18781,26.54821],[88.18219,26.54897],[88.18203,26.54815],[88.17939,26.54825],[88.17859,26.5472],[88.17733,26.54389],[88.17622,26.54237],[88.17611,26.54178],[88.17562,26.54053],[88.17581,26.53823],[88.17623,26.53537],[88.17525,26.53474],[88.1749,26.5348],[88.17278,26.53597],[88.17059,26.53774],[88.16994,26.53943],[88.16944,26.53982],[88.16855,26.54006],[88.16786,26.54076],[88.16743,26.53776],[88.16654,26.53553],[88.16147,26.53324],[88.15635,26.53002],[88.15499,26.52982],[88.15216,26.53225],[88.15035,26.53181],[88.14863,26.52828],[88.14833,26.52423],[88.14738,26.52263],[88.146,26.52215],[88.14419,26.52247],[88.14288,26.52297],[88.14185,26.5239],[88.14004,26.52422],[88.1376,26.52424],[88.1362,26.52343],[88.13498,26.52338],[88.13377,26.51684],[88.1328,26.51644],[88.13127,26.51648],[88.13005,26.51602],[88.12965,26.51601],[88.12913,26.51695],[88.1265,26.51955],[88.12515,26.52053],[88.12465,26.52143],[88.12396,26.52223],[88.12386,26.5241],[88.12325,26.52457],[88.12208,26.52517],[88.12105,26.52557],[88.11999,26.52572],[88.11854,26.52639],[88.11727,26.52761],[88.11738,26.52801],[88.11788,26.52883],[88.11797,26.53019],[88.11774,26.53058],[88.1169,26.53112],[88.11697,26.53273],[88.11652,26.53274],[88.1157,26.53234],[88.11478,26.53218],[88.11455,26.53299],[88.11371,26.53218],[88.11227,26.53106],[88.11173,26.53119],[88.1115,26.53169],[88.11112,26.53423],[88.11064,26.53537],[88.11003,26.53606],[88.10787,26.53644],[88.1072,26.537],[88.10534,26.53721],[88.10442,26.53744],[88.10375,26.53791],[88.10349,26.53852],[88.1035,26.53881],[88.10286,26.53964]]}},
{"type":"Feature","properties":{"kind":"state","name":"Assam–West Bengal","src":"OSM relations 2025886 and 1960177"},"geometry":{"type":"LineString","coordinates":[[89.86243,26.70147],[89.86308,26.70056],[89.86333,26.70085],[89.86385,26.69933],[89.86804,26.69327],[89.87261,26.68721],[89.87373,26.68556],[89.87458,26.68362],[89.87477,26.68227],[89.87451,26.68001],[89.87379,26.67648],[89.87235,26.67248],[89.87242,26.67201],[89.87346,26.67142],[89.87419,26.66672],[89.87229,26.66289],[89.87078,26.66065],[89.87013,26.65783],[89.87046,26.65533],[89.87373,26.65292],[89.87537,26.65009],[89.87693,26.64851],[89.87524,26.64457],[89.87164,26.64262],[89.86713,26.63495],[89.86073,26.631],[89.85916,26.62956],[89.85838,26.62762],[89.85825,26.62338],[89.85949,26.6212],[89.86314,26.61634],[89.86423,26.61577],[89.86415,26.61573],[89.86835,26.61495],[89.87031,26.61495],[89.87306,26.61536],[89.87672,26.6163],[89.87842,26.61553],[89.87914,26.61259],[89.87953,26.6093],[89.87914,26.60747],[89.87855,26.60565],[89.87822,26.60304],[89.87554,26.5981],[89.87423,26.59387],[89.87377,26.59134],[89.87397,26.59039],[89.87449,26.58975],[89.87567,26.58869],[89.87901,26.5871],[89.88064,26.58604],[89.88188,26.58498],[89.8826,26.58339],[89.87292,26.5783],[89.87116,26.57907],[89.86599,26.57677],[89.86449,26.57324],[89.86736,26.56948],[89.8671,26.56824],[89.86763,26.56583],[89.86808,26.55701],[89.86899,26.55388],[89.86684,26.54999],[89.86398,26.54421],[89.86318,26.54164],[89.86442,26.53981],[89.86586,26.53511],[89.86586,26.53228],[89.86294,26.53004],[89.86093,26.52549],[89.86028,26.52443],[89.85728,26.52173],[89.85662,26.52073],[89.8561,26.51843],[89.85649,26.5169],[89.85604,26.51478],[89.8578,26.51378],[89.85878,26.51261],[89.85858,26.51043],[89.85676,26.5066],[89.85696,26.50393],[89.85728,26.50258],[89.85676,26.50164],[89.85699,26.50113],[89.85683,26.50076],[89.85764,26.50062],[89.85773,26.49989],[89.85884,26.49991],[89.85685,26.4971],[89.85645,26.49585],[89.85611,26.4952],[89.85436,26.4934],[89.85397,26.49183],[89.85414,26.48817],[89.85633,26.4854],[89.86202,26.48373],[89.86237,26.48355],[89.86181,26.48276],[89.86159,26.48188],[89.86261,26.4773],[89.86315,26.47576],[89.86428,26.47407],[89.8648,26.47022],[89.86482,26.46912],[89.86591,26.4683],[89.86863,26.46861],[89.87055,26.46726],[89.87192,26.4655],[89.87244,26.4645],[89.87296,26.46264],[89.87193,26.46075],[89.87106,26.45873],[89.87043,26.4567],[89.87098,26.45471],[89.87174,26.45327],[89.87215,26.45207],[89.87203,26.45139],[89.87138,26.45073],[89.8684,26.44906],[89.86578,26.4471],[89.8642,26.44676],[89.86402,26.44576],[89.86342,26.44417],[89.86266,26.44292],[89.86176,26.44268],[89.86114,26.44236],[89.85964,26.44092],[89.85856,26.43957],[89.85826,26.43857],[89.85832,26.43793],[89.85902,26.43636],[89.8587,26.43556],[89.85821,26.43478],[89.85739,26.43392],[89.85568,26.4326],[89.85772,26.42993],[89.85769,26.4287],[89.85739,26.42765],[89.85666,26.4261],[89.85587,26.42492],[89.8549,26.42415],[89.8531,26.42343],[89.85182,26.42267],[89.85011,26.42294],[89.84916,26.42279],[89.84976,26.42046],[89.85446,26.41627],[89.85587,26.41577],[89.85671,26.41494],[89.85715,26.4142],[89.85748,26.41198],[89.85487,26.41149],[89.85355,26.41232],[89.85197,26.41266],[89.85072,26.41274],[89.84944,26.41269],[89.84852,26.41252],[89.84558,26.41154],[89.84352,26.41131],[89.83525,26.41202],[89.83449,26.41073],[89.83319,26.40901],[89.83297,26.40838],[89.8331,26.40682],[89.83302,26.40569],[89.83262,26.40373],[89.83205,26.40243],[89.8321,26.40153],[89.83248,26.40021],[89.83243,26.40001],[89.8309,26.39913],[89.82995,26.397],[89.83042,26.39668],[89.82998,26.39556],[89.83006,26.39455],[89.83031,26.39358],[89.83085,26.39288],[89.83219,26.39182],[89.83516,26.391],[89.83631,26.3909],[89.8376,26.39098],[89.84137,26.39239],[89.84328,26.3938],[89.84654,26.39789],[89.8472,26.3989],[89.84781,26.40415],[89.84866,26.40403],[89.84988,26.40359],[89.85101,26.40275],[89.85215,26.40056],[89.85278,26.40041],[89.85354,26.39997],[89.8537,26.39929],[89.85457,26.3977],[89.85553,26.3976],[89.85661,26.39701],[89.85734,26.39613],[89.85745,26.39545],[89.85677,26.395],[89.85634,26.39426],[89.85542,26.39087],[89.85588,26.38928],[89.85661,26.3875],[89.85814,26.38522],[89.85898,26.3844],[89.8589,26.38403],[89.85814,26.38339],[89.85751,26.38307],[89.85585,26.38274],[89.8545,26.38216],[89.85414,26.38315],[89.85354,26.3839],[89.8524,26.38486],[89.85148,26.38525],[89.84996,26.38533],[89.84858,26.38503],[89.84705,26.38525],[89.84581,26.38453],[89.84503,26.3836],[89.84493,26.38268],[89.84433,26.38142],[89.84417,26.38036],[89.84437,26.37866],[89.84302,26.37781],[89.84,26.37842],[89.83967,26.37862],[89.83866,26.37958],[89.83833,26.38019],[89.83655,26.38136],[89.83602,26.3833],[89.83525,26.38396],[89.83445,26.38418],[89.83287,26.38416],[89.83202,26.38392],[89.82899,26.38195],[89.82802,26.38113],[89.82752,26.38032],[89.82716,26.3791],[89.82592,26.37763],[89.8266,26.37631],[89.82783,26.37553],[89.82783,26.37508],[89.82717,26.37374],[89.82948,26.37078],[89.82878,26.36924],[89.82823,26.36753],[89.82764,26.36631],[89.82645,26.36612],[89.8259,26.36506],[89.82436,26.36513],[89.82331,26.36454],[89.82207,26.36315],[89.82183,26.36145],[89.82197,26.35967],[89.82368,26.35762],[89.82457,26.35684],[89.82531,26.35578],[89.82577,26.35485],[89.82491,26.3536],[89.82276,26.35163],[89.82188,26.35141],[89.82045,26.35148],[89.81851,26.35247],[89.81819,26.35242],[89.81792,26.35255],[89.81695,26.35239],[89.81655,26.35261],[89.81622,26.35299],[89.81572,26.35305],[89.81538,26.35258],[89.81518,26.35302],[89.81512,26.35403],[89.81377,26.35603],[89.81283,26.3571],[89.81279,26.35938],[89.81331,26.36151],[89.81453,26.3625],[89.81558,26.36435],[89.81756,26.36504],[89.81998,26.36663],[89.82062,26.36748],[89.8218,26.36944],[89.822,26.37088],[89.82192,26.37181],[89.82051,26.3718],[89.82019,26.3714],[89.82017,26.37072],[89.8203,26.37027],[89.8201,26.37024],[89.81984,26.37034],[89.81969,26.37086],[89.81876,26.37079],[89.8188,26.37106],[89.81831,26.37089],[89.81725,26.37101],[89.81577,26.37137],[89.81445,26.37101],[89.81372,26.37105],[89.81349,26.37068],[89.8114,26.36917],[89.81043,26.36821],[89.8081,26.36524],[89.80482,26.36284],[89.80274,26.36169],[89.80123,26.36102],[89.79653,26.35952],[89.79305,26.35868],[89.79122,26.3577],[89.78886,26.35611],[89.78318,26.3514],[89.78269,26.34988],[89.78225,26.34703],[89.78183,26.34545],[89.78154,26.34163],[89.7816,26.34088],[89.78319,26.33658],[89.78358,26.33513],[89.78373,26.33209],[89.78332,26.33041],[89.78266,26.32942],[89.78107,26.32786],[89.78045,26.32742],[89.77894,26.32673],[89.77591,26.32587],[89.77338,26.32541],[89.77255,26.32508],[89.76926,26.32429],[89.76936,26.32262],[89.76909,26.32129],[89.76828,26.31997],[89.76569,26.31695],[89.76428,26.31607],[89.7627,26.31597],[89.76178,26.31611],[89.76031,26.3166],[89.75949,26.31749],[89.75753,26.31817],[89.75414,26.32435],[89.75098,26.32438],[89.74946,26.32196],[89.7494,26.31937],[89.75208,26.30638],[89.75371,26.30165],[89.75697,26.29861],[89.75912,26.29291],[89.75755,26.29044],[89.75461,26.2893],[89.75051,26.28999],[89.74794,26.29174],[89.74566,26.2939],[89.74463,26.29413],[89.74442,26.29728],[89.74212,26.2968],[89.74141,26.29476],[89.73959,26.29399],[89.73045,26.29392],[89.72563,26.29482],[89.7221,26.29751],[89.72124,26.29936],[89.72197,26.30342],[89.72458,26.30606],[89.72408,26.30996],[89.71824,26.30878],[89.71781,26.30434],[89.71693,26.29803],[89.71836,26.29375],[89.72588,26.28587],[89.7309,26.2822],[89.7359,26.27539],[89.73789,26.2701],[89.73298,26.26837],[89.73367,26.2624],[89.73255,26.25919],[89.72828,26.25903],[89.71745,26.25916],[89.71281,26.26161],[89.71163,26.26432],[89.71285,26.26713],[89.71346,26.27181],[89.70466,26.27192],[89.70363,26.26923],[89.7047,26.26514],[89.70454,26.26389],[89.70402,26.26288],[89.70242,26.26106],[89.70262,26.25786],[89.70387,26.25677],[89.70583,26.25621],[89.70766,26.25616],[89.70971,26.25662],[89.71191,26.25727],[89.71443,26.25825],[89.71554,26.25835],[89.71708,26.25737],[89.71838,26.25643],[89.71845,26.25585],[89.71848,26.25424],[89.71819,26.25259],[89.71693,26.24989],[89.71648,26.24753],[89.71666,26.24677],[89.71729,26.24646],[89.71755,26.24558],[89.71788,26.24515],[89.7192,26.24566],[89.72002,26.24528],[89.7225,26.24454],[89.72431,26.24384],[89.72629,26.24287],[89.72962,26.24115],[89.73183,26.23988],[89.73216,26.23783],[89.73196,26.23708],[89.73074,26.23622],[89.72935,26.23483],[89.7284,26.23406],[89.72707,26.23316],[89.72599,26.23275],[89.72499,26.23262],[89.72417,26.23257],[89.72183,26.23272],[89.72097,26.23257],[89.72064,26.23209],[89.72054,26.2317],[89.7183,26.23176],[89.71701,26.23155],[89.71582,26.23117],[89.7141,26.23025],[89.71381,26.22993],[89.71364,26.22935],[89.71363,26.22532],[89.71351,26.22439],[89.71371,26.22241],[89.71364,26.22212],[89.71296,26.22064],[89.71201,26.21919],[89.71004,26.21784],[89.70907,26.21728],[89.70803,26.21704],[89.70691,26.21704],[89.7061,26.2172],[89.70447,26.21719],[89.70414,26.2174],[89.70393,26.21865],[89.70374,26.21889],[89.7032,26.21928],[89.70119,26.21994],[89.70039,26.21845],[89.70092,26.21628],[89.70211,26.2152],[89.70382,26.2138],[89.70499,26.21314],[89.70583,26.21273],[89.7075,26.21228],[89.70888,26.21204],[89.71287,26.21246],[89.71536,26.21394],[89.71743,26.21424],[89.71914,26.21471],[89.72191,26.21635],[89.7257,26.21818],[89.72913,26.21681],[89.72987,26.21682],[89.73124,26.21643],[89.73171,26.21616],[89.73263,26.21506],[89.73299,26.21402],[89.73323,26.21199],[89.73189,26.20968],[89.73092,26.20839],[89.72874,26.20673],[89.72721,26.2065],[89.72721,26.20596],[89.72501,26.20593],[89.72272,26.20659],[89.72188,26.20632],[89.72138,26.20632],[89.72038,26.20662],[89.71916,26.20662],[89.71637,26.20578],[89.71462,26.20483],[89.71358,26.20445],[89.71228,26.20362],[89.7116,26.20297],[89.7147,26.20264],[89.71544,26.20245],[89.71688,26.20198],[89.71781,26.20135],[89.71859,26.20043],[89.71919,26.19945],[89.71986,26.19772],[89.72037,26.1956],[89.72025,26.19477],[89.71969,26.19311],[89.71911,26.19229],[89.715,26.18942],[89.71393,26.18858],[89.71307,26.18772],[89.71019,26.18722],[89.70921,26.18715],[89.7061,26.18773],[89.70478,26.18808],[89.70244,26.18913],[89.69916,26.19133],[89.6986,26.19118],[89.69912,26.18993],[89.70102,26.18764],[89.70194,26.18547],[89.70328,26.18299],[89.70354,26.17805],[89.70439,26.17775],[89.70508,26.17695],[89.70611,26.17638],[89.70855,26.17465],[89.70879,26.17424],[89.70924,26.17281],[89.71089,26.17221],[89.71122,26.1726],[89.71365,26.17266],[89.7142,26.17334],[89.71691,26.17441],[89.71806,26.1753],[89.72235,26.17771],[89.72439,26.17759],[89.72558,26.17798],[89.72624,26.17765],[89.72749,26.17783],[89.73089,26.17797],[89.73161,26.17783],[89.73247,26.17782],[89.73293,26.17753],[89.73438,26.17532],[89.73501,26.17372],[89.73655,26.17279],[89.73616,26.17261],[89.73523,26.17249],[89.73404,26.17285],[89.73233,26.17297],[89.73137,26.17339],[89.73012,26.17428],[89.7289,26.17411],[89.72814,26.17351],[89.72748,26.17196],[89.72883,26.17003],[89.72886,26.16794],[89.72761,26.16735],[89.72583,26.16732],[89.72392,26.16757],[89.72184,26.16747],[89.71933,26.16641]]}},
{"type":"Feature","properties":{"kind":"state","name":"Assam–West Bengal","src":"OSM relations 2025886 and 1960177"},"geometry":{"type":"LineString","coordinates":[[89.81613,26.34273],[89.81856,26.33883],[89.81937,26.33683],[89.81921,26.33489],[89.81968,26.33302],[89.82303,26.32978],[89.82312,26.32794],[89.82024,26.32325],[89.81741,26.32094],[89.8147,26.32165],[89.81114,26.32371],[89.808,26.32651],[89.80526,26.32841],[89.80283,26.32965],[89.79983,26.32973],[89.79612,26.33299],[89.79728,26.33551],[89.79806,26.33785],[89.7964,26.33969],[89.79341,26.34139],[89.79015,26.34116],[89.78972,26.34183],[89.78989,26.34258],[89.79159,26.34269],[89.79408,26.34383],[89.79537,26.34646],[89.79559,26.34937],[89.7977,26.35032],[89.80001,26.35061],[89.80228,26.35057],[89.80674,26.3491],[89.81257,26.34527],[89.81613,26.34273]]}},
{"type":"Feature","properties":{"kind":"state","name":"Jharkhand–West Bengal","src":"OSM relations 1960191 and 1960177"},"geometry":{"type":"LineString","coordinates":[[86.72496,22.21802],[86.72609,22.21733],[86.72766,22.21612],[86.73081,22.21543],[86.73593,22.21561],[86.73816,22.21544],[86.74032,22.21549],[86.74295,22.21617],[86.74404,22.21598],[86.74507,22.21523],[86.74565,22.21513],[86.7471,22.2141],[86.74978,22.21169],[86.75198,22.21148],[86.75422,22.21144],[86.75792,22.21165],[86.75964,22.21209],[86.76046,22.21263],[86.76253,22.21355],[86.76529,22.21529],[86.76794,22.21745],[86.77114,22.22035],[86.7717,22.21979],[86.77238,22.21882],[86.7755,22.21792],[86.77641,22.21786],[86.77584,22.22019],[86.77583,22.22069],[86.77715,22.22158],[86.77738,22.22229],[86.77737,22.22552],[86.77681,22.22686],[86.77577,22.22822],[86.77434,22.2311],[86.77434,22.23221],[86.77507,22.23395],[86.77768,22.23659],[86.78266,22.23575],[86.78317,22.23636],[86.78393,22.23641],[86.78809,22.23609],[86.78919,22.23573],[86.78974,22.23541],[86.78989,22.23516],[86.78997,22.23457],[86.78858,22.23166],[86.79491,22.22779],[86.79321,22.2242],[86.78603,22.22982],[86.78478,22.23056],[86.78447,22.2306],[86.78177,22.22552],[86.77987,22.22266],[86.77968,22.22213],[86.77983,22.22093],[86.77965,22.21989],[86.77923,22.21935],[86.77819,22.21849],[86.77826,22.2179],[86.77907,22.21692],[86.78474,22.21505],[86.78904,22.21925],[86.79014,22.21874],[86.79187,22.22183],[86.79379,22.22089],[86.79594,22.22043],[86.79777,22.21949],[86.79833,22.21907],[86.79886,22.21915],[86.80018,22.21838],[86.80241,22.21755],[86.8023,22.21985],[86.80256,22.22035],[86.80305,22.22062],[86.80324,22.2209],[86.8037,22.22271],[86.80485,22.22355],[86.80558,22.2254],[86.80546,22.2254],[86.80905,22.236],[86.81106,22.23881],[86.8115,22.24081],[86.81202,22.24123],[86.8103,22.2423],[86.80821,22.24298],[86.80511,22.24329],[86.80348,22.24322],[86.80011,22.23881],[86.79925,22.23788],[86.79777,22.24065],[86.79658,22.24141],[86.79618,22.24182],[86.7959,22.24244],[86.79585,22.24295],[86.79562,22.24314],[86.79486,22.24317],[86.79534,22.24683],[86.79564,22.2476],[86.7957,22.24874],[86.79487,22.24995],[86.79449,22.25072],[86.7941,22.25222],[86.79406,22.25547],[86.79374,22.25938],[86.79226,22.2663],[86.79883,22.26571],[86.79968,22.26505],[86.80111,22.2652],[86.80061,22.26217],[86.80062,22.25927],[86.80049,22.25779],[86.79915,22.25265],[86.79982,22.25238],[86.79962,22.25154],[86.79908,22.25075],[86.79884,22.24918],[86.798,22.24831],[86.79801,22.24702],[86.79885,22.24563],[86.79995,22.24461],[86.8009,22.24425],[86.80399,22.24358],[86.8052,22.24508],[86.8072,22.24723],[86.8087,22.24632],[86.80906,22.24664],[86.81059,22.24987],[86.81065,22.25012],[86.80916,22.25025],[86.81035,22.25244],[86.81163,22.25777],[86.81359,22.26739],[86.81494,22.26706],[86.81487,22.26233],[86.8167,22.25455],[86.81756,22.25394],[86.81825,22.25372],[86.81867,22.25373],[86.81918,22.25453],[86.8201,22.25695],[86.82037,22.25809],[86.82174,22.26134],[86.82261,22.26491],[86.82335,22.2667],[86.8242,22.26676],[86.82481,22.26643],[86.82532,22.26642],[86.82582,22.26621],[86.82658,22.26566],[86.82736,22.26555],[86.82801,22.26476],[86.82851,22.26459],[86.82911,22.26393],[86.82978,22.26376],[86.83093,22.26322],[86.83142,22.26339],[86.83285,22.2635],[86.83326,22.26372],[86.83355,22.26413],[86.83437,22.2644],[86.83486,22.26487],[86.8357,22.26489],[86.83719,22.2653],[86.83759,22.2656],[86.83784,22.26565],[86.83805,22.26556],[86.83826,22.26521],[86.83851,22.26528]]}},
{"type":"Feature","properties":{"kind":"state","name":"Jharkhand–West Bengal","src":"OSM relations 1960191 and 1960177","river":"11362","rlen":33},"geometry":{"type":"LineString","coordinates":[[86.83851,22.26528],[86.83873,22.26536],[86.83888,22.26567],[86.83936,22.26584],[86.83904,22.26501],[86.84026,22.26452],[86.84026,22.26421],[86.83988,22.2639],[86.83967,22.26362],[86.83978,22.26316],[86.84061,22.26247],[86.84103,22.26226],[86.84165,22.26222],[86.84193,22.26195],[86.84228,22.26188],[86.84312,22.26198],[86.84353,22.26222],[86.84364,22.26254],[86.84392,22.26289],[86.84433,22.26292],[86.84451,22.26327],[86.84489,22.26358],[86.8452,22.26351],[86.84586,22.26271],[86.84628,22.2624],[86.84676,22.26257],[86.84729,22.26226],[86.84774,22.26222],[86.84861,22.26188],[86.84921,22.26188],[86.84959,22.26177],[86.85,22.26174],[86.85073,22.26188],[86.85133,22.26188],[86.85178,22.2617],[86.85345,22.26066],[86.85417,22.26],[86.85512,22.25997],[86.85543,22.26014],[86.85622,22.25996],[86.85664,22.25969],[86.85751,22.25937],[86.85779,22.25918],[86.85829,22.25904],[86.85848,22.25876],[86.8585,22.2583],[86.85873,22.2579],[86.85919,22.25805],[86.85968,22.25832],[86.8602,22.25824],[86.8605,22.25805],[86.86096,22.25824],[86.86174,22.25819],[86.86197,22.25857],[86.86203,22.25885],[86.86241,22.25904],[86.86283,22.25912],[86.86319,22.25895],[86.86361,22.25908],[86.86408,22.26005],[86.86483,22.26056],[86.86531,22.26057],[86.86639,22.26007],[86.86702,22.25967],[86.86739,22.2599],[86.8679,22.26004],[86.86842,22.25971],[86.86883,22.25983],[86.86912,22.26009],[86.86952,22.26],[86.86986,22.26017],[86.87019,22.26019],[86.87061,22.26013],[86.87082,22.25992],[86.87089,22.25963],[86.87141,22.25958],[86.87173,22.25992],[86.87215,22.26021],[86.87254,22.26009],[86.87254,22.2591],[86.87299,22.25895],[86.87415,22.25916],[86.87518,22.25983],[86.8756,22.25981],[86.87564,22.25942],[86.8753,22.25916],[86.87551,22.25845],[86.87591,22.25843],[86.87621,22.25862],[86.87669,22.2587],[86.8769,22.25912],[86.87732,22.25903],[86.87759,22.2588],[86.87819,22.25935],[86.87906,22.25904],[86.87973,22.25928],[86.88007,22.25924],[86.88039,22.25895],[86.88055,22.25856],[86.88051,22.25803],[86.88061,22.25774],[86.88095,22.25766],[86.88133,22.25773],[86.88159,22.25798],[86.88188,22.2579],[86.88185,22.25746],[86.88201,22.25719],[86.88267,22.25768],[86.88336,22.25776],[86.88358,22.25802],[86.88363,22.2584],[86.88403,22.2585],[86.88444,22.25853],[86.88474,22.25844],[86.88511,22.25845],[86.88542,22.25827],[86.88525,22.25791],[86.88553,22.25762],[86.88586,22.25775],[86.88621,22.25763],[86.88622,22.25724],[86.88656,22.25707],[86.88678,22.25743]]}},
{"type":"Feature","properties":{"kind":"state","name":"Jharkhand–West Bengal","src":"OSM relations 1960191 and 1960177"},"geometry":{"type":"LineString","coordinates":[[86.88678,22.25743],[86.88659,22.25753],[86.88683,22.25778],[86.88698,22.25822],[86.8869,22.25902],[86.88698,22.25978],[86.88734,22.26056],[86.88796,22.2609],[86.88836,22.26137],[86.88837,22.26239],[86.88729,22.26448],[86.88753,22.27387],[86.88933,22.27376],[86.8892,22.27754],[86.88876,22.27921],[86.88931,22.28272],[86.88925,22.284],[86.8889,22.28612],[86.88777,22.28907],[86.88734,22.29196],[86.88779,22.29746],[86.88221,22.29995],[86.88052,22.30049],[86.87583,22.3015],[86.8754,22.30181],[86.87339,22.30453],[86.87224,22.30712],[86.87037,22.30691],[86.87025,22.30734],[86.86949,22.3071],[86.86835,22.30706],[86.86537,22.3081],[86.8643,22.3087],[86.86247,22.30942],[86.86124,22.3102],[86.85722,22.31208],[86.85012,22.31564],[86.84591,22.31694],[86.84335,22.31756],[86.84104,22.31833],[86.83974,22.31893],[86.83766,22.3201],[86.83649,22.32182],[86.83327,22.32491],[86.83211,22.32723],[86.83157,22.32878],[86.83118,22.33084],[86.83129,22.33342],[86.8311,22.33476],[86.83134,22.33651],[86.83237,22.33852],[86.8323,22.34156],[86.83191,22.3461],[86.83229,22.34851],[86.83289,22.35041],[86.83365,22.35184],[86.83437,22.35269],[86.83577,22.35654],[86.83642,22.36012],[86.83822,22.3628],[86.83922,22.36519],[86.8402,22.36878],[86.84053,22.36938],[86.84206,22.37116],[86.84264,22.37221],[86.84301,22.37392],[86.84254,22.37589],[86.84249,22.37888],[86.84082,22.38197],[86.84088,22.38319],[86.84157,22.38459],[86.84483,22.38961],[86.84563,22.39152],[86.84601,22.39301],[86.84663,22.39736],[86.84635,22.39908],[86.84364,22.40161],[86.83967,22.40403],[86.83862,22.40485],[86.83788,22.40596],[86.8368,22.40704],[86.83469,22.40833],[86.83358,22.40946],[86.83129,22.411],[86.82998,22.41165],[86.82642,22.4124],[86.82492,22.41324],[86.82106,22.4148],[86.81645,22.41694],[86.812,22.41921],[86.80937,22.41923],[86.80707,22.42126],[86.80557,22.42135],[86.80509,22.4211],[86.80406,22.42108],[86.80342,22.42123],[86.79954,22.42156],[86.79389,22.42166],[86.79291,22.42197],[86.79204,22.4226],[86.79097,22.42307],[86.78582,22.42436],[86.78236,22.42483],[86.77628,22.42515],[86.77227,22.42587],[86.76647,22.42669],[86.76453,22.42726],[86.76187,22.4317],[86.76195,22.43263],[86.76159,22.43581],[86.76077,22.43929],[86.75998,22.44165],[86.75916,22.44463],[86.75903,22.44581],[86.75993,22.44604],[86.76273,22.44747],[86.76317,22.44786],[86.76317,22.44838],[86.7623,22.44955],[86.76166,22.45005],[86.76131,22.45026],[86.76056,22.45046],[86.75966,22.45113],[86.75842,22.45141],[86.75537,22.45344],[86.75391,22.45418],[86.75181,22.45584],[86.75101,22.45671],[86.75135,22.46182],[86.75106,22.46543],[86.75063,22.46646],[86.74956,22.46806],[86.74831,22.47092],[86.7481,22.47208],[86.74731,22.47441],[86.74728,22.47478],[86.74738,22.47801],[86.74779,22.47904],[86.74987,22.48295],[86.75018,22.48312],[86.75218,22.48295],[86.75706,22.48294],[86.75949,22.48172],[86.76524,22.482],[86.76609,22.48193],[86.76687,22.48076],[86.76902,22.48009],[86.77077,22.48015],[86.77412,22.48074],[86.77631,22.48068],[86.77839,22.48041],[86.78083,22.48063],[86.78429,22.48124],[86.78558,22.48087],[86.78632,22.48048],[86.78925,22.47825],[86.79006,22.47778],[86.79117,22.47743],[86.79257,22.47776],[86.79537,22.48042],[86.79761,22.48312],[86.79804,22.4845],[86.8016,22.48883],[86.80144,22.48955],[86.80026,22.49151],[86.79919,22.49239],[86.79726,22.49283],[86.79516,22.49393],[86.79469,22.49433],[86.79443,22.49479],[86.79378,22.49646],[86.79389,22.49719],[86.79473,22.49826],[86.79482,22.4989],[86.79524,22.49938],[86.79562,22.49955],[86.79675,22.49919],[86.79706,22.49927],[86.79836,22.50035],[86.7993,22.50042],[86.8008,22.50074],[86.8023,22.5025],[86.80239,22.50304],[86.80213,22.50303],[86.8019,22.50321],[86.8009,22.50445],[86.80083,22.50551],[86.79908,22.50579],[86.79841,22.506],[86.79769,22.5064],[86.79736,22.50682],[86.79698,22.50837],[86.79651,22.50958],[86.79613,22.50986],[86.79501,22.51032],[86.79359,22.51056],[86.79266,22.51132],[86.79253,22.51213],[86.79265,22.51274],[86.79319,22.51399],[86.79494,22.51398],[86.79292,22.52498],[86.79037,22.52566],[86.78685,22.52685],[86.78715,22.52745],[86.78768,22.53024],[86.78841,22.53276],[86.78854,22.53369],[86.78896,22.53409],[86.78892,22.53481],[86.78851,22.53636],[86.788,22.53754],[86.78737,22.53817],[86.78927,22.53923],[86.78977,22.53991],[86.79026,22.54122],[86.78951,22.54581],[86.78929,22.549],[86.78856,22.54897],[86.78773,22.54943],[86.78734,22.54938],[86.78705,22.54949],[86.78629,22.55013],[86.78579,22.54985],[86.7855,22.54951],[86.78523,22.54957],[86.78481,22.54972],[86.78418,22.55029],[86.78383,22.55027],[86.78337,22.54965],[86.78305,22.54961],[86.78257,22.54997],[86.78212,22.54995],[86.78194,22.5498],[86.78191,22.54943],[86.78152,22.54904],[86.78108,22.54925],[86.78048,22.54926],[86.78015,22.54906],[86.77956,22.54921],[86.77934,22.54956],[86.77881,22.54973],[86.77837,22.54948],[86.77744,22.54937],[86.77713,22.54956],[86.77621,22.54951],[86.77573,22.54898],[86.7754,22.54879],[86.77519,22.5488],[86.77484,22.54905],[86.7738,22.55034],[86.77251,22.55257],[86.77169,22.55314],[86.77092,22.55341],[86.77024,22.5538],[86.7691,22.55458],[86.76644,22.55774],[86.76677,22.55891],[86.76918,22.56034],[86.7698,22.56088],[86.77157,22.56106],[86.77193,22.56464],[86.77148,22.56491],[86.77082,22.56576],[86.77038,22.56587],[86.76952,22.56585],[86.76879,22.56602],[86.76812,22.56652],[86.76774,22.56698],[86.76742,22.56785],[86.767,22.57208],[86.76686,22.57502],[86.7633,22.57583],[86.7585,22.57788],[86.75521,22.57829],[86.75338,22.57746],[86.75208,22.57852],[86.75082,22.57815],[86.7497,22.57757],[86.74795,22.57728],[86.74358,22.57732],[86.74045,22.57722],[86.73455,22.57679],[86.73149,22.57691],[86.72659,22.57822],[86.72143,22.57931],[86.71371,22.58196],[86.71115,22.58239],[86.7092,22.58236],[86.70689,22.58222],[86.70558,22.582],[86.6914,22.57899],[86.6871,22.57847],[86.68465,22.57833],[86.68248,22.577],[86.67978,22.57455],[86.67926,22.57446],[86.6757,22.57423],[86.67189,22.57489],[86.66869,22.57511],[86.66025,22.57495],[86.65952,22.57504],[86.65453,22.58113],[86.65363,22.58181],[86.65703,22.5908],[86.65555,22.59145],[86.65106,22.59302],[86.64448,22.59449],[86.63943,22.59782],[86.63892,22.59849],[86.63828,22.60027],[86.63813,22.60122],[86.63862,22.60652],[86.6386,22.60947],[86.63411,22.61039],[86.63444,22.61181],[86.63465,22.61382],[86.63538,22.61831],[86.63682,22.6221],[86.63863,22.6246],[86.63902,22.62531],[86.63925,22.62979],[86.63964,22.63154],[86.63985,22.63343],[86.63986,22.63557],[86.63973,22.64143],[86.63937,22.64536],[86.63863,22.65078],[86.63884,22.65123],[86.64165,22.65453],[86.64211,22.65565],[86.64239,22.65701],[86.64226,22.65804],[86.64121,22.65948],[86.63604,22.66497],[86.63533,22.66519],[86.63272,22.6653],[86.6312,22.66557],[86.62935,22.66669],[86.62845,22.66747],[86.62825,22.6678],[86.62785,22.66961],[86.62644,22.67221],[86.62399,22.67524],[86.62353,22.67564],[86.62295,22.67606],[86.62142,22.67678],[86.62066,22.67768],[86.62027,22.67789],[86.61849,22.67808],[86.61665,22.67882],[86.61541,22.67917],[86.61267,22.67954],[86.61163,22.67991],[86.61126,22.68017],[86.60849,22.68399],[86.60795,22.68437],[86.60764,22.68444],[86.60612,22.68439],[86.60567,22.68529],[86.60442,22.68601],[86.60253,22.68732],[86.60156,22.68748],[86.59968,22.68805],[86.59833,22.68822],[86.59796,22.68808],[86.59763,22.6877],[86.59713,22.68858],[86.59672,22.68903],[86.5962,22.68941],[86.59577,22.68955],[86.59487,22.68966],[86.59142,22.68962],[86.58988,22.68978],[86.58663,22.69058],[86.58527,22.69108],[86.58356,22.69215],[86.58048,22.69433],[86.57799,22.69657],[86.57638,22.69743],[86.57386,22.69834],[86.57224,22.69926],[86.57177,22.69965],[86.57085,22.70111],[86.57027,22.70187],[86.56984,22.70223],[86.56881,22.70268],[86.56793,22.70288],[86.56732,22.70319],[86.56479,22.70524],[86.56299,22.7062],[86.5626,22.70674],[86.5625,22.70786],[86.56208,22.70822],[86.56185,22.70878],[86.56139,22.7093],[86.56078,22.70976],[86.55734,22.71151],[86.55542,22.71299],[86.54788,22.71934],[86.54503,22.7213],[86.5442,22.7216],[86.54374,22.7216],[86.54259,22.72108],[86.54028,22.7193],[86.5384,22.7184],[86.53558,22.71732],[86.53513,22.71725],[86.53361,22.71757],[86.53123,22.71866],[86.53015,22.719],[86.52676,22.71914],[86.52433,22.71943],[86.5235,22.7193],[86.52253,22.71809],[86.52132,22.71601],[86.52085,22.71545],[86.52033,22.71523],[86.51998,22.71515],[86.5194,22.71524],[86.5188,22.71545],[86.51742,22.71564],[86.51698,22.71585],[86.51669,22.71576],[86.5159,22.71583],[86.51363,22.71652],[86.51293,22.71662],[86.51249,22.71474],[86.51226,22.71426],[86.51172,22.71384],[86.51159,22.71355],[86.51151,22.71197],[86.51163,22.71081],[86.51305,22.7087],[86.5134,22.70783],[86.51345,22.70717],[86.51252,22.70601],[86.51133,22.705],[86.51027,22.70653],[86.50934,22.70754],[86.50827,22.70851],[86.50742,22.70903],[86.50687,22.70964],[86.50639,22.71085],[86.50569,22.71156],[86.50471,22.71294],[86.50401,22.71517],[86.50353,22.71567],[86.50286,22.7161],[86.50253,22.71663],[86.50091,22.71816],[86.50074,22.71841],[86.5006,22.71955],[86.50001,22.72046],[86.49768,22.72287],[86.49595,22.72297],[86.49468,22.72328],[86.49457,22.72464],[86.49375,22.72508],[86.49386,22.72577],[86.49321,22.72639],[86.49294,22.72659],[86.49066,22.72735],[86.48668,22.72813],[86.48539,22.72825],[86.48443,22.72661],[86.48154,22.72786],[86.48173,22.7302],[86.48143,22.73054],[86.4806,22.73082],[86.48029,22.73114],[86.47907,22.73357],[86.47877,22.73394],[86.47673,22.73475],[86.47651,22.73498],[86.47505,22.73913],[86.47482,22.73932],[86.47364,22.7397],[86.4728,22.74188],[86.47157,22.74426],[86.47153,22.74656],[86.47108,22.74763],[86.46993,22.74875],[86.46979,22.75068],[86.47008,22.75144],[86.46968,22.7521],[86.46923,22.7523],[86.46887,22.75309],[86.46667,22.75509],[86.46467,22.75724],[86.46373,22.75786],[86.46284,22.75873],[86.46171,22.76048],[86.46018,22.76191],[86.4594,22.76252],[86.45793,22.76336],[86.45095,22.76289],[86.44916,22.76213],[86.44867,22.76181],[86.44923,22.76235],[86.44772,22.76501],[86.44687,22.76967],[86.44457,22.77183],[86.43845,22.77395],[86.43854,22.77515],[86.43549,22.77638],[86.43369,22.77531],[86.43039,22.77642],[86.4294,22.78073],[86.42624,22.78398],[86.42092,22.78869],[86.41649,22.7899],[86.41633,22.79137],[86.41654,22.79153],[86.41684,22.79153],[86.41774,22.79075],[86.41881,22.79068],[86.41989,22.79137],[86.42074,22.79278],[86.42118,22.79275],[86.42148,22.79209],[86.42233,22.79161],[86.42289,22.79188],[86.42327,22.79192],[86.42341,22.79217],[86.42331,22.79295],[86.42356,22.79353],[86.42346,22.79432],[86.42331,22.79467],[86.4226,22.79542],[86.42256,22.79687],[86.42336,22.79831],[86.4241,22.79821],[86.42466,22.799],[86.42543,22.7991],[86.42548,22.79931],[86.42525,22.79996],[86.42458,22.80017],[86.42447,22.80082],[86.42371,22.80124],[86.42339,22.80216],[86.42343,22.80265],[86.4237,22.80296],[86.4241,22.80317],[86.42412,22.80378],[86.42462,22.80392],[86.4247,22.80502],[86.42455,22.80533],[86.42455,22.80578],[86.42475,22.80603],[86.42525,22.80633],[86.42525,22.80654],[86.42492,22.80681],[86.42325,22.80909],[86.42306,22.8095],[86.42252,22.80998],[86.42466,22.81281],[86.42848,22.81934],[86.43042,22.8214],[86.43146,22.82296],[86.43191,22.8233],[86.43266,22.82419],[86.43427,22.82664],[86.4361,22.82888],[86.43756,22.83017],[86.43885,22.83102],[86.43578,22.83539],[86.43556,22.83592],[86.43553,22.8366],[86.43582,22.83823],[86.43585,22.83978],[86.4352,22.84393],[86.43478,22.84589],[86.4344,22.84704],[86.43457,22.84772],[86.43454,22.84831],[86.43394,22.85023],[86.43393,22.85174],[86.43346,22.85277],[86.4334,22.85336],[86.43353,22.85377],[86.43377,22.85416],[86.43416,22.85445],[86.43434,22.85492],[86.43437,22.85607],[86.43483,22.85684],[86.43489,22.8574],[86.4352,22.85826],[86.43588,22.85912],[86.43589,22.85936],[86.43497,22.86051],[86.43747,22.86242],[86.43812,22.86386],[86.43843,22.8639],[86.43922,22.86368],[86.43959,22.8639],[86.43969,22.86426],[86.44869,22.8617],[86.45077,22.86154],[86.45108,22.86285],[86.4511,22.86374],[86.45145,22.86469],[86.45194,22.86758],[86.45236,22.86854],[86.45234,22.86905],[86.45213,22.86951],[86.45187,22.87187],[86.45198,22.87292],[86.45209,22.87331],[86.45285,22.87335],[86.45306,22.87359],[86.4532,22.87414],[86.45306,22.87512],[86.45317,22.8757],[86.45306,22.8768],[86.45393,22.87683],[86.45402,22.87718],[86.45451,22.87755],[86.45484,22.87894],[86.45473,22.87977],[86.4548,22.88063],[86.45422,22.88127],[86.45429,22.88182],[86.45417,22.88199],[86.4524,22.88253]]}},
{"type":"Feature","properties":{"kind":"state","name":"Jharkhand–West Bengal","src":"OSM relations 1960191 and 1960177","river":"29040","rlen":45},"geometry":{"type":"LineString","coordinates":[[86.4524,22.88253],[86.45256,22.88309],[86.45282,22.88352],[86.45332,22.88361],[86.45337,22.88399],[86.45309,22.88463],[86.45289,22.88588],[86.45331,22.88627],[86.45366,22.88627],[86.45546,22.88572],[86.45585,22.88576],[86.45615,22.88598],[86.45605,22.88764],[86.45588,22.88798],[86.45618,22.88839],[86.45663,22.88876],[86.45733,22.88915],[86.45766,22.88968],[86.45838,22.89027],[86.4593,22.89082],[86.45964,22.89198],[86.45994,22.89238],[86.4603,22.89231],[86.46076,22.89234],[86.46213,22.8933],[86.46282,22.89399],[86.4631,22.89416],[86.46369,22.8941],[86.46423,22.89428],[86.46483,22.89484],[86.46495,22.8956],[86.46561,22.89583],[86.46592,22.89624],[86.46598,22.89681],[86.46497,22.89753],[86.46494,22.89813],[86.46545,22.89875],[86.46579,22.89935],[86.46676,22.89981],[86.46717,22.90067],[86.46732,22.90087]]}},
{"type":"Feature","properties":{"kind":"state","name":"Jharkhand–West Bengal","src":"OSM relations 1960191 and 1960177"},"geometry":{"type":"LineString","coordinates":[[86.46732,22.90087],[86.46635,22.90147],[86.46595,22.90214],[86.46543,22.90239],[86.46526,22.90231],[86.46496,22.90177],[86.46457,22.90151],[86.46404,22.90164],[86.46307,22.90157],[86.46249,22.90183],[86.46027,22.90162],[86.45907,22.90223],[86.45752,22.90202],[86.45705,22.90229],[86.45655,22.903],[86.45555,22.9033],[86.4552,22.90308],[86.45506,22.90278],[86.45471,22.90248],[86.45342,22.9023],[86.45297,22.90246],[86.45286,22.90286],[86.453,22.90357],[86.45256,22.90417],[86.45214,22.9042],[86.45166,22.90382],[86.45131,22.90384],[86.45139,22.90563],[86.45081,22.90561],[86.44941,22.90642],[86.44928,22.90656],[86.44937,22.90721],[86.44924,22.90747],[86.44763,22.90861],[86.44716,22.90938],[86.44659,22.90966],[86.44651,22.91076],[86.44584,22.91161],[86.44557,22.91229],[86.44487,22.91334],[86.44468,22.91394],[86.44387,22.91416],[86.44261,22.91575],[86.44179,22.91604],[86.44151,22.91629],[86.44151,22.91737],[86.44079,22.9184],[86.44048,22.91949],[86.43934,22.91961],[86.43877,22.91988],[86.43836,22.92043],[86.43827,22.92124],[86.43734,22.92178],[86.43649,22.92205],[86.4362,22.92232],[86.43577,22.92308],[86.43526,22.92489],[86.43534,22.92519],[86.43593,22.92595],[86.43638,22.92623],[86.43792,22.92683],[86.44083,22.9276],[86.44117,22.92759],[86.44201,22.92797],[86.44318,22.92908],[86.44338,22.92962],[86.44315,22.93013],[86.44285,22.93042],[86.44301,22.93067],[86.44341,22.93082],[86.4437,22.9308],[86.44512,22.9305],[86.4468,22.93071],[86.44807,22.93113],[86.45131,22.93325],[86.45212,22.93312],[86.45418,22.93198],[86.45436,22.93198],[86.45712,22.9336],[86.45998,22.93506],[86.46007,22.93636],[86.46023,22.93669],[86.46146,22.93728],[86.46196,22.94095],[86.46215,22.94137],[86.46253,22.94178],[86.46324,22.94216],[86.46409,22.94296],[86.46461,22.94382],[86.46483,22.94468],[86.46535,22.94546],[86.46581,22.94565],[86.46677,22.94562],[86.46789,22.94519],[86.46868,22.94457],[86.46912,22.94451],[86.46963,22.94533],[86.47043,22.94772],[86.47098,22.94893],[86.47264,22.94945],[86.47636,22.95023],[86.47632,22.95118],[86.47674,22.95113],[86.47718,22.95079],[86.47793,22.94936],[86.47785,22.94806],[86.47771,22.94784],[86.47715,22.94761],[86.477,22.94741],[86.47727,22.94609],[86.47772,22.9458],[86.47915,22.94573],[86.47929,22.94562],[86.47919,22.94512],[86.47929,22.94495],[86.47958,22.94493],[86.47996,22.94512],[86.48025,22.94507],[86.48047,22.94428],[86.48066,22.94409],[86.48147,22.94443],[86.48218,22.94332],[86.48283,22.94397],[86.4832,22.94372],[86.48395,22.94278],[86.4853,22.94277],[86.48574,22.94206],[86.48673,22.9412],[86.48748,22.94022],[86.48768,22.93992],[86.48784,22.93875],[86.48806,22.93829],[86.48868,22.9377],[86.48893,22.93726],[86.48913,22.93724],[86.48955,22.93809],[86.48986,22.93824],[86.49033,22.93821],[86.49067,22.93837],[86.49256,22.94039],[86.49248,22.94165],[86.49333,22.94285],[86.49415,22.94288],[86.49454,22.94326],[86.49472,22.9453],[86.49524,22.94685],[86.49568,22.94716],[86.49747,22.94745],[86.49757,22.94597],[86.50011,22.94582],[86.50078,22.94594],[86.50089,22.94757],[86.50188,22.94776],[86.50203,22.94862],[86.50216,22.94878],[86.5029,22.94897],[86.503,22.95017],[86.50216,22.95023],[86.50258,22.95187],[86.504,22.95131],[86.50612,22.95089],[86.50784,22.95088],[86.50848,22.95061],[86.50966,22.94975],[86.51105,22.94843],[86.51198,22.94792],[86.5127,22.94776],[86.51921,22.94824],[86.52097,22.9495],[86.52141,22.95006],[86.52165,22.95004],[86.523,22.94931],[86.52422,22.94826],[86.52598,22.94761],[86.52852,22.94951],[86.52918,22.95013],[86.53004,22.95215],[86.53147,22.96293],[86.5316,22.96521],[86.5338,22.96539],[86.54037,22.9668],[86.5405,22.9668],[86.54072,22.96648],[86.54107,22.9665],[86.54121,22.96673],[86.54137,22.96676],[86.54308,22.96569],[86.54478,22.96569],[86.54499,22.96589],[86.54495,22.96617],[86.54417,22.96717],[86.54395,22.96807],[86.54408,22.96973],[86.5447,22.97011],[86.54533,22.97028],[86.54613,22.97099],[86.54745,22.97263],[86.5477,22.97331],[86.54787,22.97474],[86.54866,22.97602],[86.55056,22.97799],[86.5495,22.97895],[86.5487,22.98008],[86.5475,22.98232],[86.54791,22.98599],[86.54788,22.98694],[86.54767,22.98763],[86.54738,22.98815],[86.54561,22.99028],[86.54542,22.99033],[86.54451,22.98893],[86.54288,22.98719],[86.54071,22.98512],[86.53991,22.98458],[86.53478,22.98191],[86.53028,22.98065],[86.52989,22.98061],[86.52904,22.98097],[86.52872,22.98097],[86.52814,22.98064],[86.52601,22.9787],[86.52382,22.97713],[86.52553,22.97556],[86.52667,22.97562],[86.52684,22.97549],[86.527,22.97455],[86.52681,22.97375],[86.52619,22.97261],[86.5256,22.972],[86.52401,22.97126],[86.52119,22.97071],[86.51936,22.97082],[86.51291,22.97169],[86.51248,22.97187],[86.51216,22.97229],[86.5114,22.97277],[86.51024,22.97258],[86.50897,22.97285],[86.50862,22.97304],[86.50861,22.97327],[86.50899,22.97381],[86.51048,22.97548],[86.5128,22.97635],[86.51378,22.97749],[86.5134,22.97794],[86.51302,22.97768],[86.51142,22.9797],[86.50918,22.98197],[86.50572,22.9847],[86.50416,22.98611],[86.50361,22.98686],[86.50319,22.98771],[86.50332,22.98835],[86.50328,22.98886],[86.5027,22.9903],[86.50137,22.99169],[86.50115,22.99359],[86.49922,22.99354],[86.499,22.99343],[86.4982,22.99243],[86.49769,22.99204],[86.49594,22.99234],[86.49428,22.99236],[86.49354,22.99256],[86.49189,22.99273],[86.48989,22.99229],[86.48825,22.99237],[86.48774,22.9925],[86.48706,22.99243],[86.48108,22.99098],[86.48042,22.99013],[86.48037,22.98982],[86.47989,22.99036],[86.47869,22.99126],[86.47804,22.99147],[86.47573,22.99175],[86.47454,22.99166],[86.47217,22.99091],[86.4713,22.99024],[86.47092,22.98978],[86.47051,22.98889],[86.46885,22.98902],[86.46758,22.98946],[86.46662,22.98916],[86.46534,22.98855],[86.46451,22.98844],[86.46322,22.98858],[86.4615,22.9896],[86.45957,22.98915],[86.45839,22.98907],[86.45568,22.99032],[86.45155,22.99024],[86.45118,22.98866],[86.45085,22.98835],[86.44642,22.98824],[86.44459,22.99063],[86.44354,22.99225],[86.44323,22.99263],[86.4423,22.99323],[86.44173,22.99342],[86.43863,22.99369],[86.43661,22.99415],[86.43566,22.9942],[86.43462,22.99445],[86.43228,22.99545],[86.4312,22.99566],[86.43013,22.99604],[86.42907,22.99657],[86.42531,22.99657],[86.42529,22.99757],[86.42407,22.99776],[86.41935,23.00027],[86.4192,23.00025],[86.41892,22.99965],[86.41824,22.9993]]}},
{"type":"Feature","properties":{"kind":"state","name":"Jharkhand–West Bengal","src":"OSM relations 1960191 and 1960177","river":"28575","rlen":30},"geometry":{"type":"LineString","coordinates":[[86.41824,22.9993],[86.41835,22.99892],[86.41932,22.99755],[86.41945,22.99719],[86.41944,22.9969],[86.41926,22.99673],[86.41893,22.9967],[86.41851,22.99682],[86.41755,22.99727],[86.41729,22.99727],[86.41712,22.99717],[86.41705,22.99702],[86.41706,22.99676],[86.41739,22.99573],[86.41734,22.99528],[86.4171,22.99446],[86.41721,22.99324],[86.41624,22.99306],[86.41505,22.99299],[86.41466,22.99284],[86.4145,22.99263],[86.41446,22.99234],[86.41477,22.99139],[86.41478,22.99126],[86.41469,22.99117],[86.4134,22.99086],[86.41276,22.9906],[86.41223,22.99057],[86.41177,22.99075],[86.41149,22.99113],[86.41124,22.99132],[86.41045,22.99148],[86.40996,22.991],[86.40975,22.99026],[86.40958,22.99],[86.40836,22.98916],[86.40813,22.98912],[86.40787,22.98923],[86.40745,22.98971],[86.40699,22.9898],[86.40679,22.98977],[86.40666,22.9894],[86.40657,22.9886],[86.40618,22.98803],[86.40567,22.98771],[86.40494,22.98769],[86.40456,22.98754],[86.40451,22.98689],[86.40433,22.98628],[86.4035,22.9845],[86.40239,22.98257],[86.40174,22.98184],[86.40016,22.98037],[86.39948,22.98006],[86.39846,22.97996],[86.39654,22.98029],[86.39491,22.9802],[86.3948,22.98023]]}},
{"type":"Feature","properties":{"kind":"state","name":"Jharkhand–West Bengal","src":"OSM relations 1960191 and 1960177"},"geometry":{"type":"LineString","coordinates":[[86.3948,22.98023],[86.39426,22.98049],[86.39284,22.98166],[86.38855,22.98457],[86.38771,22.98531],[86.3871,22.98605],[86.38617,22.98766],[86.38541,22.98945],[86.3851,22.9912],[86.38502,22.99526],[86.38356,22.99428],[86.38012,22.99551],[86.37665,22.99649],[86.37557,22.9971],[86.37521,22.99744],[86.37275,22.99815],[86.37178,22.99674],[86.36728,22.99859],[86.3646,22.99945],[86.3639,22.99958],[86.3571,22.99931],[86.35624,22.99944],[86.35443,22.99934],[86.35453,22.99297],[86.35227,22.99445],[86.34764,22.99662],[86.34498,22.99664],[86.3437,22.99649],[86.34262,22.99584],[86.34165,22.99447],[86.34098,22.99398],[86.34061,22.99355],[86.34022,22.99255],[86.33976,22.99023],[86.33953,22.98981],[86.33703,22.99076],[86.33506,22.9917],[86.33264,22.99266],[86.33091,22.99318],[86.32809,22.99449],[86.32659,22.99466],[86.32593,22.9949],[86.32196,22.9971],[86.32159,22.99744],[86.31979,23.0006],[86.31612,23.00007],[86.31583,23.00018],[86.31567,23.00045],[86.31574,23.0007],[86.31545,23.0011],[86.31441,23.00166],[86.3104,23.00265],[86.3089,23.00342],[86.30872,23.00387],[86.30941,23.00641],[86.30909,23.00705],[86.30224,23.01006],[86.30354,23.01177],[86.30399,23.01268],[86.30385,23.01292],[86.30333,23.01324],[86.30469,23.0153],[86.30409,23.01586],[86.30374,23.016],[86.30218,23.01348],[86.30108,23.01142],[86.30036,23.01118],[86.2997,23.01009],[86.29938,23.00979],[86.29869,23.0096],[86.29679,23.00952],[86.29621,23.00968],[86.29537,23.01024],[86.29427,23.01187],[86.29212,23.01298],[86.29108,23.01203],[86.29012,23.01158],[86.28927,23.01099],[86.28869,23.01003],[86.2878,23.0098],[86.28728,23.00947],[86.28698,23.00859],[86.28676,23.0083],[86.28578,23.0081],[86.28537,23.0079],[86.28418,23.00692],[86.28338,23.00754],[86.2827,23.00763],[86.28202,23.00755],[86.28145,23.00787],[86.28101,23.00795],[86.28002,23.00775],[86.27821,23.00782],[86.27717,23.00738],[86.27646,23.00691],[86.27559,23.00584],[86.275,23.00563],[86.27434,23.00485],[86.27297,23.00472],[86.27236,23.00451],[86.27198,23.00353],[86.27156,23.00308],[86.26787,23.00116],[86.26789,23.00093],[86.2681,23.00065],[86.26824,22.99984],[86.26774,22.99976],[86.26709,22.99913],[86.26659,22.99881],[86.2661,22.99867],[86.2658,22.99835],[86.26585,22.99798],[86.26518,22.99797],[86.26264,22.99854],[86.26102,22.99828],[86.26056,22.99859],[86.26007,22.9984],[86.25346,22.99711],[86.25262,22.99643],[86.2517,22.9959],[86.25119,22.99588],[86.25012,22.99641],[86.24871,22.9957],[86.24874,22.99519],[86.2485,22.99491],[86.24735,22.99506],[86.24718,22.99533],[86.24705,22.99648],[86.2469,22.99663],[86.2456,22.99685],[86.24535,22.9982],[86.24306,22.9981],[86.24203,22.99615],[86.24171,22.99609],[86.23897,22.99635],[86.23512,22.99644],[86.23104,22.99614],[86.23033,22.99597],[86.22916,22.99519],[86.22877,22.99512],[86.22622,22.99604],[86.22486,22.99694],[86.22418,22.99761],[86.22312,22.99908],[86.2227,22.9995],[86.22227,22.99947],[86.22093,22.99881],[86.22046,22.99883],[86.21566,23.00002],[86.20763,23.00003],[86.2067,23.00028],[86.20616,23.00044],[86.20597,23.00076],[86.20629,23.00152],[86.20657,23.00317],[86.20677,23.00392],[86.2072,23.00441],[86.20825,23.00454],[86.2086,23.0048],[86.2086,23.00533],[86.2081,23.00584],[86.2084,23.00651],[86.20797,23.00622],[86.20579,23.00625],[86.20142,23.00595],[86.19965,23.00629],[86.19884,23.00666],[86.19807,23.00685],[86.19611,23.00641],[86.19503,23.00569],[86.19369,23.00515],[86.19054,23.00526],[86.18841,23.00563],[86.18754,23.00565],[86.18699,23.00546],[86.18654,23.00495],[86.18503,23.00538],[86.18391,23.00589],[86.18275,23.00694],[86.18235,23.00811],[86.18164,23.00899],[86.18121,23.01003],[86.1809,23.01126],[86.18081,23.01239],[86.18097,23.01334],[86.18127,23.01419],[86.18127,23.0147],[86.18061,23.01536],[86.17923,23.01733],[86.17958,23.01827],[86.17958,23.01901],[86.17932,23.02038],[86.17898,23.02077],[86.17851,23.02082],[86.17828,23.02067],[86.17823,23.02038],[86.17751,23.02017],[86.17615,23.02028],[86.1743,23.02074],[86.17008,23.02244],[86.16987,23.02301],[86.1703,23.02374],[86.17061,23.024],[86.17062,23.02476],[86.17032,23.02542],[86.17049,23.0264],[86.1701,23.02664],[86.16926,23.02656],[86.16847,23.0267],[86.16836,23.02752],[86.16846,23.02806],[86.16728,23.02838],[86.16716,23.0289],[86.16667,23.02913],[86.16639,23.02947],[86.16668,23.03027],[86.16776,23.03225],[86.16774,23.03256],[86.167,23.03275],[86.16544,23.03238],[86.16435,23.03118],[86.16417,23.03047],[86.1642,23.02953],[86.1637,23.02865],[86.16306,23.02829],[86.16209,23.02857],[86.15921,23.02911],[86.15717,23.02994],[86.15602,23.03117],[86.15558,23.03203],[86.1558,23.03309],[86.15567,23.03329],[86.15607,23.03408],[86.15665,23.03916],[86.15669,23.04056],[86.15753,23.04394],[86.15828,23.04584],[86.15804,23.04618],[86.15501,23.0476],[86.15364,23.0481],[86.15251,23.04944],[86.15179,23.05065],[86.15099,23.05154],[86.14916,23.05213],[86.14521,23.05282],[86.14345,23.05346],[86.14261,23.05364],[86.14198,23.05425],[86.14286,23.05519],[86.14238,23.05525],[86.14177,23.05584],[86.14133,23.05658],[86.14206,23.0572],[86.14211,23.05818],[86.14184,23.05885],[86.14177,23.06012],[86.14254,23.06178],[86.14404,23.06351],[86.14362,23.06535],[86.14386,23.0663],[86.14366,23.06774],[86.14454,23.06853],[86.14495,23.06909],[86.14482,23.06969],[86.14473,23.07187],[86.14632,23.07463],[86.14626,23.07496],[86.14553,23.07523],[86.13792,23.07673],[86.13604,23.07724],[86.13549,23.0776],[86.13572,23.07855],[86.1358,23.08065],[86.1348,23.08224],[86.13394,23.08336],[86.1331,23.08387],[86.13211,23.08413],[86.13124,23.08403],[86.13037,23.0842],[86.13037,23.08475],[86.12976,23.08515],[86.12898,23.08537],[86.12881,23.08752]]}},
{"type":"Feature","properties":{"kind":"state","name":"Jharkhand–West Bengal","src":"OSM relations 1960191 and 1960177","river":"11439","rlen":32},"geometry":{"type":"LineString","coordinates":[[86.12881,23.08752],[86.12774,23.08802],[86.12729,23.08794],[86.12696,23.08761],[86.12677,23.0873],[86.12619,23.08679],[86.12534,23.08661],[86.12441,23.08656],[86.1241,23.08666],[86.12277,23.08633],[86.12179,23.08583],[86.12068,23.08487],[86.11949,23.08442],[86.11682,23.08535],[86.11582,23.08538],[86.11439,23.08561],[86.11358,23.08561],[86.11259,23.08456],[86.11218,23.08454],[86.11149,23.08426],[86.11011,23.08433],[86.10918,23.08466],[86.10837,23.08525],[86.10761,23.0853],[86.10697,23.08511],[86.10637,23.08509],[86.10514,23.08554],[86.10165,23.08656],[86.10071,23.08673],[86.09988,23.08604],[86.099,23.08471],[86.0989,23.08453]]}},
{"type":"Feature","properties":{"kind":"state","name":"Jharkhand–West Bengal","src":"OSM relations 1960191 and 1960177"},"geometry":{"type":"LineString","coordinates":[[86.0989,23.08453],[86.09943,23.08428],[86.09926,23.08398],[86.09802,23.0842],[86.09796,23.08511],[86.09721,23.08488],[86.09647,23.08514],[86.09598,23.08583],[86.09544,23.08624],[86.09515,23.08698],[86.09452,23.08754],[86.09182,23.08902],[86.09062,23.08943],[86.0906,23.09337],[86.09035,23.09442],[86.09005,23.09471],[86.08707,23.09456],[86.08543,23.09495],[86.08351,23.09505],[86.07854,23.09473],[86.07693,23.09431],[86.0757,23.09464],[86.07048,23.09736],[86.06621,23.09932],[86.06397,23.10055],[86.06215,23.1017],[86.06046,23.10246],[86.05872,23.10279],[86.05589,23.10294],[86.05451,23.10346],[86.05188,23.10541],[86.05126,23.10553],[86.05081,23.10709],[86.05112,23.10777],[86.05106,23.10876],[86.05123,23.1095],[86.05175,23.11001],[86.0521,23.11071],[86.05219,23.11144],[86.05359,23.11215],[86.05411,23.11269],[86.05419,23.11391],[86.05409,23.11714],[86.05456,23.11838],[86.05473,23.11928],[86.05552,23.12086],[86.05591,23.12201],[86.05591,23.12274],[86.05518,23.12471],[86.05329,23.12718],[86.05269,23.12827],[86.05101,23.12999],[86.05016,23.13118],[86.04904,23.1334],[86.04766,23.1351],[86.04664,23.1358],[86.04593,23.13599],[86.04619,23.13721],[86.046,23.13748],[86.04529,23.13761],[86.04605,23.13918],[86.04618,23.14021],[86.04606,23.14171],[86.0447,23.14353],[86.04452,23.14424],[86.04362,23.14449],[86.04237,23.14453],[86.04156,23.14476],[86.04117,23.14509],[86.0404,23.14532],[86.03975,23.14567],[86.03849,23.14673],[86.03754,23.14711],[86.03719,23.14694],[86.0369,23.14571],[86.03625,23.14546],[86.03465,23.14444],[86.03378,23.14442],[86.03278,23.14534],[86.03162,23.14543],[86.03079,23.14586],[86.02997,23.14604],[86.02907,23.14607],[86.02712,23.14555],[86.02615,23.1451],[86.02547,23.14461],[86.02455,23.14428],[86.02336,23.14486],[86.02221,23.14563],[86.02082,23.14582],[86.01966,23.14653],[86.01831,23.14814],[86.01811,23.14903],[86.01833,23.15009],[86.01892,23.15102],[86.0195,23.15164],[86.02001,23.15251],[86.01999,23.15279],[86.01939,23.15359],[86.01862,23.15425],[86.0178,23.15471],[86.01707,23.15457],[86.0162,23.15359],[86.01452,23.1491],[86.01345,23.14791],[86.01115,23.14833],[86.00974,23.14846],[86.00424,23.14837],[86.00306,23.14826],[86.00116,23.14835],[85.99897,23.14873],[85.99773,23.14953],[85.99752,23.15004],[85.99244,23.15194],[85.98783,23.15321],[85.98458,23.15332],[85.98147,23.15426],[85.97596,23.15479],[85.97414,23.15597],[85.97172,23.15709],[85.96956,23.15773],[85.96638,23.15885],[85.96318,23.15977],[85.96206,23.16023],[85.95761,23.16105],[85.957,23.16105],[85.95318,23.15496],[85.95193,23.15323],[85.95147,23.1524],[85.95137,23.15173],[85.94763,23.15172],[85.94601,23.15198],[85.94505,23.15243],[85.94317,23.15302],[85.94269,23.15304],[85.93825,23.15177],[85.93695,23.15024],[85.93117,23.15092],[85.9289,23.15105],[85.92843,23.15029],[85.92771,23.14857],[85.91411,23.14913],[85.91097,23.15293],[85.91024,23.15342],[85.90866,23.15397],[85.90561,23.15472],[85.9036,23.15492],[85.90038,23.15491],[85.89499,23.15511],[85.89424,23.15462]]}},
{"type":"Feature","properties":{"kind":"state","name":"Jharkhand–West Bengal","src":"OSM relations 1960191 and 1960177","river":"11466","rlen":479},"geometry":{"type":"LineString","coordinates":[[85.89424,23.15462],[85.89337,23.15576],[85.89174,23.1583],[85.89083,23.15957],[85.88997,23.16058],[85.88905,23.16185],[85.88768,23.16317],[85.88651,23.16388],[85.8854,23.1648],[85.88332,23.16744],[85.88164,23.17068],[85.88119,23.17226],[85.88129,23.17327],[85.88129,23.17449],[85.88159,23.17779],[85.88185,23.17931],[85.88225,23.18342],[85.88235,23.18494],[85.88235,23.18677],[85.88271,23.18849],[85.88286,23.18992],[85.88311,23.19118],[85.88311,23.19337],[85.88301,23.19631],[85.88261,23.19778],[85.88195,23.19946],[85.88108,23.20082],[85.87956,23.20199],[85.87774,23.20382],[85.87692,23.20478],[85.87383,23.2091],[85.8719,23.21224],[85.86987,23.21595],[85.86835,23.21782],[85.86708,23.21985],[85.86617,23.22087],[85.86449,23.22178],[85.86343,23.22209],[85.86261,23.22209],[85.85926,23.22106],[85.85714,23.221],[85.85637,23.22111],[85.85462,23.22165],[85.85242,23.22223],[85.85046,23.22239],[85.8474,23.22246],[85.84609,23.22214],[85.84451,23.2216],[85.84009,23.22035],[85.83887,23.2203],[85.83821,23.22035],[85.83762,23.22066],[85.83688,23.22144],[85.83685,23.22217],[85.83699,23.22316],[85.83731,23.22416],[85.83762,23.22462],[85.83789,23.22552],[85.83876,23.22748],[85.83925,23.2297],[85.83892,23.23214],[85.83659,23.23779],[85.83648,23.23903],[85.83656,23.23962],[85.83709,23.24066],[85.83797,23.24163],[85.83869,23.24368],[85.83879,23.24474],[85.8386,23.24619],[85.83805,23.24725],[85.83736,23.24807],[85.83577,23.24922],[85.83486,23.25009],[85.8323,23.25179],[85.8316,23.25216],[85.82994,23.25357],[85.82922,23.25391],[85.82838,23.25492],[85.82707,23.25585],[85.82519,23.25733],[85.82444,23.25823],[85.82315,23.26073],[85.82275,23.26207],[85.82227,23.26313],[85.81978,23.26756],[85.81978,23.26814],[85.82008,23.26934],[85.82118,23.27075],[85.82458,23.27637],[85.82728,23.28024],[85.82837,23.28206],[85.8289,23.2831],[85.8297,23.28503],[85.82983,23.28567],[85.83086,23.28906],[85.83139,23.29052],[85.83241,23.29291],[85.83344,23.295],[85.83429,23.29721],[85.8354,23.29883],[85.83622,23.30067],[85.83691,23.30192],[85.83744,23.30413],[85.83826,23.30619],[85.83861,23.30686],[85.83911,23.30749],[85.84076,23.30824],[85.84235,23.30876],[85.84287,23.30885],[85.84356,23.30898],[85.84481,23.30905],[85.84659,23.30932],[85.84749,23.30974],[85.84781,23.30999],[85.84833,23.31067],[85.84881,23.312],[85.84898,23.31269],[85.84892,23.31269],[85.849,23.31394],[85.8491,23.31434],[85.85017,23.31651],[85.85041,23.31679],[85.85168,23.31789],[85.85257,23.31841],[85.85306,23.31855],[85.85411,23.31931],[85.85481,23.31968],[85.85635,23.32032],[85.85818,23.32168],[85.85971,23.32271],[85.86026,23.32362],[85.86067,23.32481],[85.86096,23.32536],[85.86215,23.32711],[85.86291,23.32762],[85.86329,23.32799],[85.86629,23.32948],[85.86771,23.33006],[85.86803,23.3304],[85.86824,23.33095],[85.86816,23.33157],[85.86742,23.33276],[85.86652,23.33482],[85.86652,23.33605],[85.86639,23.33705],[85.86559,23.33853],[85.8653,23.33994],[85.86533,23.34034],[85.86559,23.34108],[85.86596,23.34146],[85.86706,23.34204],[85.86838,23.34241],[85.86904,23.34252],[85.87097,23.34247],[85.87174,23.34268],[85.87429,23.34387],[85.87496,23.34431],[85.87683,23.34525],[85.8779,23.34599],[85.8785,23.3463],[85.87954,23.3471],[85.88,23.34779],[85.88055,23.34827],[85.88249,23.34948],[85.88286,23.34997],[85.88307,23.35044],[85.88294,23.35172],[85.88206,23.35307],[85.88168,23.3535],[85.88013,23.35445],[85.8792,23.35522],[85.87853,23.35554],[85.87723,23.35641],[85.87615,23.35737],[85.87583,23.35789],[85.87501,23.35993],[85.87477,23.36088],[85.87483,23.36234],[85.875,23.36341],[85.87535,23.36468],[85.87535,23.36534],[85.87557,23.36616],[85.87577,23.36812],[85.87551,23.37065],[85.87538,23.37125],[85.87498,23.37226],[85.87474,23.3746],[85.87484,23.37594],[85.87538,23.3783],[85.87575,23.37892],[85.87615,23.37934],[85.87665,23.38003],[85.87744,23.38056],[85.87773,23.38087],[85.87797,23.38122],[85.87797,23.38192],[85.8779,23.38233],[85.87766,23.38271],[85.87662,23.38393],[85.8757,23.38448],[85.87487,23.38486],[85.87236,23.38552],[85.87121,23.38613],[85.87092,23.38637],[85.87064,23.38703],[85.87048,23.38796],[85.8706,23.38849],[85.87082,23.38901],[85.87113,23.38941],[85.87203,23.39029],[85.87283,23.3909],[85.87421,23.39161],[85.87742,23.39226],[85.87827,23.39257],[85.87944,23.39262],[85.87994,23.39271],[85.88174,23.39337],[85.88254,23.39369],[85.88341,23.39416],[85.88543,23.3958],[85.88622,23.39633],[85.88744,23.39676],[85.88813,23.39691],[85.89054,23.39715],[85.8912,23.39695],[85.89397,23.39581],[85.89499,23.39533],[85.89619,23.39448],[85.89683,23.39421],[85.89749,23.394],[85.89842,23.39384],[85.89937,23.39387],[85.89996,23.39401],[85.90049,23.3945],[85.9017,23.39592],[85.90223,23.39686],[85.90245,23.39752],[85.90261,23.39891],[85.90256,23.39941],[85.9021,23.40095],[85.9007,23.40329],[85.8999,23.40402],[85.89924,23.40482],[85.89876,23.40519],[85.89773,23.40573],[85.89709,23.40591],[85.89635,23.4059],[85.89113,23.40538],[85.8898,23.40513],[85.88909,23.40482],[85.88818,23.40427],[85.88765,23.40419],[85.88699,23.40432],[85.88681,23.4046],[85.88667,23.40527],[85.8867,23.40615],[85.88689,23.40718],[85.88717,23.40776],[85.88821,23.40875],[85.88858,23.4089],[85.88885,23.40898],[85.89051,23.40888],[85.89116,23.40912],[85.89157,23.40948],[85.89163,23.4103],[85.89144,23.41105],[85.89054,23.41285],[85.88922,23.4145],[85.88835,23.41531],[85.88729,23.41588],[85.8862,23.41662],[85.88524,23.41778],[85.88421,23.41864],[85.88355,23.41948],[85.88261,23.42012],[85.88195,23.42044],[85.88115,23.42136],[85.88094,23.42195],[85.88065,23.42213],[85.88039,23.42245],[85.88033,23.42276],[85.88044,23.42308],[85.88082,23.42369],[85.88113,23.42385],[85.88204,23.42409],[85.88386,23.42402],[85.88429,23.42407],[85.88473,23.42417],[85.88519,23.42438],[85.88575,23.42447],[85.88662,23.42447],[85.88691,23.42468],[85.88709,23.42496],[85.88713,23.42582],[85.88699,23.42646],[85.88623,23.42794],[85.88601,23.42828],[85.88477,23.42916],[85.88352,23.4304],[85.88241,23.43086],[85.88163,23.43104],[85.881,23.43102],[85.87949,23.4308],[85.87907,23.43062],[85.8788,23.43065],[85.87831,23.43043],[85.87784,23.4301],[85.8771,23.42979],[85.87549,23.43015],[85.87459,23.43043],[85.87195,23.43098],[85.86839,23.43114],[85.86685,23.43099],[85.86459,23.43112]]}},
{"type":"Feature","properties":{"kind":"state","name":"Jharkhand–West Bengal","src":"OSM relations 1960191 and 1960177"},"geometry":{"type":"LineString","coordinates":[[85.86459,23.43112],[85.8646,23.43129],[85.86389,23.43136],[85.86422,23.4329],[85.86387,23.43434],[85.86418,23.43569],[85.86398,23.43634],[85.86366,23.43702],[85.86237,23.43883],[85.86188,23.43906],[85.86193,23.44238],[85.86198,23.44289],[85.86248,23.44384],[85.86243,23.4461],[85.86312,23.44774],[85.86329,23.44846],[85.86384,23.45148],[85.86381,23.45263],[85.86391,23.45313],[85.86456,23.45382],[85.8649,23.4547],[85.86458,23.45614],[85.86412,23.45682],[85.86366,23.45781],[85.86363,23.45861],[85.86406,23.45916],[85.86573,23.45991],[85.8653,23.45996],[85.86249,23.46152],[85.86473,23.46284],[85.8658,23.46309],[85.86801,23.46545],[85.86809,23.46678],[85.86879,23.46831],[85.8689,23.46882],[85.86879,23.47083],[85.86918,23.47141],[85.86995,23.47308],[85.86989,23.47407],[85.87,23.47495],[85.87073,23.47551],[85.87191,23.47618],[85.87364,23.47673],[85.87486,23.47812],[85.87513,23.47928],[85.87529,23.47971],[85.87546,23.47985],[85.87688,23.47997],[85.88219,23.48077],[85.88273,23.48095],[85.88474,23.48188],[85.88618,23.48295],[85.88715,23.48431],[85.88771,23.48388],[85.8863,23.48205],[85.88852,23.48259],[85.88991,23.4825],[85.89181,23.4827],[85.89277,23.4829],[85.89353,23.48345],[85.89522,23.48348],[85.89627,23.48377],[85.89708,23.48336],[85.89751,23.48291],[85.90014,23.48241],[85.90207,23.48249],[85.90234,23.48255],[85.9033,23.48317],[85.90557,23.4836],[85.9072,23.48371],[85.9086,23.48363],[85.90938,23.48333],[85.90984,23.48282],[85.90995,23.48231],[85.91132,23.48117],[85.91204,23.48084],[85.91269,23.48079],[85.91524,23.48187],[85.91693,23.47963],[85.91782,23.47876],[85.92017,23.47724],[85.92286,23.47612],[85.92473,23.47557],[85.92667,23.47522],[85.92965,23.47433],[85.93198,23.47383],[85.93243,23.47364],[85.93261,23.47313],[85.93283,23.47291],[85.93324,23.47305],[85.9339,23.47308],[85.93522,23.47286],[85.9358,23.47312],[85.93627,23.47318],[85.93683,23.47309],[85.93742,23.47274],[85.93771,23.47274],[85.93837,23.47243],[85.93892,23.47248],[85.93956,23.4723],[85.94076,23.47235],[85.94219,23.4726],[85.94336,23.47262],[85.94433,23.47248],[85.94493,23.4719],[85.94541,23.47172],[85.9475,23.47132],[85.9541,23.47097],[85.95499,23.47102],[85.95547,23.47119],[85.95593,23.47169],[85.95642,23.47339],[85.95711,23.47441],[85.95802,23.47481],[85.9599,23.47534],[85.96161,23.47565],[85.96277,23.47624],[85.96771,23.47615],[85.96984,23.4764],[85.971,23.47637],[85.97145,23.47632],[85.97278,23.4758],[85.97302,23.47582],[85.97379,23.47627],[85.97477,23.47654],[85.97683,23.47603],[85.97751,23.47604],[85.97801,23.47624],[85.97822,23.47652],[85.97832,23.47713],[85.97868,23.47755],[85.97971,23.47767],[85.98062,23.47815],[85.98212,23.47832],[85.98275,23.4785],[85.9835,23.47847],[85.98408,23.47826],[85.98525,23.47832],[85.98616,23.47855],[85.98697,23.47849],[85.98776,23.47905],[85.98803,23.47898],[85.98851,23.47848],[85.98897,23.47831],[85.98966,23.47863],[85.99016,23.47908],[85.9906,23.47912],[85.99098,23.47935],[85.992,23.47928],[85.99233,23.47943],[85.99242,23.47984],[85.99234,23.48023],[85.99252,23.48033],[85.99297,23.48032],[85.99363,23.48048],[85.99399,23.4804],[85.99464,23.48065],[85.99552,23.48044],[85.9963,23.48069],[85.99751,23.48067],[85.99772,23.48093],[85.9986,23.48095],[85.99921,23.48146],[86.0004,23.48137],[86.00191,23.48215],[86.00239,23.48213],[86.00322,23.48177],[86.00397,23.48242],[86.00454,23.48243],[86.00491,23.48263],[86.00517,23.48331],[86.00537,23.4835],[86.00587,23.4835],[86.00684,23.48272],[86.00719,23.48272],[86.00775,23.48319],[86.0083,23.48337],[86.00852,23.48357],[86.00866,23.48431],[86.0097,23.4843],[86.01177,23.48397],[86.01414,23.48452],[86.01585,23.48441],[86.01673,23.48449],[86.01755,23.48482],[86.0186,23.485],[86.01951,23.48531],[86.02062,23.48526],[86.02075,23.48538],[86.02087,23.48598],[86.02121,23.48619],[86.02166,23.48636],[86.02298,23.48651],[86.02447,23.48624],[86.02607,23.48615],[86.02688,23.48569],[86.02767,23.48563],[86.03147,23.48365],[86.03215,23.48365],[86.03269,23.48395],[86.0352,23.48451],[86.03687,23.48589],[86.03726,23.48592],[86.03792,23.48594],[86.0397,23.48442],[86.04077,23.4845],[86.04181,23.48505],[86.04241,23.48505],[86.04337,23.48449],[86.04396,23.48432],[86.04514,23.4845],[86.04622,23.48531],[86.04728,23.48544],[86.0479,23.48563],[86.04832,23.48593],[86.04868,23.48601],[86.04904,23.4858],[86.05012,23.48557],[86.05037,23.4858],[86.05068,23.48653],[86.05102,23.48653],[86.0514,23.48625],[86.05176,23.48628],[86.05181,23.48653],[86.05219,23.48699],[86.05251,23.48706],[86.05288,23.48679],[86.05346,23.48682],[86.05384,23.48706],[86.05408,23.48739],[86.05418,23.4878],[86.05467,23.48836],[86.05471,23.48882],[86.05431,23.48907],[86.05418,23.4896],[86.05472,23.49017],[86.05526,23.49038],[86.05776,23.49036],[86.05793,23.49046],[86.05791,23.49075],[86.0563,23.49277],[86.05625,23.49359],[86.05636,23.49377],[86.05667,23.49408],[86.05716,23.49415],[86.05671,23.49508],[86.05445,23.49522],[86.0533,23.49502],[86.05195,23.49519],[86.04986,23.4957],[86.04815,23.49578],[86.04661,23.49605],[86.04273,23.49697],[86.04014,23.49745],[86.03849,23.4976],[86.03819,23.49778],[86.03812,23.49934],[86.0383,23.50066],[86.0389,23.50381],[86.03941,23.50466],[86.03927,23.50534],[86.03863,23.50608],[86.03822,23.50691],[86.03824,23.50781],[86.03846,23.50866],[86.03775,23.51037],[86.03775,23.51066],[86.03824,23.51151],[86.03888,23.51326],[86.03929,23.51488],[86.03924,23.51504],[86.03576,23.51508],[86.03527,23.51528],[86.035,23.51571],[86.03468,23.51593],[86.03451,23.51623],[86.03449,23.51674],[86.03431,23.51719],[86.03405,23.5173],[86.03358,23.51784],[86.03348,23.52092],[86.03387,23.52267],[86.03107,23.52671],[86.03019,23.52736],[86.02929,23.52732],[86.02895,23.52765],[86.02841,23.53259],[86.02707,23.53407],[86.02366,23.53692],[86.02351,23.53766],[86.02378,23.53815],[86.02487,23.53898],[86.02599,23.53964],[86.02818,23.54052],[86.02816,23.54085],[86.02765,23.54211],[86.02718,23.54238],[86.02585,23.5426],[86.02355,23.54325],[86.0188,23.5451],[86.01663,23.54676],[86.01628,23.54732],[86.01767,23.55221],[86.01779,23.55544],[86.01771,23.55612],[86.01733,23.55694],[86.01727,23.55742],[86.01782,23.55959],[86.01873,23.56],[86.02043,23.5612],[86.02185,23.56166],[86.02467,23.56205],[86.0251,23.56325],[86.02673,23.56483],[86.02703,23.56579],[86.02787,23.56724],[86.02874,23.56961],[86.0296,23.57076],[86.03075,23.572],[86.03222,23.57271],[86.03492,23.57427],[86.0375,23.57651],[86.03789,23.57629],[86.03881,23.57517],[86.03949,23.57481],[86.04013,23.57526],[86.04071,23.57697],[86.0409,23.57943],[86.04129,23.58141],[86.04129,23.58356],[86.04172,23.58459],[86.04206,23.58688],[86.0445,23.58635],[86.04518,23.58603],[86.04616,23.58581],[86.04839,23.58545],[86.04873,23.58558],[86.04909,23.58604],[86.0498,23.5863],[86.05216,23.58615],[86.05338,23.58494],[86.05401,23.58404],[86.0556,23.58294],[86.05735,23.58214],[86.05905,23.58171],[86.05949,23.58124],[86.06056,23.58046],[86.06112,23.58043],[86.06171,23.58077],[86.06307,23.57992],[86.06426,23.57936],[86.0657,23.57896],[86.06664,23.57891],[86.0685,23.57842],[86.07141,23.57815],[86.07492,23.57882],[86.07624,23.57927],[86.07716,23.57932],[86.07743,23.57921],[86.0775,23.57863],[86.07719,23.57784],[86.07617,23.57677],[86.07524,23.57625],[86.0741,23.57073],[86.07288,23.56965],[86.07274,23.56932],[86.07274,23.56884],[86.07293,23.56864],[86.07407,23.56837],[86.07564,23.5683],[86.07856,23.56664],[86.08087,23.56568],[86.08155,23.56575],[86.08265,23.56613],[86.08376,23.56678],[86.08452,23.56689],[86.08512,23.56683],[86.08576,23.56638],[86.08761,23.56629],[86.08841,23.56586],[86.08924,23.56496],[86.09026,23.56416],[86.09272,23.56328],[86.09393,23.56324],[86.09429,23.56337],[86.09423,23.56135]]}},
{"type":"Feature","properties":{"kind":"state","name":"Jharkhand–West Bengal","src":"OSM relations 1960191 and 1960177","river":"24442","rlen":85},"geometry":{"type":"LineString","coordinates":[[86.09423,23.56135],[86.095,23.56121],[86.0954,23.56122],[86.09567,23.56141],[86.09595,23.56196],[86.09623,23.56226],[86.09653,23.56238],[86.09748,23.56254],[86.098,23.56281],[86.09809,23.56296],[86.09809,23.56315],[86.09762,23.5639],[86.09721,23.56537],[86.09722,23.56551],[86.09735,23.56564],[86.09826,23.56611],[86.09884,23.56624],[86.09947,23.56604],[86.10072,23.56525],[86.10149,23.56503],[86.10215,23.56502],[86.10338,23.56538],[86.10406,23.56547],[86.10495,23.56546],[86.1067,23.56523],[86.10759,23.56633],[86.10796,23.56709],[86.10795,23.56729],[86.10759,23.56791],[86.1076,23.56828],[86.10793,23.56858],[86.10835,23.56872],[86.10909,23.56877],[86.11009,23.56847],[86.11167,23.56818],[86.11217,23.56785],[86.11276,23.56712],[86.11325,23.56666],[86.11389,23.56625],[86.11457,23.56601],[86.11536,23.56589],[86.1163,23.56591],[86.11657,23.56607],[86.11692,23.5667],[86.11719,23.56699],[86.11757,23.56719],[86.11799,23.56726],[86.11827,23.56722],[86.1185,23.56706],[86.11893,23.56635],[86.11921,23.5661],[86.1196,23.56593],[86.11998,23.56587],[86.12016,23.56615],[86.12058,23.56736],[86.12086,23.56769],[86.12114,23.56788],[86.12306,23.56877],[86.12472,23.56987],[86.12552,23.56999],[86.12699,23.5699],[86.12813,23.56847],[86.12935,23.56734],[86.12954,23.56699],[86.12958,23.56672],[86.12944,23.56635],[86.12895,23.56607],[86.12831,23.56603],[86.12743,23.56621],[86.12703,23.56614],[86.12684,23.56588],[86.1269,23.56559],[86.12822,23.56486],[86.12975,23.56428],[86.13054,23.56386],[86.1313,23.56325],[86.1316,23.56275],[86.13172,23.56228],[86.13171,23.56194],[86.13127,23.561],[86.13101,23.55978],[86.131,23.55909],[86.13117,23.55877],[86.13177,23.55913],[86.13296,23.55938],[86.13356,23.55967],[86.13383,23.55994],[86.13438,23.56081],[86.13496,23.56143],[86.13596,23.56233],[86.13645,23.56251],[86.13696,23.56237],[86.13719,23.56208],[86.13727,23.56165],[86.13721,23.56084],[86.13742,23.56031],[86.1387,23.55916],[86.13892,23.55903],[86.13926,23.55903],[86.13958,23.5593],[86.13993,23.56012],[86.14118,23.56095],[86.14163,23.56145],[86.14167,23.56158],[86.14122,23.56215],[86.14107,23.56253],[86.14109,23.56296],[86.14132,23.56336],[86.1416,23.56356],[86.14198,23.56369],[86.14291,23.56363],[86.14364,23.56386],[86.14416,23.56375],[86.14515,23.56329],[86.1455,23.5632],[86.14592,23.56326],[86.14672,23.56355],[86.14712,23.56352],[86.14742,23.56336],[86.14777,23.56291],[86.14781,23.56247],[86.14753,23.56218],[86.14681,23.56176],[86.14668,23.56153],[86.14679,23.56129],[86.14725,23.56088],[86.14827,23.56037],[86.14935,23.56039],[86.1501,23.56025],[86.15127,23.56024],[86.15152,23.56037],[86.1523,23.56109],[86.15254,23.5612],[86.15309,23.56108],[86.15316,23.56073],[86.15385,23.56008],[86.15468,23.55978],[86.15506,23.55985],[86.1556,23.5607],[86.15614,23.56072],[86.15636,23.56049],[86.15718,23.56045],[86.15744,23.56027],[86.15769,23.5602]]}},
{"type":"Feature","properties":{"kind":"state","name":"Jharkhand–West Bengal","src":"OSM relations 1960191 and 1960177"},"geometry":{"type":"LineString","coordinates":[[86.15769,23.5602],[86.15774,23.56034],[86.15835,23.55998],[86.15835,23.55971],[86.15645,23.5563],[86.15481,23.55428],[86.15282,23.55213],[86.15231,23.54912],[86.15354,23.54663],[86.15805,23.54147],[86.15749,23.53701],[86.15637,23.53382],[86.15537,23.52962],[86.15447,23.52859],[86.15206,23.52678],[86.15031,23.52523],[86.14929,23.52269],[86.14919,23.52],[86.14863,23.51935],[86.15089,23.51713],[86.1541,23.51273],[86.15502,23.5121],[86.15687,23.51123],[86.15965,23.51046],[86.16147,23.50947],[86.16208,23.509],[86.16239,23.50849],[86.16232,23.50781],[86.16057,23.50367],[86.15741,23.50064],[86.1574,23.49945],[86.15962,23.4946],[86.15961,23.49344],[86.15796,23.49135],[86.15786,23.4896],[86.15756,23.48864],[86.15622,23.48699],[86.15388,23.48506],[86.15207,23.48336],[86.15161,23.48287],[86.15135,23.4822],[86.15151,23.4808],[86.15339,23.47946],[86.15361,23.47893],[86.15371,23.47574],[86.15355,23.47543],[86.15289,23.47481],[86.15156,23.47433],[86.14957,23.47523],[86.149,23.4752],[86.14929,23.47413],[86.14918,23.47246],[86.14888,23.4716],[86.1477,23.46964],[86.14741,23.46841],[86.14744,23.4676],[86.14802,23.46683],[86.14863,23.46626],[86.14883,23.46526],[86.15103,23.46594],[86.15665,23.46806],[86.15932,23.4686],[86.15957,23.46884],[86.15992,23.46882],[86.15998,23.46845],[86.15976,23.46787],[86.15983,23.46612],[86.16034,23.46591],[86.16083,23.46609],[86.16136,23.46664],[86.16213,23.46701],[86.16451,23.46708],[86.16601,23.46771],[86.16626,23.46757],[86.16744,23.46748],[86.16801,23.46727],[86.16957,23.46739],[86.17072,23.46779],[86.17142,23.46782],[86.17306,23.46846],[86.17378,23.46878],[86.17536,23.46978],[86.17701,23.47001],[86.17829,23.46984],[86.17844,23.46967],[86.17855,23.4691],[86.17935,23.46761],[86.18016,23.46711],[86.18203,23.46697],[86.18207,23.46638],[86.18116,23.46341],[86.18114,23.46078],[86.18124,23.46047],[86.18172,23.46008],[86.18625,23.45826],[86.18706,23.45809],[86.18749,23.45819],[86.18816,23.45863],[86.18974,23.46006],[86.19012,23.46028],[86.19058,23.46033],[86.19144,23.46018],[86.19357,23.45931],[86.19456,23.4585],[86.19503,23.45789],[86.19472,23.45717],[86.19488,23.45589],[86.19545,23.45464],[86.19589,23.45439],[86.1969,23.4555],[86.19709,23.45553],[86.19794,23.45484],[86.19889,23.45334],[86.19931,23.45338],[86.20019,23.45403],[86.20044,23.45408],[86.2034,23.45396],[86.20571,23.45368],[86.20593,23.45352],[86.20614,23.45314],[86.20646,23.45187],[86.2066,23.45024],[86.20678,23.45],[86.20846,23.44977],[86.21087,23.44911],[86.21573,23.44815],[86.22197,23.44552],[86.22363,23.44457],[86.2247,23.44428],[86.22604,23.44366],[86.22838,23.44288],[86.22882,23.44306],[86.23005,23.4443],[86.23023,23.44499],[86.23069,23.44523],[86.23098,23.44602],[86.23096,23.44684],[86.23031,23.45132],[86.23069,23.45177],[86.23184,23.45382],[86.23202,23.45517],[86.23248,23.45685],[86.23259,23.45795],[86.23204,23.46007],[86.23219,23.46118],[86.23262,23.46224],[86.23287,23.46243],[86.23347,23.46245],[86.23421,23.46093],[86.23497,23.46055],[86.23632,23.46098],[86.23662,23.46122],[86.23741,23.46111],[86.23855,23.46027],[86.23979,23.45982],[86.2414,23.45981],[86.24423,23.45958],[86.24557,23.45929],[86.24655,23.45888],[86.24735,23.45836],[86.24758,23.45702],[86.24744,23.45618],[86.24652,23.45489],[86.24215,23.45107],[86.24209,23.45055],[86.24235,23.44653],[86.24098,23.4462],[86.24015,23.44578],[86.23889,23.44479],[86.23777,23.44495],[86.23655,23.44489],[86.23399,23.44096],[86.23378,23.44034],[86.2333,23.43974],[86.23277,23.43932],[86.23281,23.43865],[86.23347,23.43775],[86.23316,23.43732],[86.23249,23.43725],[86.23212,23.43687],[86.23205,23.4363],[86.23146,23.43598],[86.23174,23.43441],[86.2324,23.43342],[86.23243,23.43251],[86.22985,23.43085],[86.2309,23.42842],[86.23247,23.42563],[86.23431,23.42089],[86.23546,23.42126],[86.23664,23.4212],[86.23853,23.42161],[86.24003,23.42215],[86.24247,23.42247],[86.24347,23.42349],[86.244,23.42375],[86.24479,23.42366],[86.246,23.42325],[86.24786,23.42299],[86.24886,23.42247],[86.2489,23.42206],[86.24814,23.42123],[86.24839,23.42008],[86.24836,23.41971],[86.24814,23.41927],[86.2478,23.41921],[86.24729,23.41875],[86.2472,23.41788],[86.24685,23.41672],[86.2457,23.41436],[86.24561,23.4139],[86.24566,23.41342],[86.24668,23.41281],[86.24708,23.41161],[86.24739,23.41114],[86.24766,23.41101],[86.24789,23.41102],[86.24813,23.41131],[86.24962,23.41087],[86.25148,23.41084],[86.25246,23.41121],[86.25339,23.41189],[86.25377,23.41193],[86.25436,23.4118],[86.25569,23.41218],[86.25647,23.41305],[86.25704,23.41317],[86.25877,23.41317],[86.25915,23.41331],[86.25937,23.41374],[86.25997,23.41701],[86.26025,23.41782],[86.26002,23.41804],[86.25935,23.41815],[86.25872,23.41861],[86.25741,23.42066],[86.25657,23.42162],[86.2548,23.42329],[86.25241,23.42602],[86.25221,23.42677],[86.25506,23.42925],[86.25585,23.42982],[86.25658,23.43009],[86.25748,23.4302],[86.26136,23.43016],[86.26367,23.43074],[86.26409,23.43077],[86.26537,23.4304],[86.26982,23.4284],[86.27183,23.42766],[86.27242,23.42774],[86.27298,23.42812],[86.27351,23.42867],[86.27388,23.42877],[86.27465,23.42873],[86.27494,23.42919],[86.27535,23.42944],[86.27556,23.42986],[86.2755,23.43032],[86.27568,23.43038],[86.27672,23.42983],[86.27804,23.42937],[86.28162,23.42855],[86.28469,23.42922],[86.28769,23.42929],[86.28949,23.42906],[86.29037,23.42774],[86.291,23.42635],[86.29076,23.42585],[86.2899,23.42548],[86.28959,23.42473],[86.29063,23.42212],[86.29094,23.42093],[86.29103,23.41998],[86.29049,23.41851],[86.29052,23.418],[86.29094,23.41759],[86.29256,23.41661],[86.29673,23.41426],[86.29847,23.41338],[86.30007,23.41276],[86.30266,23.41257],[86.31055,23.41136],[86.31105,23.41162],[86.31133,23.41247],[86.31185,23.41301],[86.31192,23.4135],[86.31173,23.41419],[86.31187,23.41439],[86.31333,23.41427],[86.31395,23.41484],[86.31447,23.41503],[86.31513,23.41556],[86.31591,23.41588],[86.31701,23.41586],[86.31753,23.41603],[86.31776,23.41641],[86.3176,23.4178],[86.31794,23.41892],[86.31655,23.41927],[86.31622,23.41963],[86.31619,23.4218],[86.31582,23.42286],[86.31572,23.42372],[86.31586,23.42426],[86.31627,23.42463],[86.31699,23.42474],[86.31745,23.42499],[86.31757,23.42555],[86.31729,23.42583],[86.31731,23.42616],[86.31758,23.42633],[86.31757,23.42647],[86.31614,23.42686],[86.31514,23.42689],[86.31448,23.42668],[86.31325,23.42568],[86.3127,23.42486],[86.31202,23.42438],[86.31185,23.42445],[86.31141,23.42559],[86.31081,23.42647],[86.30929,23.42818],[86.30863,23.42839],[86.3071,23.42852],[86.30669,23.42875],[86.30606,23.42958],[86.30542,23.43148],[86.30528,23.43328],[86.30533,23.43388],[86.30577,23.43482],[86.30846,23.43605],[86.30998,23.43704],[86.31164,23.43743],[86.31243,23.43784],[86.31299,23.43852],[86.31362,23.43903],[86.31438,23.4396],[86.31534,23.44004],[86.31587,23.44021],[86.31757,23.43977],[86.31786,23.43983],[86.31822,23.44007],[86.31894,23.44181],[86.31931,23.44237],[86.31985,23.44291],[86.32057,23.44329],[86.32512,23.44437],[86.32642,23.44448],[86.32805,23.44493],[86.3298,23.44466],[86.33079,23.44481],[86.33306,23.44566],[86.33479,23.44658],[86.33491,23.44658],[86.3349,23.44628],[86.33405,23.44516],[86.33404,23.44463],[86.33448,23.44401],[86.33516,23.44347],[86.33644,23.44283],[86.33663,23.44241],[86.33659,23.4415],[86.33628,23.44098],[86.33599,23.44076],[86.3361,23.44057],[86.3368,23.44018],[86.3395,23.43952],[86.34035,23.43954],[86.34124,23.43975],[86.34332,23.44072],[86.34408,23.44087],[86.34669,23.44097],[86.34985,23.44148],[86.35146,23.44209],[86.35174,23.44239],[86.35175,23.44334],[86.35114,23.44466],[86.35042,23.44567],[86.34983,23.44854],[86.34972,23.45155],[86.35016,23.45202],[86.35055,23.45213],[86.35106,23.45206],[86.35209,23.45157],[86.35505,23.45057],[86.35593,23.45038],[86.35701,23.45061],[86.35943,23.45195],[86.3597,23.45225],[86.3598,23.45261],[86.35964,23.45317],[86.3591,23.4537],[86.35894,23.4551],[86.35945,23.45619],[86.35942,23.45709],[86.3591,23.45747],[86.35849,23.45779],[86.35755,23.45911],[86.35729,23.45998],[86.35736,23.46073],[86.35763,23.46139],[86.35817,23.46223],[86.35871,23.4627],[86.3609,23.46396],[86.36278,23.46456],[86.36306,23.46489],[86.36318,23.46522],[86.36271,23.46669],[86.36262,23.46745],[86.36337,23.47038],[86.36362,23.47104],[86.36409,23.47169],[86.36449,23.47189],[86.36558,23.47201],[86.36834,23.4721],[86.37309,23.47275],[86.37858,23.47324],[86.37946,23.47364],[86.37907,23.47515],[86.37859,23.4761],[86.37846,23.47692],[86.37891,23.47758],[86.37906,23.4781],[86.37829,23.47925],[86.37775,23.47967],[86.37734,23.48019],[86.3773,23.48057],[86.37739,23.48116],[86.37863,23.48263],[86.3788,23.48479],[86.37848,23.48478],[86.37694,23.48391],[86.37549,23.48333],[86.37465,23.4831],[86.37329,23.48298],[86.37253,23.4833],[86.37187,23.48398],[86.37109,23.48453],[86.37061,23.48449],[86.36988,23.4839],[86.36934,23.48315],[86.36894,23.48296],[86.36803,23.48279],[86.3675,23.4825],[86.3661,23.48047],[86.36591,23.48033],[86.36544,23.48029],[86.36487,23.48046],[86.36338,23.48199],[86.36265,23.48329],[86.36242,23.48425],[86.36224,23.4854],[86.36238,23.48623],[86.3628,23.48721],[86.36337,23.48822],[86.36505,23.49005],[86.36561,23.49103],[86.36612,23.49487],[86.36644,23.49627],[86.36631,23.49638],[86.36559,23.49639],[86.36541,23.49656],[86.36459,23.49977],[86.36421,23.50067],[86.36357,23.50161],[86.36512,23.50236],[86.36658,23.50252],[86.36777,23.50236],[86.36868,23.5025],[86.36906,23.50305],[86.3696,23.50454],[86.36984,23.50473],[86.37074,23.50498],[86.37209,23.50568],[86.37277,23.50612],[86.37321,23.50689],[86.37342,23.50682]]}},
{"type":"Feature","properties":{"kind":"state","name":"Jharkhand–West Bengal","src":"OSM relations 1960191 and 1960177","river":"29672","rlen":24},"geometry":{"type":"LineString","coordinates":[[86.37342,23.50682],[86.37353,23.5071],[86.37434,23.50853],[86.3751,23.50969],[86.37501,23.51188],[86.37488,23.51241],[86.3748,23.51254],[86.37425,23.51267],[86.37386,23.51286],[86.37344,23.5133],[86.37325,23.51379],[86.373,23.51497],[86.37216,23.51628],[86.37205,23.51729],[86.37101,23.51773],[86.37036,23.51821],[86.36938,23.51842],[86.36887,23.51838],[86.36854,23.51865],[86.36739,23.51922],[86.36746,23.5199],[86.36759,23.5202],[86.36733,23.52041],[86.36623,23.52044],[86.36535,23.52133],[86.36496,23.52163],[86.36478,23.5224],[86.36616,23.52261],[86.36664,23.52366],[86.36618,23.52459],[86.36663,23.52605],[86.36727,23.52704],[86.36821,23.52773],[86.36775,23.52877],[86.36723,23.52892],[86.36671,23.52922],[86.36593,23.53002],[86.36531,23.53044],[86.36511,23.53086],[86.36511,23.53122]]}},
{"type":"Feature","properties":{"kind":"state","name":"Jharkhand–West Bengal","src":"OSM relations 1960191 and 1960177"},"geometry":{"type":"LineString","coordinates":[[86.36511,23.53122],[86.36449,23.53145]]}},
{"type":"Feature","properties":{"kind":"state","name":"Jharkhand–West Bengal","src":"OSM relations 1960191 and 1960177","river":"28870","rlen":20},"geometry":{"type":"LineString","coordinates":[[86.36449,23.53145],[86.36439,23.53178],[86.36403,23.53204],[86.36393,23.53242],[86.36403,23.53269],[86.36449,23.53293],[86.36612,23.53317],[86.36789,23.53386],[86.36839,23.53419],[86.36871,23.5347],[86.36872,23.53652],[86.36825,23.53773],[86.36749,23.53884],[86.36727,23.53931],[86.36723,23.54001],[86.36743,23.5406],[86.3678,23.54099],[86.36821,23.54111],[86.36899,23.54106],[86.37108,23.54061],[86.37131,23.54068],[86.37152,23.54088],[86.37178,23.54131],[86.37191,23.5418],[86.37188,23.54224],[86.37166,23.5432],[86.37167,23.54358],[86.37177,23.54383],[86.37221,23.54428],[86.37333,23.54497],[86.37367,23.54527],[86.37412,23.54594],[86.37475,23.54745],[86.37494,23.54766],[86.37636,23.54828],[86.37745,23.54864],[86.37805,23.54894],[86.37832,23.54959],[86.37866,23.55101],[86.37907,23.55193],[86.37967,23.55286],[86.38106,23.55449],[86.38174,23.55602],[86.38306,23.55779],[86.38353,23.5591]]}},
{"type":"Feature","properties":{"kind":"state","name":"Jharkhand–West Bengal","src":"OSM relations 1960191 and 1960177"},"geometry":{"type":"LineString","coordinates":[[86.38353,23.5591],[86.38405,23.55948]]}},
{"type":"Feature","properties":{"kind":"state","name":"Jharkhand–West Bengal","src":"OSM relations 1960191 and 1960177","river":"24164","rlen":52},"geometry":{"type":"LineString","coordinates":[[86.38405,23.55948],[86.38454,23.55942],[86.38569,23.55947],[86.38728,23.55968],[86.38834,23.56032],[86.3889,23.56119],[86.38897,23.56149],[86.38899,23.56362],[86.38985,23.56461],[86.39027,23.56547],[86.39008,23.5672],[86.38986,23.56827],[86.38896,23.57036],[86.38838,23.57189],[86.38827,23.57239],[86.3883,23.5729],[86.38847,23.57337],[86.38881,23.5738],[86.38938,23.57426],[86.39052,23.57487],[86.3928,23.57582],[86.39535,23.57751],[86.39595,23.57782],[86.39717,23.57795],[86.3979,23.57795],[86.39974,23.57779],[86.40204,23.57747],[86.4036,23.57739],[86.40524,23.57775],[86.4062,23.57852],[86.40738,23.5791],[86.40795,23.57909],[86.40852,23.57868],[86.40906,23.57794],[86.40966,23.57686],[86.41033,23.5761],[86.41113,23.5758],[86.41205,23.57558],[86.41279,23.57557],[86.41329,23.57568],[86.41391,23.57605],[86.41518,23.57712],[86.41583,23.57774],[86.41623,23.57829],[86.41664,23.5792],[86.41688,23.58002],[86.41758,23.58359],[86.41916,23.58749],[86.42014,23.58925],[86.4205,23.58961],[86.42125,23.59014],[86.42186,23.5905],[86.42487,23.59171],[86.42685,23.59206],[86.42848,23.59249],[86.42995,23.59314],[86.43132,23.59392],[86.43219,23.59451],[86.43286,23.59509],[86.43465,23.5982],[86.43511,23.59868],[86.43581,23.59905],[86.43731,23.59933],[86.4405,23.59965],[86.44158,23.59935],[86.44343,23.59853],[86.4441,23.59838],[86.44518,23.59824],[86.44659,23.5982],[86.44726,23.59861],[86.44761,23.5991],[86.44817,23.60026],[86.44849,23.60137],[86.44861,23.60224],[86.44827,23.60397],[86.44772,23.60575],[86.44757,23.60802],[86.44722,23.60964],[86.44614,23.61345],[86.44589,23.61466],[86.44587,23.61571],[86.446,23.61689],[86.44625,23.6176],[86.44673,23.61842],[86.44835,23.62019],[86.44879,23.62048],[86.4493,23.62065],[86.44988,23.62067],[86.4504,23.62052],[86.451,23.62019],[86.45204,23.61944],[86.4528,23.61919],[86.45346,23.61934],[86.45495,23.62017],[86.45553,23.62087],[86.45631,23.62224],[86.45647,23.62278],[86.45664,23.6243],[86.45719,23.62532],[86.45775,23.62598],[86.45892,23.62707],[86.46066,23.6289],[86.46213,23.6303],[86.46337,23.63088],[86.4648,23.63127],[86.46566,23.63125],[86.46673,23.63108],[86.46825,23.63058],[86.47026,23.63072],[86.47276,23.63122],[86.47318,23.63138],[86.4766,23.6336],[86.47945,23.63581],[86.47979,23.63633]]}},
{"type":"Feature","properties":{"kind":"state","name":"Jharkhand–West Bengal","src":"OSM relations 1960191 and 1960177"},"geometry":{"type":"LineString","coordinates":[[86.47979,23.63633],[86.48075,23.6358],[86.49031,23.63811],[86.4904,23.64031]]}},
{"type":"Feature","properties":{"kind":"state","name":"Jharkhand–West Bengal","src":"OSM relations 1960191 and 1960177","river":"29255","rlen":580},"geometry":{"type":"LineString","coordinates":[[86.4904,23.64031],[86.49585,23.64013],[86.49834,23.63977],[86.50091,23.6391],[86.50309,23.63825],[86.50789,23.63661],[86.51236,23.63588],[86.51583,23.63467],[86.5177,23.63381],[86.5207,23.63318],[86.52194,23.63265],[86.52571,23.63178],[86.53126,23.63154],[86.53625,23.63294],[86.54008,23.63475],[86.54327,23.63674],[86.54552,23.63876],[86.54722,23.64012]]}},
{"type":"Feature","properties":{"kind":"state","name":"Jharkhand–West Bengal","src":"OSM relations 1960191 and 1960177"},"geometry":{"type":"LineString","coordinates":[[86.54722,23.64012],[86.54879,23.63845],[86.55147,23.6392],[86.55662,23.63994],[86.55735,23.64039],[86.56099,23.64176],[86.56311,23.64275],[86.56469,23.64359],[86.56695,23.64507],[86.57076,23.64691],[86.57233,23.6474],[86.57381,23.64772],[86.57444,23.64805],[86.5755,23.64894],[86.57632,23.64991],[86.578,23.65281],[86.57961,23.65446],[86.58081,23.65548],[86.58666,23.65883],[86.58913,23.66055],[86.59109,23.66165],[86.59404,23.66284],[86.59897,23.6655],[86.59734,23.66785],[86.59612,23.67006],[86.59601,23.67048],[86.59591,23.67146],[86.59618,23.67265],[86.59695,23.67349],[86.59757,23.67375],[86.60032,23.67451],[86.60283,23.67496],[86.60507,23.67503],[86.61138,23.67562],[86.61518,23.67544],[86.61929,23.67465],[86.62064,23.67451],[86.62167,23.67249]]}},
{"type":"Feature","properties":{"kind":"state","name":"Jharkhand–West Bengal","src":"OSM relations 1960191 and 1960177","river":"29255","rlen":580},"geometry":{"type":"LineString","coordinates":[[86.62167,23.67249],[86.62337,23.67324],[86.62557,23.67446],[86.62756,23.67452],[86.62982,23.67362],[86.63118,23.6737],[86.63577,23.67489],[86.63798,23.67634],[86.64105,23.67884],[86.64398,23.6801],[86.64619,23.67993],[86.6488,23.68113],[86.65004,23.68218],[86.65214,23.68428],[86.65335,23.68467],[86.6559,23.685],[86.65899,23.68494],[86.66343,23.68468],[86.66708,23.6847],[86.67151,23.68487],[86.6757,23.68612],[86.67765,23.68753],[86.67841,23.68861],[86.67943,23.68902],[86.68052,23.68918],[86.68657,23.68927],[86.69139,23.68957],[86.69206,23.68969],[86.69496,23.69044],[86.69819,23.69146],[86.70408,23.69412],[86.70687,23.69558],[86.71008,23.69587],[86.71451,23.69542],[86.71794,23.69526],[86.72258,23.6947],[86.72576,23.69395],[86.72858,23.6937],[86.7311,23.69286],[86.73649,23.69002],[86.7384,23.68875],[86.7418,23.68561],[86.74466,23.68236],[86.7493,23.6798],[86.74986,23.67887],[86.75019,23.67852],[86.75068,23.67817],[86.75209,23.67751],[86.75391,23.67696],[86.75772,23.6761],[86.75907,23.67601],[86.75964,23.67607],[86.76054,23.67633],[86.76268,23.67708],[86.76514,23.67807],[86.76868,23.67904],[86.77214,23.67925],[86.77536,23.67929],[86.77649,23.67937],[86.7793,23.67976],[86.78248,23.68059],[86.78367,23.68113],[86.78796,23.6838],[86.78898,23.68432],[86.79285,23.68588],[86.79642,23.68642],[86.79736,23.68664],[86.79837,23.68719],[86.79983,23.68817],[86.80027,23.68848],[86.80102,23.68911],[86.80306,23.69127],[86.80371,23.69184],[86.8048,23.69249],[86.80563,23.69285]]}},
{"type":"Feature","properties":{"kind":"state","name":"Jharkhand–West Bengal","src":"OSM relations 1960191 and 1960177"},"geometry":{"type":"LineString","coordinates":[[86.80563,23.69285],[86.80488,23.6949],[86.80581,23.69586],[86.80265,23.69779],[86.80024,23.69975],[86.79913,23.70124],[86.79929,23.7037],[86.80168,23.70906],[86.80239,23.71019],[86.80327,23.71121],[86.80377,23.712],[86.80393,23.71308],[86.80439,23.71462],[86.80594,23.71775],[86.80675,23.71979],[86.8082,23.72239],[86.80843,23.72334],[86.8084,23.72457],[86.80796,23.72946],[86.80819,23.73058],[86.81051,23.73827],[86.81201,23.74249],[86.81226,23.74338],[86.81229,23.74476],[86.81277,23.74546],[86.81354,23.74605],[86.81471,23.74638],[86.81838,23.74673],[86.82036,23.74725],[86.82425,23.748],[86.82519,23.7485],[86.82609,23.74921],[86.82691,23.7501],[86.82707,23.75112],[86.82749,23.75171],[86.82794,23.7527],[86.82783,23.75343],[86.82757,23.75399],[86.82753,23.75452],[86.82805,23.75686],[86.82791,23.75862],[86.82808,23.75924],[86.82833,23.75964],[86.82828,23.76304],[86.82819,23.76438],[86.82766,23.76709],[86.82716,23.76855],[86.82664,23.7708],[86.82595,23.77224],[86.82558,23.77372],[86.82534,23.77525],[86.82557,23.77608],[86.82585,23.77644],[86.82585,23.77668],[86.82311,23.78115],[86.82216,23.78251],[86.82172,23.78301],[86.82021,23.78393],[86.81985,23.78514],[86.81975,23.78597],[86.81971,23.78664],[86.81996,23.788],[86.81984,23.78825],[86.81946,23.78832],[86.81923,23.78794],[86.81934,23.78728],[86.81932,23.78593],[86.81698,23.78866],[86.81217,23.79383],[86.81084,23.79542],[86.80908,23.79805],[86.80559,23.79947],[86.80535,23.79907],[86.80507,23.79889],[86.80367,23.80055],[86.80336,23.8013],[86.80364,23.80255],[86.80398,23.80337],[86.80597,23.80669],[86.80652,23.80799],[86.80685,23.81019],[86.80751,23.81207],[86.80877,23.81852],[86.81009,23.82141],[86.80979,23.82179],[86.80748,23.82281],[86.80717,23.82427],[86.80644,23.82525],[86.80389,23.82968],[86.80345,23.82994],[86.8012,23.82981],[86.80089,23.82983],[86.80053,23.83002],[86.8001,23.83052],[86.79935,23.83182],[86.7994,23.83224],[86.80061,23.83406],[86.80409,23.83642],[86.80572,23.83733],[86.80613,23.83735],[86.80695,23.83687],[86.80905,23.836],[86.81026,23.83529],[86.8115,23.83391],[86.81239,23.83183],[86.81282,23.83119],[86.81298,23.83108],[86.8142,23.8309],[86.81478,23.82994],[86.81515,23.82838],[86.81534,23.82598],[86.81603,23.82517],[86.81593,23.82493],[86.81419,23.82491],[86.81379,23.82475],[86.8137,23.8231],[86.81318,23.82212],[86.81295,23.82075],[86.81301,23.82047],[86.81387,23.81932],[86.81551,23.81736],[86.81641,23.81688],[86.8171,23.81691],[86.81869,23.81779],[86.81973,23.81772],[86.81986,23.81762],[86.81991,23.81637],[86.82045,23.81555],[86.82074,23.81542],[86.82285,23.8151],[86.82348,23.81468],[86.82415,23.81444],[86.82584,23.81396],[86.82654,23.81394],[86.82727,23.81433],[86.828,23.815],[86.82918,23.81534],[86.82973,23.81601],[86.83044,23.81657],[86.83198,23.81667],[86.83227,23.81678],[86.83256,23.81699],[86.83319,23.81819],[86.83538,23.81885],[86.83695,23.81954],[86.8383,23.82164],[86.83853,23.82184],[86.8398,23.82221],[86.84003,23.82248],[86.84005,23.82288],[86.83853,23.82406],[86.83861,23.82443],[86.83879,23.82459],[86.83902,23.82467],[86.83965,23.82459],[86.84112,23.82374],[86.84175,23.8236],[86.84263,23.82416],[86.84314,23.82435],[86.84574,23.82376],[86.84626,23.82378],[86.84675,23.82408],[86.84702,23.82408],[86.84804,23.82365],[86.8483,23.8237],[86.85006,23.82496],[86.85051,23.82509],[86.8529,23.82495],[86.8533,23.82525],[86.85398,23.82689],[86.85467,23.82976],[86.85502,23.83056],[86.85549,23.8309],[86.85711,23.83154],[86.85847,23.83242],[86.85911,23.83302],[86.85988,23.83412],[86.86075,23.8346],[86.86127,23.83505],[86.86206,23.83765],[86.86235,23.83812],[86.86224,23.8393],[86.86273,23.83999],[86.86377,23.84057],[86.86371,23.84082],[86.86265,23.84201],[86.86267,23.84251],[86.8632,23.8439],[86.86363,23.84446],[86.86521,23.84549],[86.86562,23.84549],[86.8666,23.84596],[86.86738,23.84605],[86.86926,23.84669],[86.87296,23.847],[86.87422,23.84731],[86.87511,23.847],[86.87591,23.84657],[86.87857,23.84579],[86.87935,23.84568],[86.87997,23.84528],[86.88016,23.84467],[86.87997,23.84252],[86.87954,23.84076],[86.87952,23.83526],[86.8806,23.83371],[86.88071,23.83055],[86.88094,23.82901],[86.88166,23.82827],[86.88646,23.82565],[86.88602,23.8212],[86.88636,23.82098],[86.88823,23.82043],[86.88951,23.82038],[86.8903,23.8205],[86.89194,23.82236],[86.89381,23.8242],[86.89435,23.82536],[86.89457,23.82635],[86.89468,23.82746],[86.89462,23.82828],[86.89434,23.82897],[86.89415,23.83095],[86.89322,23.83323],[86.89282,23.83728],[86.89269,23.83778],[86.89212,23.83838],[86.89016,23.83857],[86.88977,23.83878],[86.88936,23.8393],[86.88793,23.84273],[86.88635,23.84569],[86.88701,23.85644],[86.88538,23.8577],[86.88464,23.85803],[86.88264,23.85941],[86.88092,23.86037],[86.88024,23.86232],[86.8805,23.86281],[86.8832,23.86572],[86.88521,23.8671],[86.88661,23.86762],[86.88734,23.86841],[86.88753,23.86849],[86.88951,23.87091],[86.89047,23.8716],[86.89074,23.87226],[86.8918,23.87305],[86.89236,23.87401],[86.89292,23.87447],[86.89337,23.87579],[86.894,23.87672],[86.89515,23.87741],[86.89592,23.87829],[86.89864,23.8786],[86.89962,23.87901],[86.90074,23.87931],[86.90117,23.8797],[86.90178,23.87983],[86.90277,23.8812],[86.90309,23.88116],[86.90375,23.88074],[86.90548,23.88111],[86.90692,23.88085],[86.90761,23.88085],[86.90854,23.88126],[86.91006,23.8815],[86.91176,23.88129],[86.91248,23.88091],[86.91328,23.88079],[86.91394,23.88113],[86.91431,23.88156],[86.91487,23.88183],[86.91556,23.88243],[86.9159,23.88213],[86.91601,23.88224]]}},
{"type":"Feature","properties":{"kind":"state","name":"Jharkhand–West Bengal","src":"OSM relations 1960191 and 1960177","river":"21045","rlen":307},"geometry":{"type":"LineString","coordinates":[[86.91601,23.88224],[86.91664,23.88172],[86.91789,23.88086],[86.91898,23.87972],[86.92077,23.87812],[86.92202,23.87721],[86.92357,23.8765],[86.92748,23.87441],[86.92967,23.87255],[86.93053,23.87162],[86.93092,23.87061],[86.93138,23.86975],[86.93201,23.86904],[86.93273,23.86855],[86.93385,23.86637],[86.93326,23.86524],[86.93264,23.86058],[86.93234,23.85915],[86.93287,23.85778],[86.93295,23.85491],[86.93428,23.85355],[86.93498,23.85262],[86.93625,23.85149],[86.93763,23.85119],[86.93958,23.85033],[86.94164,23.84881],[86.94252,23.8488],[86.94418,23.84782],[86.94769,23.84696],[86.94988,23.84622],[86.95151,23.84625],[86.95342,23.84644],[86.95573,23.84703],[86.95706,23.84683],[86.95792,23.84702],[86.95962,23.84781],[86.96129,23.84836],[86.96159,23.84861],[86.96192,23.84927],[86.96265,23.85138],[86.96339,23.85244],[86.96407,23.85433],[86.96423,23.85557],[86.96429,23.85698],[86.96417,23.85893],[86.96417,23.86056],[86.96374,23.86202],[86.9646,23.86389],[86.96577,23.86582],[86.96678,23.86711],[86.96966,23.86869],[86.97122,23.86884],[86.97255,23.86869],[86.97356,23.86848],[86.97496,23.86854],[86.97567,23.86747],[86.97676,23.86704],[86.97803,23.86569],[86.97995,23.86403],[86.98112,23.86267],[86.9819,23.86196],[86.98448,23.86045],[86.98588,23.85988],[86.99062,23.85896],[86.99321,23.85816],[86.99562,23.85715],[86.99998,23.85679],[86.99998,23.85629],[87.00209,23.85565],[87.00264,23.85496],[87.00433,23.85524],[87.00569,23.85493],[87.00691,23.85437],[87.00749,23.85383],[87.00862,23.85319],[87.01087,23.85265],[87.0128,23.85207],[87.01433,23.85181],[87.01494,23.85139],[87.01563,23.85043],[87.01634,23.84971],[87.01758,23.84927],[87.01968,23.84873],[87.0208,23.84892],[87.02164,23.84879],[87.02281,23.84786],[87.0231,23.84731],[87.02312,23.84662],[87.0233,23.84608],[87.02414,23.84499],[87.02522,23.84423],[87.02616,23.84414],[87.02658,23.84402],[87.02668,23.84387],[87.02751,23.84349],[87.02888,23.84259],[87.02943,23.84181],[87.03087,23.84068],[87.0314,23.84036],[87.03908,23.83793],[87.04198,23.83606],[87.04372,23.83469],[87.04724,23.83169],[87.0497,23.82913],[87.05224,23.82546],[87.05412,23.82234],[87.05557,23.82113],[87.05748,23.81973],[87.05784,23.81962],[87.06099,23.81933],[87.06329,23.81784],[87.06417,23.81743],[87.06495,23.81723],[87.06585,23.81719],[87.06792,23.81621],[87.06886,23.81593],[87.06947,23.81542],[87.07184,23.81269],[87.07482,23.81031],[87.07543,23.80994],[87.08232,23.80809],[87.08535,23.80698]]}},
{"type":"Feature","properties":{"kind":"state","name":"Jharkhand–West Bengal","src":"OSM relations 1960191 and 1960177"},"geometry":{"type":"LineString","coordinates":[[87.08535,23.80698],[87.08625,23.80906],[87.08671,23.80897],[87.08722,23.8098],[87.089,23.81381],[87.09111,23.81522],[87.09147,23.81538],[87.0918,23.81537],[87.09229,23.81484],[87.09316,23.81461],[87.09373,23.81387],[87.09487,23.81351],[87.09565,23.81345],[87.09699,23.81289],[87.09749,23.81249],[87.09865,23.81109],[87.09969,23.80939],[87.10078,23.8086],[87.10203,23.80736],[87.10274,23.80578],[87.10304,23.80477],[87.10332,23.80453],[87.10392,23.8044],[87.10522,23.80462],[87.10625,23.8044],[87.10677,23.80437],[87.1071,23.80449],[87.10746,23.80496],[87.10773,23.80583],[87.108,23.80795],[87.10808,23.80813],[87.10833,23.8082],[87.11036,23.80812],[87.11157,23.80836],[87.1121,23.80883],[87.11245,23.80887],[87.11285,23.80863],[87.11305,23.80803],[87.11325,23.80785],[87.11378,23.80776],[87.11393,23.80794],[87.11393,23.80842],[87.11405,23.80864],[87.11425,23.80866],[87.11643,23.8077],[87.11673,23.8075],[87.11787,23.80607],[87.11887,23.80524],[87.11894,23.80456],[87.11842,23.80251],[87.11822,23.80236],[87.11627,23.80387],[87.11428,23.80469],[87.1136,23.80484],[87.11266,23.80536],[87.11208,23.80486],[87.11154,23.80354],[87.11053,23.80316],[87.11052,23.80185],[87.11077,23.80036],[87.11219,23.80018],[87.11262,23.7994],[87.11293,23.79916],[87.11327,23.79907],[87.11364,23.79905],[87.11469,23.79946],[87.115,23.79942],[87.1183,23.79748],[87.11997,23.79772],[87.12091,23.79731],[87.12178,23.79665],[87.12219,23.79671],[87.12233,23.79688],[87.12247,23.7981],[87.12295,23.79852],[87.12348,23.79926],[87.12369,23.79926],[87.12383,23.7991],[87.124,23.79847],[87.12693,23.79871],[87.12778,23.79829],[87.12826,23.79819],[87.13115,23.79793],[87.13136,23.798],[87.13325,23.79927],[87.13681,23.80267],[87.13943,23.80417],[87.1399,23.80423],[87.14073,23.80398],[87.14126,23.80335],[87.1425,23.80091],[87.14376,23.79934],[87.14417,23.79905],[87.147,23.7978],[87.14844,23.79727],[87.14951,23.79711],[87.14987,23.79719],[87.15049,23.79756],[87.15161,23.79877],[87.15208,23.7996],[87.15237,23.80042],[87.15251,23.80217],[87.15261,23.80261],[87.15283,23.80291],[87.15306,23.80311],[87.15328,23.80314],[87.1537,23.80297],[87.1543,23.80248],[87.15446,23.80254],[87.15498,23.80337],[87.15533,23.80467],[87.15517,23.80629],[87.15535,23.80659],[87.15615,23.80725],[87.15644,23.80773],[87.157,23.80823],[87.15781,23.80929],[87.15824,23.81155],[87.15883,23.81248],[87.15911,23.81318],[87.15904,23.81345],[87.15843,23.81395],[87.15859,23.81453],[87.15901,23.81495],[87.16117,23.81605],[87.16218,23.81695],[87.16314,23.81725],[87.1638,23.81758],[87.16438,23.81813],[87.16589,23.82071],[87.16685,23.82369],[87.16711,23.82515],[87.16578,23.82581],[87.16457,23.82592],[87.16331,23.82656],[87.16326,23.82703],[87.1637,23.82799],[87.16361,23.82917],[87.16305,23.82922],[87.16221,23.82902],[87.16188,23.82964],[87.16091,23.83029],[87.16059,23.83094],[87.15975,23.83131],[87.15764,23.83173],[87.15674,23.83154],[87.15652,23.83135],[87.1565,23.83103],[87.15626,23.83067],[87.15559,23.83065],[87.15473,23.8299],[87.15424,23.8296],[87.15372,23.82947],[87.15194,23.83191],[87.14922,23.83522],[87.14288,23.84357],[87.14155,23.84536],[87.13956,23.84841],[87.13323,23.85181],[87.13061,23.85343],[87.13002,23.85391],[87.13,23.85626],[87.13082,23.85653],[87.13038,23.85948],[87.13035,23.86074],[87.12944,23.86081],[87.12924,23.8653],[87.12933,23.86863],[87.13,23.86867],[87.1305,23.8685],[87.13153,23.86859],[87.13178,23.8687],[87.13191,23.86918],[87.13237,23.86974],[87.13306,23.87019],[87.13392,23.87017],[87.13877,23.8693],[87.14073,23.86913],[87.14662,23.86668],[87.14831,23.86625],[87.1491,23.86624],[87.1507,23.86721],[87.15135,23.86726],[87.1523,23.8668],[87.1534,23.86575],[87.15412,23.86542],[87.15531,23.86522],[87.15798,23.86532],[87.15979,23.86502],[87.16178,23.86541],[87.16328,23.86543],[87.16452,23.86523],[87.16575,23.86476],[87.16641,23.86436],[87.16864,23.86132],[87.17001,23.85987],[87.17093,23.85943],[87.17197,23.85913],[87.17248,23.85868],[87.17267,23.85834],[87.17285,23.85742],[87.17334,23.85656],[87.17393,23.85475],[87.1799,23.85197],[87.18381,23.85594],[87.18511,23.85793],[87.18582,23.85765],[87.18678,23.85908],[87.18734,23.85959],[87.18807,23.85928],[87.18989,23.85775],[87.19061,23.85738],[87.19354,23.85746],[87.1961,23.85781],[87.1948,23.85639],[87.19403,23.85479],[87.19331,23.85251],[87.18937,23.85055],[87.18916,23.85041],[87.18879,23.84973],[87.18768,23.84913],[87.18733,23.84877],[87.1872,23.84832],[87.18743,23.84788],[87.18774,23.8477],[87.1887,23.84762],[87.1889,23.84728],[87.18806,23.84538],[87.18785,23.84421],[87.18802,23.84334],[87.18858,23.84315],[87.18946,23.84335],[87.19087,23.84392],[87.19179,23.84386],[87.19241,23.84365],[87.19308,23.8447],[87.19328,23.84488],[87.19421,23.84518],[87.19463,23.8457],[87.19527,23.84691],[87.19557,23.84863],[87.19578,23.84908],[87.19627,23.84963],[87.19896,23.85022],[87.20078,23.85029],[87.20113,23.85019],[87.20149,23.85002],[87.20189,23.84957],[87.20307,23.84775],[87.20351,23.84986],[87.20522,23.85541],[87.20581,23.85633],[87.20601,23.85636],[87.20649,23.85613],[87.20806,23.85487],[87.21152,23.85394],[87.2122,23.85353],[87.21262,23.85309],[87.21301,23.85244],[87.21332,23.85127],[87.21367,23.8507],[87.21388,23.85056],[87.21436,23.85069],[87.21513,23.85146],[87.21859,23.85436],[87.21896,23.85481],[87.21919,23.85561],[87.22058,23.85673],[87.22065,23.85697],[87.22055,23.85742],[87.22006,23.85818],[87.2199,23.85877],[87.22,23.85919],[87.22055,23.86004],[87.22121,23.86057],[87.22168,23.86067],[87.22221,23.86056],[87.22305,23.85959],[87.22319,23.85889],[87.22301,23.85835],[87.22321,23.85824],[87.22705,23.85811],[87.22908,23.85778],[87.2307,23.85709],[87.23368,23.85713],[87.23491,23.85559],[87.23541,23.85525],[87.23698,23.85465],[87.23732,23.8544],[87.23688,23.85413],[87.23479,23.85212],[87.23186,23.84828],[87.23088,23.8468],[87.23048,23.84591],[87.22321,23.84562],[87.2224,23.83767],[87.22211,23.83714],[87.21916,23.83424],[87.21855,23.8337],[87.21741,23.83303],[87.21669,23.83225],[87.21654,23.83199],[87.21654,23.83171],[87.21703,23.82992],[87.21729,23.82938],[87.21765,23.82915],[87.22353,23.828],[87.22471,23.82764],[87.22519,23.82715],[87.22572,23.82593],[87.22627,23.82556],[87.2279,23.82511],[87.2299,23.82536],[87.23041,23.82565],[87.2305,23.82616],[87.23029,23.82777],[87.2304,23.82815],[87.23088,23.82868],[87.23129,23.82862],[87.23241,23.82772],[87.23266,23.82765],[87.23348,23.82751],[87.23604,23.82745],[87.23681,23.82723],[87.23845,23.82642],[87.2387,23.82643],[87.24124,23.82761],[87.24207,23.82851],[87.24228,23.82946],[87.24259,23.8299],[87.24307,23.83005],[87.24423,23.8301],[87.24543,23.83066],[87.2464,23.83156],[87.24644,23.83192],[87.24474,23.83173],[87.24434,23.83189],[87.24434,23.83217],[87.2453,23.83273],[87.24697,23.83347],[87.24717,23.83381],[87.24854,23.83461],[87.24893,23.83525],[87.24903,23.83592],[87.24881,23.83652],[87.24745,23.83774],[87.24735,23.83836],[87.24768,23.83896],[87.24823,23.83942],[87.25001,23.83972],[87.25129,23.84051],[87.25164,23.84145],[87.25166,23.84279],[87.25319,23.84413],[87.25446,23.8456],[87.25494,23.84704],[87.25476,23.84777],[87.25421,23.84821],[87.25055,23.84932],[87.25,23.85004],[87.24899,23.85194],[87.24906,23.85554],[87.24887,23.85571],[87.24817,23.85443],[87.24665,23.85448],[87.2453,23.85557],[87.2443,23.85694],[87.24411,23.85781],[87.24429,23.86024],[87.24482,23.86085],[87.24599,23.86178],[87.24648,23.86281],[87.24626,23.86325],[87.24538,23.86422],[87.24507,23.86486],[87.24616,23.86635],[87.24718,23.86726],[87.24878,23.86761],[87.24889,23.86779],[87.24873,23.86874],[87.24606,23.86869],[87.24419,23.86962],[87.24345,23.86974],[87.24153,23.86966],[87.24203,23.87123],[87.24218,23.87285],[87.24215,23.87432],[87.24154,23.87558],[87.24149,23.87641],[87.2429,23.87848],[87.2429,23.88003],[87.24373,23.88113],[87.24452,23.88192],[87.24457,23.88213],[87.24416,23.883],[87.24301,23.88376],[87.24274,23.88411],[87.24267,23.88548],[87.24297,23.88625],[87.243,23.88691],[87.24258,23.88815],[87.24282,23.88967],[87.24324,23.89037],[87.24374,23.89091],[87.24406,23.89173],[87.24398,23.89199],[87.24321,23.89266],[87.24296,23.89303],[87.24306,23.89338],[87.244,23.89419],[87.24528,23.89497],[87.24544,23.89528],[87.24534,23.89845],[87.24451,23.90022],[87.24435,23.90159],[87.2444,23.90309],[87.24554,23.90459],[87.24655,23.9056],[87.24604,23.90702],[87.24533,23.90739],[87.24512,23.9082],[87.24645,23.9091],[87.24887,23.91015],[87.2497,23.91029],[87.25111,23.91144],[87.25146,23.9119],[87.25181,23.91292],[87.25216,23.91303],[87.25249,23.91285],[87.25277,23.91237],[87.25382,23.91133],[87.25532,23.90951],[87.25828,23.90631],[87.25868,23.9055],[87.25896,23.90415],[87.25876,23.90329],[87.25736,23.90184],[87.2551,23.90064],[87.2548,23.90038],[87.25457,23.89997],[87.25486,23.8996],[87.25515,23.89948],[87.25646,23.89995],[87.25823,23.89992],[87.25889,23.89954],[87.25889,23.89917],[87.25854,23.89852],[87.25839,23.89764],[87.25844,23.89409],[87.26017,23.8926],[87.2603,23.89223],[87.2603,23.89057],[87.26045,23.89013],[87.26225,23.88852],[87.26233,23.88809],[87.26178,23.88689],[87.26198,23.88447],[87.26218,23.88361],[87.26338,23.88248],[87.26321,23.88214],[87.26288,23.88214],[87.26254,23.88234],[87.26191,23.88315],[87.26108,23.88366],[87.25988,23.88366],[87.25915,23.88333],[87.25905,23.88317],[87.2594,23.88276],[87.26259,23.88082],[87.26436,23.87942],[87.26589,23.87781],[87.2684,23.8764],[87.26887,23.87557],[87.2689,23.87504],[87.26915,23.87458],[87.26983,23.8747],[87.27045,23.87553],[87.27058,23.87657],[87.27198,23.87806],[87.27493,23.88175],[87.27543,23.88475],[87.27956,23.88655],[87.28066,23.88795],[87.28141,23.88851],[87.28307,23.88936],[87.28349,23.88945],[87.28359,23.88927],[87.28362,23.88632],[87.28377,23.88563],[87.28455,23.88454],[87.2854,23.88392],[87.28553,23.88404],[87.28545,23.88445],[87.28455,23.88658],[87.28407,23.88729],[87.28435,23.88802],[87.28432,23.88846],[87.2845,23.88892],[87.2849,23.88913],[87.28597,23.88913],[87.28617,23.88932],[87.28577,23.88982],[87.28589,23.89026],[87.28672,23.89077],[87.28885,23.89139],[87.29111,23.89328],[87.29115,23.89381],[87.2907,23.89464],[87.28902,23.89609],[87.28825,23.89725],[87.28822,23.89855],[87.28867,23.89929],[87.28965,23.89992],[87.29488,23.90204],[87.29503,23.90234],[87.29483,23.90282],[87.29435,23.90324],[87.29348,23.9037],[87.29187,23.9042],[87.29125,23.9051],[87.29125,23.90766],[87.29062,23.91225],[87.29069,23.914],[87.29164,23.9154],[87.29074,23.91593],[87.28801,23.91895],[87.28743,23.91934],[87.28663,23.9198],[87.2847,23.92035],[87.28354,23.92091],[87.28447,23.92231],[87.2882,23.9269],[87.28732,23.92745],[87.28469,23.92853],[87.28439,23.92881],[87.28401,23.92957],[87.28412,23.93036],[87.28387,23.93188],[87.28424,23.93264],[87.28421,23.93324],[87.28444,23.9348],[87.28424,23.93534],[87.28379,23.93577],[87.28396,23.93623],[87.28444,23.93686],[87.28416,23.93831],[87.28527,23.93934],[87.28629,23.93978],[87.28702,23.94034],[87.28802,23.94022],[87.2895,23.94151],[87.29002,23.94146],[87.29045,23.94126],[87.29082,23.94167],[87.2912,23.94423],[87.29113,23.94476],[87.29067,23.94476],[87.29047,23.94488],[87.2907,23.94727],[87.29032,23.94766],[87.28977,23.9495],[87.28997,23.95059],[87.29095,23.95142],[87.29129,23.95225],[87.29104,23.95322],[87.29185,23.95486],[87.29362,23.95732],[87.29325,23.95863],[87.29308,23.95883]]}},
{"type":"Feature","properties":{"kind":"state","name":"Jharkhand–West Bengal","src":"OSM relations 1960191 and 1960177","river":"26071","rlen":37},"geometry":{"type":"LineString","coordinates":[[87.29308,23.95883],[87.29284,23.95826],[87.29239,23.95809],[87.29206,23.95835],[87.29126,23.9586],[87.29092,23.95881],[87.28962,23.95856],[87.28924,23.95858],[87.28891,23.95827],[87.28661,23.95852],[87.28644,23.95876],[87.28496,23.95929],[87.2846,23.95934],[87.28384,23.95908],[87.28336,23.95909],[87.28317,23.95916],[87.28288,23.95967],[87.28187,23.96036],[87.28126,23.96042],[87.28085,23.96025],[87.2801,23.96021],[87.27981,23.96071],[87.28031,23.96127],[87.27972,23.96147],[87.27932,23.96175],[87.27908,23.96208],[87.27865,23.96162],[87.27832,23.96178],[87.27766,23.96243],[87.27721,23.96241],[87.27681,23.96272],[87.27657,23.96324],[87.27617,23.96357],[87.27619,23.96405],[87.27643,23.96435],[87.2765,23.9647],[87.27599,23.96494],[87.27551,23.96505],[87.27458,23.9651],[87.27435,23.96531],[87.27428,23.96566],[87.27406,23.96588],[87.27342,23.96595],[87.27293,23.96579],[87.27253,23.96576],[87.27165,23.96499],[87.27129,23.96486],[87.27039,23.96506],[87.27034,23.96467],[87.26975,23.9643],[87.2693,23.96441],[87.26904,23.96419],[87.26847,23.96408],[87.26818,23.9638],[87.26776,23.9638],[87.26742,23.96389]]}},
{"type":"Feature","properties":{"kind":"state","name":"Jharkhand–West Bengal","src":"OSM relations 1960191 and 1960177"},"geometry":{"type":"LineString","coordinates":[[87.26742,23.96389],[87.26612,23.96578],[87.26587,23.96566],[87.26547,23.96578],[87.26502,23.96608],[87.26449,23.96666],[87.26369,23.96709],[87.26153,23.96758],[87.26093,23.96861],[87.26045,23.97043],[87.26038,23.97216],[87.26215,23.97811],[87.26263,23.98126],[87.26322,23.9823],[87.26691,23.98221],[87.26691,23.9824],[87.26661,23.98283],[87.26648,23.98355],[87.26766,23.98551],[87.26808,23.98733],[87.26803,23.9885],[87.26826,23.9891],[87.26778,23.99012],[87.26768,23.99104],[87.26741,23.99131],[87.26665,23.99166],[87.2663,23.99253],[87.26522,23.99394],[87.26509,23.99463],[87.26515,23.99546],[87.2655,23.99617],[87.26454,23.99719],[87.26462,23.99786],[87.26444,23.99832],[87.26382,23.99897],[87.26374,23.99986],[87.26416,24.00061],[87.26326,24.00112],[87.26282,24.00288],[87.26237,24.00317],[87.26203,24.00322],[87.26157,24.00271],[87.26006,24.00156],[87.25826,24.0006],[87.25663,24.00021],[87.25587,23.9999],[87.25486,23.99983],[87.25451,23.99953],[87.25344,23.99921],[87.25309,23.99891],[87.25293,23.99814],[87.25303,23.99755],[87.25341,23.99676],[87.25341,23.99624],[87.25306,23.99621],[87.25121,23.99658],[87.2505,23.99704],[87.25002,23.99794],[87.24988,23.99846],[87.24865,24],[87.24748,24.00075],[87.24598,24.00309],[87.24091,24.01191],[87.24113,24.01267],[87.24199,24.01388],[87.24362,24.01533],[87.24492,24.0161],[87.24456,24.01664],[87.2436,24.01723],[87.24304,24.01733],[87.24271,24.01768],[87.24209,24.01736],[87.24115,24.01755],[87.23987,24.01847],[87.23917,24.01834],[87.23812,24.01894],[87.23793,24.01956],[87.23696,24.02003],[87.23635,24.01978],[87.23503,24.02018],[87.23466,24.02211],[87.23399,24.0229],[87.23289,24.02374],[87.23434,24.02502],[87.23496,24.02581],[87.23528,24.02685],[87.23506,24.02869],[87.23453,24.02973],[87.23442,24.03248],[87.23501,24.03299],[87.23508,24.03343],[87.23546,24.03369],[87.23675,24.03404],[87.23692,24.03514],[87.23821,24.03637],[87.23855,24.03838]]}},
{"type":"Feature","properties":{"kind":"state","name":"Jharkhand–West Bengal","src":"OSM relations 1960191 and 1960177","river":"27149","rlen":48},"geometry":{"type":"LineString","coordinates":[[87.23855,24.03838],[87.23909,24.0383],[87.23994,24.0383],[87.24059,24.03849],[87.24126,24.03902],[87.24133,24.03985],[87.24109,24.04043],[87.241,24.04111],[87.24138,24.04214],[87.24214,24.04287],[87.24299,24.0431],[87.24348,24.04308],[87.24362,24.04291],[87.24421,24.04289],[87.24454,24.04306],[87.24487,24.04378],[87.24509,24.04463],[87.24552,24.04518],[87.24583,24.04539],[87.24637,24.04554],[87.24827,24.04549],[87.24922,24.04515],[87.2497,24.04477],[87.25008,24.0443],[87.25037,24.04411],[87.25037,24.04401],[87.25094,24.04363],[87.25189,24.04339],[87.25284,24.0433],[87.25379,24.0433],[87.25427,24.04311],[87.25531,24.04163],[87.25541,24.04135],[87.2556,24.04111],[87.25612,24.04082],[87.25679,24.04063],[87.25717,24.04044],[87.25793,24.03987],[87.25827,24.03973],[87.2589,24.0387],[87.25984,24.03777],[87.26013,24.03736]]}},
{"type":"Feature","properties":{"kind":"state","name":"Jharkhand–West Bengal","src":"OSM relations 1960191 and 1960177"},"geometry":{"type":"LineString","coordinates":[[87.26013,24.03736],[87.26047,24.03756],[87.26073,24.03739],[87.26314,24.03687],[87.26487,24.03732],[87.26643,24.03795],[87.2676,24.03776],[87.27029,24.03662],[87.27243,24.03548],[87.27335,24.03522],[87.27411,24.034],[87.27552,24.03295],[87.27725,24.03262],[87.27833,24.03288],[87.27889,24.03333],[87.27934,24.03288],[87.27982,24.03177],[87.28098,24.03122],[87.2836,24.03041],[87.28529,24.02964],[87.28746,24.02886],[87.28892,24.02894],[87.28997,24.02978],[87.29017,24.03229],[87.29113,24.033],[87.29258,24.03344],[87.29712,24.03326],[87.29861,24.03352],[87.29969,24.03326],[87.30154,24.03304],[87.30512,24.03205],[87.30737,24.03183],[87.30894,24.03208],[87.31194,24.03434],[87.31335,24.03497],[87.31576,24.03556],[87.31725,24.03567],[87.31905,24.03511],[87.32127,24.03475],[87.32452,24.03331],[87.32701,24.03286],[87.3323,24.03287],[87.33712,24.03431],[87.33825,24.03272],[87.33913,24.02995],[87.33902,24.0284],[87.33954,24.0274],[87.33958,24.02652],[87.33629,24.02603],[87.33644,24.02212],[87.3358,24.02068],[87.33412,24.01988],[87.33223,24.02028],[87.32986,24.01958],[87.32769,24.01855],[87.32657,24.01762],[87.32544,24.01596],[87.32432,24.01485],[87.32319,24.01264],[87.32348,24.01123],[87.32396,24.01033],[87.32363,24.00989],[87.32167,24.00985],[87.32025,24.00937],[87.31917,24.00848],[87.31913,24.00778],[87.32002,24.00656],[87.32042,24.00538],[87.32123,24.00401],[87.32203,24.00305],[87.32532,24.0011],[87.32591,24.00064],[87.32597,24.00019],[87.32817,23.99867],[87.33126,23.99927],[87.33767,24.00002],[87.33874,23.99986],[87.34105,23.99897],[87.34201,23.9989],[87.34467,23.99885],[87.34759,23.99904],[87.35113,23.99904],[87.35199,23.99918],[87.3525,23.9997],[87.35304,24.00064],[87.35363,24.0023],[87.35428,24.00307],[87.355,24.00437],[87.35624,24.00522],[87.35701,24.00611],[87.35725,24.00736],[87.35733,24.00995],[87.35813,24.01106],[87.35813,24.01183],[87.35874,24.01257],[87.36042,24.01309],[87.36425,24.01154],[87.36833,24.0104],[87.37114,24.0094],[87.37275,24.00947],[87.37512,24.00895],[87.3791,24.00652],[87.37931,24.00526],[87.38015,24.00408],[87.38172,24.00401],[87.38312,24.00448],[87.38409,24.00415],[87.38485,24.00334],[87.38634,24.00326],[87.38727,24.00386],[87.38932,24.00367],[87.39048,24.0033],[87.39303,24.00307],[87.39462,24.00275],[87.39878,24.00065],[87.39941,23.99984],[87.40023,23.99941],[87.403,23.99751],[87.40414,23.99725],[87.40524,23.99734],[87.4078,23.99601],[87.40894,23.99599],[87.41003,23.99529],[87.41109,23.99489],[87.41312,23.99477],[87.4139,23.99447],[87.4156,23.99307],[87.41657,23.99265],[87.41819,23.99261],[87.42037,23.99343],[87.42113,23.99231],[87.42141,23.99231],[87.42265,23.99351],[87.42323,23.9937],[87.42372,23.99368],[87.42503,23.99289],[87.42772,23.99235],[87.42833,23.99197],[87.42851,23.9916],[87.42825,23.99037],[87.42922,23.98645],[87.43124,23.98533],[87.43441,23.984],[87.43535,23.98382],[87.43593,23.98352],[87.43677,23.98212],[87.44054,23.98125],[87.442,23.98217],[87.44431,23.98276],[87.44496,23.98277],[87.44572,23.98209],[87.44709,23.98459],[87.44741,23.98486],[87.44854,23.98512],[87.44891,23.98562],[87.44872,23.98711],[87.44943,23.98794],[87.45,23.98789],[87.4522,23.9867],[87.46039,23.98383],[87.46065,23.98401],[87.46192,23.98697],[87.46195,23.98844],[87.46217,23.98907],[87.46217,23.99016],[87.46197,23.99105],[87.46161,23.99165],[87.46174,23.99293],[87.46152,23.99359],[87.46169,23.99487],[87.4587,23.9972],[87.45586,23.99991],[87.45515,24.0003],[87.4553,24.00049],[87.45558,24.0005],[87.4555,24.00191],[87.44863,24.00298],[87.44682,24.00176],[87.44525,24.00202],[87.44521,24.00542],[87.44384,24.00697],[87.44533,24.00764],[87.44815,24.00779],[87.44935,24.00878],[87.44968,24.00978],[87.44876,24.01137],[87.44703,24.01156],[87.4426,24.01163],[87.44139,24.01137],[87.44023,24.00912],[87.4387,24.00894],[87.43802,24.00953],[87.43806,24.01063],[87.43769,24.01237],[87.43834,24.01355],[87.44248,24.01425],[87.44453,24.0151],[87.44578,24.01392],[87.44618,24.01377],[87.44944,24.01562],[87.45089,24.01802],[87.45225,24.0178],[87.4523,24.01654],[87.45724,24.01646],[87.45829,24.01669],[87.45857,24.01861],[87.45936,24.01882],[87.46029,24.01841],[87.46129,24.01616],[87.46125,24.01409],[87.46165,24.01324],[87.46676,24.01394],[87.46889,24.01405],[87.47235,24.01634],[87.47323,24.01608],[87.47412,24.01449],[87.4754,24.01268],[87.47613,24.01227],[87.47834,24.01386],[87.4822,24.01618],[87.4859,24.01681],[87.48985,24.01773],[87.49148,24.01862],[87.49389,24.02216],[87.49567,24.02397],[87.49688,24.02545],[87.49755,24.02547],[87.50038,24.02649],[87.50186,24.02616],[87.50293,24.02608],[87.50295,24.02667],[87.50341,24.0283],[87.50359,24.03183],[87.50653,24.03287],[87.51198,24.03584],[87.5122,24.03664],[87.51214,24.0374],[87.51172,24.03886],[87.511,24.04071],[87.51013,24.04539],[87.50939,24.04695],[87.50859,24.0476],[87.50756,24.04792],[87.50599,24.04803],[87.50453,24.04852],[87.50149,24.05082],[87.50021,24.0512],[87.49756,24.05137],[87.49344,24.05427],[87.49419,24.05569],[87.4954,24.05713],[87.49548,24.05768],[87.49496,24.05855],[87.49494,24.0588],[87.49502,24.05944],[87.49528,24.05995],[87.49607,24.06111],[87.49752,24.06153],[87.49805,24.0613],[87.49873,24.06153],[87.49963,24.0631],[87.49985,24.06516],[87.49867,24.06618],[87.49746,24.06592],[87.49545,24.06667],[87.49479,24.0668],[87.49397,24.06767],[87.49306,24.06817],[87.49061,24.07059],[87.49104,24.07155],[87.49272,24.0769],[87.4959,24.07683],[87.49715,24.07675],[87.49756,24.07659],[87.49827,24.07653],[87.49948,24.07607],[87.50208,24.07368],[87.50259,24.07379],[87.50342,24.0748],[87.50449,24.07543],[87.50608,24.07559],[87.5064,24.076],[87.50641,24.07662],[87.5061,24.07741],[87.5061,24.07849],[87.50686,24.07972],[87.50752,24.08052],[87.51072,24.08206],[87.51075,24.08225],[87.50969,24.08405],[87.50885,24.08478],[87.50863,24.08526],[87.50832,24.08543],[87.50614,24.08543],[87.50494,24.08596],[87.50398,24.08592],[87.50294,24.08553],[87.50233,24.08544],[87.50198,24.08615],[87.50169,24.0863],[87.5006,24.08634],[87.49757,24.08583],[87.49739,24.08566],[87.49688,24.08591],[87.49617,24.08663],[87.49547,24.08652],[87.4948,24.08657],[87.4942,24.0871],[87.49304,24.0874],[87.49272,24.08792],[87.49239,24.08889],[87.49179,24.08922],[87.49091,24.08899],[87.48983,24.09011],[87.48991,24.09063],[87.49131,24.09144],[87.49219,24.09272],[87.49225,24.09381],[87.49361,24.09368],[87.49543,24.09295],[87.49671,24.09358],[87.4971,24.09452],[87.49577,24.099],[87.49623,24.09952],[87.49657,24.09939],[87.49691,24.09905],[87.49722,24.09793],[87.49756,24.09788],[87.49918,24.09953],[87.50041,24.10184],[87.49989,24.10361],[87.49928,24.10406],[87.49774,24.10644],[87.49729,24.10805],[87.49752,24.10844],[87.49724,24.10953],[87.4961,24.11147],[87.49576,24.11279],[87.49736,24.11603],[87.49739,24.11859],[87.49762,24.11897],[87.49799,24.11872],[87.49744,24.11859]]}},
{"type":"Feature","properties":{"kind":"state","name":"Jharkhand–West Bengal","src":"OSM relations 1960191 and 1960177","river":"23542","rlen":178},"geometry":{"type":"LineString","coordinates":[[87.49744,24.11859],[87.49758,24.11807],[87.49883,24.11779],[87.4994,24.11715],[87.4995,24.11684],[87.50036,24.11622],[87.50138,24.11593],[87.50254,24.11583],[87.50383,24.11544],[87.5039,24.11525],[87.5038,24.11477],[87.50381,24.11432],[87.504,24.11391],[87.50415,24.11382],[87.50482,24.11375],[87.50599,24.11407],[87.50685,24.11416],[87.50735,24.11416],[87.50814,24.11402],[87.50874,24.11416],[87.5091,24.11408],[87.50992,24.11319],[87.51029,24.11231],[87.51085,24.11181],[87.51151,24.11161],[87.51237,24.11154],[87.51311,24.11176],[87.51381,24.11315],[87.51399,24.11333],[87.51474,24.11379],[87.51606,24.11426],[87.51763,24.11426],[87.5192,24.11408],[87.52077,24.11401],[87.52134,24.11383],[87.52166,24.11361],[87.52216,24.11322],[87.52259,24.11272],[87.52295,24.11215],[87.52337,24.11108],[87.52375,24.11049],[87.5238,24.11006],[87.52405,24.10977],[87.52415,24.10946],[87.5245,24.10927],[87.52453,24.10871],[87.52475,24.10807],[87.52529,24.10774],[87.52574,24.10756],[87.52579,24.10724],[87.52596,24.10701],[87.52631,24.10677],[87.52712,24.10669],[87.52751,24.10682],[87.52843,24.10732],[87.52966,24.10815],[87.53058,24.10854],[87.53215,24.10858],[87.53226,24.10851],[87.53255,24.10819],[87.53276,24.10779],[87.53287,24.1073],[87.53276,24.10506],[87.53236,24.10463],[87.53209,24.10392],[87.53194,24.10322],[87.53218,24.10098],[87.53239,24.10029],[87.53346,24.09845],[87.53425,24.0968],[87.53468,24.09614],[87.53512,24.09566],[87.53588,24.09504],[87.5366,24.09464],[87.53777,24.09426],[87.53851,24.0942],[87.53965,24.09366],[87.54044,24.09305],[87.54129,24.09198],[87.54181,24.09123],[87.54243,24.08989],[87.54262,24.08912],[87.54289,24.08674],[87.54313,24.08614],[87.54346,24.08575],[87.54424,24.08532],[87.54513,24.0851],[87.54622,24.08506],[87.54727,24.0853],[87.548,24.08572],[87.54928,24.08694],[87.55013,24.08758],[87.55012,24.08772],[87.55025,24.0878],[87.55036,24.0882],[87.55082,24.08884],[87.55107,24.08902],[87.55157,24.08916],[87.55268,24.08916],[87.55311,24.08909],[87.554,24.08874],[87.55471,24.08831],[87.5556,24.08813],[87.55614,24.08756],[87.55628,24.08724],[87.55628,24.08646],[87.55617,24.0861],[87.55663,24.08465],[87.55739,24.08321],[87.55807,24.08238]]}},
{"type":"Feature","properties":{"kind":"state","name":"Jharkhand–West Bengal","src":"OSM relations 1960191 and 1960177"},"geometry":{"type":"LineString","coordinates":[[87.55807,24.08238],[87.55838,24.0826],[87.55905,24.08217],[87.55992,24.08197],[87.56019,24.08209],[87.56066,24.08259],[87.56165,24.08406],[87.56253,24.0846],[87.56312,24.08464],[87.56378,24.08403],[87.56504,24.08487],[87.5654,24.08501],[87.56623,24.08509],[87.56664,24.08549],[87.56816,24.08548],[87.56837,24.08557],[87.56848,24.08571],[87.56859,24.08694],[87.56884,24.08727],[87.57091,24.08838],[87.57403,24.08824],[87.57493,24.08791],[87.576,24.08722],[87.57676,24.08699],[87.57901,24.08685],[87.57973,24.08639],[87.58022,24.08637],[87.58026,24.08695],[87.57921,24.08947],[87.57892,24.09068],[87.57572,24.09852],[87.57434,24.1002],[87.57434,24.10049],[87.5751,24.10256],[87.57511,24.10339],[87.57488,24.10409],[87.57436,24.10491],[87.57438,24.10537],[87.5746,24.10586],[87.57417,24.10744],[87.5742,24.10799],[87.57458,24.10893],[87.57627,24.10988],[87.5766,24.11226],[87.57707,24.11244],[87.57958,24.1122],[87.58043,24.11226],[87.58211,24.11282],[87.5826,24.11312],[87.58366,24.11445],[87.58423,24.11553],[87.58466,24.11884],[87.58548,24.12058],[87.58683,24.12257],[87.58702,24.12374],[87.58714,24.12394],[87.58926,24.12551],[87.59101,24.12701],[87.5917,24.12662],[87.59212,24.12652],[87.59358,24.1266],[87.59443,24.12607],[87.59564,24.12623],[87.5962,24.1267],[87.59657,24.12768],[87.59707,24.128],[87.59802,24.12811],[87.59927,24.12793],[87.60162,24.12715],[87.60233,24.12711],[87.60401,24.12801],[87.6042,24.12834],[87.60433,24.12913],[87.60615,24.13046],[87.60819,24.13108],[87.60887,24.13168],[87.60998,24.13205],[87.61023,24.13253],[87.61025,24.13279],[87.61009,24.13282],[87.60928,24.1324],[87.60847,24.13219],[87.60718,24.13214],[87.60577,24.13242],[87.60496,24.13292],[87.60378,24.1343],[87.60255,24.13547],[87.60059,24.13681],[87.59777,24.1397],[87.59623,24.14068],[87.59446,24.1423],[87.59421,24.14285],[87.59411,24.14449],[87.59388,24.14534],[87.59326,24.14583],[87.58916,24.14793],[87.58894,24.14855],[87.58695,24.15067],[87.58567,24.15172],[87.5849,24.15198],[87.58304,24.15228],[87.57988,24.15472],[87.57855,24.15548],[87.57711,24.15653],[87.57507,24.15939],[87.57432,24.16018],[87.57506,24.1605],[87.57615,24.16128],[87.57674,24.16148],[87.5771,24.16146],[87.57917,24.15997],[87.58042,24.15935],[87.58116,24.15922],[87.58155,24.15929],[87.58165,24.15954],[87.58117,24.1604],[87.58112,24.16121],[87.58121,24.16199],[87.5814,24.16248],[87.58252,24.16364],[87.58381,24.16431],[87.58455,24.16449],[87.58535,24.16444],[87.58585,24.16412],[87.58719,24.16166],[87.58735,24.16155],[87.58914,24.16119],[87.59027,24.16112],[87.59272,24.16026],[87.59393,24.16035],[87.59436,24.16054],[87.59517,24.16126],[87.59546,24.16138],[87.5971,24.16047],[87.59739,24.1604],[87.59822,24.16101],[87.59854,24.16099],[87.59953,24.16055],[87.60018,24.16072],[87.60105,24.16118],[87.60157,24.16104],[87.60248,24.16029],[87.60315,24.16029],[87.60413,24.16087],[87.60449,24.16097],[87.60637,24.16064],[87.60684,24.16092],[87.60696,24.16144],[87.60674,24.16268],[87.60705,24.16309],[87.60705,24.16328],[87.6066,24.16415],[87.60693,24.16446],[87.60747,24.16459],[87.60766,24.16435]]}},
{"type":"Feature","properties":{"kind":"state","name":"Jharkhand–West Bengal","src":"OSM relations 1960191 and 1960177","river":"22825","rlen":42},"geometry":{"type":"LineString","coordinates":[[87.60766,24.16435],[87.60767,24.16436],[87.60843,24.16438],[87.6086,24.16446],[87.60859,24.16483],[87.60822,24.16534],[87.60844,24.16569],[87.60868,24.16574],[87.60931,24.16558],[87.61004,24.16495],[87.61104,24.16454],[87.61158,24.16457],[87.6125,24.16493],[87.61337,24.16496],[87.61333,24.16406],[87.6134,24.16388],[87.61353,24.16381],[87.61383,24.16395],[87.61415,24.1643],[87.61459,24.16516],[87.61478,24.16538],[87.61514,24.16551],[87.61576,24.16548],[87.6169,24.16517],[87.6177,24.16509],[87.61796,24.16499],[87.61825,24.1647],[87.61867,24.16389],[87.61897,24.16351],[87.61967,24.16375],[87.62044,24.16377],[87.62093,24.16364],[87.62181,24.16321],[87.62229,24.16309],[87.62259,24.16312],[87.62298,24.16335],[87.62356,24.16415],[87.62389,24.16445],[87.62434,24.16467],[87.62487,24.16478],[87.6254,24.1648],[87.62604,24.16467],[87.62778,24.16375],[87.62844,24.16356],[87.62926,24.16362],[87.63059,24.16421],[87.63098,24.16428],[87.63124,24.16424],[87.6316,24.16407],[87.63204,24.16371],[87.63246,24.16321],[87.63273,24.1627],[87.63274,24.1622],[87.63229,24.16145],[87.6322,24.16103],[87.63246,24.16009],[87.63288,24.15937],[87.63328,24.15906],[87.63387,24.1589],[87.6358,24.15904],[87.63729,24.15811],[87.63814,24.1574],[87.63861,24.15724],[87.63961,24.15718],[87.63989,24.15708],[87.64017,24.15678],[87.64037,24.15628],[87.64013,24.15538],[87.64018,24.15502],[87.64136,24.15398],[87.64223,24.15268],[87.64232,24.15265],[87.64267,24.15265],[87.64351,24.15319],[87.64438,24.15341],[87.6449,24.15322],[87.64541,24.15257],[87.64563,24.15259],[87.64608,24.15284],[87.64674,24.15351],[87.64708,24.1537],[87.64756,24.15376],[87.64823,24.15357],[87.64853,24.15362],[87.64982,24.15428],[87.65091,24.15494],[87.65284,24.15569],[87.65334,24.15598],[87.65341,24.15608],[87.65341,24.15651],[87.65323,24.15715],[87.65277,24.15712],[87.65256,24.1569],[87.6522,24.1569],[87.6517,24.15705],[87.65149,24.15719],[87.65149,24.1574],[87.65156,24.15762],[87.65184,24.1579],[87.65281,24.15822],[87.65345,24.15855],[87.65445,24.15858],[87.65498,24.1584],[87.6553,24.15815],[87.65541,24.15801],[87.65541,24.15758],[87.65509,24.1569],[87.65509,24.15658],[87.65516,24.15637],[87.65541,24.15608],[87.6563,24.15577],[87.65723,24.15604],[87.6573,24.15662],[87.6573,24.15855],[87.65745,24.15865],[87.65777,24.15865],[87.65855,24.15844],[87.65877,24.15815],[87.65952,24.15762],[87.66055,24.15737],[87.66269,24.15737],[87.66362,24.15758],[87.66437,24.15755],[87.66455,24.15744],[87.66491,24.15687],[87.66499,24.15612],[87.66551,24.15539],[87.66569,24.15483],[87.66635,24.1536],[87.66683,24.15288],[87.66725,24.15254],[87.66751,24.15253],[87.66765,24.15272],[87.66777,24.15368],[87.66787,24.15396],[87.66809,24.15417],[87.66834,24.15421],[87.66877,24.15408],[87.66918,24.15383],[87.6701,24.1529],[87.67074,24.15243],[87.67109,24.15231],[87.67205,24.1522],[87.67272,24.15198],[87.67327,24.15159],[87.67373,24.15103],[87.67422,24.15126],[87.67443,24.15163],[87.67488,24.15174],[87.67595,24.15155],[87.67631,24.15136],[87.67712,24.15043],[87.678,24.15015],[87.67817,24.1499],[87.67805,24.14853],[87.67867,24.14768],[87.67907,24.14759],[87.67934,24.14775],[87.67936,24.14802],[87.67953,24.14836],[87.67975,24.14835],[87.68029,24.14805],[87.68057,24.14827],[87.68098,24.14952],[87.68101,24.15],[87.68194,24.15056],[87.68247,24.15074],[87.68329,24.15067],[87.68394,24.15033],[87.68439,24.14986],[87.68501,24.14956],[87.68579,24.14952],[87.68639,24.14962],[87.68708,24.15048],[87.68718,24.15095],[87.68739,24.15125],[87.68815,24.15149],[87.68911,24.1514],[87.69,24.15091],[87.69043,24.15098],[87.69078,24.15119],[87.69118,24.15123],[87.6915,24.15136],[87.69171,24.15139],[87.69203,24.15128],[87.69217,24.15113],[87.69261,24.15001],[87.69297,24.14975],[87.69333,24.14965],[87.69361,24.1498]]}},
{"type":"Feature","properties":{"kind":"state","name":"Jharkhand–West Bengal","src":"OSM relations 1960191 and 1960177"},"geometry":{"type":"LineString","coordinates":[[87.69361,24.1498],[87.69349,24.15],[87.69393,24.15022],[87.69442,24.15024],[87.69456,24.15056],[87.69462,24.1513],[87.69449,24.15289],[87.69618,24.15719],[87.69676,24.15833],[87.69699,24.15925],[87.69696,24.15965],[87.69633,24.16004],[87.6957,24.16159],[87.69633,24.16403],[87.69655,24.16569],[87.69681,24.16663],[87.69767,24.16885],[87.70163,24.17578],[87.70243,24.17745],[87.70278,24.17843],[87.7029,24.1792],[87.70256,24.18061],[87.70237,24.18076],[87.7018,24.18076],[87.69901,24.18061],[87.69867,24.1808],[87.69851,24.18252],[87.69898,24.18405],[87.69903,24.18462],[87.69881,24.18483],[87.69798,24.18508],[87.69788,24.18529],[87.69865,24.18732],[87.69861,24.18781],[87.69846,24.18791],[87.69703,24.18832],[87.68973,24.18932],[87.68627,24.18943],[87.68568,24.18959],[87.68472,24.19038],[87.68408,24.19139],[87.68346,24.19187],[87.68216,24.19251],[87.67987,24.19326],[87.67864,24.19351],[87.67635,24.19373],[87.67624,24.19405],[87.67669,24.19539],[87.67691,24.19656],[87.67691,24.19737],[87.67728,24.1986],[87.67712,24.199],[87.67627,24.19929],[87.67589,24.19976],[87.67575,24.20372],[87.67638,24.20498],[87.67637,24.20575],[87.67596,24.20803],[87.67558,24.20833],[87.67527,24.20845],[87.67247,24.20868],[87.67117,24.20891],[87.66944,24.21012],[87.66714,24.2067],[87.66568,24.20728],[87.66223,24.2091],[87.66119,24.20942],[87.66083,24.20942],[87.65988,24.20903],[87.65799,24.20979],[87.65782,24.20973],[87.6564,24.20824],[87.6557,24.20782],[87.65514,24.20764],[87.65434,24.20773],[87.64896,24.21018],[87.64716,24.21123],[87.64458,24.21203],[87.64152,24.21333],[87.63861,24.21399],[87.63842,24.21415],[87.63757,24.21614],[87.63757,24.21695],[87.63776,24.21724],[87.63967,24.21831],[87.63991,24.21886],[87.64005,24.21967],[87.64026,24.21993],[87.64258,24.22159],[87.64304,24.22245],[87.64349,24.22291],[87.64582,24.22474],[87.6465,24.22549],[87.64647,24.22594],[87.64501,24.22888],[87.64487,24.22892],[87.64479,24.2294],[87.64484,24.22971],[87.64577,24.22994],[87.64623,24.23038],[87.64663,24.23153],[87.64659,24.23175],[87.64636,24.23193],[87.64612,24.23187],[87.64592,24.23165],[87.64561,24.23163],[87.64544,24.23202],[87.64602,24.23266],[87.64593,24.23338],[87.64563,24.23437],[87.64545,24.23456],[87.64395,24.23547],[87.64221,24.23607],[87.64043,24.23636],[87.63876,24.23647],[87.63691,24.2362],[87.63488,24.2361],[87.63365,24.23653],[87.63334,24.23704],[87.63341,24.23752],[87.63389,24.23817],[87.63404,24.23887],[87.63411,24.24057],[87.63437,24.24165],[87.63494,24.24279],[87.63576,24.24302],[87.63638,24.24344],[87.63711,24.24418],[87.63742,24.24502],[87.63876,24.24657],[87.63994,24.24707],[87.64028,24.24736],[87.64071,24.24843],[87.64073,24.24882],[87.64026,24.24956],[87.64038,24.25017],[87.64005,24.25064],[87.63945,24.25207],[87.63878,24.25438],[87.64031,24.25381],[87.64057,24.25423]]}},
{"type":"Feature","properties":{"kind":"state","name":"Jharkhand–West Bengal","src":"OSM relations 1960191 and 1960177","river":"29242","rlen":124},"geometry":{"type":"LineString","coordinates":[[87.64057,24.25423],[87.64068,24.25417],[87.64232,24.25417],[87.64325,24.25399],[87.6436,24.25378],[87.64403,24.25328],[87.64442,24.2531],[87.64482,24.25274],[87.64567,24.25178],[87.64603,24.25167],[87.64721,24.25164],[87.64874,24.2511],[87.64948,24.25025],[87.65011,24.24898],[87.65028,24.24809],[87.65078,24.24707],[87.6512,24.24595],[87.65147,24.24488],[87.65232,24.24285],[87.65254,24.24205],[87.6527,24.24095],[87.65309,24.23994],[87.65593,24.23725],[87.65647,24.23698],[87.65754,24.23663],[87.65859,24.23649],[87.66029,24.23652],[87.66077,24.23659],[87.66121,24.23689],[87.66237,24.23814],[87.66296,24.23975],[87.66294,24.24103],[87.66261,24.24214],[87.66278,24.2451],[87.66298,24.24591],[87.6642,24.24631],[87.66557,24.24601],[87.66936,24.24436],[87.6708,24.24429],[87.67169,24.24433],[87.67251,24.24466],[87.67289,24.24523],[87.67296,24.24642],[87.67378,24.24761],[87.67498,24.24835],[87.67593,24.24869],[87.67668,24.24874],[87.67981,24.24858],[87.68186,24.24793],[87.68292,24.24714],[87.68472,24.2468],[87.68602,24.24667]]}},
{"type":"Feature","properties":{"kind":"state","name":"Jharkhand–West Bengal","src":"OSM relations 1960191 and 1960177"},"geometry":{"type":"LineString","coordinates":[[87.68602,24.24667],[87.68678,24.24645],[87.68754,24.24644],[87.68666,24.2509],[87.68753,24.25212],[87.6876,24.2528],[87.68873,24.2528],[87.6892,24.25326],[87.68957,24.25609],[87.69036,24.25785],[87.69127,24.25784],[87.69189,24.25763],[87.69235,24.25763],[87.69258,24.25781],[87.69272,24.2591],[87.69445,24.25906],[87.69613,24.25973],[87.69689,24.25973],[87.69739,24.25991],[87.69778,24.26025],[87.6979,24.26079],[87.69815,24.26118],[87.69879,24.26136],[87.69995,24.2627],[87.70051,24.26248],[87.70086,24.26275],[87.70123,24.26284],[87.70325,24.26123],[87.70399,24.26099],[87.70518,24.26112],[87.70589,24.26144],[87.70658,24.2622],[87.70791,24.26549],[87.70882,24.2673],[87.70937,24.2716],[87.70917,24.27217],[87.70834,24.273],[87.70752,24.27406],[87.70708,24.27485],[87.70701,24.27578],[87.70881,24.27893],[87.70947,24.28022],[87.70968,24.2809],[87.71125,24.28191],[87.71276,24.28334],[87.7133,24.28403],[87.71357,24.28542],[87.71335,24.28965],[87.71274,24.29105],[87.71367,24.2944],[87.71405,24.29435],[87.71932,24.29249],[87.7246,24.29091],[87.72558,24.2899],[87.72869,24.28844],[87.7293,24.28842],[87.72957,24.28853],[87.73002,24.28962],[87.73226,24.29171],[87.73279,24.29194],[87.7338,24.29196],[87.73473,24.2923],[87.7376,24.29374],[87.73861,24.29449],[87.73858,24.29476],[87.7375,24.29577],[87.73757,24.29611],[87.73797,24.29625],[87.73871,24.29607],[87.73922,24.29669],[87.7397,24.29694],[87.74061,24.29717],[87.7414,24.29712],[87.74245,24.29682],[87.74315,24.29678],[87.74406,24.29766],[87.74477,24.29741],[87.74502,24.29752],[87.74539,24.29791],[87.74742,24.29924],[87.74734,24.29963],[87.74663,24.29992],[87.74616,24.30042],[87.74613,24.30123],[87.74656,24.30186],[87.74748,24.30241],[87.74778,24.30267],[87.74796,24.30309],[87.74853,24.30355],[87.74814,24.30412],[87.74821,24.30435],[87.7491,24.30543],[87.75011,24.30557],[87.75179,24.30641],[87.75229,24.3071],[87.75245,24.30779],[87.75291,24.30809],[87.75328,24.30815],[87.75486,24.31025],[87.75532,24.31021],[87.75639,24.30983],[87.76032,24.30829],[87.76112,24.30821],[87.7616,24.30847],[87.76302,24.31298],[87.76233,24.31283],[87.76185,24.31289],[87.7616,24.31329],[87.76185,24.31429],[87.76299,24.31625],[87.76311,24.31711],[87.76278,24.31935],[87.76281,24.32078],[87.76297,24.32131],[87.7634,24.32185],[87.76443,24.32245],[87.76524,24.32247],[87.76625,24.32233],[87.76801,24.32168],[87.76852,24.32172],[87.76889,24.32199],[87.76978,24.32195],[87.77044,24.32202],[87.77063,24.32214],[87.76966,24.32369],[87.76948,24.32552],[87.76966,24.32646],[87.76955,24.32713],[87.76902,24.32792],[87.76799,24.32899],[87.76723,24.32956],[87.76553,24.32998],[87.76365,24.32966],[87.76314,24.3297],[87.76257,24.33079],[87.76246,24.33308],[87.76308,24.33633],[87.76365,24.33783],[87.7644,24.33933],[87.76646,24.34258],[87.76818,24.34472],[87.76871,24.3447],[87.77091,24.34418],[87.77123,24.34444],[87.77139,24.34568],[87.77221,24.3484],[87.77277,24.34977],[87.7732,24.35044],[87.77469,24.3522],[87.77503,24.35294],[87.77586,24.35393],[87.77623,24.35424],[87.77725,24.35469],[87.77764,24.35508],[87.7779,24.35571],[87.77984,24.35842],[87.78177,24.36022],[87.78303,24.36184],[87.78369,24.36243],[87.78415,24.36266],[87.78496,24.36262],[87.78565,24.36234],[87.78597,24.36249],[87.78711,24.36547],[87.7881,24.36891],[87.78954,24.37243],[87.79016,24.37373],[87.79146,24.37559],[87.79112,24.3769],[87.7911,24.37755],[87.79135,24.37822],[87.79382,24.38307],[87.79417,24.3834],[87.79455,24.38319],[87.79462,24.38304],[87.79406,24.38258],[87.7941,24.38248],[87.79446,24.38236],[87.79533,24.38256],[87.7966,24.38251],[87.79923,24.38198],[87.80016,24.38223],[87.80085,24.38213],[87.8011,24.38222],[87.80112,24.38316],[87.80082,24.38463],[87.79951,24.38641],[87.79936,24.38716],[87.7994,24.38834],[87.79915,24.39157],[87.79938,24.39315],[87.79935,24.39421],[87.7974,24.39549],[87.79616,24.396],[87.79492,24.39633],[87.79407,24.39684],[87.79384,24.39813],[87.79395,24.39929],[87.79421,24.40013],[87.79514,24.40148],[87.79581,24.40194],[87.79691,24.40218],[87.79838,24.4022],[87.79935,24.40153],[87.79974,24.40096],[87.80038,24.40069],[87.8015,24.40067],[87.80187,24.40018],[87.80219,24.39998],[87.80267,24.40073],[87.80322,24.40088],[87.80389,24.40234],[87.80451,24.40306],[87.80536,24.40335],[87.80547,24.40507],[87.8057,24.40556],[87.80671,24.40596],[87.80696,24.40632],[87.80685,24.40674],[87.80708,24.40701],[87.8076,24.40712],[87.80896,24.40697],[87.80958,24.40701],[87.80983,24.40681],[87.80928,24.40621],[87.80869,24.40578],[87.80848,24.40539],[87.80871,24.40514],[87.80907,24.40513],[87.81017,24.40614],[87.81053,24.40657],[87.81259,24.41188],[87.8127,24.41298],[87.81259,24.41391],[87.81093,24.41509],[87.81086,24.41564],[87.81135,24.41761],[87.81128,24.41783],[87.80914,24.41893],[87.80751,24.41996],[87.80662,24.42029],[87.80632,24.42014],[87.80437,24.4127],[87.80382,24.41274],[87.80354,24.41247],[87.80339,24.41213],[87.80332,24.41138],[87.80314,24.41087],[87.80293,24.41068],[87.80116,24.40952],[87.80054,24.40931],[87.7999,24.40918],[87.79951,24.40937],[87.79937,24.40984],[87.79944,24.4104],[87.79983,24.41167],[87.79976,24.41198],[87.79955,24.41221],[87.79912,24.41228],[87.79788,24.41191],[87.79719,24.4121],[87.79597,24.41292],[87.7945,24.41367],[87.79347,24.41456],[87.79271,24.41477],[87.79246,24.41432],[87.79352,24.4126],[87.79331,24.41247],[87.7929,24.41265],[87.79156,24.41433],[87.79113,24.41444],[87.78968,24.4144],[87.78853,24.4145],[87.78883,24.41655],[87.78979,24.42066],[87.79042,24.42073],[87.79182,24.42062],[87.79372,24.42073],[87.79503,24.42094],[87.79549,24.42143],[87.79566,24.42217],[87.7956,24.42246],[87.79501,24.42294],[87.79467,24.42399],[87.79399,24.42488],[87.79424,24.42583],[87.79415,24.42625],[87.79345,24.42658],[87.79339,24.42709],[87.79324,24.42726],[87.79241,24.42753],[87.79224,24.42774],[87.79235,24.42795],[87.79333,24.4284],[87.79289,24.42869],[87.79309,24.42898],[87.79404,24.42939],[87.79419,24.42961],[87.79415,24.43004],[87.79336,24.4312],[87.79336,24.43139],[87.79358,24.43166],[87.79424,24.43195],[87.79466,24.43242],[87.79529,24.43395],[87.79612,24.43502],[87.79607,24.43546],[87.79454,24.43596],[87.79456,24.4364],[87.79502,24.43656],[87.79575,24.4371],[87.79899,24.43695],[87.80022,24.43712],[87.80077,24.43733],[87.80098,24.43861],[87.80093,24.43979],[87.80065,24.4405],[87.80082,24.44092],[87.80134,24.44107],[87.8036,24.44129],[87.80394,24.44161],[87.80394,24.44188],[87.80305,24.44226],[87.80317,24.44334],[87.80285,24.44386],[87.80182,24.44463],[87.80031,24.44553],[87.80001,24.44591],[87.80013,24.44768],[87.80036,24.44818],[87.80127,24.44849],[87.80145,24.44868],[87.80145,24.4492],[87.80218,24.45151],[87.80275,24.45268],[87.80291,24.45356],[87.80314,24.454],[87.80441,24.45469],[87.80583,24.45515],[87.80665,24.4553],[87.80741,24.45535],[87.80825,24.45498],[87.80928,24.45483],[87.80999,24.45489],[87.81031,24.45512],[87.81049,24.45634],[87.81078,24.45651],[87.81229,24.45609],[87.81252,24.4559],[87.81245,24.45546],[87.81261,24.45506],[87.81314,24.45473],[87.81355,24.45462],[87.8136,24.45479],[87.81341,24.45523],[87.81293,24.45598],[87.81288,24.45642],[87.8132,24.45671],[87.81398,24.45652],[87.81905,24.45464],[87.81978,24.45453],[87.82001,24.45466],[87.8201,24.45503],[87.81971,24.45545],[87.81875,24.45598],[87.8185,24.45671],[87.81866,24.4575],[87.81893,24.45799],[87.82136,24.45816],[87.82277,24.45801],[87.82357,24.45808],[87.82377,24.45846],[87.82402,24.45929],[87.8243,24.45966],[87.82464,24.46148],[87.82293,24.46279],[87.82345,24.46379],[87.82398,24.46517],[87.82222,24.46603],[87.82126,24.46619],[87.82119,24.46669],[87.82135,24.46739],[87.82176,24.46817],[87.82185,24.46915],[87.82224,24.4704],[87.82267,24.47103],[87.81865,24.47226],[87.81842,24.47266],[87.81861,24.47326],[87.81902,24.47364],[87.8192,24.47403],[87.81835,24.47481],[87.81708,24.47517],[87.81657,24.47511],[87.8158,24.47476],[87.81493,24.47463],[87.81438,24.47469],[87.8108,24.47568],[87.8107,24.47636],[87.81118,24.47853],[87.81189,24.48026],[87.81237,24.48095],[87.81369,24.48443],[87.81431,24.48767],[87.81431,24.48843],[87.81456,24.48864],[87.81589,24.48883],[87.81632,24.48908],[87.81646,24.48938],[87.81639,24.48988],[87.81662,24.49015],[87.81769,24.48961],[87.81858,24.48981],[87.81925,24.48967],[87.81986,24.48934],[87.82203,24.48876],[87.82272,24.48845],[87.82397,24.48853],[87.8261,24.48843],[87.82653,24.48859],[87.82683,24.48897],[87.82729,24.48927],[87.8277,24.48987],[87.8277,24.49014],[87.8274,24.49031],[87.8266,24.49035],[87.82502,24.49016],[87.82457,24.49033],[87.82443,24.4906],[87.82576,24.49062],[87.82612,24.49208],[87.82658,24.49515],[87.82678,24.49541],[87.82786,24.49556],[87.82806,24.49585],[87.82815,24.49862],[87.82758,24.49896],[87.82447,24.5003],[87.82384,24.50044],[87.82356,24.50023],[87.82351,24.49934],[87.82315,24.49892],[87.82203,24.49826],[87.82164,24.49782],[87.82141,24.4965],[87.82164,24.49554],[87.82194,24.49541],[87.82333,24.49531],[87.82347,24.49489],[87.82313,24.49461],[87.82228,24.49474],[87.82191,24.49434],[87.82002,24.49315],[87.81783,24.49292],[87.81712,24.49255],[87.81623,24.49094],[87.81563,24.49094],[87.81365,24.49131],[87.81285,24.49165],[87.81239,24.4916],[87.81202,24.49079],[87.81168,24.49077],[87.81143,24.49104],[87.81113,24.49269],[87.81131,24.49359],[87.81157,24.49316],[87.81208,24.49304],[87.81276,24.49323],[87.81293,24.49365],[87.8128,24.49436],[87.81224,24.49496],[87.81188,24.49502],[87.81157,24.49493],[87.81191,24.49665],[87.81288,24.49649],[87.81314,24.49661],[87.8133,24.49683],[87.81341,24.49739],[87.81332,24.49842],[87.81304,24.49868],[87.8123,24.49872],[87.81254,24.49971],[87.81307,24.50006],[87.81592,24.50061],[87.81723,24.50061],[87.81684,24.50142],[87.81637,24.50163],[87.81605,24.50199],[87.81576,24.50268],[87.81529,24.50297],[87.8149,24.50304],[87.81482,24.50376],[87.81348,24.50534],[87.81348,24.50707],[87.81398,24.50776],[87.81429,24.50884],[87.81406,24.5092],[87.81358,24.50927],[87.81248,24.50891],[87.81138,24.50905],[87.81099,24.50963],[87.81107,24.5102],[87.81186,24.51214],[87.8117,24.51272],[87.81068,24.5138],[87.80981,24.51444],[87.80934,24.51452],[87.80817,24.5138],[87.80748,24.51305],[87.80717,24.5124],[87.80584,24.51147],[87.80521,24.51125],[87.80521,24.51089],[87.80458,24.51097],[87.80442,24.51075],[87.80459,24.50866],[87.80357,24.50874],[87.80278,24.50859],[87.80262,24.50823],[87.80272,24.50778],[87.80359,24.50706],[87.8039,24.50627],[87.8039,24.50433],[87.80437,24.50361],[87.80453,24.50274],[87.80422,24.50261],[87.80383,24.5026],[87.80335,24.50274],[87.80312,24.50253],[87.80312,24.50202],[87.80351,24.5016],[87.80516,24.50153],[87.80556,24.50124],[87.80564,24.50061],[87.80533,24.50061],[87.80452,24.49971],[87.80422,24.49898],[87.8042,24.49819],[87.80452,24.49737],[87.80437,24.49722],[87.80422,24.49727],[87.80367,24.49791],[87.80336,24.49782],[87.80316,24.49735],[87.80298,24.49566],[87.80191,24.49429],[87.80126,24.49372],[87.8007,24.49367],[87.80044,24.4934],[87.80015,24.49339],[87.79967,24.49387],[87.79927,24.49382],[87.79899,24.49399],[87.79866,24.49449],[87.79836,24.49522],[87.79851,24.49705],[87.79838,24.49723],[87.79743,24.4977],[87.79714,24.49804],[87.79712,24.4987],[87.79616,24.49914],[87.79579,24.49981],[87.7962,24.50061],[87.79672,24.50061],[87.79677,24.50094],[87.79663,24.50127],[87.79629,24.50135],[87.79507,24.50099],[87.79458,24.50099],[87.79414,24.50114],[87.79446,24.50153],[87.79512,24.50189],[87.79564,24.50423],[87.796,24.50456],[87.79684,24.50476],[87.79833,24.50457],[87.80045,24.50398],[87.801,24.50399],[87.80124,24.50408],[87.80153,24.50441],[87.80156,24.50484],[87.80085,24.50569],[87.80082,24.50588],[87.80096,24.50605],[87.80207,24.50628],[87.8024,24.50697],[87.8024,24.50733],[87.80219,24.50753],[87.80122,24.50766],[87.80133,24.50827],[87.80115,24.50847],[87.80072,24.50838],[87.80022,24.50782],[87.7999,24.50782],[87.79918,24.50851],[87.79833,24.50848],[87.79843,24.50941],[87.79836,24.51039],[87.79801,24.51098],[87.79807,24.51137],[87.79943,24.51157],[87.79976,24.51154],[87.80011,24.51135],[87.8007,24.51155],[87.80106,24.51182],[87.80151,24.51187],[87.80194,24.5122],[87.80216,24.51278],[87.80235,24.51436],[87.8027,24.51597],[87.80336,24.51692],[87.80424,24.51923],[87.8041,24.51982],[87.80324,24.52126],[87.80216,24.52375],[87.8013,24.52388],[87.80001,24.52427],[87.79923,24.52473],[87.79915,24.52572],[87.79939,24.52783],[87.80004,24.5292],[87.80039,24.53045],[87.80054,24.53176],[87.80042,24.53342],[87.7997,24.53479],[87.79877,24.53597],[87.79819,24.53623],[87.79791,24.53656],[87.79756,24.5388],[87.79821,24.54004],[87.79957,24.54339],[87.79999,24.54366],[87.80259,24.54232],[87.8047,24.54188],[87.80497,24.54208],[87.80476,24.5429],[87.80482,24.54316],[87.80504,24.54336],[87.80547,24.54356],[87.80666,24.54457],[87.80777,24.54455],[87.80809,24.54477],[87.80841,24.54533],[87.80859,24.546],[87.80859,24.54669],[87.80798,24.54833],[87.80705,24.54868],[87.80694,24.54894],[87.80697,24.54957],[87.80676,24.54992],[87.80622,24.55035],[87.80539,24.55156],[87.80532,24.5518],[87.80546,24.55194],[87.8061,24.55201],[87.80621,24.55214],[87.80615,24.55244],[87.80492,24.55425],[87.80474,24.55438],[87.80403,24.55451],[87.80388,24.5547],[87.80336,24.55639],[87.80376,24.55743],[87.80346,24.55923],[87.80306,24.55995],[87.80281,24.56103],[87.80245,24.56169],[87.80213,24.56192],[87.80167,24.56192],[87.80048,24.56133],[87.80015,24.56123],[87.79993,24.56137],[87.79975,24.56189],[87.79988,24.5648],[87.79977,24.5649],[87.79852,24.56505],[87.79697,24.56593],[87.79604,24.56591],[87.79574,24.56654],[87.79521,24.56709],[87.79498,24.56768],[87.79451,24.56826],[87.79512,24.56927],[87.79496,24.56955],[87.79474,24.56969],[87.7942,24.56969],[87.79375,24.57011],[87.79291,24.5702],[87.79272,24.57041],[87.79306,24.571],[87.79246,24.57166],[87.79104,24.57238],[87.79077,24.57235],[87.7896,24.57165],[87.78884,24.57186],[87.78824,24.57151],[87.78793,24.57148],[87.78759,24.57161],[87.78686,24.57146],[87.78652,24.57153],[87.78594,24.5724],[87.78469,24.57202],[87.78397,24.57209],[87.78236,24.57273],[87.78156,24.57284],[87.78069,24.57333],[87.78027,24.57336],[87.7794,24.57315],[87.77837,24.57346],[87.7777,24.57318],[87.77716,24.57329],[87.77659,24.57298],[87.77625,24.57259],[87.77591,24.57155],[87.77564,24.57124],[87.77445,24.57111],[87.77267,24.57115],[87.77133,24.57065],[87.77019,24.57049],[87.77021,24.57098],[87.77079,24.57263],[87.77144,24.57574],[87.77153,24.57953],[87.77122,24.58302],[87.77143,24.58322],[87.77358,24.58309],[87.78134,24.58303],[87.78533,24.58317],[87.79213,24.58319],[87.79435,24.58142],[87.79601,24.58076],[87.79823,24.5803],[87.8061,24.57973],[87.81218,24.57856],[87.81354,24.57731],[87.81589,24.57437],[87.81696,24.57339],[87.81812,24.5726],[87.81984,24.57168],[87.82125,24.5711],[87.82196,24.57065],[87.82282,24.57064],[87.82333,24.57019],[87.8249,24.56952],[87.82534,24.56913],[87.82555,24.56835],[87.82541,24.56756],[87.82402,24.56507],[87.82388,24.56474],[87.82388,24.56402],[87.82424,24.56324],[87.82431,24.56146],[87.82536,24.5595],[87.8263,24.55872],[87.82752,24.55799],[87.82845,24.55813],[87.82931,24.55865],[87.83018,24.55826],[87.83111,24.55852],[87.83175,24.55846],[87.83226,24.55813],[87.83283,24.55806],[87.83367,24.55834],[87.83467,24.55886],[87.83682,24.55899],[87.83826,24.55938],[87.83898,24.55912],[87.84034,24.55972],[87.84082,24.55979],[87.84176,24.559],[87.84261,24.55887],[87.84405,24.55743],[87.84792,24.5573],[87.84818,24.55691],[87.84826,24.55639],[87.84804,24.55508],[87.84862,24.55435],[87.84941,24.55384],[87.84999,24.55389],[87.85106,24.55455],[87.85163,24.55534],[87.85192,24.55672],[87.85328,24.55764],[87.85343,24.5583],[87.85285,24.55882],[87.85278,24.55928],[87.85292,24.55974],[87.8527,24.56007],[87.85228,24.56026],[87.85235,24.56177],[87.85408,24.56105],[87.85429,24.56073],[87.85378,24.55993],[87.85392,24.55941],[87.85479,24.55875],[87.85644,24.5581],[87.85893,24.55758],[87.85943,24.55785],[87.86,24.55883],[87.86051,24.55883],[87.86072,24.55844],[87.86051,24.55739],[87.86057,24.55712],[87.86087,24.55693],[87.86658,24.55661],[87.86938,24.55602],[87.86967,24.55635],[87.86988,24.55806],[87.86966,24.56042],[87.86909,24.56319],[87.86901,24.56424],[87.86922,24.5645],[87.87037,24.56457],[87.87404,24.56411],[87.87568,24.56417],[87.87705,24.56444],[87.87863,24.56431],[87.87956,24.5645],[87.88177,24.5653],[87.88413,24.56484],[87.88621,24.56497],[87.88872,24.56491],[87.88927,24.56505],[87.89013,24.56597],[87.89129,24.56754],[87.89171,24.56866],[87.89171,24.56978],[87.89149,24.57161],[87.89183,24.57806],[87.89167,24.58214],[87.89174,24.58345],[87.89193,24.58418],[87.89229,24.58445],[87.89509,24.58425],[87.89688,24.58452],[87.89774,24.58491],[87.89825,24.5857],[87.89882,24.5872],[87.89947,24.58819],[87.9011,24.58938],[87.90253,24.58978],[87.90433,24.58964],[87.90583,24.58906],[87.90633,24.58873],[87.90828,24.58892],[87.90868,24.58998],[87.90954,24.59064],[87.91148,24.59182],[87.91285,24.59287],[87.91328,24.59346],[87.91361,24.59538],[87.91404,24.59623],[87.91405,24.59662],[87.91203,24.59754],[87.91182,24.59793],[87.91303,24.59873],[87.91318,24.59991],[87.91295,24.60078],[87.91245,24.60097],[87.91129,24.60103],[87.91077,24.61043],[87.90864,24.61051],[87.90426,24.61032],[87.90256,24.61051],[87.89945,24.61],[87.89551,24.60987],[87.89386,24.60994],[87.89254,24.60975],[87.8919,24.60943],[87.8916,24.6091],[87.89168,24.60864],[87.89211,24.60798],[87.89347,24.60706],[87.89362,24.60555],[87.89347,24.60548],[87.89233,24.60627],[87.88931,24.60693],[87.88802,24.60732],[87.8873,24.60778],[87.88608,24.61009],[87.88498,24.61127],[87.88354,24.61206],[87.88289,24.61219],[87.88182,24.612],[87.88117,24.61167],[87.88103,24.61187],[87.88082,24.61305],[87.88039,24.61325],[87.88003,24.61305],[87.87952,24.61207],[87.87902,24.61186],[87.87837,24.61206],[87.87684,24.61346],[87.87598,24.61457],[87.87583,24.61523],[87.87605,24.61575],[87.87684,24.61601],[87.87735,24.61635],[87.87713,24.61772],[87.87746,24.61813],[87.87811,24.61819],[87.87876,24.61812],[87.88055,24.61721],[87.8817,24.61688],[87.88457,24.61675],[87.88591,24.61702],[87.88684,24.61702],[87.88763,24.61656],[87.89,24.61446],[87.89158,24.61374],[87.89265,24.61354],[87.89429,24.61401],[87.89616,24.61434],[87.89873,24.6144],[87.90273,24.61428],[87.90603,24.61501],[87.90618,24.61553],[87.90596,24.61874],[87.90601,24.62362],[87.90577,24.62928],[87.90505,24.62908],[87.90347,24.62776],[87.90189,24.6277],[87.90154,24.62757],[87.90075,24.62698],[87.90032,24.62559],[87.89744,24.6256],[87.89727,24.6264],[87.89218,24.62593],[87.88938,24.62614],[87.88864,24.62634],[87.88806,24.62871],[87.88792,24.63034],[87.88828,24.63127],[87.88912,24.6324],[87.88984,24.63305],[87.89149,24.63298],[87.89156,24.6339],[87.89185,24.6341],[87.89543,24.63305],[87.89637,24.63305],[87.89785,24.63385],[87.90044,24.63365],[87.90115,24.63333],[87.90159,24.63273],[87.90338,24.6324],[87.90367,24.63161],[87.90454,24.6314],[87.90641,24.6312],[87.90792,24.6312],[87.90993,24.6314],[87.91064,24.63402],[87.91127,24.63797],[87.91349,24.63758],[87.91414,24.63771],[87.91263,24.64178],[87.91235,24.64296],[87.91204,24.64449],[87.91203,24.64613],[87.91182,24.6479],[87.91094,24.6506],[87.91079,24.65204],[87.91087,24.65342],[87.9112,24.65455],[87.91185,24.65514],[87.91321,24.65553],[87.9163,24.65829],[87.91685,24.66033],[87.91727,24.66113],[87.91734,24.66185],[87.91709,24.66398],[87.91661,24.66575],[87.91549,24.66572],[87.91358,24.66595],[87.91153,24.66648],[87.91063,24.66651],[87.90844,24.66717],[87.90851,24.66789],[87.90804,24.66805],[87.9078,24.66842],[87.90789,24.66862],[87.90818,24.66859],[87.90822,24.66836],[87.90858,24.66826],[87.90901,24.67],[87.90764,24.67049],[87.90478,24.67244],[87.90403,24.67263],[87.90147,24.67234],[87.89712,24.67255],[87.89362,24.67435],[87.89071,24.67521],[87.88988,24.67574],[87.88919,24.6767],[87.88869,24.67857],[87.88835,24.67923],[87.88775,24.67999],[87.89006,24.68345],[87.89038,24.68365],[87.89081,24.68362],[87.89164,24.68427],[87.89254,24.68424],[87.89308,24.68467],[87.89351,24.68602],[87.89414,24.68701],[87.89631,24.68812],[87.89735,24.68772],[87.89767,24.68788],[87.89806,24.68834],[87.89978,24.69185],[87.90114,24.69412],[87.90185,24.69764],[87.90219,24.70093],[87.90287,24.70399],[87.90292,24.70514],[87.89992,24.70518],[87.90028,24.7078],[87.90035,24.7101],[87.90064,24.71128],[87.90098,24.71182],[87.90198,24.71254],[87.9027,24.71418],[87.90328,24.71464],[87.90479,24.71464],[87.90724,24.71497],[87.90723,24.71616],[87.90695,24.71792],[87.90697,24.71859],[87.90903,24.71957]]}},
{"type":"Feature","properties":{"kind":"state","name":"Jharkhand–West Bengal","src":"OSM relations 1960191 and 1960177","river":"21373","rlen":21},"geometry":{"type":"LineString","coordinates":[[87.90903,24.71957],[87.90888,24.71985],[87.90858,24.72109],[87.90749,24.72183],[87.90683,24.72186],[87.90468,24.72232],[87.90383,24.72236],[87.90385,24.72271],[87.9046,24.72331],[87.90483,24.724],[87.9052,24.72474],[87.90457,24.72501],[87.90379,24.72482],[87.90247,24.72412],[87.90134,24.72433],[87.90003,24.72413],[87.89958,24.72415],[87.89812,24.72329],[87.89694,24.72378],[87.89525,24.72393],[87.89383,24.7245],[87.89301,24.72475],[87.89219,24.72521],[87.8914,24.72525],[87.89079,24.72489],[87.89044,24.72489],[87.88954,24.72507],[87.88947,24.72521],[87.88947,24.72714],[87.88883,24.72757],[87.88812,24.72757],[87.88787,24.72767],[87.88772,24.72796],[87.88765,24.72867],[87.88762,24.73096],[87.88769,24.73206],[87.88776,24.73246],[87.88794,24.73271],[87.88812,24.73342],[87.88812,24.73406],[87.8879,24.73449],[87.88751,24.73481],[87.88712,24.73603],[87.88683,24.73638],[87.88651,24.7366],[87.88608,24.73667],[87.88419,24.7366],[87.88387,24.73667],[87.8838,24.73685],[87.8838,24.73745],[87.8839,24.73774],[87.88475,24.73844],[87.88506,24.73852],[87.88514,24.73884],[87.88479,24.73943],[87.88408,24.74011],[87.88342,24.74054],[87.88277,24.74081]]}},
{"type":"Feature","properties":{"kind":"state","name":"Jharkhand–West Bengal","src":"OSM relations 1960191 and 1960177"},"geometry":{"type":"LineString","coordinates":[[87.88277,24.74081],[87.88302,24.74132],[87.87855,24.74179],[87.87925,24.74081],[87.87939,24.74035],[87.87774,24.73753],[87.87594,24.73522],[87.8757,24.73471],[87.87571,24.73392],[87.87535,24.7332],[87.87413,24.73208],[87.87031,24.73267],[87.86751,24.73294],[87.86561,24.73203],[87.86496,24.73229],[87.86396,24.73348],[87.86353,24.7342],[87.86296,24.73446],[87.86058,24.7338],[87.85993,24.73393],[87.85876,24.7346],[87.85851,24.73501],[87.85799,24.73541],[87.85762,24.73549],[87.85716,24.73635],[87.85483,24.7372],[87.85335,24.73796],[87.8514,24.73924],[87.84887,24.74019],[87.84836,24.74033],[87.84445,24.74037],[87.84302,24.74002],[87.84232,24.74211],[87.84112,24.74355],[87.83957,24.74436],[87.83675,24.74613],[87.83573,24.74702],[87.83507,24.74789],[87.83485,24.74856],[87.83454,24.74891],[87.83336,24.74877],[87.83221,24.74882],[87.83131,24.74994],[87.8313,24.75285],[87.83031,24.75349],[87.82941,24.75458],[87.82841,24.75507],[87.82744,24.75511],[87.82638,24.75471],[87.8246,24.75466],[87.8229,24.75481],[87.82117,24.75557],[87.81892,24.75727],[87.81725,24.75766],[87.81656,24.75804],[87.81636,24.75862],[87.81641,24.7597],[87.81667,24.76073],[87.81719,24.76159],[87.81843,24.76278],[87.81987,24.76465],[87.82265,24.76962],[87.82322,24.77006],[87.82445,24.77052],[87.82635,24.77027],[87.82703,24.76989],[87.82795,24.77033],[87.82811,24.77082],[87.82759,24.77183],[87.82799,24.77219],[87.82872,24.77213],[87.82907,24.77183],[87.82926,24.7713],[87.82912,24.77042],[87.82878,24.76968],[87.82882,24.76912],[87.82921,24.76908],[87.82979,24.76947],[87.83014,24.76999],[87.83059,24.77103],[87.83102,24.77361],[87.83133,24.77463],[87.83122,24.77644],[87.83147,24.77717],[87.83153,24.77792],[87.83159,24.78254],[87.8323,24.78651],[87.83289,24.78832],[87.8332,24.78866],[87.83377,24.7887],[87.83446,24.78858],[87.83463,24.78829],[87.83493,24.78827],[87.83532,24.78929],[87.83573,24.78995],[87.83623,24.79021],[87.83734,24.79019],[87.84072,24.7894],[87.8408,24.78925],[87.84068,24.78763],[87.84077,24.78638],[87.84107,24.78583],[87.8421,24.7857],[87.84181,24.7844],[87.84107,24.78223],[87.84088,24.7814],[87.84061,24.77877],[87.84023,24.7778],[87.83902,24.77765],[87.83671,24.77863],[87.83614,24.77862],[87.83598,24.77832],[87.83612,24.77406],[87.83593,24.77224],[87.83618,24.76778],[87.83632,24.76679],[87.83655,24.76633],[87.83741,24.76579],[87.83783,24.76587],[87.83794,24.76618],[87.83776,24.76709],[87.83778,24.76774],[87.83815,24.76805],[87.83905,24.76804],[87.83993,24.76773],[87.84104,24.76815],[87.84146,24.76803],[87.84227,24.76803],[87.84288,24.76867],[87.84326,24.7686],[87.84658,24.76491],[87.84728,24.76435],[87.84792,24.76347],[87.84949,24.76234],[87.85043,24.762],[87.85227,24.76198],[87.85418,24.76272],[87.85749,24.76559],[87.85945,24.76614],[87.85976,24.76673],[87.85974,24.76729],[87.86005,24.76768],[87.8606,24.76777],[87.86091,24.76806],[87.86117,24.76937],[87.86142,24.76951],[87.86267,24.7695],[87.86329,24.76976],[87.8639,24.77037],[87.86389,24.77077],[87.86349,24.77113],[87.86311,24.77143],[87.86238,24.77171],[87.86209,24.77208],[87.862,24.77254],[87.86272,24.7729],[87.86423,24.77207],[87.86542,24.77172],[87.86565,24.77196],[87.86591,24.77347],[87.86676,24.77403],[87.868,24.77432],[87.86893,24.77474],[87.86923,24.77502],[87.86962,24.77695],[87.87012,24.77865],[87.86685,24.77901],[87.86684,24.77953],[87.86728,24.78058],[87.8685,24.78282],[87.86867,24.78359],[87.86869,24.78456],[87.86818,24.78499],[87.86787,24.7855],[87.86787,24.78593],[87.86826,24.78642],[87.86889,24.78678],[87.86889,24.78706],[87.86858,24.78772],[87.86863,24.78865],[87.86957,24.78989],[87.87079,24.79058],[87.87088,24.79089],[87.87059,24.79108],[87.86994,24.79203],[87.86956,24.79309],[87.86976,24.79392],[87.87093,24.79494],[87.87259,24.79565],[87.87388,24.79558],[87.87519,24.79484],[87.87551,24.79416],[87.87535,24.79301],[87.87433,24.79138],[87.87445,24.79082],[87.87782,24.78941],[87.87829,24.78973],[87.87891,24.79065],[87.87923,24.79171],[87.8792,24.79342],[87.87893,24.79479],[87.87838,24.79602],[87.8791,24.79674],[87.8795,24.79736],[87.88036,24.79788],[87.88077,24.7984],[87.88132,24.80152],[87.8816,24.80537],[87.88114,24.80565],[87.88118,24.80632],[87.88098,24.80679],[87.88095,24.80762],[87.88071,24.80799],[87.87998,24.80816],[87.87891,24.80791],[87.87756,24.8079],[87.87631,24.80818],[87.87504,24.80797],[87.87462,24.8084],[87.87477,24.81054],[87.8751,24.81202],[87.87548,24.81305],[87.87468,24.81313],[87.87441,24.81374],[87.87464,24.81442],[87.87479,24.81585],[87.87421,24.81611],[87.87444,24.81709],[87.87439,24.81801],[87.87019,24.82031],[87.87012,24.82188],[87.86939,24.82291],[87.86912,24.82466],[87.87023,24.82591],[87.87206,24.82439],[87.87238,24.8242],[87.8729,24.82409],[87.87358,24.82437],[87.87425,24.82539],[87.87455,24.8256],[87.87525,24.82556],[87.87578,24.82521],[87.87589,24.82501],[87.87596,24.82419],[87.87577,24.82366],[87.87511,24.82284],[87.87511,24.82247],[87.87549,24.82199],[87.87639,24.82163],[87.87693,24.82152],[87.8778,24.82168],[87.87886,24.82209],[87.87983,24.82408],[87.88108,24.82384],[87.88205,24.82675],[87.88279,24.8295],[87.88423,24.8293],[87.88446,24.82888],[87.88505,24.82881],[87.88505,24.82845],[87.88453,24.82839],[87.88425,24.82801],[87.88352,24.82529],[87.88302,24.82531],[87.88261,24.82328],[87.88333,24.82317],[87.88448,24.82323],[87.88498,24.82557],[87.88462,24.82578],[87.88545,24.82799],[87.88609,24.82821],[87.88618,24.82766],[87.88695,24.82729],[87.88688,24.82617],[87.88732,24.82592],[87.88652,24.82489],[87.88576,24.82366],[87.88808,24.82294],[87.88902,24.82415],[87.8898,24.82488],[87.89064,24.82631],[87.8911,24.82665],[87.89158,24.82672],[87.89231,24.82609],[87.89291,24.82456],[87.89312,24.82432],[87.89537,24.82432],[87.89611,24.82383],[87.89639,24.823],[87.89673,24.82257],[87.89722,24.82227],[87.89863,24.82221],[87.90007,24.82292],[87.90053,24.8233],[87.9009,24.82439],[87.9014,24.8275],[87.90071,24.82784],[87.89775,24.82765],[87.89684,24.82868],[87.89633,24.82953],[87.89605,24.83062],[87.89624,24.83235],[87.89693,24.83436],[87.89706,24.8352],[87.89608,24.83602],[87.89623,24.83637],[87.89852,24.8368],[87.89887,24.83708],[87.89836,24.8385],[87.89894,24.8426],[87.89878,24.84461],[87.8981,24.84647],[87.89654,24.84929],[87.89593,24.84992],[87.89489,24.84998],[87.89387,24.84974],[87.89346,24.85038],[87.89194,24.85391],[87.89133,24.85603],[87.89176,24.85646],[87.89584,24.85732],[87.89667,24.85777],[87.89695,24.85831],[87.89678,24.86094],[87.89727,24.86165],[87.90081,24.86501],[87.91005,24.87473],[87.91331,24.87922],[87.91391,24.8807],[87.91483,24.88181],[87.91541,24.88317],[87.9167,24.88454],[87.91961,24.88693],[87.9233,24.88959],[87.93324,24.89556],[87.93605,24.89693],[87.93824,24.89751],[87.93971,24.89814],[87.94207,24.89993],[87.94976,24.90494],[87.95293,24.90776],[87.95374,24.90902],[87.95503,24.91333],[87.95901,24.91907],[87.96002,24.9209],[87.96083,24.92208],[87.9608,24.92268],[87.95948,24.9278],[87.95962,24.92901],[87.96086,24.93042],[87.9619,24.93216],[87.96283,24.93453],[87.9628,24.93706],[87.96217,24.93895],[87.96165,24.9429],[87.96068,24.9464],[87.96001,24.94841],[87.95895,24.9508],[87.95895,24.9578],[87.95832,24.96067],[87.95841,24.96688],[87.95816,24.9695],[87.95775,24.97089],[87.95326,24.97708],[87.95234,24.97785],[87.95102,24.97858],[87.94943,24.98094],[87.94848,24.98172],[87.94644,24.98293],[87.94482,24.98414],[87.94414,24.98508],[87.9433,24.98716],[87.94154,24.98983],[87.94054,24.99085],[87.93892,24.99175],[87.93633,24.99277],[87.93345,24.99463],[87.93192,24.99597],[87.92924,24.99731],[87.92625,24.99852],[87.92273,25.00058],[87.91464,25.00178],[87.90593,25.00389],[87.90115,25.00569],[87.89936,25.00678],[87.89128,25.01479],[87.88862,25.01765],[87.87304,25.03775],[87.87231,25.03832],[87.87105,25.03962],[87.86524,25.04585],[87.85917,25.05296],[87.85809,25.05402],[87.85728,25.05463],[87.85368,25.05651],[87.84871,25.05943],[87.84638,25.06041],[87.84284,25.06166],[87.84127,25.06248],[87.83832,25.06333],[87.834,25.06526],[87.82914,25.06683],[87.81362,25.07069],[87.80798,25.07165],[87.80579,25.07265],[87.80454,25.07451],[87.80394,25.07628],[87.80344,25.07795],[87.80309,25.0806],[87.80276,25.08199],[87.80237,25.08289],[87.80144,25.08435],[87.80005,25.08618],[87.79651,25.09034],[87.79457,25.09323],[87.7929,25.09535],[87.79169,25.09874],[87.79079,25.10211],[87.78967,25.10442],[87.78608,25.11716],[87.78407,25.12788],[87.78205,25.13202],[87.78102,25.1361],[87.77848,25.14427],[87.77832,25.15111],[87.78046,25.15975],[87.7805,25.16251],[87.78008,25.16465],[87.77844,25.16715],[87.77498,25.17129],[87.77307,25.17334],[87.77224,25.17497],[87.77132,25.17786],[87.77083,25.185],[87.7715,25.18864],[87.77298,25.19458],[87.77319,25.19683],[87.77371,25.19997],[87.77362,25.20152],[87.77268,25.20706],[87.77318,25.21601],[87.77318,25.22021],[87.77306,25.22114],[87.77333,25.22141],[87.77691,25.22135],[87.78118,25.22179],[87.78486,25.22241],[87.78879,25.22177],[87.7958,25.22012],[87.80503,25.21883],[87.80643,25.21818],[87.81108,25.21507],[87.81691,25.21078],[87.8193,25.21007],[87.82014,25.21017],[87.82133,25.21013],[87.82227,25.20918],[87.83321,25.20444],[87.83909,25.20173],[87.84008,25.2015],[87.83937,25.2041],[87.83865,25.20765],[87.83843,25.20994],[87.8378,25.21212],[87.83531,25.21657],[87.8343,25.2187],[87.82948,25.22767],[87.82437,25.2365]]}},
{"type":"Feature","properties":{"kind":"state","name":"Odisha–West Bengal","src":"OSM relations 1984022 and 1960177"},"geometry":{"type":"LineString","coordinates":[[87.48475,21.60998],[87.48489,21.61703],[87.48464,21.61913],[87.48495,21.621],[87.48453,21.62394],[87.48453,21.62496],[87.48524,21.62672],[87.48525,21.62824],[87.48613,21.63112],[87.48601,21.63224],[87.48543,21.63263],[87.48332,21.63253],[87.48179,21.63265],[87.48152,21.63338],[87.48061,21.63321],[87.48028,21.63461],[87.48033,21.63485],[87.48118,21.63602],[87.48048,21.63647],[87.47934,21.63687],[87.47931,21.63925],[87.47876,21.63974],[87.47786,21.64016],[87.4777,21.64042],[87.47758,21.64183],[87.47687,21.64182],[87.47667,21.64193],[87.47629,21.64336],[87.47517,21.64399],[87.47516,21.64478],[87.47633,21.64468],[87.47647,21.64476],[87.47647,21.64693],[87.47629,21.6472],[87.47505,21.64745],[87.47365,21.64767],[87.47227,21.64767],[87.47211,21.64774],[87.47196,21.64806],[87.47191,21.6493],[87.47265,21.65118],[87.47267,21.65206],[87.47256,21.65247],[87.46933,21.65195],[87.46722,21.65147],[87.46456,21.65135],[87.46126,21.65037],[87.46083,21.65033],[87.46048,21.65091],[87.46037,21.6514],[87.46079,21.65274],[87.46049,21.65425],[87.4605,21.65544],[87.46085,21.6565],[87.4612,21.65707],[87.46248,21.65844],[87.46227,21.65931],[87.46133,21.66189],[87.46128,21.66264],[87.4631,21.66311],[87.46587,21.66359],[87.46699,21.66395],[87.4672,21.66413],[87.46716,21.66463],[87.46743,21.66594],[87.46754,21.6674],[87.46694,21.66891],[87.46673,21.67857],[87.467,21.67868],[87.4693,21.67859],[87.46945,21.67873],[87.46945,21.68193],[87.46872,21.68219],[87.46859,21.68247],[87.46861,21.68309],[87.46886,21.68355],[87.47111,21.68389],[87.47084,21.68858],[87.46975,21.68867],[87.46957,21.68883],[87.46959,21.68935],[87.46989,21.68953],[87.47073,21.68955],[87.47095,21.68971],[87.47102,21.69059],[87.47198,21.69065],[87.47207,21.6913],[87.4716,21.69145],[87.47163,21.69297],[87.47104,21.69539],[87.47123,21.69618],[87.47167,21.69655],[87.47363,21.69711],[87.47354,21.6981],[87.47244,21.69801],[87.4722,21.69815],[87.47239,21.69846],[87.47304,21.69896],[87.47307,21.69914],[87.47258,21.69908],[87.47149,21.69869],[87.47189,21.70045],[87.47194,21.70244],[87.47174,21.70338],[87.47131,21.70435],[87.47083,21.70487],[87.47018,21.70533],[87.47147,21.70605],[87.47206,21.70655],[87.4724,21.70734],[87.47273,21.70914],[87.47266,21.71032],[87.47291,21.71109],[87.47351,21.71194],[87.47372,21.71271],[87.47359,21.71457],[87.47336,21.71496],[87.47299,21.71519],[87.47181,21.71553],[87.47144,21.71597],[87.4716,21.71683],[87.47154,21.71714],[87.47123,21.71742],[87.46952,21.71834],[87.46741,21.71868],[87.46716,21.71919],[87.46648,21.72192],[87.46598,21.72288],[87.46522,21.72373],[87.46366,21.72471],[87.46346,21.72538],[87.46366,21.72804],[87.46386,21.72832],[87.46408,21.72834],[87.46575,21.72747],[87.46626,21.72732],[87.46667,21.72735],[87.46709,21.72757],[87.4674,21.72829],[87.46845,21.73003],[87.46869,21.73143],[87.46918,21.73252],[87.46781,21.73265],[87.46706,21.73252],[87.46557,21.73179],[87.46506,21.73178],[87.4627,21.73205],[87.463,21.73271],[87.46125,21.73303],[87.45964,21.73394],[87.44784,21.734],[87.44658,21.73434],[87.4455,21.73394],[87.44496,21.73391],[87.44478,21.73403],[87.44506,21.73799],[87.44511,21.73843],[87.44529,21.7387],[87.44585,21.73875],[87.44795,21.73805],[87.4495,21.73781],[87.45319,21.7378],[87.45367,21.73797],[87.45412,21.73858],[87.45432,21.73909],[87.45417,21.73981],[87.45372,21.74052],[87.45343,21.74063],[87.45246,21.74064],[87.45173,21.74097],[87.44978,21.74328],[87.4492,21.74357],[87.44855,21.74364],[87.44622,21.74363],[87.44543,21.74379],[87.44596,21.74472],[87.44642,21.74493],[87.44686,21.74534],[87.44718,21.74579],[87.44724,21.74621],[87.44713,21.74691],[87.44673,21.74727],[87.44564,21.74729],[87.44523,21.74768],[87.44481,21.7499],[87.4453,21.75224],[87.44453,21.7525],[87.44415,21.75649],[87.44447,21.75735],[87.44434,21.75799],[87.44485,21.76289],[87.44482,21.76456],[87.44503,21.76581],[87.44533,21.7663],[87.44518,21.76698],[87.44553,21.76767],[87.44555,21.76816],[87.445,21.76819],[87.4448,21.76838],[87.44425,21.76844],[87.4442,21.76894],[87.44401,21.76923],[87.44292,21.76919],[87.44029,21.76993],[87.43875,21.76985],[87.43828,21.77018],[87.43708,21.77017],[87.43665,21.76991],[87.43641,21.76999],[87.43623,21.77026],[87.43578,21.77031],[87.43559,21.77062],[87.43539,21.77067],[87.43518,21.7706],[87.435,21.77012],[87.43458,21.76973],[87.43398,21.76957],[87.43326,21.76974],[87.43203,21.76933],[87.4315,21.76931],[87.4308,21.77015],[87.43049,21.77017],[87.43009,21.77001],[87.42933,21.7703],[87.42851,21.77025],[87.42714,21.77109],[87.42459,21.77158],[87.42418,21.77144],[87.42365,21.77094],[87.42342,21.7705],[87.42292,21.77008],[87.42232,21.76982],[87.42199,21.76975],[87.421,21.77005],[87.42024,21.77001],[87.41969,21.76984],[87.41919,21.76949],[87.41764,21.76966],[87.41716,21.76955],[87.41656,21.76984],[87.41619,21.7698],[87.41551,21.76949],[87.41523,21.76966],[87.41467,21.76972],[87.41364,21.76961],[87.41076,21.77018],[87.40905,21.77031],[87.40699,21.77028],[87.40665,21.77034],[87.40658,21.77097],[87.4064,21.77117],[87.40569,21.77135],[87.40413,21.77148],[87.4038,21.77144],[87.40368,21.77126],[87.40385,21.77068],[87.40371,21.77056],[87.40322,21.77057],[87.40316,21.77041],[87.40275,21.77019],[87.40277,21.76957],[87.40265,21.76938],[87.40189,21.76851],[87.40133,21.76835],[87.40119,21.76743],[87.39946,21.76778],[87.39896,21.76755],[87.39894,21.7671],[87.39878,21.76697],[87.39831,21.76697],[87.39795,21.76657],[87.39775,21.76658],[87.39736,21.76709],[87.39655,21.76713],[87.39593,21.767],[87.39553,21.76713],[87.39543,21.76819],[87.39568,21.7695],[87.39563,21.77067],[87.39542,21.77094],[87.39172,21.77086],[87.39148,21.77096],[87.39145,21.77166],[87.39125,21.77168],[87.39108,21.77187],[87.39128,21.77241],[87.39189,21.77212],[87.39205,21.77215],[87.39202,21.77246],[87.39223,21.77259],[87.39309,21.77244],[87.39397,21.7726],[87.39407,21.77393],[87.39377,21.77396],[87.39356,21.77412],[87.39357,21.77553],[87.39343,21.77621],[87.39322,21.77629],[87.39187,21.77624],[87.39135,21.77607],[87.38982,21.77629],[87.38954,21.77618],[87.38881,21.77654],[87.38767,21.77674],[87.38794,21.77601],[87.38789,21.77585],[87.38758,21.77584],[87.38688,21.77598],[87.3857,21.77676],[87.38506,21.77677],[87.38467,21.77642],[87.38348,21.77604],[87.38227,21.77622],[87.38205,21.77608],[87.38192,21.77551],[87.38085,21.77544],[87.38059,21.77474],[87.38025,21.77464],[87.37965,21.77469],[87.37949,21.77388],[87.3789,21.77384],[87.37869,21.77362],[87.37854,21.77277],[87.3778,21.77279],[87.37741,21.77268],[87.37728,21.77326],[87.37706,21.77331],[87.37458,21.77321],[87.37401,21.77281],[87.37376,21.77246],[87.3737,21.77179],[87.37409,21.77086],[87.37382,21.77045],[87.37369,21.76807],[87.37369,21.76714],[87.37403,21.76632],[87.37388,21.76511],[87.37376,21.76499],[87.36966,21.76543],[87.36926,21.76577],[87.36948,21.76616],[87.36957,21.76695],[87.36995,21.76763],[87.37082,21.76765],[87.37131,21.76806],[87.372,21.76991],[87.37302,21.77371],[87.37306,21.77435],[87.37286,21.77507],[87.37312,21.77566],[87.37291,21.77618],[87.3726,21.77633],[87.3723,21.7761],[87.37207,21.77611],[87.37181,21.77664],[87.37183,21.77876],[87.37138,21.77927],[87.36975,21.77941],[87.36865,21.77963],[87.36841,21.78012],[87.3676,21.78088],[87.36685,21.78132],[87.36589,21.78162],[87.36514,21.78154],[87.36033,21.78255],[87.35941,21.78259],[87.35929,21.78287],[87.35941,21.78505],[87.35915,21.78548],[87.35759,21.78591],[87.3569,21.78569],[87.3567,21.78584],[87.35654,21.78619],[87.35639,21.78625],[87.3559,21.78608],[87.35566,21.78639],[87.3555,21.78828],[87.35562,21.78859],[87.35625,21.78855],[87.35657,21.78871],[87.35675,21.78893],[87.35682,21.78945],[87.35607,21.79154],[87.35552,21.79217],[87.35361,21.79274],[87.351,21.79312],[87.34794,21.7931],[87.34732,21.79296],[87.34619,21.79238],[87.34582,21.7919],[87.34547,21.7909],[87.34497,21.79042],[87.34388,21.78999],[87.34188,21.78875],[87.34164,21.78799],[87.34125,21.78735],[87.34056,21.78571],[87.34007,21.78551],[87.33924,21.78542],[87.33857,21.78476],[87.33813,21.78486],[87.33794,21.78525],[87.33798,21.78593],[87.33751,21.7883],[87.33719,21.78904],[87.33639,21.79],[87.33638,21.79245],[87.33603,21.79354],[87.33562,21.79364],[87.33464,21.79345],[87.33302,21.79357],[87.3323,21.7939],[87.33181,21.79382],[87.33152,21.79351],[87.33113,21.79215],[87.33042,21.7918],[87.32992,21.79086],[87.32954,21.79057],[87.32897,21.79052],[87.32679,21.79123],[87.326,21.79182],[87.32544,21.79202],[87.32517,21.79181],[87.32497,21.79099],[87.32463,21.79089],[87.32272,21.79096],[87.32074,21.79072],[87.31946,21.79072],[87.31893,21.79461],[87.31946,21.79598],[87.32019,21.79647],[87.32137,21.79689],[87.32171,21.79733],[87.32164,21.79767],[87.3212,21.7978],[87.31806,21.79674],[87.31723,21.79663],[87.31653,21.79632],[87.31607,21.79604],[87.31582,21.7957],[87.31573,21.79525],[87.31595,21.79438],[87.31518,21.79392],[87.31499,21.79396],[87.31468,21.79532],[87.314,21.79555],[87.31322,21.79546],[87.31243,21.79516],[87.31093,21.79383],[87.31066,21.79385],[87.31033,21.79433],[87.31025,21.79507],[87.30983,21.79572],[87.31001,21.79807],[87.30989,21.79869],[87.30963,21.79892],[87.30904,21.79896],[87.30813,21.79873],[87.30732,21.79898],[87.30614,21.7998],[87.30564,21.79994],[87.30532,21.79989],[87.30435,21.79912],[87.30405,21.79912],[87.29838,21.80121],[87.29858,21.80204],[87.29857,21.80301],[87.29808,21.80487],[87.29764,21.80517],[87.29635,21.80517],[87.29589,21.80529],[87.29603,21.80686],[87.2968,21.80763],[87.29719,21.8084],[87.29762,21.81062],[87.29751,21.81113],[87.29698,21.81155],[87.29623,21.81163],[87.29558,21.81141],[87.29309,21.81151],[87.29059,21.81132],[87.29059,21.81108],[87.29102,21.81026],[87.29096,21.80999],[87.2899,21.80962],[87.28972,21.80935],[87.28981,21.80899],[87.2902,21.80847],[87.29006,21.80789],[87.28882,21.80768],[87.28848,21.80751],[87.28835,21.80726],[87.28876,21.80593],[87.28869,21.80559],[87.28792,21.80547],[87.28677,21.80508],[87.28653,21.80488],[87.28613,21.80367],[87.28581,21.8035],[87.28477,21.80379],[87.28438,21.80332],[87.28441,21.80294],[87.28414,21.80279],[87.28272,21.80276],[87.28294,21.80421],[87.28285,21.80449],[87.28183,21.80452],[87.28014,21.80483],[87.27953,21.8048],[87.27886,21.80498],[87.27738,21.80501],[87.27678,21.8055],[87.2767,21.80646],[87.27594,21.80691],[87.27594,21.8077],[87.27516,21.80968],[87.2741,21.80974],[87.27376,21.81029],[87.27387,21.81084],[87.27414,21.81097],[87.27493,21.81115],[87.27553,21.81105],[87.27601,21.81117],[87.27604,21.81176],[87.27509,21.81436],[87.27555,21.81621],[87.27519,21.81697],[87.27462,21.81717],[87.27311,21.8171],[87.26941,21.81755],[87.26672,21.81772],[87.26531,21.81808],[87.26482,21.81844],[87.2639,21.81858],[87.26382,21.81994],[87.26403,21.82269],[87.2642,21.82325],[87.26827,21.8231],[87.26906,21.82343],[87.26957,21.82391],[87.27041,21.82548],[87.27088,21.82706],[87.27058,21.82752],[87.26916,21.82772],[87.26906,21.8288],[87.26852,21.82949],[87.26754,21.82994],[87.26501,21.83007],[87.26501,21.8306],[87.26531,21.83179],[87.26526,21.83466],[87.26409,21.83562],[87.26417,21.83615],[87.26523,21.83802],[87.26542,21.83868],[87.2633,21.83942],[87.2621,21.84018],[87.26088,21.84074],[87.26074,21.8414],[87.26077,21.84226],[87.25979,21.84322],[87.25895,21.84343],[87.25849,21.84408],[87.25849,21.84495],[87.25916,21.84767],[87.25979,21.84883],[87.25954,21.84921],[87.25779,21.84983],[87.25512,21.84985],[87.25512,21.85044],[87.25493,21.85062],[87.25351,21.85117],[87.25156,21.85153],[87.25079,21.85185],[87.24903,21.85323],[87.24854,21.85468],[87.24705,21.85622]]}},
{"type":"Feature","properties":{"kind":"state","name":"Odisha–West Bengal","src":"OSM relations 1984022 and 1960177","river":"11466","rlen":479},"geometry":{"type":"LineString","coordinates":[[87.24705,21.85622],[87.24758,21.85668],[87.24989,21.85927],[87.2519,21.86346],[87.252,21.86405],[87.25369,21.86716],[87.25388,21.86825],[87.25387,21.86922],[87.25421,21.87131],[87.25416,21.87281],[87.25314,21.87444],[87.25159,21.87592],[87.25098,21.87668],[87.25027,21.87722],[87.24901,21.87837],[87.24762,21.88047],[87.24541,21.88457],[87.24319,21.88765],[87.24267,21.88885],[87.24241,21.88994],[87.24216,21.89054],[87.24167,21.89352],[87.24133,21.89411],[87.241,21.89444],[87.24009,21.89506],[87.23916,21.89583],[87.23891,21.89739],[87.23839,21.8982],[87.23807,21.89836],[87.23709,21.89964],[87.23582,21.90051],[87.23525,21.90134],[87.23513,21.90167],[87.23506,21.90271],[87.23518,21.90403],[87.23553,21.90552],[87.23582,21.90606],[87.23618,21.90632],[87.23647,21.90642],[87.23697,21.90646],[87.23748,21.90645],[87.23854,21.90611],[87.23915,21.90612],[87.23936,21.9062],[87.23965,21.90642],[87.24057,21.90753],[87.24136,21.90822],[87.24201,21.90897],[87.24264,21.90998],[87.24308,21.91118],[87.24336,21.91239],[87.24384,21.91359],[87.24384,21.91415],[87.24403,21.9148],[87.24443,21.91527],[87.24478,21.9155],[87.24517,21.91557],[87.24569,21.91554],[87.24644,21.91531],[87.24718,21.91492],[87.24836,21.91478],[87.24924,21.91499],[87.25032,21.91554],[87.25069,21.91635],[87.25018,21.91774],[87.25021,21.91856]]}},
{"type":"Feature","properties":{"kind":"state","name":"Odisha–West Bengal","src":"OSM relations 1984022 and 1960177"},"geometry":{"type":"LineString","coordinates":[[87.25021,21.91856],[87.24966,21.91858],[87.24845,21.92021],[87.24567,21.92351],[87.24541,21.92397],[87.24511,21.92541],[87.2455,21.92778],[87.24585,21.92864],[87.24635,21.92936],[87.24766,21.93183],[87.24925,21.93363],[87.24972,21.9345],[87.24981,21.93497],[87.24948,21.93598],[87.24896,21.93668],[87.24859,21.93695],[87.24769,21.93732],[87.24665,21.9376],[87.24324,21.93808],[87.24223,21.93846],[87.2406,21.93939],[87.23903,21.94097],[87.23793,21.94253],[87.23674,21.94388],[87.23616,21.94494],[87.23499,21.9497],[87.2345,21.95054],[87.23366,21.9529],[87.23241,21.95531],[87.23211,21.95652],[87.23181,21.95704],[87.23119,21.95739],[87.22963,21.95782],[87.22838,21.95786],[87.22634,21.95769],[87.22492,21.95741],[87.22397,21.95684],[87.22375,21.95708],[87.22354,21.95785],[87.22318,21.95839],[87.22279,21.95871],[87.22158,21.95897],[87.22131,21.95925],[87.22061,21.95943],[87.21992,21.9599],[87.21888,21.96001],[87.21809,21.96028],[87.21679,21.96027],[87.21589,21.96089],[87.21526,21.9618],[87.21491,21.96209],[87.21409,21.96357],[87.21158,21.96398],[87.2106,21.96436],[87.21016,21.9643],[87.21004,21.96355],[87.20942,21.96299],[87.20936,21.96254],[87.20868,21.96208],[87.20802,21.96235],[87.20743,21.96242],[87.207,21.96229],[87.20642,21.96179],[87.20604,21.96175],[87.20567,21.96193],[87.20526,21.96254],[87.20465,21.96306],[87.20394,21.96284],[87.20309,21.9629],[87.20263,21.96204],[87.2013,21.96158],[87.20125,21.96085],[87.20027,21.96056],[87.1999,21.96008],[87.1995,21.95979],[87.19867,21.96],[87.19853,21.9599],[87.19835,21.95929],[87.19806,21.95924],[87.19681,21.95955],[87.19121,21.96298],[87.18892,21.96458],[87.18686,21.96574],[87.18562,21.96635],[87.18145,21.96785],[87.17763,21.96964],[87.17718,21.9712],[87.17661,21.97254],[87.17534,21.9744],[87.17228,21.97847],[87.17042,21.97994],[87.1701,21.97925],[87.16992,21.97825],[87.16956,21.97824],[87.16909,21.97739],[87.16888,21.97539],[87.16848,21.97531],[87.16868,21.97407],[87.16821,21.97235],[87.1682,21.97128],[87.16766,21.97173],[87.1671,21.97146],[87.16554,21.97016],[87.16223,21.96824],[87.16199,21.96761],[87.16212,21.96736],[87.1636,21.96701],[87.16287,21.96552],[87.16233,21.96168],[87.16275,21.96157],[87.16444,21.96155],[87.16476,21.96119],[87.16479,21.9609],[87.16447,21.96001],[87.16364,21.95838],[87.1634,21.95742],[87.16322,21.95542],[87.16308,21.95519],[87.16146,21.95413],[87.16136,21.9535],[87.16066,21.95227],[87.1607,21.95082],[87.16082,21.95068],[87.16136,21.95071],[87.16153,21.95062],[87.16195,21.95013],[87.16205,21.94966],[87.16262,21.94891],[87.16249,21.94861],[87.16173,21.94783],[87.16166,21.94753],[87.1618,21.94697],[87.16242,21.94589],[87.16245,21.94559],[87.16223,21.94522],[87.16168,21.94492],[87.16165,21.94466],[87.16127,21.94431],[87.1611,21.94398],[87.16157,21.94261],[87.16197,21.94208],[87.16211,21.94148],[87.16305,21.94004],[87.16302,21.93954],[87.16328,21.9389],[87.16267,21.93769],[87.16203,21.93585],[87.1614,21.93492],[87.15466,21.93406],[87.15281,21.93322],[87.14896,21.93019],[87.148,21.92919],[87.14522,21.92673],[87.14184,21.92413],[87.14155,21.92402],[87.13851,21.92378],[87.13595,21.92419],[87.13368,21.92474],[87.12802,21.92565],[87.12464,21.92601],[87.12286,21.92583],[87.12055,21.92531],[87.11405,21.92432],[87.11425,21.92328],[87.11282,21.92244],[87.10891,21.92253],[87.10692,21.92232],[87.10672,21.92177],[87.10574,21.92139],[87.10529,21.92024],[87.10393,21.91941],[87.10381,21.91905],[87.10396,21.91863],[87.10389,21.91843],[87.10339,21.91774],[87.10307,21.91707],[87.10304,21.9168],[87.10336,21.91616],[87.10235,21.91506],[87.10166,21.91492],[87.101,21.91412],[87.09787,21.91477],[87.0971,21.91394],[87.09505,21.9104],[87.09474,21.90966],[87.09437,21.90815],[87.09301,21.90468],[87.09167,21.90495],[87.09057,21.90107],[87.09133,21.90041],[87.09462,21.89829],[87.09525,21.8974],[87.09642,21.89516],[87.09749,21.89364],[87.09885,21.89072],[87.09861,21.88929],[87.09818,21.88819],[87.09624,21.88518],[87.09567,21.88218],[87.09519,21.88062],[87.09546,21.87793],[87.09611,21.87677],[87.09572,21.87435],[87.09615,21.87246],[87.09727,21.8703],[87.09767,21.86856],[87.09817,21.8677],[87.09793,21.86692],[87.09607,21.86716],[87.095,21.86715],[87.09091,21.86668],[87.09019,21.86675],[87.08643,21.86803],[87.08426,21.86812],[87.0809,21.86736],[87.07929,21.86595],[87.07681,21.86619],[87.07483,21.86704],[87.07396,21.86724],[87.07154,21.8666],[87.07065,21.86648],[87.06485,21.86664],[87.0626,21.86599],[87.06131,21.86587],[87.0607,21.86592],[87.0583,21.86678],[87.05638,21.86728],[87.05317,21.86749],[87.05273,21.86762],[87.05199,21.8674],[87.05114,21.86779],[87.04951,21.86817],[87.04613,21.8675],[87.04496,21.86807],[87.04423,21.86895],[87.04327,21.86927],[87.04294,21.86929],[87.04227,21.86892],[87.04128,21.86885],[87.04081,21.86893],[87.03924,21.86863],[87.03894,21.86872],[87.03872,21.86896],[87.03784,21.86912],[87.03643,21.86923],[87.0356,21.86917],[87.03407,21.87001],[87.03346,21.87014],[87.03302,21.87038],[87.03267,21.87078],[87.0323,21.87151],[87.03145,21.8718],[87.03087,21.87268],[87.03115,21.87306],[87.03107,21.87325],[87.03072,21.87388],[87.03048,21.87398],[87.03011,21.87448],[87.02925,21.87479],[87.02888,21.87518],[87.02793,21.87569],[87.02653,21.87554],[87.02608,21.87568],[87.02634,21.87625],[87.02642,21.87772],[87.02748,21.87974],[87.02726,21.87996],[87.02619,21.88021],[87.02558,21.8805],[87.0251,21.88109],[87.02505,21.88166],[87.0254,21.88222],[87.0254,21.88255],[87.02493,21.883],[87.02465,21.88348],[87.025,21.88474],[87.025,21.88583],[87.0255,21.88649],[87.02557,21.88689],[87.02475,21.88786],[87.02458,21.88884],[87.02378,21.89097],[87.0232,21.89162],[87.02293,21.89231],[87.02147,21.89283],[87.02134,21.89331],[87.02046,21.89441],[87.0188,21.89474],[87.01564,21.89699],[87.01371,21.89764],[87.0113,21.89872],[87.00938,21.89978],[87.00888,21.90033],[87.00756,21.90235],[87.00719,21.90331],[87.00593,21.90544],[87.0051,21.90782],[87.00468,21.91013],[87.00388,21.91049],[87.0024,21.91149],[87.00065,21.91223],[86.99972,21.91325],[87.00142,21.91548],[87.00189,21.91629],[87.00314,21.91908],[87.00356,21.92049],[87.00186,21.92181],[87.00145,21.92456],[87.00298,21.92531],[87.00463,21.92572],[87.00476,21.92737],[87.00537,21.93048],[87.00589,21.93413],[87.00573,21.93668],[87.00583,21.93753],[87.00766,21.94278],[87.00867,21.94492],[87.00943,21.94789],[87.01212,21.94904],[87.01284,21.9496],[87.01288,21.95046],[87.01313,21.95128],[87.01588,21.95678],[87.01714,21.95892],[87.01766,21.96041],[87.01997,21.96886],[87.02123,21.97267],[87.0216,21.97333],[87.02401,21.97624],[87.02545,21.97818],[87.0292,21.98234],[87.03007,21.98423],[87.03035,21.98534],[87.03057,21.98661],[87.03067,21.99072],[87.03161,21.99244],[87.03146,21.99459],[87.031,21.99705],[87.03085,21.9975],[87.02918,21.9999],[87.02876,22.00079],[87.0279,22.0017],[87.0274,22.00266],[87.02649,22.0054],[87.02528,22.01001],[87.02463,22.01127],[87.02323,22.01576],[87.02321,22.01642],[87.02352,22.01736],[87.02347,22.01785],[87.02234,22.01949],[87.02237,22.02029],[87.02291,22.02317],[87.02375,22.02636],[87.02424,22.02775],[87.02495,22.02907],[87.02638,22.03286],[87.02651,22.0343],[87.02675,22.03531],[87.0267,22.03709],[87.0263,22.03743],[87.02426,22.03825],[87.02115,22.0405],[87.01906,22.04178],[87.01872,22.04226],[87.01815,22.04393],[87.01733,22.04509],[87.0144,22.04768],[87.01388,22.04787],[87.01206,22.04763],[87.01004,22.04775],[87.00949,22.04787],[87.00894,22.04826],[87.00776,22.04814],[87.00588,22.04872],[87.00161,22.05128],[86.99776,22.05403],[86.99355,22.05504],[86.99314,22.05525],[86.98571,22.06184],[86.98468,22.06263],[86.98339,22.06386],[86.98047,22.0661],[86.9739,22.07077],[86.97271,22.07189],[86.97218,22.07206],[86.97175,22.07239],[86.97168,22.07256],[86.97193,22.073],[86.9716,22.07347],[86.97178,22.07368],[86.9717,22.07427],[86.97213,22.07462],[86.97208,22.07521],[86.97188,22.07546],[86.97178,22.0761],[86.97148,22.07655],[86.97146,22.07739],[86.97103,22.07834],[86.97027,22.07912],[86.96985,22.07918],[86.96961,22.07938],[86.96874,22.07948],[86.96782,22.08013],[86.96747,22.08055],[86.96759,22.08088],[86.96719,22.08153],[86.96734,22.08184],[86.96719,22.08223],[86.9668,22.08246],[86.96684,22.08316],[86.96628,22.08348],[86.96619,22.08385],[86.96471,22.08574],[86.96259,22.08673],[86.96051,22.08728],[86.9591,22.08788],[86.95796,22.08855],[86.95443,22.08702],[86.95214,22.08649],[86.94732,22.0858],[86.94501,22.08597],[86.94271,22.08652],[86.94258,22.08715],[86.94108,22.08764],[86.93965,22.08857],[86.93722,22.08926],[86.93429,22.09048],[86.92745,22.09085],[86.92638,22.09005],[86.9214,22.091],[86.91935,22.09119],[86.91413,22.09135],[86.91362,22.09156],[86.91194,22.09174],[86.90585,22.09193],[86.90296,22.09268],[86.88139,22.09681],[86.87115,22.09964],[86.86904,22.09985],[86.86413,22.09935],[86.86389,22.10038],[86.86137,22.10161],[86.86022,22.10233],[86.85015,22.10378],[86.84877,22.10125],[86.84951,22.10101],[86.84917,22.1],[86.84662,22.10046],[86.84549,22.09874],[86.84363,22.09631],[86.8399,22.09689],[86.8381,22.09728],[86.83374,22.0987],[86.83416,22.09933],[86.83406,22.1007],[86.83444,22.10202],[86.83465,22.10426],[86.83367,22.10516],[86.8327,22.10664],[86.83087,22.11045],[86.82974,22.11155],[86.82951,22.11164],[86.8286,22.11283],[86.82613,22.11697],[86.82462,22.11892],[86.82092,22.11776],[86.81986,22.117],[86.81892,22.11664],[86.81385,22.11838],[86.80641,22.11971],[86.80656,22.12078],[86.80841,22.1252],[86.81003,22.12661],[86.80997,22.12741],[86.80932,22.12832],[86.80777,22.12915],[86.80479,22.13033],[86.80358,22.13056],[86.8025,22.13047],[86.80176,22.12941],[86.80142,22.12924],[86.80055,22.12964],[86.79941,22.13037],[86.79987,22.13134],[86.8016,22.13264],[86.80229,22.13282],[86.80374,22.13871],[86.8033,22.14196],[86.803,22.14296],[86.80225,22.14417],[86.80205,22.14508],[86.80243,22.14857],[86.80201,22.15071],[86.80025,22.15129],[86.79872,22.15217],[86.79661,22.15418],[86.79613,22.1549],[86.79559,22.15522],[86.79485,22.15605],[86.79412,22.15734],[86.79385,22.15748],[86.7905,22.15765],[86.7895,22.15784],[86.78841,22.15777],[86.78808,22.15761],[86.7874,22.15515],[86.78709,22.15441],[86.78664,22.1538],[86.78523,22.15356],[86.78118,22.15329],[86.77964,22.15365],[86.77867,22.15291],[86.77735,22.15233],[86.77615,22.15208],[86.76961,22.15022],[86.76499,22.14951],[86.76249,22.14949],[86.75647,22.1489],[86.74768,22.14922],[86.74102,22.14906],[86.73859,22.14914],[86.73588,22.14943],[86.73519,22.1493],[86.73283,22.14841],[86.7277,22.14718],[86.72374,22.14711],[86.71971,22.14728],[86.71919,22.15068],[86.71909,22.15361],[86.71815,22.16417],[86.71789,22.1658],[86.71921,22.16704],[86.71915,22.16888],[86.7193,22.17304],[86.71886,22.17519],[86.71847,22.17633],[86.71605,22.18172],[86.71615,22.18231],[86.71679,22.18356],[86.71679,22.18445],[86.71635,22.1858],[86.71637,22.18632],[86.71814,22.18681],[86.71949,22.18747],[86.72036,22.18858],[86.72099,22.18928],[86.72122,22.18939],[86.72114,22.19053],[86.72069,22.19134],[86.71944,22.19547],[86.71896,22.19756],[86.71889,22.19905],[86.71949,22.20139],[86.71952,22.20217],[86.72133,22.20391],[86.72165,22.20875],[86.72208,22.21064],[86.72302,22.21245],[86.72382,22.21499],[86.724,22.21591],[86.72468,22.2165],[86.72496,22.21802]]}},
{"type":"Feature","properties":{"kind":"state","name":"Jharkhand–Odisha","src":"OSM relations 1960191 and 1984022"},"geometry":{"type":"LineString","coordinates":[[86.72496,22.21802],[86.72477,22.21777]]}},
{"type":"Feature","properties":{"kind":"state","name":"Jharkhand–Odisha","src":"OSM relations 1960191 and 1984022","river":"11466","rlen":479},"geometry":{"type":"LineString","coordinates":[[86.72477,22.21777],[86.72449,22.21796],[86.72328,22.21858],[86.72127,22.22022],[86.72055,22.2206],[86.71959,22.2206],[86.71867,22.22051],[86.71714,22.22007],[86.71542,22.21978],[86.7145,22.21993],[86.71249,22.22065],[86.71153,22.22113],[86.71085,22.22132],[86.71039,22.22167],[86.70975,22.22233],[86.70826,22.22353],[86.70754,22.22362],[86.70658,22.22319],[86.70586,22.22257],[86.70519,22.2218],[86.70428,22.22142],[86.70322,22.22137],[86.70245,22.22094],[86.70111,22.2207],[86.69712,22.22065],[86.69415,22.22103],[86.69242,22.22098],[86.69146,22.22113],[86.68959,22.22175],[86.68604,22.22228],[86.68536,22.22266],[86.68201,22.22535],[86.67979,22.2278],[86.67903,22.22852],[86.67788,22.22914],[86.67735,22.22958],[86.67644,22.23183],[86.67605,22.23236],[86.67538,22.2327],[86.67456,22.23337],[86.67389,22.23433],[86.67341,22.23572],[86.67279,22.23812],[86.67293,22.23922],[86.67284,22.23999],[86.6724,22.24105],[86.67154,22.24182],[86.67029,22.24254],[86.66905,22.24302],[86.66722,22.24292],[86.66645,22.24273],[86.66592,22.24239],[86.66448,22.24105],[86.6628,22.23841],[86.66136,22.23735],[86.65958,22.23639],[86.65786,22.23563],[86.65627,22.23562],[86.65537,22.2363],[86.65498,22.23759],[86.65503,22.24009],[86.65531,22.24234],[86.65508,22.24417],[86.65523,22.24499],[86.65545,22.24561],[86.65588,22.24633],[86.65665,22.24701]]}},
{"type":"Feature","properties":{"kind":"state","name":"Jharkhand–Odisha","src":"OSM relations 1960191 and 1984022"},"geometry":{"type":"LineString","coordinates":[[86.65665,22.24701],[86.65508,22.24856],[86.65956,22.25633],[86.65208,22.26178],[86.6498,22.26184]]}},
{"type":"Feature","properties":{"kind":"state","name":"Jharkhand–Odisha","src":"OSM relations 1960191 and 1984022","river":"11383","rlen":40},"geometry":{"type":"LineString","coordinates":[[86.6498,22.26184],[86.6498,22.26229],[86.64968,22.26305],[86.64935,22.2635],[86.64876,22.2639],[86.64747,22.26458],[86.64704,22.26491],[86.64611,22.26527],[86.64581,22.26529],[86.64515,22.26489],[86.64435,22.26381],[86.64401,22.26375],[86.64369,22.26386],[86.64343,22.26414],[86.64344,22.26467],[86.64407,22.26563],[86.64447,22.2659],[86.64484,22.26634],[86.64506,22.26682],[86.64492,22.26741],[86.64442,22.26807],[86.64405,22.2683],[86.64333,22.26844],[86.64215,22.26844],[86.64089,22.26854],[86.64056,22.2687],[86.64037,22.26935],[86.63975,22.27006],[86.63934,22.27084],[86.63871,22.27124],[86.63798,22.27215],[86.63723,22.27252],[86.63689,22.27278],[86.63606,22.27307],[86.63545,22.27342],[86.63513,22.27347],[86.63438,22.27326],[86.63349,22.27348],[86.63155,22.27367],[86.63098,22.27333],[86.63071,22.27284],[86.63059,22.27145],[86.63014,22.27082],[86.62936,22.26994],[86.62911,22.26967],[86.6287,22.26957],[86.62791,22.26967],[86.62745,22.26998],[86.62703,22.27116],[86.62666,22.27145],[86.62645,22.27244],[86.62619,22.27286],[86.62606,22.2733],[86.62561,22.27388],[86.62409,22.27391],[86.62396,22.27427],[86.62396,22.27477],[86.62373,22.27495],[86.62323,22.27503],[86.6227,22.27537],[86.62255,22.27584],[86.62255,22.27621],[86.62183,22.27722],[86.62153,22.27752],[86.62085,22.27794],[86.61923,22.27841],[86.61836,22.27906],[86.61767,22.27929],[86.61755,22.27956],[86.61784,22.27987],[86.61808,22.28037],[86.61766,22.28081],[86.61648,22.28105],[86.61604,22.28103],[86.61578,22.28079],[86.61459,22.28087],[86.61408,22.281],[86.61285,22.28097],[86.61224,22.28152],[86.61206,22.28184],[86.61146,22.28244],[86.61109,22.28312],[86.61084,22.28327],[86.61025,22.28322],[86.60986,22.28312],[86.6096,22.28291],[86.60947,22.28257],[86.60913,22.28231],[86.60881,22.28231],[86.60822,22.28257],[86.60787,22.28286],[86.60751,22.28293],[86.60722,22.28283],[86.60638,22.28218],[86.6057,22.28194],[86.605,22.28194],[86.60377,22.28171],[86.60319,22.28142],[86.60311,22.28071],[86.60275,22.28021],[86.60222,22.27977],[86.60204,22.27925],[86.60159,22.27906],[86.6012,22.27901],[86.60086,22.27875],[86.6002,22.27854],[86.5995,22.27896],[86.59898,22.27909],[86.59817,22.27909],[86.59636,22.27878],[86.59568,22.27859],[86.59505,22.27825],[86.59399,22.278],[86.59309,22.27856],[86.5927,22.27896],[86.59248,22.2794],[86.59267,22.28037],[86.59309,22.28076],[86.59364,22.28102],[86.59411,22.2815],[86.59407,22.28188],[86.59385,22.28225],[86.59353,22.28244],[86.59345,22.2828],[86.59347,22.28329],[86.59363,22.28402],[86.5934,22.28497],[86.59316,22.28542],[86.59165,22.28686],[86.5912,22.28715],[86.58908,22.28814],[86.58847,22.28924],[86.5878,22.29018],[86.58778,22.29073],[86.58793,22.29105],[86.58778,22.29214],[86.58798,22.29338],[86.58822,22.29374],[86.58827,22.29419],[86.58798,22.29447],[86.58748,22.2947],[86.58618,22.29468],[86.5856,22.29482],[86.5849,22.29555],[86.5845,22.29646],[86.58398,22.29666],[86.5839,22.29707],[86.58362,22.29748],[86.58348,22.2984],[86.58351,22.29872],[86.58388,22.29908],[86.58377,22.29966],[86.58289,22.30062],[86.5827,22.30096],[86.58273,22.30128],[86.58243,22.30154],[86.58196,22.30154],[86.58035,22.30117],[86.5793,22.30104],[86.57885,22.30104],[86.57851,22.30117],[86.57739,22.3012],[86.5772,22.30089],[86.57692,22.30062],[86.5767,22.30029],[86.57658,22.29971],[86.57684,22.2994],[86.57694,22.29913],[86.57694,22.29861],[86.57674,22.29822],[86.57668,22.29769],[86.57689,22.29741],[86.57809,22.2962],[86.57828,22.29584],[86.5781,22.29542],[86.57739,22.29518],[86.57546,22.29514],[86.57433,22.29544],[86.5726,22.29544],[86.57202,22.29581],[86.57154,22.29618],[86.57053,22.29738],[86.5705,22.29771],[86.57066,22.29803],[86.5714,22.29869],[86.57155,22.29916],[86.57127,22.29955],[86.57003,22.30041],[86.56976,22.30071],[86.56893,22.30112],[86.56828,22.30117],[86.56779,22.30104],[86.56724,22.30086],[86.5669,22.30055],[86.56658,22.30042],[86.56514,22.30086],[86.56448,22.30097],[86.56383,22.30136],[86.56318,22.30149],[86.56247,22.30128],[86.5602,22.30044],[86.55946,22.29984],[86.55855,22.29871],[86.55776,22.29733],[86.55741,22.29733],[86.55632,22.29769],[86.55507,22.29777],[86.55368,22.29871],[86.55161,22.29903],[86.55119,22.29912],[86.55085,22.29934],[86.55041,22.29994],[86.54981,22.30042],[86.54929,22.30076],[86.54884,22.30094],[86.54805,22.30151],[86.54784,22.30212],[86.54792,22.30348],[86.54764,22.30387],[86.54579,22.30429],[86.54528,22.30434],[86.54484,22.30484],[86.54473,22.30512],[86.54479,22.30648],[86.54429,22.30691],[86.54389,22.30709],[86.54295,22.30732],[86.54261,22.30753],[86.54245,22.30782],[86.54211,22.30795],[86.54177,22.30785],[86.54107,22.30785],[86.5401,22.30761],[86.53981,22.30727],[86.53981,22.30664],[86.54021,22.30596],[86.54039,22.30528],[86.54044,22.30476],[86.54039,22.30444],[86.54025,22.30418],[86.53979,22.30405],[86.53929,22.30376],[86.539,22.3039],[86.53777,22.3028],[86.53754,22.30243],[86.53589,22.3012],[86.53518,22.30073],[86.53374,22.30002],[86.53337,22.30005],[86.53293,22.30062],[86.53259,22.30133],[86.53212,22.30267],[86.53181,22.30285],[86.53073,22.30298],[86.5304,22.30316],[86.53006,22.30317],[86.52929,22.30468],[86.52892,22.30499],[86.5285,22.30553],[86.5285,22.30581],[86.52581,22.30657],[86.52547,22.30688],[86.52534,22.30737],[86.52539,22.3079],[86.52628,22.30991],[86.52631,22.31078],[86.52599,22.31114],[86.52557,22.3112],[86.525,22.31148],[86.52479,22.31198],[86.52387,22.3129],[86.52364,22.31329],[86.52332,22.31414]]}},
{"type":"Feature","properties":{"kind":"state","name":"Jharkhand–Odisha","src":"OSM relations 1960191 and 1984022"},"geometry":{"type":"LineString","coordinates":[[86.52332,22.31414],[86.52167,22.31361],[86.52356,22.31865],[86.5269,22.31967],[86.52717,22.32118]]}},
{"type":"Feature","properties":{"kind":"state","name":"Jharkhand–Odisha","src":"OSM relations 1960191 and 1984022","river":"11383","rlen":40},"geometry":{"type":"LineString","coordinates":[[86.52717,22.32118],[86.52722,22.32169],[86.52749,22.32279],[86.52731,22.32331],[86.52702,22.32344],[86.52495,22.32352],[86.52335,22.32313],[86.52235,22.32297],[86.52165,22.32297],[86.52116,22.32313],[86.52071,22.32347],[86.5206,22.32389],[86.52021,22.32394],[86.51955,22.32381],[86.51903,22.32381],[86.51732,22.32435],[86.51625,22.32444],[86.5157,22.32459],[86.51524,22.32484],[86.51498,22.32508],[86.51489,22.32545],[86.51375,22.32582],[86.51267,22.32642],[86.51221,22.32699],[86.51179,22.32708],[86.5112,22.3271],[86.51036,22.32691],[86.50983,22.32699],[86.5081,22.32794],[86.50742,22.32868],[86.50742,22.32899],[86.50762,22.32978],[86.50778,22.33006],[86.50781,22.33043],[86.50777,22.33103],[86.50758,22.33156],[86.50695,22.33216],[86.5065,22.3324],[86.50651,22.33253],[86.5067,22.33263],[86.50786,22.33273],[86.50813,22.33283],[86.50828,22.33304],[86.50828,22.33333],[86.50817,22.3336],[86.50779,22.33407],[86.5075,22.33477],[86.50703,22.33511],[86.50683,22.33536],[86.5062,22.33545],[86.50602,22.3354],[86.50579,22.33505],[86.50557,22.33492],[86.50526,22.33486],[86.50467,22.33505],[86.50407,22.33544],[86.50373,22.3368],[86.50376,22.33709],[86.50397,22.33764],[86.50387,22.3385],[86.50417,22.33922],[86.50417,22.33945],[86.50345,22.34015],[86.50206,22.34062],[86.5017,22.34103],[86.5017,22.34229],[86.50185,22.3426],[86.50219,22.34291],[86.50208,22.3432],[86.50159,22.34332],[86.50082,22.34323],[86.50048,22.34326],[86.50006,22.34352],[86.49967,22.34392],[86.49924,22.34461],[86.49843,22.34476],[86.4982,22.34489],[86.49789,22.34523],[86.49804,22.34569],[86.498,22.34602],[86.49734,22.34631],[86.49727,22.34654],[86.49741,22.34693],[86.49781,22.34717],[86.49783,22.34739],[86.49764,22.34754],[86.49686,22.34749],[86.49643,22.34715],[86.49603,22.34666],[86.49561,22.34642],[86.4945,22.34632],[86.49391,22.34618],[86.4937,22.3462],[86.49357,22.34631],[86.49364,22.34686],[86.49359,22.3471],[86.49345,22.34728],[86.49303,22.34752],[86.49266,22.34764],[86.4913,22.34749],[86.49104,22.34752],[86.49087,22.34764],[86.49083,22.34776],[86.4905,22.34798],[86.48864,22.34804],[86.48844,22.34817],[86.48795,22.34825],[86.48769,22.34823],[86.48734,22.34805],[86.48729,22.34791],[86.4873,22.34702],[86.48714,22.34666],[86.48704,22.34653],[86.4868,22.34644],[86.48639,22.34643],[86.48616,22.34634],[86.48582,22.34586],[86.48579,22.34533],[86.48596,22.34474],[86.48593,22.34455],[86.4855,22.34415],[86.48491,22.34399],[86.48475,22.3433],[86.48501,22.34294],[86.48501,22.34235],[86.48468,22.34159],[86.48488,22.34075],[86.48485,22.34012],[86.48468,22.33993],[86.48415,22.33978],[86.48376,22.33951],[86.4836,22.33868],[86.4835,22.33856],[86.48306,22.33845],[86.48268,22.33803],[86.48207,22.33829],[86.48175,22.33823],[86.48129,22.33775],[86.48105,22.33768],[86.48089,22.33777],[86.48056,22.33778],[86.48021,22.33732],[86.48,22.33719],[86.47962,22.33716],[86.47899,22.33725],[86.47863,22.33703],[86.4781,22.33701],[86.47703,22.33738],[86.47634,22.33744],[86.47596,22.3376],[86.47536,22.33757],[86.4751,22.33745],[86.47483,22.33682],[86.47442,22.33673],[86.47386,22.33673],[86.47353,22.33662],[86.47339,22.33644],[86.47333,22.33604],[86.47317,22.33594],[86.47231,22.33571],[86.47203,22.33554],[86.47182,22.33528],[86.47108,22.33502],[86.47082,22.33477],[86.47022,22.33447],[86.46989,22.33391],[86.46981,22.33362],[86.47,22.33325],[86.4703,22.33293],[86.47027,22.33274],[86.46963,22.33237],[86.4696,22.33193],[86.46951,22.33181],[86.46908,22.33173],[86.46891,22.33147],[86.46888,22.33111],[86.46868,22.33099],[86.46813,22.33101],[86.46791,22.3309],[86.46747,22.33035],[86.46718,22.33029],[86.46699,22.33042],[86.4668,22.3307],[86.46666,22.33074],[86.46569,22.33052],[86.46555,22.33022],[86.46476,22.33037],[86.46401,22.33008],[86.46404,22.32973],[86.46417,22.3295],[86.46428,22.32897],[86.46411,22.32842],[86.46361,22.32822],[86.46317,22.32795],[86.46238,22.32701],[86.46196,22.3263],[86.4615,22.32623],[86.46155,22.3259],[86.46145,22.32581],[86.46117,22.32577],[86.46077,22.32597],[86.46062,22.32615],[86.45982,22.32619],[86.4593,22.32592],[86.45943,22.32534],[86.45934,22.32514],[86.45911,22.32498],[86.45816,22.32472],[86.45743,22.32464],[86.45642,22.32379],[86.45597,22.32337]]}},
{"type":"Feature","properties":{"kind":"state","name":"Jharkhand–Odisha","src":"OSM relations 1960191 and 1984022"},"geometry":{"type":"LineString","coordinates":[[86.45597,22.32337],[86.45437,22.32485],[86.45391,22.32483],[86.4509,22.32773],[86.44773,22.32781],[86.44614,22.32547],[86.44554,22.32228],[86.44657,22.31689],[86.44511,22.30947],[86.44433,22.30315],[86.44253,22.30293],[86.43943,22.30317],[86.43172,22.30696],[86.42846,22.31459],[86.42187,22.31374],[86.41919,22.31661],[86.41371,22.3187],[86.40419,22.32382],[86.38829,22.33477],[86.37814,22.34079],[86.37254,22.34261],[86.36928,22.34511],[86.3579,22.3546],[86.35291,22.36095],[86.34902,22.3628],[86.34039,22.36942],[86.33316,22.37526],[86.32413,22.38057],[86.32387,22.38347],[86.32383,22.38647],[86.32329,22.38935],[86.32486,22.39181],[86.32295,22.39484],[86.31934,22.39726],[86.31449,22.40141],[86.31061,22.40561],[86.30913,22.40791],[86.30857,22.41101],[86.30909,22.41381],[86.30625,22.41898],[86.30235,22.42267],[86.29724,22.42412],[86.29199,22.43158],[86.28634,22.44124],[86.28289,22.44759],[86.28124,22.44739],[86.28087,22.44877],[86.27727,22.44788],[86.27379,22.44528],[86.26918,22.44249],[86.26601,22.44443],[86.26145,22.44516],[86.24722,22.44885],[86.23776,22.45236],[86.23047,22.45271],[86.22468,22.45254],[86.22389,22.45316],[86.21696,22.46257],[86.21692,22.46331],[86.22104,22.46696],[86.22178,22.46785],[86.22062,22.46777],[86.21406,22.46644],[86.21371,22.46646],[86.21214,22.46821],[86.2088,22.47247],[86.20779,22.47354],[86.20486,22.47311],[86.20371,22.47255],[86.20164,22.47177],[86.20051,22.47178],[86.1989,22.47222],[86.19697,22.47238],[86.19395,22.47356],[86.19097,22.4745],[86.18699,22.47638],[86.18354,22.47763],[86.18306,22.47792],[86.18262,22.47794],[86.17816,22.47951],[86.17427,22.48046],[86.1729,22.48093],[86.17,22.48156],[86.16897,22.48146],[86.1605,22.48255],[86.16009,22.48241],[86.15962,22.48197],[86.15713,22.48065],[86.15609,22.48036],[86.14926,22.48012],[86.15055,22.48295],[86.15032,22.48336],[86.1393,22.48597],[86.13625,22.48633],[86.13409,22.48705],[86.12376,22.48863],[86.12126,22.48783],[86.11953,22.48673],[86.11862,22.48662],[86.11764,22.48669],[86.11691,22.4869],[86.11516,22.4878],[86.11192,22.49027],[86.10837,22.49395],[86.1044,22.4986],[86.10313,22.4999],[86.10212,22.50072],[86.10152,22.50457],[86.09959,22.50877],[86.09866,22.50963],[86.0978,22.50984],[86.09655,22.51071],[86.09536,22.51605],[86.09412,22.52017],[86.08958,22.52513],[86.08852,22.52643],[86.08763,22.52707],[86.08578,22.53077],[86.0837,22.53241],[86.08187,22.53507],[86.07955,22.5371],[86.07781,22.53911],[86.07601,22.5433],[86.07312,22.54635],[86.06802,22.55016],[86.06668,22.55162],[86.06481,22.55553],[86.05715,22.55981],[86.05436,22.56097],[86.05103,22.56268],[86.0482,22.56482],[86.04538,22.56759],[86.0426,22.56535],[86.03611,22.55914],[86.0318,22.55456],[86.02606,22.54752],[86.02409,22.54463],[86.02625,22.543],[86.03158,22.53812],[86.03333,22.53589],[86.03381,22.53436],[86.03376,22.53342],[86.03342,22.53256],[86.03253,22.53103],[86.02651,22.524],[86.02093,22.52735],[86.01364,22.52351],[86.0118,22.52245],[86.00884,22.52024],[86.00648,22.51914],[86.00407,22.51779],[86.00234,22.51542],[86.00116,22.51468],[86.00006,22.51448],[85.99802,22.51476],[85.99706,22.5144],[85.99657,22.51445],[85.99628,22.51469],[85.99543,22.51436],[85.99456,22.51463],[85.99383,22.5144],[85.99327,22.51448],[85.99289,22.51491],[85.99264,22.51554],[85.99231,22.51581],[85.99143,22.51586],[85.9897,22.51658],[85.98919,22.51652],[85.98882,22.5161],[85.98872,22.51541],[85.98834,22.51538],[85.98798,22.51565],[85.98541,22.51561],[85.98488,22.51533],[85.98379,22.51442],[85.98314,22.51229],[85.98229,22.51199],[85.98214,22.51179],[85.98208,22.51142],[85.98158,22.51089],[85.98115,22.51081],[85.98075,22.511],[85.98044,22.51152],[85.98028,22.51168],[85.98008,22.51168],[85.97984,22.51137],[85.97927,22.51101],[85.97857,22.50929],[85.9777,22.50778],[85.97561,22.50778],[85.97297,22.50536],[85.97334,22.50383],[85.97349,22.50128],[85.974,22.49914],[85.97334,22.49878],[85.97177,22.49822],[85.97134,22.49696],[85.97252,22.49283],[85.97257,22.49135],[85.971,22.48859],[85.97104,22.48766],[85.96924,22.48613],[85.96498,22.48551],[85.96336,22.48565],[85.96235,22.48528],[85.96275,22.48398],[85.96284,22.48401]]}},
{"type":"Feature","properties":{"kind":"state","name":"Jharkhand–Odisha","src":"OSM relations 1960191 and 1984022","river":"11375","rlen":174},"geometry":{"type":"LineString","coordinates":[[85.96284,22.48401],[85.96299,22.48359],[85.96355,22.48136],[85.96364,22.48032],[85.96364,22.47872],[85.96344,22.47762],[85.96229,22.47349],[85.96218,22.47244],[85.96195,22.47135],[85.96147,22.47042],[85.96128,22.46969],[85.96085,22.4689],[85.95964,22.46814],[85.95905,22.46789],[85.95846,22.46744],[85.95798,22.46679],[85.95734,22.46586],[85.95725,22.46516],[85.95728,22.46414],[85.95765,22.46336],[85.95852,22.46262],[85.95947,22.46215],[85.96071,22.46167],[85.96277,22.46102],[85.96331,22.46111],[85.96568,22.46077],[85.96666,22.46054],[85.96727,22.46015],[85.96802,22.4594],[85.96811,22.45912],[85.96811,22.45853],[85.96794,22.45729],[85.96724,22.45532],[85.96628,22.45428],[85.96589,22.45318],[85.96577,22.45245],[85.96589,22.4518],[85.96608,22.45102],[85.96645,22.45031],[85.96769,22.44961],[85.97016,22.4484],[85.97081,22.44789],[85.97157,22.4475],[85.97221,22.44698],[85.97418,22.44469],[85.97486,22.44373],[85.97645,22.44229],[85.97956,22.44135],[85.98055,22.44074],[85.98097,22.44023],[85.98115,22.4397],[85.98129,22.43889],[85.98152,22.43848],[85.98352,22.43707],[85.98403,22.43641],[85.98464,22.43542],[85.98511,22.43521],[85.9859,22.43521],[85.98646,22.43499],[85.98732,22.43397],[85.9879,22.4335],[85.9884,22.43322],[85.98937,22.43316],[85.99138,22.43272],[85.99201,22.43169],[85.99299,22.43077],[85.99467,22.42961],[85.99611,22.42923],[85.99658,22.42921],[85.99709,22.42906],[85.99752,22.42877],[85.99782,22.4284],[85.99798,22.42797],[85.99836,22.42748],[85.99866,22.42725],[86,22.42654],[86.00013,22.42619],[86.00038,22.42602],[86.00064,22.42594],[86.00198,22.42598],[86.00274,22.42586],[86.00335,22.42604],[86.00441,22.42713],[86.00561,22.42746],[86.00624,22.42747],[86.00649,22.42759],[86.00708,22.42794],[86.00853,22.42904],[86.0092,22.42969],[86.01052,22.43002],[86.01103,22.4303],[86.01162,22.43077],[86.01232,22.43086],[86.01308,22.43079],[86.01374,22.43062],[86.01465,22.42995],[86.01473,22.42972],[86.01458,22.42925],[86.01461,22.42895],[86.01546,22.42857],[86.01584,22.42813],[86.01593,22.42786],[86.01597,22.42714],[86.01618,22.42678],[86.01662,22.42547],[86.01649,22.42481],[86.01621,22.42424],[86.01585,22.42291],[86.01569,22.42184],[86.01575,22.42142],[86.01594,22.42095],[86.01618,22.4206],[86.01695,22.41996],[86.01709,22.41961],[86.01715,22.41863],[86.01732,22.41781],[86.01729,22.41565],[86.01755,22.41529],[86.01804,22.41499],[86.0187,22.41481],[86.01946,22.41497],[86.01969,22.41482],[86.01992,22.41438],[86.02,22.41354],[86.02015,22.41298]]}},
{"type":"Feature","properties":{"kind":"state","name":"Jharkhand–Odisha","src":"OSM relations 1960191 and 1984022"},"geometry":{"type":"LineString","coordinates":[[86.02015,22.41298],[86.01785,22.4121]]}},
{"type":"Feature","properties":{"kind":"state","name":"Jharkhand–Odisha","src":"OSM relations 1960191 and 1984022","river":"11365","rlen":26},"geometry":{"type":"LineString","coordinates":[[86.01785,22.4121],[86.01777,22.412],[86.01773,22.41164],[86.01767,22.41089],[86.01779,22.40875],[86.018,22.40833],[86.01829,22.40797],[86.01862,22.40782],[86.01946,22.40775],[86.01975,22.40742],[86.01953,22.40692],[86.01886,22.4061],[86.01855,22.40548],[86.01885,22.40457],[86.01877,22.40426],[86.01839,22.40367],[86.01913,22.40257],[86.0195,22.40229],[86.01995,22.4017],[86.02016,22.40127],[86.02049,22.39988],[86.02032,22.39868],[86.02047,22.39822],[86.0207,22.39799],[86.02079,22.39738],[86.02165,22.39645],[86.02193,22.39631],[86.02243,22.3962],[86.02281,22.39663],[86.02316,22.39679],[86.02354,22.39675],[86.02399,22.39663],[86.02504,22.39577],[86.02501,22.39546],[86.02457,22.39504],[86.02418,22.39495],[86.02377,22.39463],[86.02336,22.39406],[86.02329,22.39354],[86.02348,22.39319],[86.02404,22.39301],[86.02445,22.39265],[86.02402,22.3919],[86.02364,22.39144],[86.02352,22.39108],[86.02345,22.38999],[86.02384,22.38962],[86.02455,22.39031],[86.02568,22.38992],[86.026,22.38947],[86.02595,22.38883],[86.02557,22.3879],[86.02621,22.38755],[86.02673,22.38769],[86.02711,22.38769],[86.02766,22.38753],[86.02773,22.38653],[86.02716,22.38592],[86.02666,22.38508],[86.02637,22.38348],[86.02586,22.38269],[86.0258,22.38221],[86.02604,22.38176],[86.02639,22.38142],[86.0272,22.38091],[86.02743,22.38043],[86.02736,22.38005],[86.02716,22.37976],[86.02677,22.3796],[86.02632,22.37977],[86.02571,22.3798],[86.02516,22.37961],[86.0247,22.37882],[86.02473,22.37768],[86.02489,22.37702],[86.02559,22.37621]]}},
{"type":"Feature","properties":{"kind":"state","name":"Jharkhand–Odisha","src":"OSM relations 1960191 and 1984022"},"geometry":{"type":"LineString","coordinates":[[86.02559,22.37621],[86.02766,22.37685],[86.0272,22.37616],[86.02683,22.37422],[86.02438,22.37616],[86.02364,22.37567],[86.02364,22.37421],[86.02292,22.37137],[86.02368,22.37006],[86.02432,22.36939],[86.02398,22.36825],[86.02398,22.36682],[86.02461,22.36603],[86.02411,22.36391],[86.02333,22.36291],[86.02191,22.36038],[86.02074,22.36035],[86.01895,22.35976],[86.01721,22.35901],[86.01681,22.35837],[86.01671,22.35726],[86.01533,22.3557],[86.01531,22.35459],[86.01355,22.35329],[86.01345,22.35228],[86.01175,22.35203],[86.00869,22.34891],[86.00704,22.35064],[86.00454,22.34736],[86.00289,22.34629],[86.00179,22.34609],[86.00039,22.34626],[86.00003,22.34576],[85.99879,22.34556],[85.99828,22.34512],[85.99808,22.34459],[85.99799,22.34179],[85.99875,22.34123],[85.9984,22.34106],[85.99826,22.3406],[85.99897,22.34046],[85.99881,22.33987],[85.99973,22.33918],[86.00099,22.33732],[86.00333,22.33553],[86.0042,22.3362],[86.0059,22.33609],[86.00713,22.33545],[86.01042,22.33684],[86.0105,22.33741],[86.00995,22.33829],[86.0102,22.33892],[86.01119,22.3389],[86.01138,22.33918],[86.01087,22.34079],[86.0131,22.34077],[86.01651,22.33964],[86.01947,22.33795],[86.027,22.3356],[86.02912,22.33422],[86.02884,22.33366],[86.02428,22.3315],[86.02262,22.32919],[86.01935,22.32626],[86.01687,22.3243],[86.01432,22.32173],[86.01398,22.32102],[86.01392,22.31974],[86.0132,22.31805],[86.01334,22.31739],[86.01554,22.31714],[86.01569,22.31242],[86.01647,22.31219],[86.01722,22.31325],[86.02223,22.3093],[86.02344,22.30856],[86.02434,22.30858],[86.02462,22.30832],[86.02879,22.30774],[86.03003,22.30724],[86.03065,22.30861],[86.03213,22.30998],[86.03554,22.3107],[86.03863,22.31056],[86.04043,22.30995],[86.04097,22.31031],[86.04201,22.31195],[86.04308,22.31203],[86.047,22.31057],[86.04748,22.31131],[86.04832,22.31144],[86.04891,22.31064],[86.04766,22.31055]]}},
{"type":"Feature","properties":{"kind":"state","name":"Jharkhand–Odisha","src":"OSM relations 1960191 and 1984022","river":"11317","rlen":19},"geometry":{"type":"LineString","coordinates":[[86.04766,22.31055],[86.04771,22.30995],[86.04764,22.30954],[86.0475,22.30927],[86.04717,22.30888],[86.04673,22.3086],[86.04585,22.30823],[86.04424,22.30798],[86.04233,22.30727],[86.04176,22.30728],[86.04019,22.30762],[86.03916,22.30755],[86.03862,22.30727],[86.038,22.30647],[86.03772,22.30622],[86.03696,22.30608],[86.0365,22.30614],[86.03536,22.30666],[86.03459,22.30688],[86.03423,22.30681],[86.03318,22.30556],[86.03271,22.30435],[86.03258,22.30422],[86.03228,22.30405],[86.0317,22.30397],[86.03111,22.30442],[86.03067,22.30434],[86.03039,22.30408],[86.03012,22.30372],[86.0298,22.30283],[86.02979,22.3026],[86.03002,22.30188],[86.03022,22.30158],[86.03025,22.30111],[86.02937,22.30058],[86.02903,22.30046],[86.02873,22.30046],[86.02832,22.30058],[86.02781,22.3009],[86.02756,22.30137],[86.0273,22.30212],[86.02696,22.30237],[86.02661,22.30244],[86.02624,22.30236],[86.02566,22.30207],[86.02483,22.30154],[86.024,22.30136],[86.02149,22.30114],[86.02082,22.30099],[86.0206,22.30083],[86.02024,22.30032],[86.01997,22.29977],[86.01973,22.29886],[86.01892,22.29844],[86.01778,22.29832],[86.01735,22.29811],[86.01698,22.29768],[86.01669,22.29709],[86.01635,22.29549],[86.01575,22.29473],[86.01521,22.29447],[86.01374,22.29355],[86.01298,22.29319],[86.01062,22.29265],[86.00905,22.29116],[86.008,22.28977],[86.00719,22.28897],[86.00698,22.28881],[86.00648,22.28872],[86.00613,22.28857],[86.00596,22.288],[86.0061,22.28732],[86.00638,22.2867],[86.00737,22.28524],[86.00756,22.28446],[86.00732,22.28413],[86.0066,22.28404],[86.00615,22.28382],[86.00535,22.28288],[86.00505,22.28231],[86.00426,22.28135],[86.00403,22.28074],[86.00407,22.27977],[86.00401,22.27923],[86.00373,22.27848],[86.00298,22.27795],[86.00282,22.27791],[86.00273,22.27791],[86.00181,22.27869],[86.00157,22.2788],[86.00113,22.27879],[86.00073,22.27849],[86.00054,22.27818],[86.00061,22.27784],[86.00125,22.27687],[86.00147,22.27671],[86.0016,22.27636],[86.00148,22.27612],[86.00083,22.27583],[86.0003,22.27595],[85.99997,22.27617],[85.9997,22.27623],[85.99938,22.27611],[85.99921,22.27584],[85.99908,22.27533],[85.9991,22.27424],[85.99901,22.27387],[85.99785,22.27219],[85.99637,22.27169],[85.9958,22.27138],[85.99547,22.27138],[85.99421,22.27166],[85.99371,22.27152],[85.99273,22.27051],[85.99171,22.26983],[85.99105,22.26927],[85.99056,22.26895],[85.99017,22.26889],[85.98882,22.2683],[85.98844,22.26753],[85.98831,22.26705],[85.98822,22.26621],[85.98824,22.26529],[85.98739,22.26412],[85.98715,22.26321],[85.98678,22.26268],[85.9866,22.26169]]}},
{"type":"Feature","properties":{"kind":"state","name":"Jharkhand–Odisha","src":"OSM relations 1960191 and 1984022"},"geometry":{"type":"LineString","coordinates":[[85.9866,22.26169],[85.98894,22.26126],[85.98941,22.26053],[85.9902,22.25877],[85.99041,22.25537],[85.98995,22.25453],[85.98909,22.25374],[85.98534,22.2524],[85.97936,22.24965],[85.97367,22.24734],[85.97978,22.23981],[85.98124,22.23838],[85.98568,22.23574],[85.98865,22.22817],[85.99128,22.22398],[86.00156,22.21617],[86.00214,22.21397],[86.00705,22.21162],[86.0118,22.2091],[86.01797,22.20552],[86.02519,22.19913],[86.02807,22.19595],[86.03134,22.19271],[86.03146,22.19174],[86.03122,22.19001],[86.02875,22.18674],[86.02418,22.18139],[86.01892,22.17397],[86.01695,22.16928],[86.01614,22.1662],[86.01584,22.16389],[86.01505,22.16133],[86.01254,22.15867],[86.00877,22.15535],[86.00763,22.15215],[86.00533,22.15021],[86.00492,22.14879],[86.00477,22.1474],[86.0039,22.14586],[86.00392,22.14061],[85.99977,22.13578],[85.99711,22.13399],[85.99643,22.13041],[85.99674,22.12671],[86.00023,22.12616],[86.0019,22.12163],[86.00218,22.12129],[86.00569,22.11997],[86.00887,22.1153],[86.0021,22.10782],[85.99711,22.09844],[85.99166,22.09262],[85.98505,22.08226],[85.98338,22.07435],[85.97716,22.07299],[85.96227,22.04845],[85.9548,22.03568],[85.94974,22.03008],[85.94342,22.02046],[85.94014,22.02164],[85.93645,22.02262],[85.93345,22.0231],[85.93083,22.02324],[85.9274,22.01786],[85.92611,22.01613],[85.92272,22.01088],[85.92068,22.01038],[85.91821,22.00927],[85.91882,22.00746],[85.91893,22.00547],[85.91785,22.00183],[85.91779,22.00089],[85.91658,21.99946],[85.91547,21.99783],[85.91455,21.99564],[85.91302,21.99262],[85.91225,21.99003],[85.91244,21.98822],[85.91171,21.98651],[85.91195,21.98541],[85.91283,21.98328],[85.91345,21.98227],[85.91364,21.98157],[85.91274,21.9808],[85.91276,21.98024],[85.91399,21.97976],[85.91369,21.97865],[85.913,21.97771],[85.9109,21.97706],[85.90864,21.97674],[85.90839,21.97604],[85.90955,21.97582],[85.90965,21.97449],[85.91045,21.97301],[85.90931,21.97232],[85.9083,21.97075],[85.90618,21.97003],[85.90573,21.9709],[85.90344,21.97214],[85.90351,21.97487],[85.90193,21.97583],[85.90253,21.97703],[85.90243,21.97857],[85.90053,21.97912],[85.90007,21.9801],[85.89917,21.98084],[85.89958,21.98157],[85.89933,21.98237],[85.89873,21.98222],[85.89479,21.98055],[85.89084,21.98002],[85.88536,21.97958],[85.87998,21.98057],[85.87928,21.98041],[85.87214,21.9809],[85.85487,21.9823],[85.85361,21.98358],[85.84622,21.98257],[85.84614,21.98129],[85.84176,21.98042],[85.83966,21.97962],[85.83635,21.97747],[85.83335,21.97608],[85.82599,21.97488],[85.82421,21.9761],[85.82137,21.97698],[85.81991,21.98217],[85.81773,21.98512],[85.81498,21.98498],[85.81245,21.98531],[85.81105,21.98645],[85.80899,21.98752],[85.80593,21.98854],[85.80213,21.98748],[85.79859,21.98675],[85.79507,21.98559],[85.79249,21.98496],[85.78996,21.98577],[85.78798,21.98615],[85.78546,21.98454],[85.78337,21.98223],[85.78174,21.98605],[85.77925,21.98756],[85.77739,21.98961],[85.77438,21.99069],[85.76941,21.99274],[85.76747,21.99413],[85.76578,21.9949],[85.7631,22.00396],[85.76147,22.00747],[85.76104,22.00889],[85.76159,22.01132],[85.76423,22.01577],[85.76685,22.01969],[85.76868,22.02192],[85.77335,22.02538],[85.7762,22.02662],[85.77833,22.02713],[85.78146,22.02833],[85.78271,22.03055],[85.78364,22.0328],[85.7838,22.03586],[85.78473,22.03972],[85.78303,22.04135],[85.78123,22.04426],[85.77986,22.04684],[85.77898,22.04927],[85.77778,22.05204],[85.77953,22.0574],[85.7834,22.06377],[85.79047,22.07282],[85.79556,22.08063],[85.80822,22.07631],[85.81196,22.07443],[85.81385,22.07425],[85.81545,22.07375],[85.819,22.07368],[85.82073,22.07341],[85.824,22.07379],[85.82798,22.07524],[85.82994,22.07682],[85.83232,22.07786],[85.83629,22.07878],[85.8374,22.07939],[85.83621,22.07904]]}},
{"type":"Feature","properties":{"kind":"state","name":"Jharkhand–Odisha","src":"OSM relations 1960191 and 1984022","river":"20337","rlen":19},"geometry":{"type":"LineString","coordinates":[[85.83621,22.07904],[85.83609,22.07938],[85.83603,22.08035],[85.83576,22.08141],[85.83565,22.0836],[85.83545,22.08451],[85.83492,22.08492],[85.83414,22.08498],[85.83344,22.08522],[85.83346,22.08559],[85.83418,22.08608],[85.83456,22.08661],[85.83507,22.08691],[85.83517,22.08708],[85.83526,22.08759],[85.83512,22.08786],[85.83456,22.08773],[85.83432,22.08791],[85.83428,22.08841],[85.83443,22.08951],[85.8344,22.0905],[85.83399,22.09171],[85.83288,22.09339],[85.83237,22.09386],[85.83205,22.09402],[85.83162,22.09409],[85.83016,22.09393],[85.82975,22.09377],[85.82902,22.09328],[85.82869,22.09327],[85.82821,22.09344],[85.82672,22.09424],[85.82611,22.09429],[85.825,22.09416],[85.82448,22.0942],[85.82416,22.09441],[85.82404,22.09459],[85.82412,22.09504],[85.82407,22.09515],[85.8238,22.09529],[85.82296,22.09522],[85.82161,22.0948],[85.82144,22.09489],[85.82132,22.09514],[85.8213,22.09578],[85.82115,22.09615],[85.82073,22.0965],[85.81984,22.09762],[85.81949,22.09773],[85.81864,22.0976],[85.8184,22.09682],[85.81795,22.09659],[85.81756,22.09649],[85.81657,22.09671],[85.81624,22.09655],[85.81589,22.09595],[85.81568,22.09577],[85.81564,22.09549],[85.81543,22.09511],[85.81469,22.09468],[85.81432,22.09454],[85.81398,22.09455],[85.81362,22.09477]]}},
{"type":"Feature","properties":{"kind":"state","name":"Jharkhand–Odisha","src":"OSM relations 1960191 and 1984022"},"geometry":{"type":"LineString","coordinates":[[85.81362,22.09477],[85.81367,22.09485],[85.81286,22.09514],[85.81412,22.09701],[85.8147,22.09859],[85.81865,22.10123],[85.8212,22.10276],[85.82249,22.10473],[85.8208,22.10809],[85.81897,22.10928],[85.81404,22.11143],[85.81277,22.1132],[85.81041,22.11453],[85.80698,22.11602],[85.8052,22.11534],[85.80303,22.11306],[85.80136,22.11047],[85.79313,22.10684],[85.79279,22.10624]]}},
{"type":"Feature","properties":{"kind":"state","name":"Jharkhand–Odisha","src":"OSM relations 1960191 and 1984022","river":"20137","rlen":41},"geometry":{"type":"LineString","coordinates":[[85.79279,22.10624],[85.79237,22.10646],[85.79169,22.10655],[85.79093,22.10649],[85.79052,22.10631],[85.78872,22.10514],[85.78743,22.10441],[85.78675,22.10364],[85.78566,22.10163],[85.78492,22.1007],[85.78288,22.09908],[85.78247,22.09847],[85.77986,22.09645],[85.77849,22.09575],[85.77691,22.09508],[85.77598,22.0948],[85.77497,22.0948],[85.77425,22.09571],[85.77294,22.09577],[85.77191,22.09493],[85.77113,22.09398],[85.77028,22.09358],[85.7699,22.0936],[85.76923,22.09383],[85.76853,22.09387],[85.76758,22.09375],[85.76682,22.09347],[85.76558,22.09225],[85.76528,22.09147],[85.76486,22.09096],[85.76456,22.09031],[85.76372,22.08929],[85.76188,22.08792],[85.761,22.08746],[85.76053,22.08729],[85.75981,22.08722],[85.75792,22.08687],[85.75722,22.08655],[85.75631,22.08539],[85.75585,22.08448],[85.75576,22.08336],[85.75621,22.08218],[85.75652,22.08102],[85.75665,22.07941],[85.75593,22.07788],[85.75572,22.07769],[85.75519,22.07735],[85.75391,22.07695],[85.75243,22.07627],[85.75087,22.07524],[85.7481,22.07387],[85.74546,22.07298],[85.74367,22.07258],[85.74255,22.07201],[85.74095,22.07144],[85.7401,22.07123],[85.73949,22.07095],[85.73877,22.07053],[85.73749,22.06948],[85.73635,22.06834],[85.73451,22.06711],[85.7331,22.06638],[85.73124,22.0657],[85.72632,22.06441],[85.72388,22.06433],[85.7228,22.06448],[85.72153,22.06435],[85.71999,22.06363],[85.71951,22.06311],[85.71906,22.06277],[85.71799,22.06218],[85.7167,22.06209],[85.71621,22.0623],[85.71497,22.06262],[85.71353,22.06243],[85.71248,22.06196],[85.71117,22.06076],[85.71035,22.05952],[85.70969,22.0589],[85.70946,22.05844],[85.7088,22.05779],[85.70799,22.05777],[85.70688,22.05843],[85.70599,22.05958],[85.70476,22.06038],[85.70412,22.06089],[85.7034,22.06114],[85.70165,22.06194],[85.69986,22.06245],[85.6991,22.06254],[85.69686,22.06253],[85.69389,22.06277],[85.69186,22.06256],[85.69135,22.06237],[85.69089,22.06205],[85.69053,22.06163],[85.69036,22.06121],[85.69022,22.06045],[85.69011,22.05981],[85.69022,22.05804],[85.69,22.0573],[85.68971,22.05682],[85.68829,22.05563],[85.68705,22.0549],[85.68648,22.05471],[85.68498,22.05458],[85.68412,22.05475],[85.68146,22.05549],[85.68051,22.05549],[85.67996,22.05576],[85.67909,22.05603],[85.67826,22.05637]]}},
{"type":"Feature","properties":{"kind":"state","name":"Jharkhand–Odisha","src":"OSM relations 1960191 and 1984022"},"geometry":{"type":"LineString","coordinates":[[85.67826,22.05637],[85.67718,22.05695]]}},
{"type":"Feature","properties":{"kind":"state","name":"Jharkhand–Odisha","src":"OSM relations 1960191 and 1984022","river":"19722","rlen":414},"geometry":{"type":"LineString","coordinates":[[85.67718,22.05695],[85.67756,22.05747],[85.67839,22.05934],[85.67868,22.06116],[85.67859,22.06166],[85.67877,22.06202],[85.67867,22.06257],[85.67821,22.06376],[85.67765,22.06421],[85.67721,22.06447],[85.6736,22.0655],[85.67213,22.06689],[85.6712,22.06851],[85.67049,22.07055],[85.6704,22.07095],[85.67078,22.07227],[85.67078,22.07328],[85.6705,22.07364],[85.67014,22.07366],[85.66895,22.07408],[85.66714,22.07365],[85.66609,22.07374],[85.66554,22.07396],[85.66522,22.07434],[85.66471,22.07521],[85.66472,22.07546],[85.66444,22.07588],[85.66347,22.07692],[85.66311,22.07744],[85.6622,22.07827],[85.66192,22.07899],[85.6621,22.08075],[85.662,22.08178],[85.66228,22.08294],[85.66182,22.08342],[85.66106,22.08374],[85.65886,22.08273],[85.65784,22.08291],[85.65734,22.08332],[85.65624,22.08449],[85.6564,22.0851],[85.6564,22.08548],[85.65656,22.08576],[85.65658,22.08704],[85.6565,22.08772],[85.65607,22.08898],[85.65586,22.0902],[85.65602,22.09245],[85.65547,22.09333],[85.65453,22.09434],[85.6535,22.09486],[85.65213,22.09463],[85.65056,22.09476],[85.64826,22.09514],[85.64649,22.0956],[85.64472,22.09513],[85.64417,22.09486],[85.64369,22.09448],[85.64333,22.09398],[85.64257,22.09151],[85.6417,22.09068],[85.64077,22.09001],[85.64041,22.08963],[85.63987,22.08815],[85.63978,22.08769],[85.63989,22.08756],[85.63991,22.08723],[85.6396,22.08687],[85.63881,22.0871],[85.63761,22.08779],[85.63571,22.08735],[85.63522,22.08709],[85.63332,22.08653],[85.63299,22.08621],[85.63284,22.08587],[85.63282,22.08503],[85.6321,22.08479],[85.63145,22.08492],[85.63084,22.08513],[85.63003,22.08647],[85.62921,22.08659],[85.62872,22.08636],[85.62743,22.08612],[85.62696,22.08565],[85.62687,22.0849],[85.62651,22.08389],[85.6259,22.08323],[85.62511,22.08254],[85.62393,22.08197],[85.62338,22.0818],[85.62279,22.08184],[85.62246,22.08211],[85.62227,22.08245],[85.62174,22.0827],[85.6211,22.0827],[85.62081,22.08259],[85.61862,22.08224],[85.61563,22.08191],[85.61438,22.08146],[85.61277,22.0815],[85.61215,22.08178],[85.61177,22.08255],[85.61182,22.08319],[85.61213,22.08381],[85.61247,22.0842],[85.61274,22.08435],[85.61346,22.08438],[85.61415,22.08451],[85.61442,22.08489],[85.61438,22.08542],[85.61409,22.08601],[85.61359,22.08658],[85.61272,22.08714],[85.61184,22.08748],[85.61124,22.08712],[85.61057,22.08651],[85.61012,22.08593],[85.60976,22.08537],[85.60946,22.08444],[85.60757,22.08186],[85.60706,22.08082],[85.60668,22.07982],[85.60645,22.07975],[85.60582,22.07826]]}},
{"type":"Feature","properties":{"kind":"state","name":"Jharkhand–Odisha","src":"OSM relations 1960191 and 1984022"},"geometry":{"type":"LineString","coordinates":[[85.60582,22.07826],[85.60386,22.07898],[85.59984,22.07805],[85.59465,22.07983],[85.59281,22.08218],[85.58337,22.08671],[85.57933,22.08761],[85.57457,22.08908],[85.57202,22.0897],[85.56996,22.08904],[85.56624,22.08854],[85.56303,22.08791],[85.56049,22.09093],[85.55912,22.09324],[85.55582,22.09314],[85.55358,22.09266],[85.55213,22.09145],[85.55011,22.09059],[85.54513,22.08998],[85.54414,22.09218],[85.54193,22.09502],[85.54092,22.09805],[85.54155,22.10168],[85.53268,22.10427],[85.52979,22.10727],[85.52331,22.11109],[85.52068,22.11176],[85.51834,22.11334],[85.51144,22.11459],[85.50097,22.11737],[85.49119,22.12078],[85.48728,22.12381],[85.48217,22.12826],[85.47814,22.12838],[85.47368,22.12977],[85.46999,22.13498],[85.46471,22.13844],[85.45857,22.14102],[85.45269,22.14373],[85.44763,22.14587],[85.44363,22.14707],[85.43756,22.1507],[85.43252,22.15321],[85.42473,22.15655],[85.42301,22.15831],[85.42063,22.15913],[85.41808,22.15883],[85.41664,22.15949],[85.41025,22.16191],[85.40405,22.16185],[85.3999,22.16259],[85.39666,22.16233],[85.39426,22.15853],[85.38984,22.15703],[85.38628,22.15686],[85.38224,22.15641],[85.37688,22.15812],[85.374,22.16032],[85.37242,22.16046],[85.37143,22.16173],[85.36855,22.16046],[85.36652,22.15974],[85.36549,22.15766],[85.36529,22.15639],[85.36607,22.15539],[85.36544,22.15438],[85.36366,22.15372],[85.36295,22.15128],[85.36287,22.14961],[85.36375,22.14826],[85.36304,22.14762],[85.3618,22.14711],[85.36094,22.14619],[85.35969,22.14369],[85.35974,22.14249],[85.36124,22.1409],[85.36424,22.14118],[85.36235,22.13009],[85.3681,22.12798],[85.36566,22.12472],[85.35908,22.12515],[85.35602,22.12554],[85.35345,22.12741],[85.34984,22.12942],[85.34853,22.12979],[85.34622,22.12826],[85.34484,22.1266],[85.32596,22.12802],[85.32204,22.12629],[85.31843,22.12051],[85.31678,22.12003],[85.31495,22.12025],[85.31212,22.11908],[85.30935,22.11717],[85.30452,22.11298],[85.30326,22.11033],[85.29998,22.106],[85.29341,22.10033],[85.28624,22.09475],[85.28161,22.08844],[85.27916,22.08351],[85.27758,22.08092],[85.27348,22.07625],[85.27111,22.07105],[85.26901,22.06349],[85.26464,22.05895],[85.26124,22.05378],[85.25296,22.02964],[85.24648,22.01933],[85.24262,22.01269],[85.23847,22.00917],[85.23236,22.01118],[85.23103,22.01146],[85.22764,22.01309],[85.22338,22.01476],[85.21975,22.01782],[85.22,22.02387],[85.21863,22.02685],[85.21683,22.03306],[85.22013,22.04014],[85.21778,22.0421],[85.21558,22.04515],[85.21584,22.04806],[85.21382,22.04973],[85.21054,22.04969],[85.20827,22.0509],[85.20687,22.051],[85.20455,22.05172],[85.19882,22.05591],[85.19447,22.0572],[85.19114,22.05756],[85.18663,22.05744],[85.18355,22.06355],[85.1817,22.07122],[85.17835,22.07341],[85.17668,22.07381],[85.17473,22.07371],[85.17252,22.07224],[85.17119,22.07017],[85.16926,22.06989],[85.16788,22.06908],[85.1682,22.06778],[85.16993,22.0666],[85.1705,22.06428],[85.172,22.06261],[85.17177,22.05714],[85.17385,22.05362],[85.17356,22.05148],[85.17239,22.05076],[85.16991,22.0516],[85.16737,22.05289],[85.16604,22.05583],[85.1655,22.06092],[85.15998,22.06953],[85.15956,22.07118],[85.1602,22.07466],[85.15782,22.07606],[85.15653,22.07703],[85.15406,22.07791],[85.14666,22.0782],[85.14293,22.07812],[85.13917,22.07713],[85.13653,22.07506],[85.13063,22.07466],[85.12546,22.07367],[85.12431,22.07043],[85.12048,22.06993],[85.11415,22.07447],[85.11233,22.07852],[85.11291,22.08176],[85.11357,22.08409],[85.11269,22.08618],[85.11113,22.08699],[85.10927,22.08731],[85.10555,22.08976],[85.10306,22.08926],[85.1007,22.0922],[85.10039,22.10174],[85.09737,22.10624],[85.08821,22.10564],[85.08224,22.10775],[85.07825,22.10974],[85.0737,22.11292],[85.06971,22.11188],[85.05821,22.11471],[85.04621,22.11589],[85.04199,22.11592],[85.0374,22.11387],[85.0311,22.10996],[85.02813,22.10926],[85.0257,22.10898],[85.02352,22.10809],[85.01598,22.10201],[85.01551,22.10027],[85.01349,22.09805],[85.01259,22.09149],[85.00959,22.08886],[85.00809,22.08962],[85.00603,22.08902],[85.00375,22.08679],[85.00132,22.0857],[85.00141,22.08419],[84.99856,22.08365],[84.99526,22.08166],[84.99297,22.08075],[84.99049,22.08101],[84.99011,22.08148],[84.98781,22.082],[84.98601,22.0821],[84.9856,22.08373],[84.984,22.08562],[84.9838,22.08763],[84.98135,22.09331],[84.98723,22.09713],[84.99646,22.10528],[85.0044,22.10946],[85.01543,22.11171],[85.01976,22.1157],[85.02448,22.1196],[85.0274,22.12604],[85.03344,22.13745],[85.03478,22.14512],[85.03242,22.14881],[85.02979,22.15347],[85.02899,22.15748],[85.02864,22.16133],[85.031,22.1644],[85.03643,22.16873],[85.04055,22.17169],[85.04077,22.17489],[85.04735,22.17787],[85.05225,22.17995],[85.05343,22.18218],[85.05377,22.18476],[85.0518,22.18846],[85.05079,22.19098],[85.05008,22.19458],[85.05147,22.19482],[85.05356,22.19637],[85.05433,22.20032],[85.05871,22.20473],[85.05888,22.20614],[85.06079,22.21244],[85.06222,22.21661],[85.06521,22.22074],[85.06637,22.22372],[85.06776,22.22678],[85.06957,22.23011],[85.07157,22.23278],[85.07272,22.23226]]}},
{"type":"Feature","properties":{"kind":"state","name":"Jharkhand–Odisha","src":"OSM relations 1960191 and 1984022","river":"20053","rlen":35},"geometry":{"type":"LineString","coordinates":[[85.07272,22.23226],[85.07296,22.23273],[85.07329,22.23289],[85.07348,22.2331],[85.07348,22.2337],[85.07157,22.23546],[85.07152,22.23599],[85.07208,22.23785],[85.07208,22.2385],[85.07198,22.23899],[85.07164,22.23957],[85.0711,22.24086],[85.07094,22.24105],[85.07068,22.24107],[85.07042,22.24098],[85.07031,22.24084],[85.07017,22.24089],[85.07005,22.24126],[85.07017,22.24228],[85.07014,22.24277],[85.06996,22.24293],[85.06937,22.24314],[85.0693,22.2437],[85.06942,22.24396],[85.06968,22.24414],[85.07047,22.24417],[85.07066,22.24452],[85.07061,22.24479],[85.06993,22.24534],[85.06975,22.24585],[85.07003,22.24683],[85.07005,22.24762],[85.06991,22.24811],[85.07067,22.24868],[85.071,22.24888],[85.07124,22.24892],[85.07181,22.24855],[85.07257,22.24785],[85.07279,22.24781],[85.07333,22.24803],[85.07344,22.24828],[85.07346,22.24968],[85.07385,22.24992],[85.07466,22.25004],[85.07509,22.25018],[85.07536,22.25045],[85.07599,22.25216],[85.07639,22.25293],[85.07688,22.25441],[85.07676,22.2547],[85.07626,22.25479],[85.0761,22.25553],[85.07629,22.25626],[85.07649,22.25642],[85.07756,22.25637],[85.07789,22.25653],[85.07805,22.25725],[85.07801,22.25756],[85.07719,22.25894],[85.07679,22.25911],[85.07666,22.25927],[85.0766,22.25984],[85.07666,22.2611],[85.07631,22.2615],[85.07605,22.26166],[85.07517,22.26161],[85.07469,22.26135],[85.07447,22.26131],[85.07438,22.26139],[85.07424,22.26252],[85.07389,22.26268],[85.07356,22.26268],[85.07324,22.26285],[85.0732,22.2632],[85.07368,22.26342],[85.07432,22.26405],[85.07438,22.26432],[85.07436,22.26482],[85.07424,22.26512],[85.07398,22.26549],[85.07346,22.26584],[85.07241,22.26592],[85.07222,22.26598],[85.07207,22.2662],[85.07199,22.26716],[85.0721,22.26731],[85.07272,22.26751],[85.07332,22.26827],[85.07352,22.26868],[85.07347,22.26891],[85.07289,22.26924],[85.07259,22.27004],[85.07216,22.27015],[85.07164,22.27005],[85.07109,22.27026],[85.07056,22.27112],[85.07037,22.27162],[85.07038,22.27167]]}},
{"type":"Feature","properties":{"kind":"state","name":"Jharkhand–Odisha","src":"OSM relations 1960191 and 1984022"},"geometry":{"type":"LineString","coordinates":[[85.07038,22.27167],[85.07029,22.2721],[85.0704,22.27385],[85.07258,22.27601],[85.08495,22.28387],[85.08862,22.28689],[85.09111,22.28862],[85.09368,22.28943],[85.09969,22.2937],[85.10454,22.29512],[85.10737,22.29541],[85.11031,22.29448],[85.11106,22.29368],[85.11371,22.29283],[85.11666,22.29368],[85.11681,22.29444],[85.11666,22.29656],[85.11611,22.30004],[85.11613,22.30407],[85.11445,22.30605],[85.11554,22.30778],[85.11513,22.30895],[85.11431,22.31027],[85.11368,22.31172],[85.11492,22.31395],[85.11527,22.31516],[85.11782,22.31753],[85.11662,22.31822],[85.11549,22.31948],[85.11506,22.3195],[85.11491,22.32024]]}},
{"type":"Feature","properties":{"kind":"state","name":"Jharkhand–Odisha","src":"OSM relations 1960191 and 1984022","river":"20459","rlen":339},"geometry":{"type":"LineString","coordinates":[[85.11491,22.32024],[85.11408,22.32009],[85.11151,22.32005],[85.11079,22.3202],[85.10946,22.32085],[85.10804,22.32115],[85.10643,22.3213],[85.10544,22.3213],[85.10301,22.32102],[85.10214,22.32075],[85.10092,22.32005],[85.09982,22.31908],[85.09864,22.31849],[85.09775,22.31754],[85.09641,22.31675],[85.09591,22.31579],[85.0951,22.3152],[85.09424,22.31495],[85.0934,22.31521],[85.09281,22.31553],[85.09196,22.3163],[85.08991,22.31874],[85.08876,22.32039],[85.08831,22.3214]]}},
{"type":"Feature","properties":{"kind":"state","name":"Jharkhand–Odisha","src":"OSM relations 1960191 and 1984022"},"geometry":{"type":"LineString","coordinates":[[85.08831,22.3214],[85.0904,22.3222],[85.09091,22.32384],[85.09316,22.33194],[85.09363,22.33532],[85.09479,22.33835],[85.09548,22.34482],[85.09407,22.34496],[85.0939,22.34658],[85.09046,22.34617],[85.08724,22.34529],[85.08327,22.34563],[85.08224,22.34666],[85.08343,22.34904],[85.08282,22.35041],[85.08021,22.35105],[85.07952,22.35214],[85.0783,22.35295],[85.07664,22.3548],[85.07628,22.35694],[85.07675,22.35799],[85.07763,22.35871],[85.07858,22.36073],[85.07774,22.36335],[85.07729,22.36567],[85.07943,22.36938],[85.08072,22.37276],[85.08293,22.37579],[85.08473,22.37984],[85.08546,22.38476],[85.08619,22.39484],[85.08533,22.39917],[85.0822,22.40258],[85.07777,22.40879],[85.07834,22.41222],[85.07999,22.41805],[85.07808,22.41827],[85.07707,22.42015],[85.07476,22.42049],[85.07343,22.42184],[85.07126,22.42487],[85.06928,22.42573],[85.06396,22.42959],[85.06628,22.43217],[85.06686,22.43769],[85.06598,22.44023],[85.06425,22.44235],[85.06269,22.44318],[85.06133,22.44532],[85.06027,22.44673],[85.05977,22.44873],[85.06007,22.44948],[85.06171,22.45173],[85.06396,22.45425],[85.06788,22.45705],[85.0735,22.46012],[85.07676,22.46365],[85.07688,22.46442],[85.07612,22.46449],[85.07482,22.46494],[85.07346,22.46557],[85.07358,22.46676],[85.07398,22.46779],[85.07617,22.46811],[85.07656,22.469],[85.07671,22.47027],[85.0763,22.47096],[85.07718,22.47279],[85.078,22.47602],[85.07755,22.47778],[85.07624,22.47965],[85.07486,22.47985],[85.07207,22.47907],[85.06695,22.48363],[85.06726,22.48415],[85.06673,22.48441],[85.06604,22.48392],[85.06538,22.48434],[85.06227,22.48568],[85.06092,22.48572],[85.0598,22.4861],[85.05798,22.48623],[85.05686,22.48609],[85.05571,22.48479],[85.05422,22.48464],[85.05215,22.4833],[85.04996,22.48212],[85.04317,22.48189],[85.04264,22.47958],[85.04122,22.48036],[85.03901,22.48118],[85.03877,22.48143],[85.03856,22.48336],[85.03798,22.48407],[85.0365,22.483],[85.03542,22.48248],[85.0363,22.48225],[85.03699,22.48141],[85.03678,22.48048],[85.03603,22.47941],[85.03609,22.47798],[85.03552,22.47585],[85.03532,22.47334],[85.03435,22.47394],[85.03315,22.4737],[85.03241,22.47423],[85.0309,22.47364],[85.02867,22.47362],[85.02609,22.47289],[85.02276,22.47275],[85.0194,22.4719],[85.01575,22.47007],[85.01266,22.46825],[85.00907,22.4668],[85.00826,22.46704],[84.99545,22.46242],[84.98845,22.45942],[84.98472,22.45849],[84.97459,22.45448],[84.97189,22.45268],[84.96549,22.45032],[84.96225,22.44961],[84.96093,22.44682],[84.95899,22.44512],[84.95912,22.45016],[84.95888,22.45427],[84.95708,22.4554],[84.95616,22.45758],[84.95468,22.45708],[84.95428,22.45861],[84.95314,22.45787],[84.95413,22.45662]]}},
{"type":"Feature","properties":{"kind":"state","name":"Jharkhand–Odisha","src":"OSM relations 1960191 and 1984022","river":"19876","rlen":105},"geometry":{"type":"LineString","coordinates":[[84.95413,22.45662],[84.95322,22.45583],[84.95151,22.45462],[84.94834,22.45431],[84.94734,22.45402],[84.94642,22.45355],[84.94563,22.45295],[84.94495,22.45222],[84.94466,22.45155],[84.94463,22.4509],[84.9447,22.45067],[84.94451,22.44972],[84.94404,22.44871],[84.94378,22.44831],[84.94352,22.44802],[84.94273,22.44745],[84.94178,22.44629],[84.94049,22.445],[84.93978,22.44463],[84.93921,22.44453],[84.93792,22.44484],[84.93742,22.44489],[84.93304,22.44484],[84.9321,22.44496],[84.93071,22.44496],[84.92964,22.44508],[84.92871,22.44507],[84.92791,22.44489],[84.92714,22.44448],[84.92658,22.44401],[84.92626,22.44358],[84.92601,22.4435],[84.92412,22.44351],[84.92369,22.44346],[84.92332,22.44327],[84.92317,22.44308],[84.923,22.44232],[84.923,22.44198],[84.92319,22.44124],[84.92339,22.44103],[84.92381,22.44081],[84.92539,22.44036],[84.92591,22.44006],[84.92622,22.43962],[84.92633,22.43896],[84.92636,22.436],[84.92449,22.43292],[84.92205,22.43104],[84.92153,22.43072],[84.92025,22.43013],[84.91792,22.42864],[84.91691,22.42728],[84.91654,22.42664],[84.91591,22.42606],[84.91497,22.42549],[84.9133,22.42466],[84.91335,22.42464],[84.91304,22.42442],[84.91092,22.42349],[84.90983,22.42271],[84.90922,22.42203]]}},
{"type":"Feature","properties":{"kind":"state","name":"Jharkhand–Odisha","src":"OSM relations 1960191 and 1984022"},"geometry":{"type":"LineString","coordinates":[[84.90922,22.42203],[84.90843,22.42264],[84.9076,22.42255],[84.90146,22.42255],[84.89792,22.42239],[84.89344,22.4214],[84.89164,22.42143],[84.88906,22.42129],[84.88841,22.42057],[84.88611,22.41991],[84.88559,22.4202],[84.88565,22.42131],[84.88619,22.42389],[84.88683,22.42533],[84.88703,22.42653],[84.88899,22.42821],[84.88933,22.42884],[84.88912,22.42932],[84.88851,22.4296],[84.88814,22.43051],[84.88762,22.43249],[84.88664,22.43439],[84.88533,22.43517],[84.88471,22.43606],[84.88486,22.44001],[84.88447,22.44324],[84.88348,22.44499],[84.88181,22.44635],[84.88168,22.44677],[84.88056,22.44671],[84.87956,22.44861],[84.87713,22.44681],[84.87539,22.44629],[84.8732,22.44374],[84.87151,22.4428],[84.87084,22.44259],[84.87054,22.44074],[84.86988,22.44029],[84.86793,22.44023],[84.86531,22.43955],[84.85939,22.43745],[84.85666,22.43697],[84.85134,22.43644],[84.84559,22.43689],[84.84095,22.43621],[84.83967,22.43515],[84.83934,22.43257],[84.83617,22.43166],[84.8349,22.43209],[84.82443,22.43412],[84.82005,22.43615],[84.8175,22.43697],[84.81686,22.43997],[84.81653,22.44391],[84.81578,22.44616],[84.81179,22.45185],[84.81113,22.45139],[84.81055,22.4527],[84.8069,22.45088],[84.80392,22.44848],[84.80156,22.44762],[84.7996,22.4477],[84.79815,22.44848],[84.79712,22.44784],[84.79669,22.44806],[84.79617,22.44796],[84.79563,22.44891],[84.79413,22.44873],[84.79377,22.44669],[84.78847,22.44721],[84.78025,22.44717],[84.77671,22.44776],[84.77456,22.44778],[84.77205,22.44808],[84.76603,22.44821],[84.76403,22.44818],[84.7619,22.44739],[84.75914,22.44697],[84.75791,22.44433],[84.75628,22.4383],[84.75332,22.43358],[84.7529,22.43195],[84.75289,22.42959],[84.75115,22.42442],[84.7501,22.42078],[84.75003,22.4194],[84.74774,22.41974],[84.74166,22.42001],[84.73585,22.42011],[84.73262,22.42046],[84.7302,22.4205],[84.72664,22.42015],[84.71808,22.41998],[84.71736,22.41876],[84.71698,22.41758],[84.71272,22.41781],[84.70806,22.41833],[84.70359,22.41808],[84.69923,22.41681],[84.69418,22.41833],[84.68995,22.41844],[84.68634,22.41873],[84.68545,22.41981],[84.67712,22.41975],[84.6761,22.42027],[84.67495,22.42162],[84.67427,22.42193],[84.67354,22.42185],[84.67145,22.42029],[84.66878,22.41884],[84.66704,22.41939],[84.66262,22.42181],[84.65813,22.42388],[84.65112,22.42674],[84.64612,22.42817],[84.64149,22.43061],[84.64011,22.43117],[84.63567,22.43188],[84.63038,22.43325],[84.62936,22.43451],[84.62864,22.4352],[84.62588,22.43422],[84.62361,22.43263],[84.62129,22.43073],[84.61874,22.43082],[84.61635,22.43111],[84.61465,22.43102],[84.61319,22.43065],[84.6121,22.43089],[84.61083,22.43093],[84.60679,22.43038],[84.60466,22.43029],[84.60353,22.42958],[84.60225,22.4291],[84.60075,22.42946],[84.59984,22.43038],[84.59851,22.43274],[84.59839,22.43396],[84.59817,22.43472],[84.59776,22.4347],[84.59693,22.43441],[84.59607,22.43311],[84.596,22.43207],[84.5952,22.43011],[84.5866,22.42908],[84.583,22.42878],[84.57653,22.42785],[84.5706,22.42737],[84.56947,22.42665],[84.5672,22.42576],[84.56348,22.42453],[84.55816,22.42352],[84.55298,22.42206],[84.55072,22.42157],[84.54896,22.42042],[84.54741,22.42195],[84.54682,22.42548],[84.54518,22.42565],[84.54352,22.42544],[84.5419,22.42626],[84.54069,22.42667],[84.53955,22.42644],[84.53815,22.42509],[84.53791,22.42502],[84.5373,22.42517],[84.5369,22.42552],[84.53646,22.42657],[84.53607,22.42679],[84.53556,22.42667],[84.53345,22.42552],[84.53207,22.42558],[84.53081,22.4254],[84.53059,22.42483],[84.5305,22.42343],[84.52939,22.42202],[84.52705,22.421],[84.52469,22.4198],[84.52317,22.41974],[84.51977,22.41994],[84.51651,22.41932],[84.51181,22.42085],[84.5098,22.42095],[84.50194,22.41934],[84.49815,22.4174],[84.49192,22.41496],[84.48591,22.41353],[84.48119,22.41357],[84.47978,22.41256],[84.47958,22.41215],[84.47732,22.41169]]}},
{"type":"Feature","properties":{"kind":"state","name":"Jharkhand–Odisha","src":"OSM relations 1960191 and 1984022","river":"19849","rlen":52},"geometry":{"type":"LineString","coordinates":[[84.47732,22.41169],[84.47744,22.41119],[84.47728,22.41061],[84.47648,22.40979],[84.47601,22.40906],[84.47591,22.40858],[84.47588,22.40722],[84.47617,22.40627],[84.47655,22.40548],[84.47721,22.40443],[84.4776,22.40205],[84.47744,22.40119],[84.47721,22.40091],[84.47639,22.40043],[84.47623,22.40008],[84.47693,22.39961],[84.47801,22.39932],[84.4794,22.39907],[84.47988,22.39891],[84.48042,22.39856],[84.48039,22.39805],[84.47982,22.39761],[84.47848,22.39688],[84.4782,22.39634],[84.47807,22.39539],[84.47852,22.39453],[84.47912,22.39418],[84.47948,22.39402],[84.4811,22.39386],[84.48256,22.39353],[84.48399,22.39266],[84.48478,22.39236],[84.48511,22.39196],[84.48504,22.39111],[84.48438,22.38996],[84.4841,22.38923],[84.48375,22.38663],[84.48342,22.38606],[84.48292,22.38563],[84.48169,22.38551],[84.48165,22.38549]]}},
{"type":"Feature","properties":{"kind":"state","name":"Jharkhand–Odisha","src":"OSM relations 1960191 and 1984022"},"geometry":{"type":"LineString","coordinates":[[84.48165,22.38549],[84.48063,22.38751],[84.4771,22.38678],[84.47502,22.38598],[84.47301,22.38457],[84.47106,22.3834],[84.46495,22.38075],[84.46037,22.37919],[84.45763,22.38072],[84.45543,22.38123],[84.45331,22.38152],[84.45302,22.38248],[84.45246,22.38263],[84.45062,22.3824],[84.44944,22.38169],[84.44847,22.38023],[84.44777,22.38044],[84.44628,22.37997],[84.44486,22.37783],[84.4406,22.37728],[84.43791,22.37655],[84.43658,22.37577],[84.43321,22.37438],[84.43122,22.37323],[84.42955,22.37192],[84.42875,22.37149],[84.42888,22.37022],[84.42877,22.36927],[84.42907,22.36784],[84.43032,22.36607],[84.42918,22.36541],[84.42909,22.36484],[84.42937,22.36466],[84.4309,22.36439],[84.43129,22.36378],[84.43193,22.36333],[84.4334,22.36262],[84.43321,22.36203],[84.43419,22.36125],[84.43422,22.36059],[84.43356,22.36006],[84.43229,22.35945],[84.4311,22.35921],[84.43021,22.35816],[84.43,22.35709],[84.43054,22.35623],[84.43058,22.3553],[84.42997,22.35464],[84.4299,22.35387],[84.43075,22.35346],[84.43056,22.35303],[84.42739,22.35199],[84.4265,22.35192],[84.42497,22.35383],[84.42319,22.35404],[84.41929,22.35279],[84.41646,22.35277],[84.41566,22.3524],[84.41448,22.35133],[84.41304,22.35099],[84.41088,22.35125],[84.4095,22.35055],[84.39914,22.34832],[84.39644,22.34718],[84.39328,22.34906],[84.39131,22.34986],[84.38976,22.34914],[84.38481,22.34904],[84.3826,22.3492],[84.38047,22.35045],[84.37957,22.35113],[84.37863,22.35238],[84.37727,22.35279],[84.37479,22.35216],[84.37092,22.35391],[84.36927,22.35369],[84.36768,22.35321],[84.36731,22.35206],[84.36717,22.35081],[84.36543,22.34964],[84.36509,22.34823],[84.36075,22.3474],[84.35826,22.34728],[84.35728,22.34853],[84.35316,22.34851],[84.3485,22.34813],[84.34528,22.34704],[84.34421,22.34775],[84.33719,22.34702],[84.32975,22.34448],[84.32833,22.34462],[84.3258,22.34561],[84.31807,22.34257],[84.31642,22.34251],[84.3135,22.34448],[84.30151,22.34349],[84.29508,22.34266],[84.29159,22.34303],[84.29127,22.34478],[84.28979,22.34571],[84.28835,22.34686],[84.28185,22.34839],[84.27509,22.35127],[84.27207,22.35272],[84.26917,22.35444],[84.2666,22.35784],[84.26331,22.36184],[84.25928,22.36726],[84.257,22.37188],[84.25517,22.37483],[84.25158,22.37736],[84.24853,22.37974],[84.24498,22.38007],[84.23674,22.38018],[84.23239,22.37958],[84.22093,22.37871],[84.21868,22.37899],[84.21452,22.3781],[84.20982,22.3777],[84.20437,22.37774],[84.19776,22.37732],[84.19621,22.37819],[84.19454,22.38006],[84.19145,22.3849],[84.18797,22.3876],[84.18489,22.39026],[84.18175,22.39111],[84.17905,22.39302],[84.17611,22.3948],[84.17334,22.39671],[84.16774,22.39899],[84.16392,22.40109],[84.16032,22.40444],[84.15727,22.40682],[84.15628,22.40851],[84.1539,22.41101],[84.14688,22.41938],[84.14418,22.42142],[84.14147,22.42509],[84.14077,22.43057],[84.14088,22.43679],[84.1404,22.44001],[84.1407,22.44386],[84.14006,22.44748],[84.13985,22.44976],[84.14042,22.45195],[84.14244,22.45552],[84.14373,22.45899],[84.14412,22.46186],[84.14306,22.4668],[84.14268,22.47128],[84.1418,22.47283],[84.14012,22.47398],[84.13834,22.47328],[84.13532,22.47636],[84.13444,22.4778],[84.13302,22.4783],[84.13088,22.47725],[84.12914,22.47767],[84.12751,22.47876],[84.12596,22.47846],[84.12373,22.47711],[84.11931,22.47634],[84.11478,22.47626],[84.11259,22.47693],[84.11178,22.47644],[84.11079,22.47761],[84.10673,22.48055],[84.10622,22.48119],[84.10648,22.48209],[84.10732,22.48254],[84.1085,22.48278],[84.10854,22.48318],[84.10747,22.48385],[84.10523,22.48379],[84.10414,22.48443],[84.10362,22.48447],[84.10272,22.48401],[84.10109,22.48522],[84.09863,22.48544],[84.09895,22.48605],[84.09189,22.48899],[84.08918,22.49087],[84.08665,22.49146],[84.07978,22.49531],[84.077,22.49709],[84.07292,22.50104],[84.0717,22.50207],[84.07584,22.5027],[84.07556,22.50607],[84.07009,22.50607],[84.06572,22.50737],[84.06528,22.51083],[84.06502,22.51196],[84.06337,22.51306]]}},
{"type":"Feature","properties":{"kind":"state","name":"Jharkhand–Odisha","src":"OSM relations 1960191 and 1984022","river":"11069","rlen":33},"geometry":{"type":"LineString","coordinates":[[84.06337,22.51306],[84.061,22.51303],[84.05989,22.51334],[84.05948,22.51353],[84.05872,22.51407],[84.05728,22.51565],[84.05675,22.51578],[84.05654,22.51575],[84.05624,22.51549],[84.05589,22.51438],[84.05584,22.51361],[84.05542,22.51318],[84.05456,22.51287],[84.05357,22.51265],[84.05289,22.51264],[84.05248,22.51254],[84.0517,22.51205],[84.05081,22.51197],[84.05038,22.51214],[84.0495,22.51365],[84.04841,22.51485],[84.04682,22.51589],[84.04631,22.51672],[84.04521,22.51713],[84.04371,22.51694],[84.04226,22.51663],[84.04097,22.51501],[84.04042,22.51484],[84.03968,22.51486],[84.03833,22.51624],[84.03795,22.51652],[84.03724,22.51623],[84.03659,22.51584],[84.03592,22.51649],[84.03532,22.51689],[84.03448,22.5178],[84.03378,22.51809],[84.03186,22.51814],[84.03129,22.51833],[84.03081,22.51905],[84.03039,22.51941],[84.02788,22.52016],[84.02771,22.5203],[84.02753,22.52061],[84.02756,22.52163],[84.02744,22.52191],[84.02724,22.52214],[84.0262,22.52294],[84.02586,22.52406],[84.02526,22.52485],[84.02499,22.52543],[84.02376,22.52569],[84.02279,22.52503],[84.02233,22.52485],[84.02158,22.52487],[84.02059,22.5253],[84.02014,22.52537],[84.01976,22.52577],[84.01931,22.52568],[84.01843,22.52575],[84.01814,22.52551],[84.01748,22.52467],[84.01697,22.52461],[84.01629,22.52466],[84.01596,22.52447],[84.01589,22.52429],[84.0157,22.52413],[84.01515,22.52402],[84.01472,22.52403],[84.01454,22.52394],[84.01414,22.52409],[84.01376,22.52406],[84.01349,22.5242],[84.01295,22.52408],[84.01212,22.52417],[84.01105,22.52389],[84.0101,22.5239],[84.00944,22.52436],[84.00855,22.52552],[84.0083,22.52576]]}},
{"type":"Feature","properties":{"kind":"state","name":"Andhra Pradesh–Odisha","src":"OSM relations 2022095 and 1984022"},"geometry":{"type":"LineString","coordinates":[[81.39183,17.81583],[81.3922,17.81525]]}},
{"type":"Feature","properties":{"kind":"state","name":"Andhra Pradesh–Odisha","src":"OSM relations 2022095 and 1984022","river":"6598","rlen":294},"geometry":{"type":"LineString","coordinates":[[81.3922,17.81525],[81.39277,17.81558],[81.39304,17.81617],[81.39376,17.81726],[81.39478,17.81856],[81.39559,17.81916],[81.39674,17.81974],[81.39786,17.82007],[81.39933,17.82022],[81.40107,17.8202],[81.40471,17.81972],[81.40618,17.81936],[81.40751,17.81914],[81.40947,17.81895],[81.41009,17.81869],[81.4106,17.81831],[81.41121,17.81762],[81.41211,17.81568],[81.4137,17.81302],[81.41473,17.81279],[81.41601,17.81307],[81.41695,17.81346],[81.41771,17.81413],[81.41999,17.81773],[81.42076,17.81857],[81.4216,17.81913],[81.42248,17.81955],[81.42409,17.82047],[81.4248,17.821],[81.42591,17.82213],[81.42677,17.82352],[81.42716,17.82472],[81.42734,17.82604],[81.428,17.82725],[81.42867,17.82807],[81.43165,17.83093],[81.43227,17.83145],[81.43285,17.83175],[81.43324,17.83192],[81.43393,17.83199],[81.4348,17.83194],[81.43581,17.83175],[81.4365,17.83146],[81.43712,17.83105],[81.43764,17.83049],[81.4381,17.8294],[81.43866,17.82702],[81.43916,17.82597],[81.44026,17.82511],[81.44101,17.82491],[81.44212,17.8248],[81.4445,17.82506],[81.44654,17.82565],[81.4532,17.82835],[81.45433,17.82852],[81.45675,17.82858],[81.45747,17.82868],[81.45822,17.82895],[81.46446,17.83303],[81.46675,17.83494],[81.46737,17.83567],[81.46842,17.83639],[81.46905,17.83653],[81.47028,17.83647],[81.47103,17.8366],[81.47171,17.83688],[81.47297,17.83783],[81.4738,17.83824],[81.47443,17.83833],[81.47488,17.83822],[81.47547,17.83782],[81.4761,17.83721],[81.47725,17.8358],[81.47809,17.83422],[81.47838,17.83327],[81.4786,17.83208],[81.47985,17.8302],[81.48027,17.82897],[81.48033,17.82768],[81.48014,17.82705],[81.48012,17.82543],[81.48051,17.82441],[81.48151,17.82301],[81.48222,17.82237],[81.48442,17.82072],[81.48487,17.82011],[81.4849,17.81877],[81.48521,17.81552],[81.48562,17.81422],[81.48594,17.81382],[81.48639,17.81352],[81.48749,17.81304],[81.48865,17.81267],[81.49117,17.81224],[81.4927,17.81215],[81.49431,17.81227],[81.49569,17.81262],[81.49743,17.81355],[81.50134,17.81631],[81.50241,17.81651],[81.50376,17.81661],[81.50814,17.81648],[81.51114,17.8165],[81.51227,17.8166],[81.51484,17.81644],[81.51688,17.8164],[81.51796,17.81651],[81.51902,17.81677],[81.52291,17.81794],[81.52386,17.81835],[81.52448,17.81882],[81.52517,17.81954],[81.52713,17.82104],[81.52868,17.82251],[81.52939,17.82304],[81.53078,17.8236],[81.53175,17.8237],[81.53303,17.82335],[81.5355,17.82239],[81.53645,17.82215],[81.53758,17.82212],[81.53939,17.82253],[81.54249,17.8239],[81.54393,17.82462],[81.54514,17.82488],[81.54937,17.82546],[81.55254,17.82558],[81.55763,17.82541],[81.56004,17.82542],[81.56202,17.8255],[81.56377,17.82574],[81.56484,17.82611],[81.56575,17.82661],[81.56636,17.82726],[81.5669,17.82815],[81.56723,17.82901],[81.56803,17.83253],[81.5687,17.8336],[81.57031,17.83506],[81.57112,17.8359],[81.57235,17.83666],[81.57403,17.83715],[81.57575,17.83736],[81.57812,17.83738],[81.58193,17.83688],[81.58772,17.83519],[81.59006,17.83461],[81.59094,17.83451],[81.5936,17.83452],[81.59437,17.8344],[81.59597,17.8335],[81.60184,17.82926],[81.60487,17.82751],[81.60653,17.8262],[81.60722,17.8258],[81.60944,17.82489],[81.61222,17.82356],[81.6145,17.82218],[81.61515,17.82201],[81.61578,17.82201],[81.61667,17.82216],[81.61738,17.8225],[81.61819,17.82304],[81.61885,17.82381],[81.61946,17.82496],[81.62059,17.82763],[81.62119,17.83043],[81.62125,17.83102],[81.62161,17.83188],[81.62202,17.8326],[81.62271,17.8333],[81.62352,17.83363],[81.62521,17.83375],[81.62648,17.83328],[81.62772,17.8327],[81.62858,17.83245],[81.62968,17.8324],[81.63062,17.83261],[81.63168,17.83313],[81.63285,17.83385],[81.6344,17.83549],[81.63618,17.83695],[81.63773,17.83791],[81.63926,17.83858],[81.64029,17.83931],[81.641,17.83997],[81.6418,17.84119],[81.64328,17.84294],[81.64472,17.84434],[81.6452,17.8451],[81.64602,17.84723],[81.64745,17.84951],[81.64871,17.85108],[81.64999,17.85245],[81.6504,17.85305],[81.65081,17.85398],[81.65229,17.85834],[81.65363,17.86164],[81.65391,17.86266],[81.654,17.86452],[81.65384,17.86569],[81.65386,17.86741],[81.65402,17.86793],[81.65453,17.86883],[81.65632,17.87084],[81.65771,17.87197],[81.65816,17.8725],[81.6584,17.87291],[81.65874,17.87402],[81.65878,17.876],[81.65891,17.8765],[81.65976,17.87839],[81.66028,17.8793],[81.66208,17.88177],[81.6629,17.88263],[81.66467,17.88363],[81.66622,17.88435],[81.66761,17.88486],[81.66808,17.88513],[81.66882,17.88571],[81.66957,17.88646],[81.66994,17.88697],[81.67079,17.88738],[81.67289,17.888],[81.67458,17.8882],[81.67577,17.88819],[81.6771,17.88794],[81.67976,17.88703],[81.68085,17.88635],[81.68306,17.88536],[81.68363,17.88496],[81.6843,17.88467],[81.68509,17.8846],[81.68601,17.88475],[81.68666,17.88501],[81.68734,17.88568],[81.68891,17.88778],[81.69038,17.89027],[81.6916,17.89211],[81.69364,17.89439],[81.69401,17.89507],[81.69529,17.89897],[81.69586,17.8999],[81.69658,17.90065],[81.69724,17.90122],[81.69808,17.9015],[81.69897,17.90163],[81.69968,17.90151],[81.7002,17.90133],[81.70173,17.89981],[81.70235,17.89787],[81.70267,17.89515],[81.70268,17.89436],[81.70238,17.89338]]}},
{"type":"Feature","properties":{"kind":"state","name":"Andhra Pradesh–Odisha","src":"OSM relations 2022095 and 1984022"},"geometry":{"type":"LineString","coordinates":[[81.70238,17.89338],[81.70449,17.89277],[81.70455,17.89234],[81.70438,17.88948],[81.70472,17.88637],[81.70269,17.88552]]}},
{"type":"Feature","properties":{"kind":"state","name":"Andhra Pradesh–Odisha","src":"OSM relations 2022095 and 1984022","river":"6598","rlen":294},"geometry":{"type":"LineString","coordinates":[[81.70269,17.88552],[81.70293,17.88499],[81.70416,17.88314],[81.70439,17.88223],[81.70446,17.88114],[81.70435,17.88039],[81.70438,17.87963],[81.70465,17.87884],[81.70732,17.8748],[81.70828,17.87271],[81.70872,17.8721],[81.70905,17.87193],[81.70991,17.87197],[81.71098,17.87228],[81.71375,17.87376],[81.71721,17.87593],[81.7203,17.87706],[81.72278,17.87777],[81.72498,17.8788],[81.72724,17.88025],[81.73016,17.88235],[81.74519,17.89097],[81.74864,17.89336],[81.75205,17.89545],[81.75454,17.89649],[81.75779,17.89902],[81.75838,17.89955],[81.76002,17.90067],[81.76059,17.90098],[81.76326,17.9021],[81.76848,17.90623],[81.76896,17.90698],[81.76967,17.90862],[81.76985,17.90947],[81.77075,17.91155],[81.77117,17.91213],[81.77173,17.91257],[81.77259,17.91286],[81.77616,17.91277],[81.77737,17.91306],[81.77894,17.91376],[81.78021,17.91453],[81.78407,17.91755],[81.7875,17.91914],[81.7891,17.91998],[81.79031,17.92076],[81.79117,17.92174],[81.79322,17.92479],[81.79387,17.92594],[81.79441,17.92733],[81.79459,17.92885],[81.79486,17.93262],[81.79518,17.9346],[81.79716,17.93961],[81.80008,17.94345],[81.80308,17.94624],[81.80851,17.95069],[81.81166,17.95252],[81.81593,17.95414],[81.82949,17.95679],[81.83291,17.95753],[81.83843,17.95848],[81.85048,17.96095],[81.8564,17.96208],[81.86195,17.96262],[81.86866,17.96384],[81.8731,17.96557],[81.87709,17.9667],[81.88596,17.97077],[81.88963,17.97236],[81.8937,17.97431],[81.89748,17.97556],[81.90354,17.97863],[81.90494,17.97974],[81.90662,17.98157],[81.9081,17.98374],[81.90882,17.98463],[81.9099,17.98544],[81.91128,17.98612],[81.91471,17.98838],[81.9166,17.98974],[81.91787,17.99038],[81.91929,17.99091],[81.92065,17.99102],[81.9223,17.99102],[81.92454,17.99064],[81.92843,17.98977],[81.93099,17.98979]]}},
{"type":"Feature","properties":{"kind":"state","name":"Andhra Pradesh–Odisha","src":"OSM relations 2022095 and 1984022"},"geometry":{"type":"LineString","coordinates":[[81.93099,17.98979],[81.93097,17.99205],[81.93773,17.99299],[81.93868,17.99099]]}},
{"type":"Feature","properties":{"kind":"state","name":"Andhra Pradesh–Odisha","src":"OSM relations 2022095 and 1984022","river":"6598","rlen":294},"geometry":{"type":"LineString","coordinates":[[81.93868,17.99099],[81.93904,17.99115],[81.93974,17.99168],[81.9444,17.99471],[81.94648,17.99577],[81.94715,17.996],[81.95092,17.99611],[81.95167,17.99644],[81.95379,17.99766],[81.95508,17.99817],[81.9576,17.99863],[81.96149,17.99868],[81.96274,17.99895],[81.96352,17.99944],[81.96404,18],[81.96562,18.00221],[81.96799,18.00494],[81.97148,18.00739],[81.97336,18.00817],[81.97449,18.009],[81.97617,18.01098],[81.97727,18.01201],[81.98238,18.01784],[81.98319,18.01826],[81.98516,18.01842],[81.98872,18.01836],[81.98992,18.01859],[81.99163,18.01969],[81.99263,18.02085],[81.99312,18.02211],[81.99338,18.02521],[81.99354,18.02599],[81.99409,18.02686],[81.99477,18.02728],[81.9959,18.0277],[81.99729,18.02812],[82.00006,18.02882],[82.00122,18.02964],[82.00207,18.02992],[82.0042,18.02985],[82.00667,18.02934],[82.00714,18.02935],[82.00752,18.02944],[82.00968,18.03053],[82.01023,18.03221],[82.01048,18.03404],[82.01032,18.03496],[82.0094,18.03629],[82.00911,18.03696],[82.00861,18.03903],[82.00823,18.03973],[82.00813,18.04144],[82.00858,18.04289],[82.00854,18.04343],[82.00709,18.04541],[82.0068,18.04623],[82.00686,18.047],[82.00683,18.04801],[82.00648,18.04883],[82.0062,18.05191],[82.0062,18.05254],[82.00649,18.05372],[82.00662,18.05468],[82.00719,18.05623],[82.00893,18.05762],[82.01001,18.05829],[82.01086,18.05864],[82.01229,18.05879],[82.01819,18.06267],[82.01909,18.06312],[82.01977,18.06325],[82.02053,18.0633],[82.0227,18.06307],[82.02514,18.06312],[82.02636,18.0638],[82.0274,18.06483],[82.02888,18.067],[82.03159,18.06943],[82.03304,18.06952],[82.03475,18.06948],[82.03588,18.0688],[82.03769,18.06691],[82.03841,18.06587],[82.03895,18.06443],[82.03931,18.06204],[82.03943,18.05961],[82.04084,18.05717],[82.04161,18.05672],[82.04441,18.05667],[82.0473,18.0571],[82.05683,18.05618],[82.05931,18.05574],[82.06142,18.05597],[82.06242,18.05679],[82.06296,18.05713]]}},
{"type":"Feature","properties":{"kind":"state","name":"Andhra Pradesh–Odisha","src":"OSM relations 2022095 and 1984022"},"geometry":{"type":"LineString","coordinates":[[82.06296,18.05713],[82.06415,18.05541],[82.06508,18.0555],[82.06667,18.05593],[82.0674,18.05687],[82.06727,18.0596],[82.06748,18.06195],[82.06849,18.06498],[82.07088,18.06931],[82.07274,18.07143],[82.07497,18.07363],[82.07622,18.07461],[82.07729,18.07478],[82.07916,18.07392],[82.08027,18.07325],[82.08128,18.07245],[82.08218,18.07151],[82.08444,18.07006],[82.08763,18.06843],[82.08815,18.06802],[82.08967,18.06762],[82.09493,18.06723],[82.09596,18.06649],[82.09703,18.06394],[82.09731,18.06252],[82.09879,18.06144],[82.10021,18.06084],[82.10212,18.05964],[82.10409,18.05964],[82.10534,18.06056],[82.10609,18.0615],[82.10712,18.06219],[82.10836,18.06254],[82.11027,18.06239],[82.11143,18.06154],[82.11265,18.06099],[82.11609,18.06113],[82.11727,18.0616],[82.12049,18.06356],[82.12149,18.06368],[82.12263,18.06294],[82.12403,18.06046],[82.12503,18.05968],[82.12684,18.05952],[82.13194,18.05982],[82.13349,18.0597],[82.13454,18.05915],[82.13536,18.05766],[82.13538,18.05623],[82.13578,18.05368],[82.13643,18.05095],[82.13671,18.0446],[82.13761,18.04365],[82.13866,18.04401],[82.14106,18.0463],[82.14299,18.04722],[82.14482,18.04828],[82.14581,18.04942],[82.1466,18.05089],[82.14744,18.05156],[82.14881,18.05123],[82.15132,18.04944],[82.15209,18.04864],[82.15267,18.0483],[82.15411,18.04783],[82.15688,18.04952],[82.16091,18.05034],[82.16286,18.05046],[82.16563,18.05091],[82.16754,18.05103],[82.16902,18.05095],[82.1705,18.04948],[82.17235,18.04709],[82.17359,18.04369],[82.17842,18.03665],[82.18089,18.03377],[82.18417,18.02861],[82.18349,18.02583],[82.18185,18.02387],[82.17973,18.02192],[82.17911,18.0201],[82.17994,18.01912],[82.18364,18.01822],[82.18447,18.01743],[82.1857,18.01667],[82.18666,18.01579],[82.18812,18.01528],[82.18982,18.01504],[82.19486,18.01585],[82.20039,18.01708],[82.20288,18.01788],[82.204,18.01806],[82.20509,18.01794],[82.20565,18.01702],[82.2055,18.01598],[82.20554,18.01467],[82.20636,18.01349],[82.20917,18.01051],[82.21277,18.00786],[82.21872,18.0041],[82.22159,18.00208],[82.22247,18.00163],[82.22417,18.00124],[82.23052,18.00126],[82.23616,18.00198],[82.23867,18.00167],[82.24095,17.99963],[82.24312,17.99686],[82.24417,17.99392],[82.24751,17.99371],[82.24848,17.99312],[82.25749,17.99431],[82.26318,17.99567],[82.26451,17.99616],[82.26768,17.99945],[82.27165,18.00692],[82.27337,18.01522],[82.27393,18.01869],[82.27376,18.02081],[82.27303,18.02322],[82.27146,18.02591],[82.26929,18.03112],[82.26854,18.03399],[82.26796,18.03538],[82.26539,18.03844],[82.26256,18.04071],[82.26372,18.04211],[82.26796,18.04387],[82.26925,18.04456],[82.26987,18.04569],[82.27084,18.05148],[82.27153,18.05346],[82.27288,18.05611],[82.27393,18.05691],[82.27577,18.05738],[82.27758,18.0585],[82.27871,18.05988],[82.28,18.06115],[82.28178,18.06235],[82.28367,18.06319],[82.28511,18.06333],[82.28747,18.06246],[82.28852,18.06256],[82.29024,18.06501],[82.29064,18.06682],[82.29116,18.06762],[82.29206,18.06837],[82.29248,18.06836],[82.29267,18.06872]]}},
{"type":"Feature","properties":{"kind":"state","name":"Andhra Pradesh–Odisha","src":"OSM relations 2022095 and 1984022","river":"5915","rlen":43},"geometry":{"type":"LineString","coordinates":[[82.29267,18.06872],[82.29297,18.06858],[82.29476,18.06798],[82.29626,18.06762],[82.29665,18.06757],[82.29799,18.06764],[82.29846,18.06778],[82.29883,18.06806],[82.30032,18.06985],[82.30061,18.06999],[82.30093,18.07002],[82.30232,18.06973],[82.30493,18.06865],[82.30532,18.06846],[82.30543,18.06833],[82.3054,18.06792],[82.30389,18.06592],[82.30309,18.06531],[82.30065,18.06422],[82.30021,18.06375],[82.30017,18.06326],[82.30036,18.06144],[82.30035,18.06067],[82.30002,18.05892],[82.29969,18.05801],[82.29918,18.05697],[82.29903,18.05654],[82.29901,18.05604],[82.29918,18.0554],[82.29933,18.05521],[82.29977,18.05473],[82.30033,18.05449],[82.30064,18.05446],[82.30174,18.05491],[82.30376,18.05501],[82.30683,18.05576],[82.30723,18.05564],[82.30823,18.05479],[82.30986,18.05404],[82.31074,18.05378],[82.31084,18.05359],[82.31083,18.05318],[82.31037,18.0524],[82.31005,18.05204],[82.3082,18.05069],[82.30787,18.05013],[82.30753,18.04905],[82.30757,18.04824],[82.30777,18.04711],[82.30752,18.04566],[82.30754,18.04551],[82.30773,18.0453],[82.30848,18.04492],[82.30916,18.04479],[82.31033,18.04488],[82.31177,18.0454],[82.31333,18.04581],[82.31508,18.04659],[82.3163,18.04705],[82.31692,18.04719],[82.31814,18.04684],[82.31872,18.04649],[82.3191,18.0459],[82.31963,18.0447],[82.3199,18.04436],[82.32039,18.04425],[82.32085,18.04456],[82.32101,18.04481],[82.32164,18.04639],[82.3227,18.04802],[82.32278,18.04849],[82.32259,18.04887],[82.32197,18.04935],[82.32089,18.05048],[82.32092,18.05176],[82.32073,18.0542],[82.3206,18.05474],[82.31963,18.05577],[82.31949,18.05605],[82.31942,18.05643],[82.31946,18.05684],[82.31965,18.05713],[82.32095,18.05847],[82.32256,18.05954],[82.32329,18.05975],[82.32461,18.05977],[82.32516,18.05967],[82.32587,18.05939],[82.32658,18.05925],[82.32732,18.05923],[82.32802,18.05907],[82.32982,18.05833],[82.33025,18.05801],[82.33226,18.05541],[82.33265,18.05467],[82.33291,18.05384],[82.33291,18.0534],[82.33278,18.05312],[82.33217,18.05241],[82.33215,18.05217],[82.33351,18.05132],[82.33471,18.05101],[82.33546,18.05119],[82.33704,18.05176],[82.33765,18.05205],[82.3389,18.05339],[82.33976,18.0537],[82.3413,18.05447],[82.34167,18.05522],[82.34192,18.0559],[82.34266,18.05716],[82.34298,18.05737]]}},
{"type":"Feature","properties":{"kind":"state","name":"Andhra Pradesh–Odisha","src":"OSM relations 2022095 and 1984022"},"geometry":{"type":"LineString","coordinates":[[82.34298,18.05737],[82.34324,18.05766],[82.34407,18.05776],[82.34444,18.05846],[82.34616,18.06441],[82.34714,18.06868],[82.34789,18.07027],[82.3489,18.07151],[82.35017,18.07253],[82.35118,18.0739],[82.35195,18.07618],[82.35171,18.077],[82.34907,18.07849],[82.34856,18.07922],[82.34819,18.08057],[82.34843,18.08159],[82.34963,18.08461],[82.3498,18.08765],[82.34914,18.08997],[82.34755,18.09442],[82.34708,18.09762],[82.34667,18.09829],[82.34555,18.09876],[82.34013,18.09882],[82.33882,18.09964],[82.33828,18.10109],[82.33671,18.10658],[82.33598,18.11096],[82.33605,18.11296],[82.33532,18.11435],[82.335,18.11655],[82.33399,18.12022],[82.33566,18.1222],[82.33641,18.12411],[82.33605,18.12575],[82.33459,18.12758],[82.33534,18.12829],[82.33691,18.12854],[82.33907,18.13113],[82.34006,18.13315],[82.34133,18.13466],[82.34229,18.13659],[82.34201,18.1377],[82.3409,18.14069],[82.34017,18.14214],[82.33946,18.14306],[82.33897,18.14414],[82.33905,18.14697],[82.33946,18.14842],[82.3401,18.14989],[82.34131,18.15019],[82.34362,18.14842],[82.3465,18.1465],[82.34918,18.14502],[82.35489,18.1423],[82.35856,18.13776],[82.36015,18.13657],[82.36143,18.13523],[82.36296,18.13474],[82.36525,18.13513],[82.36824,18.13719],[82.36903,18.13925],[82.36935,18.14355],[82.37169,18.14608],[82.37236,18.14708],[82.37233,18.14879],[82.3663,18.15584],[82.36489,18.15784],[82.36025,18.16178],[82.3577,18.16526],[82.35425,18.17079],[82.35315,18.17179],[82.35178,18.17219],[82.34742,18.17228],[82.34279,18.17197],[82.33716,18.17236],[82.33556,18.17283],[82.33341,18.17405],[82.32991,18.17572],[82.32663,18.17696],[82.32536,18.17892],[82.32238,18.18074],[82.31888,18.18241],[82.31714,18.18308],[82.31584,18.18406],[82.31405,18.18738],[82.31356,18.1904],[82.31307,18.1924],[82.31352,18.1957],[82.3135,18.19707],[82.31307,18.19894],[82.31187,18.20216],[82.31146,18.20434],[82.31257,18.20542],[82.31472,18.20628],[82.3177,18.20705],[82.32178,18.20875],[82.3235,18.20966],[82.32534,18.21103],[82.32931,18.21608],[82.33129,18.21837],[82.33279,18.21969],[82.33493,18.22077],[82.3371,18.2235],[82.33656,18.22415],[82.33262,18.22468],[82.33135,18.22521],[82.32989,18.22668],[82.32551,18.23004],[82.32496,18.23098],[82.32476,18.23198],[82.32558,18.23441],[82.32646,18.23571],[82.32796,18.23653],[82.33515,18.23922],[82.3365,18.2407],[82.33667,18.24164],[82.33629,18.24309],[82.33603,18.24936],[82.33423,18.25152],[82.33405,18.25256],[82.33629,18.25733],[82.3362,18.2586],[82.33644,18.26029],[82.33699,18.26106],[82.34008,18.2631],[82.34073,18.26473],[82.34146,18.26817],[82.34103,18.26923],[82.34058,18.27272],[82.34107,18.27402],[82.34257,18.2762],[82.3441,18.27877],[82.3444,18.28023],[82.3459,18.28044],[82.34837,18.2803],[82.35158,18.28054],[82.35375,18.28036],[82.35523,18.28058],[82.35824,18.28138],[82.35952,18.2814],[82.36124,18.28091],[82.36296,18.28007],[82.36525,18.27791],[82.36618,18.27771],[82.36746,18.27775],[82.37096,18.2786],[82.37366,18.27993],[82.37499,18.2804],[82.37682,18.28046],[82.37744,18.28113],[82.37849,18.28356],[82.37999,18.28482],[82.38353,18.28871],[82.38596,18.29079],[82.38796,18.29348],[82.38967,18.2948],[82.3927,18.29788],[82.39274,18.30825],[82.39259,18.31026],[82.39488,18.31538],[82.39457,18.31563],[82.39431,18.31618],[82.39437,18.31623]]}},
{"type":"Feature","properties":{"kind":"state","name":"Andhra Pradesh–Odisha","src":"OSM relations 2022095 and 1984022","river":"6504","rlen":30},"geometry":{"type":"LineString","coordinates":[[82.39437,18.31623],[82.39408,18.31663],[82.39387,18.31714],[82.39405,18.3179],[82.394,18.31822],[82.39331,18.32022],[82.39326,18.32161],[82.39275,18.32283],[82.39271,18.32321],[82.39284,18.32406],[82.39287,18.32504],[82.39283,18.32585],[82.39271,18.32616],[82.39255,18.3264],[82.39187,18.32676],[82.39047,18.327],[82.38978,18.32699],[82.38964,18.32708],[82.38955,18.32726],[82.38956,18.32778],[82.38928,18.32838],[82.38911,18.32856],[82.38875,18.32871],[82.38695,18.32872],[82.38616,18.32923],[82.3856,18.32948],[82.38494,18.32968],[82.38416,18.32969],[82.38289,18.32924],[82.37961,18.32896],[82.37917,18.32883],[82.37897,18.32864],[82.37889,18.3284],[82.37889,18.32801],[82.37873,18.32759],[82.37856,18.3273],[82.37818,18.32714],[82.37782,18.32722],[82.37713,18.32763],[82.37619,18.32804],[82.37538,18.32857],[82.3748,18.32862],[82.37455,18.32856],[82.37444,18.32842],[82.37452,18.32823],[82.37496,18.32804],[82.37508,18.32787],[82.37508,18.32761],[82.37488,18.32737],[82.37454,18.32714],[82.37278,18.32682],[82.37232,18.32658],[82.37076,18.32644],[82.37023,18.32543],[82.36996,18.3251],[82.36956,18.32479],[82.36852,18.32424],[82.36753,18.32358],[82.36716,18.3231],[82.36717,18.32277],[82.36728,18.32265],[82.36829,18.32253],[82.36842,18.32243],[82.36841,18.32211],[82.36801,18.32157],[82.36664,18.32093],[82.36552,18.3201],[82.36511,18.31974],[82.36461,18.31886],[82.36433,18.31856],[82.36395,18.31838],[82.36158,18.31823],[82.36106,18.31795],[82.36045,18.31738],[82.36024,18.31727],[82.35959,18.31724],[82.35847,18.31641],[82.358,18.31614],[82.35752,18.31599],[82.35705,18.3163],[82.35654,18.3163],[82.35599,18.31594],[82.35558,18.31586],[82.3554,18.31593],[82.35495,18.31674],[82.3545,18.31714],[82.35424,18.31727],[82.35384,18.31725],[82.35324,18.31687],[82.35281,18.31688],[82.35266,18.3174],[82.35246,18.31762],[82.35221,18.31771],[82.35198,18.31767],[82.35181,18.31752],[82.35156,18.31701],[82.35109,18.31657],[82.34902,18.31631],[82.34866,18.31633],[82.34843,18.31658],[82.34843,18.31677],[82.34874,18.31726],[82.34871,18.31751],[82.34838,18.31779],[82.34655,18.31818],[82.34622,18.31843],[82.34596,18.31905],[82.34571,18.31938],[82.34455,18.32],[82.34409,18.32016],[82.34201,18.3204],[82.34191,18.32048],[82.34188,18.32067],[82.34192,18.3216],[82.34174,18.32197],[82.34149,18.32202],[82.34064,18.32187],[82.34047,18.32195],[82.34032,18.3221],[82.34003,18.32318],[82.33963,18.32387],[82.33944,18.32405],[82.33875,18.32446],[82.33839,18.32489],[82.33815,18.32575],[82.33816,18.32827]]}},
{"type":"Feature","properties":{"kind":"state","name":"Andhra Pradesh–Odisha","src":"OSM relations 2022095 and 1984022"},"geometry":{"type":"LineString","coordinates":[[82.33816,18.32827],[82.34049,18.32826],[82.34163,18.32878],[82.34324,18.3299],[82.34467,18.33015],[82.34598,18.32958],[82.34761,18.32958],[82.3512,18.33253],[82.35809,18.34007],[82.3633,18.34438],[82.36435,18.34931],[82.36467,18.35255],[82.36862,18.35377],[82.37006,18.3556],[82.37027,18.35846],[82.37201,18.35842],[82.37416,18.35874],[82.38235,18.36446],[82.38403,18.3655],[82.38555,18.36742],[82.38491,18.36854],[82.38474,18.37008],[82.38514,18.37355],[82.38532,18.37788],[82.38474,18.38192],[82.38478,18.38469],[82.38594,18.38589],[82.38635,18.38674],[82.38248,18.38919],[82.3815,18.39039],[82.38126,18.39586],[82.38143,18.39892],[82.38066,18.40197],[82.3798,18.40405],[82.37731,18.40474],[82.37581,18.40562],[82.37255,18.41266],[82.37141,18.41462],[82.36779,18.4184],[82.36637,18.42017],[82.36564,18.42129],[82.3657,18.42221],[82.36602,18.42246],[82.36598,18.42253]]}},
{"type":"Feature","properties":{"kind":"state","name":"Andhra Pradesh–Odisha","src":"OSM relations 2022095 and 1984022","river":"6598","rlen":294},"geometry":{"type":"LineString","coordinates":[[82.36598,18.42253],[82.36621,18.42264],[82.36763,18.42375],[82.3684,18.42465],[82.37009,18.42624],[82.37061,18.42662],[82.37135,18.42706],[82.37244,18.42742],[82.3735,18.42815],[82.37531,18.43],[82.37577,18.43023],[82.37872,18.43076],[82.38207,18.43097],[82.38275,18.43107],[82.38339,18.43169],[82.38368,18.43226],[82.3837,18.433],[82.38368,18.43383],[82.38342,18.4345],[82.38331,18.43551],[82.38339,18.43659],[82.38362,18.43739],[82.38455,18.43889],[82.38559,18.44114],[82.38585,18.44207],[82.38585,18.44305],[82.38618,18.44424],[82.38642,18.44478],[82.38917,18.44683],[82.39021,18.44783],[82.39137,18.44874],[82.39246,18.44905],[82.39331,18.44894],[82.39386,18.44896],[82.39447,18.4487],[82.39506,18.44863],[82.39536,18.4487],[82.39578,18.449],[82.39604,18.44931],[82.39617,18.44996],[82.39637,18.45302],[82.39652,18.45334],[82.40104,18.45956],[82.40477,18.46524],[82.41123,18.47115],[82.41333,18.47336],[82.41414,18.47388],[82.41545,18.47432],[82.41987,18.47622],[82.42261,18.47826],[82.42449,18.48065],[82.42512,18.48116],[82.42708,18.48238],[82.42783,18.48259],[82.42837,18.48303],[82.43082,18.48548],[82.43252,18.48747],[82.4328,18.4881],[82.43346,18.49013],[82.43409,18.49124],[82.43448,18.49174],[82.43492,18.49211],[82.43742,18.49317],[82.4387,18.49434],[82.43883,18.49538],[82.43853,18.49598],[82.43788,18.49651],[82.43694,18.49663],[82.43551,18.4967],[82.43444,18.49718],[82.43416,18.49744],[82.43398,18.49797],[82.43405,18.49853],[82.43444,18.49906],[82.43682,18.50102],[82.43713,18.50184],[82.43715,18.5031],[82.4373,18.50417],[82.43759,18.50508],[82.4385,18.50635],[82.43892,18.50676],[82.43968,18.50709],[82.44099,18.50764],[82.4421,18.50779],[82.44304,18.50827],[82.44328,18.50857],[82.44354,18.50938],[82.44383,18.51068],[82.44398,18.51188],[82.44477,18.51334],[82.44581,18.51473],[82.4473,18.51569],[82.45018,18.51657],[82.45085,18.51668],[82.4515,18.51724],[82.45176,18.51802],[82.45342,18.51944],[82.45376,18.5198],[82.45414,18.52002],[82.45462,18.52007],[82.45556,18.52041],[82.45592,18.5208],[82.45711,18.52265],[82.45772,18.52346],[82.46028,18.52498],[82.46156,18.52615],[82.46201,18.527],[82.46406,18.53185],[82.46475,18.53271],[82.46667,18.53393],[82.46894,18.53579],[82.46933,18.53627],[82.47092,18.53927],[82.47461,18.54268],[82.47725,18.54418],[82.47961,18.54566],[82.48192,18.5478],[82.4856,18.54932],[82.48765,18.54937],[82.48937,18.54896],[82.49042,18.54838],[82.4912,18.54779],[82.49312,18.54513],[82.49356,18.54352],[82.49353,18.54288],[82.49339,18.54227],[82.49306,18.54197],[82.49256,18.54172],[82.49192,18.54161],[82.49083,18.54171],[82.48936,18.54205],[82.48803,18.54254],[82.48728,18.54274],[82.48603,18.54293],[82.4847,18.54293],[82.48367,18.54268],[82.48295,18.54218],[82.48225,18.54149],[82.48195,18.54077],[82.48189,18.53966],[82.48211,18.53894],[82.48314,18.5368],[82.48456,18.5349],[82.48692,18.53321],[82.48745,18.53268],[82.48753,18.53243],[82.48748,18.53121],[82.4864,18.52888],[82.48634,18.52824],[82.48648,18.52791],[82.48687,18.52735],[82.4874,18.5271],[82.49045,18.52665],[82.49339,18.52513],[82.49389,18.52466],[82.49556,18.52222],[82.49643,18.5214],[82.49912,18.51959],[82.50067,18.51846],[82.50242,18.51649],[82.50364,18.51466],[82.50464,18.51366],[82.50517,18.51349],[82.50586,18.51374],[82.50714,18.51518],[82.51026,18.51724],[82.5122,18.51794],[82.51492,18.5181],[82.51712,18.51771],[82.52045,18.51743],[82.52114,18.51729],[82.52195,18.51679],[82.52339,18.51649],[82.52486,18.51649],[82.52645,18.51596],[82.52764,18.51491],[82.53014,18.51181],[82.53059,18.51145],[82.53086,18.51134],[82.5317,18.51123],[82.53206,18.51098],[82.5322,18.51076],[82.53211,18.51007],[82.53189,18.5096],[82.53109,18.50857],[82.53045,18.50804],[82.529,18.50715],[82.52742,18.50643],[82.52687,18.50563],[82.52689,18.50496],[82.52717,18.50455],[82.52881,18.50305],[82.52934,18.50241],[82.52948,18.50172],[82.52948,18.501],[82.52917,18.50031],[82.52692,18.49735],[82.52636,18.49624],[82.52634,18.49554],[82.52661,18.49482],[82.52725,18.4941],[82.528,18.4936],[82.52834,18.49344],[82.53053,18.49299],[82.53109,18.49265],[82.53175,18.49198],[82.53231,18.49079],[82.53275,18.48821],[82.5327,18.48724],[82.53245,18.48682],[82.52898,18.48419],[82.52762,18.48266],[82.52753,18.48188],[82.52762,18.48116],[82.5279,18.48055],[82.52806,18.48038],[82.52834,18.48033],[82.52923,18.48033],[82.52975,18.48041],[82.53031,18.48061],[82.53106,18.48066],[82.53223,18.48037],[82.53259,18.48008],[82.5336,18.4789],[82.53378,18.47818],[82.53367,18.4774],[82.53291,18.47603],[82.53111,18.47367],[82.5297,18.4726],[82.52852,18.47223],[82.52677,18.47206],[82.52534,18.47202],[82.52446,18.47154],[82.52434,18.47134],[82.52428,18.4707],[82.52342,18.46964],[82.52289,18.4692],[82.52119,18.46813],[82.51918,18.46699],[82.51898,18.46673],[82.51892,18.46647],[82.51916,18.46601],[82.52032,18.46518],[82.52165,18.46446],[82.52377,18.46362],[82.52498,18.46358],[82.52636,18.46416],[82.52668,18.46422],[82.52714,18.46422],[82.52769,18.46398],[82.52805,18.4636],[82.52809,18.46322],[82.52797,18.46274],[82.52741,18.46179],[82.52711,18.46099],[82.5269,18.46077],[82.5268,18.46021],[82.52688,18.45996],[82.52704,18.45976],[82.52759,18.45928],[82.52813,18.45912],[82.52881,18.4591],[82.53182,18.45923],[82.53244,18.45913],[82.53288,18.45878],[82.5338,18.45728],[82.53434,18.45588],[82.53506,18.45333],[82.53565,18.45072],[82.53643,18.44926],[82.53687,18.44778],[82.53711,18.44647],[82.53749,18.44559],[82.53914,18.44384],[82.5394,18.44376],[82.53976,18.44376],[82.54038,18.44402],[82.54393,18.44856],[82.54429,18.4492],[82.54427,18.44964],[82.54317,18.45139],[82.54186,18.45278],[82.54132,18.45358],[82.54116,18.45439],[82.54116,18.45567],[82.54126,18.45649],[82.54142,18.45684],[82.54178,18.45732],[82.54241,18.45775],[82.54311,18.4577],[82.54383,18.45749],[82.54462,18.45683],[82.54517,18.45624],[82.54693,18.45391],[82.54776,18.4534],[82.54885,18.45338],[82.55017,18.45355],[82.55282,18.45354],[82.55393,18.45328],[82.55438,18.45298],[82.55491,18.4522],[82.556,18.45021],[82.55626,18.44935]]}},
{"type":"Feature","properties":{"kind":"state","name":"Andhra Pradesh–Odisha","src":"OSM relations 2022095 and 1984022"},"geometry":{"type":"LineString","coordinates":[[82.55626,18.44935],[82.55821,18.44987],[82.55942,18.44961],[82.56101,18.44879],[82.56178,18.44765],[82.56123,18.44582],[82.55972,18.44432],[82.55775,18.44395],[82.55673,18.44413]]}},
{"type":"Feature","properties":{"kind":"state","name":"Andhra Pradesh–Odisha","src":"OSM relations 2022095 and 1984022","river":"6598","rlen":294},"geometry":{"type":"LineString","coordinates":[[82.55673,18.44413],[82.55653,18.44312],[82.55581,18.44142],[82.55252,18.43606],[82.54931,18.43059],[82.5469,18.42592],[82.54362,18.41575]]}},
{"type":"Feature","properties":{"kind":"state","name":"Andhra Pradesh–Odisha","src":"OSM relations 2022095 and 1984022"},"geometry":{"type":"LineString","coordinates":[[82.54362,18.41575],[82.54433,18.41554],[82.54457,18.41521],[82.54865,18.41321],[82.54839,18.41101],[82.54651,18.41003],[82.54385,18.40918],[82.54127,18.40808],[82.53891,18.40657],[82.53861,18.40515],[82.54007,18.40311],[82.54114,18.40083],[82.5426,18.39924],[82.54496,18.39851],[82.54771,18.39786],[82.5499,18.39831],[82.55217,18.39806],[82.55329,18.39672],[82.55414,18.39497],[82.55539,18.39403],[82.55702,18.39558],[82.55822,18.39749],[82.55838,18.3997]]}},
{"type":"Feature","properties":{"kind":"state","name":"Andhra Pradesh–Odisha","src":"OSM relations 2022095 and 1984022","river":"6598","rlen":294},"geometry":{"type":"LineString","coordinates":[[82.55838,18.3997],[82.5591,18.39965],[82.57277,18.39657],[82.5757,18.39448],[82.57747,18.39304],[82.58045,18.39101],[82.58296,18.3899],[82.58404,18.38951],[82.58495,18.38931],[82.58619,18.38925],[82.58858,18.3895],[82.58983,18.3895],[82.59169,18.38934],[82.59241,18.38908],[82.59348,18.38852],[82.594,18.38813],[82.5944,18.38767],[82.59567,18.38601],[82.59698,18.38408],[82.60048,18.38017]]}},
{"type":"Feature","properties":{"kind":"state","name":"Andhra Pradesh–Odisha","src":"OSM relations 2022095 and 1984022"},"geometry":{"type":"LineString","coordinates":[[82.60048,18.38017],[82.60015,18.3799],[82.60217,18.38059],[82.60388,18.38177],[82.60526,18.38234],[82.60586,18.37835],[82.60586,18.37717],[82.60569,18.37575],[82.60471,18.37499],[82.60242,18.37477]]}},
{"type":"Feature","properties":{"kind":"state","name":"Andhra Pradesh–Odisha","src":"OSM relations 2022095 and 1984022","river":"6598","rlen":294},"geometry":{"type":"LineString","coordinates":[[82.60242,18.37477],[82.60263,18.37273],[82.60315,18.37081],[82.60397,18.36947],[82.6064,18.36633],[82.60692,18.36581],[82.60888,18.36467],[82.61443,18.36313],[82.61642,18.36212],[82.61763,18.36117],[82.61819,18.36055],[82.6188,18.35954],[82.61903,18.35892],[82.61907,18.35761],[82.61887,18.35686],[82.61845,18.35618],[82.61734,18.35504],[82.6121,18.35254],[82.61089,18.35215],[82.609,18.35212],[82.60655,18.35218],[82.60498,18.35235],[82.60365,18.35235],[82.60263,18.35205],[82.60211,18.35153],[82.60169,18.35016],[82.60169,18.34925],[82.60191,18.34833],[82.6028,18.34654],[82.6041,18.34438],[82.60485,18.3436],[82.60675,18.34132],[82.60717,18.34066],[82.60809,18.33907],[82.60992,18.33468],[82.61028,18.33366],[82.61038,18.33285],[82.61041,18.33138],[82.61034,18.33063],[82.61005,18.32984],[82.60917,18.32877],[82.60845,18.32808],[82.60789,18.32779],[82.60721,18.32756],[82.60574,18.32678],[82.60434,18.32642],[82.60201,18.32654],[82.59972,18.3269],[82.59603,18.32719],[82.59515,18.32713],[82.59417,18.32693],[82.59322,18.32654],[82.59241,18.32592],[82.59146,18.32491],[82.59045,18.3236],[82.58934,18.32204],[82.58717,18.31922]]}},
{"type":"Feature","properties":{"kind":"state","name":"Andhra Pradesh–Odisha","src":"OSM relations 2022095 and 1984022"},"geometry":{"type":"LineString","coordinates":[[82.58717,18.31922],[82.58748,18.319],[82.58676,18.31864],[82.58474,18.31974],[82.58294,18.31856],[82.58195,18.31733],[82.58206,18.31543],[82.58418,18.31483]]}},
{"type":"Feature","properties":{"kind":"state","name":"Andhra Pradesh–Odisha","src":"OSM relations 2022095 and 1984022","river":"6598","rlen":294},"geometry":{"type":"LineString","coordinates":[[82.58418,18.31483],[82.58415,18.31287],[82.58434,18.31222],[82.5847,18.31163],[82.58545,18.31091],[82.58585,18.31068],[82.5866,18.31062],[82.59479,18.31128],[82.59592,18.3109],[82.5962,18.31058],[82.59628,18.31031],[82.59652,18.30739],[82.59669,18.30646],[82.59695,18.30593],[82.59742,18.30541],[82.59816,18.30482],[82.59857,18.30411],[82.59849,18.30377],[82.59765,18.30255],[82.59621,18.30103],[82.59553,18.29998],[82.59514,18.29896],[82.59505,18.2986],[82.59502,18.29781],[82.59521,18.29659],[82.59556,18.29519],[82.5954,18.29363],[82.59509,18.29273],[82.5948,18.29232],[82.59437,18.29204],[82.59249,18.2914],[82.59166,18.29088],[82.5914,18.29041],[82.59143,18.29003],[82.59158,18.2898],[82.59332,18.28854],[82.59415,18.2875],[82.59459,18.28661],[82.59451,18.28589],[82.59422,18.28521],[82.59308,18.28346],[82.59267,18.28175],[82.59228,18.2813],[82.59178,18.28099],[82.59147,18.28092],[82.58994,18.28091],[82.58926,18.28079],[82.58893,18.28065],[82.58868,18.2804],[82.58855,18.27987],[82.58836,18.2781],[82.58813,18.27764],[82.58761,18.27718],[82.58753,18.27681],[82.58764,18.27652],[82.58808,18.27594],[82.58852,18.27556],[82.589,18.27535],[82.5908,18.27489],[82.59238,18.2744],[82.59461,18.27451],[82.59581,18.27445],[82.59623,18.27428],[82.59639,18.27397],[82.59627,18.2733],[82.59631,18.2727],[82.59663,18.27112],[82.59707,18.27005],[82.59731,18.26922],[82.59733,18.26873],[82.59722,18.26817],[82.59671,18.26691],[82.59661,18.26636],[82.59666,18.26597],[82.59693,18.26564],[82.59738,18.26528],[82.59826,18.26477],[82.59924,18.26432],[82.60092,18.26394],[82.60135,18.26398],[82.60232,18.2643],[82.60349,18.26495],[82.60409,18.2649],[82.60451,18.26465],[82.60478,18.26437],[82.60619,18.26237],[82.60668,18.26191],[82.60764,18.26141],[82.60962,18.2609],[82.61149,18.25982],[82.61434,18.25833],[82.61538,18.25747],[82.61661,18.25675],[82.61683,18.25655],[82.61755,18.25506],[82.6188,18.2533],[82.619,18.25279],[82.61922,18.2517],[82.61939,18.25119],[82.61983,18.25061],[82.62035,18.25029],[82.62095,18.25009],[82.62125,18.24992],[82.6225,18.24838],[82.62352,18.24749],[82.62497,18.24687],[82.62756,18.24601],[82.62829,18.24509],[82.62882,18.2442],[82.62932,18.24353],[82.62977,18.24327],[82.62986,18.24314],[82.63001,18.24238],[82.63013,18.24216],[82.63098,18.24151],[82.63179,18.24064],[82.6319,18.24058],[82.63285,18.2406],[82.63349,18.2405],[82.63411,18.24033],[82.63453,18.24003],[82.63458,18.23932],[82.63445,18.23751]]}},
{"type":"Feature","properties":{"kind":"state","name":"Andhra Pradesh–Odisha","src":"OSM relations 2022095 and 1984022"},"geometry":{"type":"LineString","coordinates":[[82.63445,18.23751],[82.63659,18.23737],[82.63738,18.23667],[82.63798,18.23665],[82.63845,18.23722],[82.63937,18.23767],[82.64125,18.23892],[82.64246,18.23991],[82.64364,18.24116],[82.64498,18.24283],[82.64608,18.24357],[82.64854,18.24489],[82.65182,18.24858],[82.65207,18.24955],[82.65202,18.25015],[82.65038,18.25282],[82.65009,18.25417],[82.64977,18.25722],[82.6495,18.25809],[82.64844,18.2596],[82.64768,18.2611],[82.64706,18.26171],[82.64373,18.26355],[82.64298,18.2651],[82.64249,18.26656],[82.64249,18.26813],[82.64317,18.26944],[82.64886,18.27312],[82.65008,18.27461],[82.65135,18.27765],[82.65234,18.27907],[82.65274,18.28046],[82.6512,18.28284],[82.64719,18.28488],[82.64596,18.28576],[82.6451,18.28667],[82.6436,18.28953],[82.64322,18.29095],[82.64193,18.29391],[82.64161,18.29596],[82.64143,18.29778],[82.64154,18.2988],[82.64234,18.30173],[82.6436,18.30246],[82.64519,18.3026],[82.64676,18.3026],[82.64961,18.30222],[82.65047,18.3022],[82.65133,18.30163],[82.65188,18.30053],[82.65364,18.29924],[82.65553,18.2968],[82.65652,18.29617],[82.65785,18.29641],[82.65901,18.29682],[82.65991,18.29733],[82.66176,18.29802],[82.66431,18.29829],[82.66714,18.29833],[82.66849,18.2989],[82.67139,18.30169],[82.67214,18.30224],[82.67315,18.30411],[82.67499,18.30566],[82.67667,18.30641],[82.67798,18.30584],[82.67974,18.30417],[82.68068,18.3037],[82.68195,18.30346],[82.68345,18.30348],[82.68553,18.30375],[82.69094,18.30656],[82.69205,18.30743],[82.693,18.30953],[82.69383,18.31094],[82.69463,18.31191],[82.69592,18.31191],[82.69922,18.31108],[82.70094,18.31094],[82.70431,18.31193],[82.7063,18.31234],[82.70916,18.31344],[82.70978,18.31391],[82.70881,18.31505],[82.70888,18.31593],[82.7101,18.31746],[82.71085,18.31821],[82.71134,18.31913],[82.71259,18.32088],[82.71388,18.32118],[82.71456,18.32155],[82.71476,18.32177],[82.71476,18.32243],[82.71516,18.32261],[82.71602,18.32255],[82.71719,18.32333],[82.71745,18.32338],[82.71822,18.32291],[82.71859,18.32282],[82.71915,18.32285],[82.72016,18.32332],[82.72105,18.32346],[82.72215,18.32319],[82.72339,18.32324],[82.72401,18.32364],[82.72444,18.32436],[82.725,18.32467],[82.72533,18.32381],[82.72562,18.32352]]}},
{"type":"Feature","properties":{"kind":"state","name":"Andhra Pradesh–Odisha","src":"OSM relations 2022095 and 1984022","river":"5987","rlen":73},"geometry":{"type":"LineString","coordinates":[[82.72562,18.32352],[82.72658,18.32271],[82.72701,18.32251],[82.72884,18.32208],[82.72989,18.32145],[82.73056,18.32124],[82.7319,18.32111],[82.73228,18.32095],[82.73303,18.32048],[82.73346,18.32033],[82.7343,18.32025],[82.73451,18.32028],[82.73485,18.32046],[82.73523,18.3213],[82.73543,18.32231],[82.73591,18.32304],[82.73623,18.32328],[82.73694,18.32331],[82.73789,18.32307],[82.73901,18.32273],[82.74005,18.32229],[82.74042,18.32224],[82.74084,18.32243],[82.74128,18.32313],[82.74129,18.32348],[82.74119,18.32385],[82.74042,18.32494],[82.73886,18.32625],[82.73846,18.32703],[82.73852,18.32733],[82.73942,18.32779],[82.74095,18.32822],[82.74229,18.32886],[82.74243,18.32904],[82.74248,18.3297],[82.74269,18.32998],[82.74343,18.33011],[82.74384,18.33005],[82.74505,18.32949],[82.74556,18.32942],[82.74678,18.32903],[82.74742,18.329],[82.74801,18.32904],[82.74845,18.32925],[82.74952,18.33031],[82.75056,18.33067],[82.75117,18.33078],[82.75168,18.33073],[82.75362,18.32987],[82.75417,18.32988],[82.75521,18.33005],[82.75552,18.3304],[82.75579,18.33095],[82.75616,18.33267],[82.75641,18.33317],[82.75666,18.33337],[82.75736,18.33363],[82.75808,18.3336],[82.75885,18.3334],[82.75922,18.33341],[82.7594,18.33354],[82.75951,18.33388],[82.7595,18.33489],[82.75909,18.33625],[82.75833,18.3376],[82.75828,18.33805],[82.75839,18.33846],[82.75869,18.33896],[82.75899,18.3392],[82.75938,18.33928],[82.76045,18.33879],[82.76084,18.33879],[82.76218,18.33908],[82.76268,18.33909],[82.76311,18.33895],[82.76344,18.33862],[82.76359,18.33806],[82.76354,18.33667],[82.76363,18.33641],[82.76394,18.33611],[82.76428,18.33603],[82.76464,18.33598],[82.76557,18.33603],[82.76602,18.3362],[82.7667,18.33652],[82.76769,18.33735],[82.76811,18.33755],[82.76839,18.3376],[82.76886,18.33747],[82.7699,18.33703],[82.77078,18.33684],[82.77119,18.33696],[82.77147,18.33719],[82.7718,18.33804],[82.7718,18.33841],[82.77208,18.33877],[82.77337,18.33907],[82.77391,18.33952]]}},
{"type":"Feature","properties":{"kind":"state","name":"Andhra Pradesh–Odisha","src":"OSM relations 2022095 and 1984022"},"geometry":{"type":"LineString","coordinates":[[82.77391,18.33952],[82.77381,18.33962],[82.77402,18.33978],[82.77509,18.34014],[82.77449,18.34182],[82.77509,18.34587],[82.77726,18.34945],[82.77943,18.35149],[82.78177,18.35298],[82.78327,18.35365],[82.78533,18.35662],[82.78756,18.35872],[82.78881,18.36015],[82.7908,18.36308],[82.79061,18.36587],[82.79003,18.36705],[82.78941,18.36799],[82.78956,18.37002],[82.78913,18.37141],[82.78861,18.37245],[82.78803,18.37471],[82.7866,18.37652],[82.78589,18.37815],[82.78454,18.38049],[82.78314,18.38196],[82.78458,18.38299],[82.78713,18.38311],[82.7891,18.38448],[82.79059,18.38496],[82.79325,18.3856],[82.79396,18.38597],[82.79415,18.38639],[82.79374,18.3872],[82.79377,18.38798],[82.79415,18.38849],[82.79387,18.39042],[82.79259,18.3937],[82.79165,18.39563],[82.79157,18.3963],[82.79202,18.39687],[82.79261,18.3973],[82.79379,18.39887],[82.79401,18.39953],[82.79402,18.40065],[82.79423,18.40136],[82.79551,18.40223],[82.7985,18.40467],[82.79903,18.40577],[82.79928,18.40735],[82.79773,18.4082],[82.79404,18.40857],[82.79241,18.40857],[82.79069,18.40881],[82.78954,18.40934],[82.78833,18.4102],[82.78782,18.41154],[82.78795,18.41561],[82.78773,18.417],[82.78662,18.41964],[82.78559,18.42087],[82.7843,18.4216],[82.78353,18.4229],[82.78318,18.42693],[82.78318,18.42933],[82.78396,18.43121],[82.78567,18.43259],[82.78876,18.4345],[82.7925,18.4376],[82.79537,18.43943],[82.79696,18.4409],[82.79739,18.44175],[82.79825,18.44407],[82.79966,18.44419],[82.80129,18.44501],[82.8022,18.44639],[82.80297,18.44843],[82.80378,18.44949],[82.80863,18.45034],[82.81481,18.45063],[82.81717,18.45018],[82.81936,18.44932],[82.82284,18.44753],[82.82473,18.44639],[82.82485,18.44501],[82.82481,18.44354],[82.82524,18.44269],[82.8267,18.44257],[82.82889,18.44289],[82.83061,18.44248],[82.83279,18.44114],[82.83597,18.43837],[82.84202,18.43524],[82.84533,18.43402],[82.84713,18.43263],[82.84906,18.42893],[82.84983,18.42705],[82.85005,18.42449],[82.85035,18.42278],[82.85082,18.42139],[82.85146,18.4207],[82.85314,18.42111],[82.85395,18.4218],[82.85618,18.42449],[82.86215,18.42262],[82.86447,18.42164],[82.8664,18.42066],[82.86901,18.41883],[82.87095,18.4185],[82.87215,18.41846],[82.87352,18.41887],[82.87588,18.42034],[82.87717,18.42156],[82.87992,18.42095],[82.8827,18.42099],[82.88476,18.42192],[82.88713,18.42237],[82.89253,18.42408],[82.89498,18.42412],[82.89717,18.42258],[82.89734,18.41683],[82.89837,18.41472],[82.8991,18.41036],[82.89914,18.40849],[82.8997,18.40645],[82.89966,18.40116],[82.8953,18.39631],[82.89363,18.39485],[82.89276,18.39287],[82.89034,18.39042],[82.88925,18.38861],[82.88905,18.38571],[82.88983,18.38238],[82.89083,18.38157],[82.89163,18.37956],[82.8919,18.37763],[82.89134,18.37528],[82.89449,18.3743],[82.89852,18.37494],[82.90061,18.37408],[82.9039,18.3733],[82.90717,18.36913],[82.90893,18.36806],[82.91131,18.36814],[82.91195,18.36761],[82.91312,18.36719],[82.91381,18.36665],[82.91489,18.36621],[82.9185,18.36658],[82.92171,18.36632],[82.92517,18.3677],[82.92708,18.36732],[82.93201,18.3643],[82.93617,18.36397],[82.93736,18.36277],[82.93656,18.36047],[82.93803,18.35924],[82.93861,18.35855],[82.94128,18.35787],[82.94655,18.35765],[82.94975,18.35786],[82.95276,18.35822],[82.95551,18.35869],[82.95741,18.35927],[82.95983,18.36067],[82.96178,18.36053],[82.9643,18.35995],[82.96459,18.35978],[82.96572,18.35786]]}},
{"type":"Feature","properties":{"kind":"state","name":"Andhra Pradesh–Odisha","src":"OSM relations 2022095 and 1984022","river":"3571","rlen":37},"geometry":{"type":"LineString","coordinates":[[82.96572,18.35786],[82.96775,18.35894],[82.96855,18.35928],[82.97051,18.35982],[82.97189,18.36031],[82.97253,18.36063],[82.97351,18.36148],[82.97391,18.36165],[82.97487,18.36176],[82.97555,18.36209],[82.97594,18.36238],[82.97622,18.36246],[82.97732,18.36248],[82.97756,18.36264],[82.97783,18.36322],[82.97804,18.36347],[82.979,18.36447],[82.9795,18.36482],[82.97986,18.36497],[82.98118,18.36513],[82.98148,18.36526],[82.98189,18.36568],[82.98225,18.36619],[82.98241,18.36687],[82.98234,18.36728],[82.98254,18.36797],[82.98355,18.36957],[82.98384,18.37024],[82.98392,18.37153],[82.98418,18.37222],[82.98451,18.37284],[82.9853,18.37377],[82.98589,18.37475],[82.9861,18.37542],[82.98621,18.37649],[82.98633,18.37677],[82.98667,18.37686],[82.98744,18.3768],[82.98788,18.3769],[82.98826,18.37751],[82.98824,18.37794],[82.98755,18.37862],[82.98752,18.37913],[82.98767,18.37924],[82.98848,18.37899],[82.98874,18.37901],[82.9891,18.37924],[82.9895,18.37995],[82.99015,18.38069],[82.99045,18.38082],[82.99078,18.38084],[82.99098,18.38077],[82.99121,18.38048],[82.99157,18.37896],[82.99181,18.37888],[82.99232,18.37899],[82.99279,18.37934],[82.99325,18.37977],[82.9935,18.38023],[82.99378,18.38101],[82.99396,18.38125],[82.99415,18.38142],[82.99474,18.38153],[82.99523,18.38186],[82.99543,18.38215],[82.9956,18.38283],[82.99565,18.38435],[82.99609,18.38541],[82.99649,18.38581],[82.99689,18.386],[82.99744,18.38608],[82.99815,18.38588],[82.9984,18.38568],[82.99889,18.38512],[82.9997,18.38446],[82.99999,18.38414],[83.00005,18.38396],[83.00079,18.38325],[83.00396,18.38282],[83.00512,18.38291],[83.00566,18.38302],[83.00751,18.38368],[83.00784,18.3839],[83.00878,18.38497],[83.00963,18.38569],[83.01052,18.38596],[83.01068,18.38612],[83.01084,18.38641],[83.01084,18.38663],[83.01046,18.38714],[83.01043,18.38741],[83.01054,18.38758],[83.01116,18.38788],[83.01219,18.38872],[83.01246,18.38872],[83.0129,18.38853],[83.01399,18.38729],[83.01466,18.38698],[83.01506,18.38696],[83.01541,18.38704],[83.01598,18.38751],[83.01623,18.38762],[83.01704,18.38772],[83.01745,18.38793],[83.01777,18.38821],[83.01824,18.38893],[83.01853,18.38894],[83.01894,18.38867],[83.01978,18.38879],[83.02013,18.3891],[83.02021,18.3894],[83.0203,18.39121],[83.02037,18.39146],[83.02057,18.39164],[83.02098,18.39185]]}},
{"type":"Feature","properties":{"kind":"state","name":"Andhra Pradesh–Odisha","src":"OSM relations 2022095 and 1984022"},"geometry":{"type":"LineString","coordinates":[[83.02098,18.39185],[83.02121,18.39142],[83.02234,18.3912],[83.02382,18.38947],[83.02453,18.38884],[83.02516,18.38748],[83.02566,18.38713],[83.02816,18.38642],[83.02914,18.38588],[83.03235,18.38368],[83.03413,18.38319],[83.0381,18.38304],[83.04009,18.38267],[83.0406,18.38231],[83.04108,18.38138],[83.04286,18.37939],[83.04345,18.37888],[83.04526,18.37856],[83.0463,18.37894],[83.04756,18.37988],[83.04885,18.38006],[83.0505,18.37972],[83.05158,18.37923],[83.05312,18.37931],[83.05447,18.37984],[83.05677,18.3812],[83.06216,18.38613],[83.06267,18.38878],[83.06398,18.39033],[83.06636,18.39259],[83.07269,18.398],[83.07336,18.39894],[83.07627,18.40173],[83.07681,18.4024],[83.07713,18.40332],[83.07677,18.40531],[83.07385,18.40631],[83.06931,18.40849],[83.06706,18.40874],[83.06429,18.40936],[83.06372,18.40986],[83.06258,18.41269],[83.06204,18.41356],[83.06011,18.41516],[83.05943,18.41623],[83.05915,18.41789],[83.05887,18.41851],[83.05775,18.41915],[83.0593,18.42067],[83.06079,18.42081],[83.06196,18.42133],[83.06298,18.42222],[83.06478,18.42242],[83.06545,18.4229],[83.06699,18.42538],[83.06721,18.42668],[83.06726,18.43001],[83.06338,18.43201],[83.06134,18.43491],[83.06017,18.43693],[83.05959,18.43691],[83.0584,18.4364],[83.05652,18.43531],[83.05517,18.43471],[83.05243,18.43406],[83.05018,18.43326],[83.04707,18.42805],[83.04602,18.42681],[83.0443,18.42541],[83.04263,18.42437],[83.04297,18.42593],[83.04102,18.42866],[83.03789,18.43446],[83.04023,18.43927],[83.04117,18.44096],[83.03823,18.44181],[83.03669,18.44263],[83.03581,18.44554],[83.03503,18.44649],[83.0334,18.44763],[83.03226,18.44796],[83.03085,18.44792],[83.02868,18.44751],[83.02716,18.44747],[83.02576,18.44776],[83.02465,18.44833],[83.02385,18.44969],[83.02284,18.45107],[83.0216,18.45401],[83.02113,18.45586],[83.02158,18.4569],[83.02265,18.45838],[83.02645,18.46186],[83.03074,18.46624],[83.0331,18.46707],[83.03731,18.46825],[83.04005,18.47137],[83.0472,18.4789],[83.0514,18.48228],[83.05516,18.48553],[83.05591,18.48722],[83.05613,18.48907],[83.05598,18.49129],[83.0555,18.49341],[83.05522,18.49565],[83.05801,18.49683],[83.05915,18.50059],[83.06059,18.50219],[83.06276,18.50195],[83.06382,18.50211],[83.06542,18.50378],[83.06756,18.50722],[83.0696,18.50936],[83.07142,18.51062],[83.07486,18.5142],[83.07539,18.51557],[83.07554,18.51734],[83.07591,18.51949],[83.07589,18.52082],[83.07561,18.522],[83.07621,18.52257],[83.07673,18.52328],[83.07703,18.52541],[83.07763,18.52668],[83.07933,18.52788],[83.07912,18.5278]]}},
{"type":"Feature","properties":{"kind":"state","name":"Andhra Pradesh–Odisha","src":"OSM relations 2022095 and 1984022","river":"3518","rlen":105},"geometry":{"type":"LineString","coordinates":[[83.07912,18.5278],[83.07918,18.52766],[83.07947,18.52744],[83.07962,18.52743],[83.08007,18.52788],[83.08017,18.52821],[83.08095,18.52955],[83.08177,18.5305],[83.08249,18.53071],[83.08308,18.53076],[83.08358,18.53098],[83.08385,18.53118],[83.08414,18.53154],[83.08436,18.53188],[83.08461,18.5326],[83.08492,18.53294],[83.08598,18.53346],[83.08632,18.53403],[83.08655,18.5349],[83.08744,18.53593],[83.08817,18.53702],[83.0883,18.53759],[83.08843,18.53781],[83.08935,18.53872],[83.08957,18.53903],[83.09005,18.53939],[83.09055,18.53945],[83.0916,18.5393],[83.09195,18.53916],[83.09289,18.53912],[83.09347,18.53934],[83.09393,18.53983],[83.09405,18.54021],[83.094,18.54113],[83.09384,18.5415],[83.09391,18.54222],[83.09466,18.54368],[83.0952,18.54437],[83.09523,18.54468],[83.09525,18.54573],[83.095,18.54755],[83.09473,18.54794],[83.09384,18.54897],[83.09335,18.54925],[83.09291,18.54931],[83.09265,18.54997],[83.09238,18.55031],[83.09214,18.55076],[83.09184,18.55103],[83.09114,18.55139],[83.09073,18.5517],[83.09032,18.55249],[83.08965,18.55286],[83.089,18.55292],[83.08866,18.55277],[83.08812,18.55271],[83.08724,18.55287],[83.08675,18.55282],[83.08644,18.55263],[83.08608,18.55215],[83.08535,18.55166],[83.08489,18.55146],[83.08424,18.55145],[83.08386,18.55155],[83.08348,18.5517],[83.08307,18.55198],[83.08275,18.55242],[83.08238,18.55356],[83.08237,18.55407],[83.08219,18.55441],[83.08209,18.55452],[83.08185,18.55453],[83.08146,18.55414]]}},
{"type":"Feature","properties":{"kind":"state","name":"Andhra Pradesh–Odisha","src":"OSM relations 2022095 and 1984022"},"geometry":{"type":"LineString","coordinates":[[83.08146,18.55414],[83.08156,18.55386],[83.08037,18.55227],[83.07985,18.55118],[83.07906,18.55038],[83.07796,18.55017],[83.07741,18.55054],[83.07662,18.55075],[83.07592,18.55046],[83.07327,18.55013],[83.07158,18.54908],[83.07093,18.54852],[83.07038,18.54765],[83.06899,18.54725],[83.06768,18.54649],[83.06656,18.54566],[83.06487,18.54507],[83.06378,18.54369],[83.06218,18.54215],[83.0597,18.54191],[83.05871,18.54207],[83.05773,18.54247],[83.05691,18.54315],[83.05567,18.5438],[83.05421,18.54408],[83.05265,18.54416],[83.05076,18.54394],[83.05073,18.54299],[83.05041,18.54351],[83.04999,18.54378],[83.0493,18.54417],[83.04806,18.54455],[83.04736,18.54454],[83.04621,18.54431],[83.04532,18.54389],[83.04487,18.54467],[83.04517,18.54592],[83.04515,18.54636],[83.04475,18.54676],[83.04421,18.54703],[83.04322,18.54716],[83.04068,18.55149],[83.03839,18.55589],[83.03705,18.55954],[83.03597,18.562],[83.03482,18.56535],[83.03257,18.57077],[83.03178,18.57177],[83.0299,18.57353],[83.03022,18.57435],[83.03066,18.57505],[83.03082,18.57715],[83.03107,18.57757],[83.03188,18.57849],[83.03293,18.57936],[83.03416,18.57993],[83.03707,18.58074],[83.03762,18.58099],[83.03823,18.58211],[83.03852,18.58375],[83.03883,18.58465],[83.03929,18.5856],[83.04019,18.58654],[83.04091,18.58695],[83.04216,18.58728],[83.04341,18.5872],[83.04716,18.58655],[83.04803,18.58651],[83.0499,18.58785],[83.05078,18.58822],[83.05151,18.58827],[83.05232,18.58808],[83.05311,18.58816],[83.05329,18.58873],[83.05334,18.59163],[83.0529,18.59976],[83.0526,18.60103],[83.05195,18.60056],[83.05209,18.60031]]}},
{"type":"Feature","properties":{"kind":"state","name":"Andhra Pradesh–Odisha","src":"OSM relations 2022095 and 1984022","river":"3265","rlen":23},"geometry":{"type":"LineString","coordinates":[[83.05209,18.60031],[83.05135,18.59994],[83.05061,18.59931],[83.05019,18.59911],[83.04988,18.59904],[83.04911,18.59904],[83.04855,18.59889],[83.04763,18.59827],[83.04719,18.59835],[83.0468,18.59857],[83.04597,18.59787],[83.04491,18.59673],[83.04317,18.59566],[83.04077,18.59483],[83.03698,18.59473],[83.03544,18.5943],[83.03452,18.59414],[83.03336,18.59417],[83.0325,18.59395],[83.03188,18.59332],[83.02936,18.59274],[83.02788,18.59223],[83.0277,18.59206],[83.02741,18.59142],[83.02701,18.59085],[83.02658,18.5905],[83.02635,18.59015],[83.02571,18.58979],[83.02536,18.58977]]}},
{"type":"Feature","properties":{"kind":"state","name":"Andhra Pradesh–Odisha","src":"OSM relations 2022095 and 1984022"},"geometry":{"type":"LineString","coordinates":[[83.02536,18.58977],[83.02449,18.58961],[83.02423,18.58941],[83.02383,18.58979],[83.02341,18.59076],[83.02279,18.59115],[83.0224,18.59182],[83.02154,18.59224],[83.02085,18.59238],[83.01904,18.59357],[83.01779,18.5936],[83.0169,18.59393],[83.01474,18.59364],[83.01398,18.59371],[83.01365,18.59407],[83.01319,18.59494],[83.01236,18.59845],[83.01253,18.59991],[83.01308,18.6007],[83.01394,18.60124],[83.01474,18.60197],[83.01507,18.60545],[83.01398,18.60582],[83.0075,18.60723],[83.00359,18.60762],[83.00181,18.60755],[83.00065,18.60787],[83.00034,18.60842],[83.00012,18.61163],[82.99969,18.61421],[82.99938,18.61723],[82.99939,18.61852],[82.99971,18.61964],[83.00026,18.62018],[83.00113,18.6206],[83.00256,18.62104],[83.0058,18.62167],[83.00761,18.62451],[83.00894,18.62693],[83.01032,18.62798],[83.01208,18.6299],[83.01433,18.63173],[83.01545,18.63302],[83.01972,18.63513],[83.01846,18.63706],[83.01722,18.63865],[83.01597,18.63993],[83.01491,18.64166],[83.01438,18.6436],[83.0134,18.64525],[83.01332,18.64587],[83.01344,18.64629],[83.01648,18.6495],[83.01689,18.65019],[83.01868,18.65041],[83.02263,18.6512],[83.02345,18.65288],[83.02486,18.65439],[83.02571,18.65456],[83.02694,18.65447],[83.02788,18.6548],[83.02897,18.65551],[83.03459,18.6563],[83.03651,18.65681],[83.0383,18.65769],[83.04009,18.65823],[83.0434,18.65829],[83.0456,18.65902],[83.04898,18.66045],[83.05012,18.66142],[83.05346,18.66275],[83.05484,18.66374],[83.0557,18.66456],[83.05802,18.66541],[83.05955,18.67239],[83.06033,18.67545],[83.06087,18.67835],[83.06252,18.68317],[83.06302,18.68413],[83.06608,18.688],[83.06731,18.68984],[83.06903,18.69175],[83.06988,18.69336],[83.07222,18.69641],[83.07291,18.69741],[83.07374,18.69983],[83.07458,18.7007],[83.07501,18.70145],[83.07361,18.70124],[83.07235,18.70125],[83.07164,18.70145],[83.07135,18.70175],[83.07193,18.70267],[83.07217,18.70331],[83.07223,18.7041],[83.07248,18.70501],[83.07283,18.70557],[83.07505,18.70782],[83.07596,18.70927],[83.07669,18.71011],[83.07816,18.71125],[83.08151,18.71444],[83.08281,18.71541],[83.08649,18.71747],[83.08794,18.71873],[83.09135,18.72218],[83.09286,18.72389],[83.09376,18.72521],[83.09433,18.72642],[83.09497,18.73],[83.09484,18.73131],[83.09831,18.73131],[83.10005,18.73172],[83.10153,18.73239],[83.10286,18.73397],[83.10408,18.73659],[83.10441,18.73842],[83.10492,18.73964],[83.10608,18.74161],[83.10679,18.74356],[83.10713,18.74598],[83.10754,18.74702],[83.10921,18.7485],[83.11108,18.75122],[83.11275,18.75275],[83.11386,18.75357],[83.11759,18.75539],[83.1189,18.75676],[83.11964,18.75707],[83.12179,18.75735],[83.12252,18.75768],[83.12361,18.7603],[83.1235,18.76133],[83.12226,18.76423],[83.12124,18.76586],[83.12008,18.76678],[83.11889,18.76735],[83.11599,18.76803],[83.11515,18.76802],[83.11773,18.76992],[83.12213,18.77415],[83.12566,18.77566],[83.12698,18.77643],[83.13042,18.77981],[83.1322,18.78056],[83.1338,18.78145],[83.13835,18.78508],[83.1391,18.78531],[83.14054,18.78399],[83.14115,18.78321],[83.14317,18.78163],[83.14427,18.7811],[83.14496,18.78092],[83.14657,18.77909],[83.14751,18.77844],[83.14925,18.77785],[83.15053,18.77724],[83.15156,18.7764],[83.15192,18.77559],[83.1517,18.77398],[83.15208,18.77306],[83.15395,18.7709],[83.15491,18.76951],[83.15616,18.76834],[83.15785,18.76753],[83.15977,18.76693],[83.16151,18.76672],[83.16419,18.76693],[83.16474,18.7687],[83.16559,18.76895],[83.17213,18.77012],[83.17455,18.77108],[83.17518,18.77119],[83.17783,18.77091],[83.17874,18.77026],[83.1832,18.76561],[83.18528,18.76293],[83.18738,18.75968],[83.19002,18.75606],[83.19212,18.75405],[83.19324,18.75322],[83.19526,18.75313],[83.19813,18.7533],[83.20011,18.75167],[83.20356,18.75141],[83.2065,18.75139],[83.20817,18.74944],[83.20749,18.74734],[83.20766,18.74586],[83.20822,18.74562],[83.2086,18.74505],[83.2085,18.74383],[83.20931,18.74352],[83.20976,18.74308],[83.20983,18.74086],[83.21041,18.73997],[83.21116,18.73956],[83.21238,18.7393],[83.21275,18.7368],[83.2124,18.73574],[83.21229,18.7345],[83.2118,18.73355],[83.21109,18.73253],[83.21178,18.73196],[83.21156,18.73099],[83.21214,18.73031],[83.21315,18.73102],[83.21422,18.73206],[83.21472,18.73336],[83.21515,18.73787],[83.21573,18.74072],[83.21667,18.74273],[83.21871,18.74625],[83.22006,18.74761],[83.22163,18.74883],[83.22279,18.74948],[83.22435,18.7507],[83.22532,18.75078],[83.22611,18.75248],[83.22718,18.75389],[83.22762,18.75488],[83.22803,18.75632],[83.2283,18.75965],[83.22816,18.76113],[83.22771,18.76216],[83.22445,18.76668],[83.22346,18.76862],[83.22257,18.77153],[83.22239,18.7729],[83.22298,18.77362],[83.22457,18.77514],[83.22771,18.77477],[83.23127,18.77499],[83.23303,18.77457],[83.23753,18.77302],[83.23848,18.77256],[83.23898,18.77209],[83.23989,18.77084],[83.24047,18.77027],[83.24117,18.76923],[83.24222,18.7685],[83.24316,18.76826],[83.24437,18.76824],[83.24799,18.76868],[83.2498,18.76864],[83.25135,18.76845],[83.2523,18.76818],[83.25295,18.7677],[83.25371,18.76759],[83.25703,18.76819],[83.26192,18.76938],[83.2627,18.76975],[83.26321,18.7684],[83.26413,18.76819],[83.26467,18.76777],[83.26497,18.76737],[83.26694,18.76696],[83.26863,18.76602],[83.27006,18.7656],[83.27134,18.76447],[83.27805,18.77081],[83.28139,18.77412],[83.2816,18.77465],[83.28146,18.77544],[83.28116,18.77622],[83.27979,18.77752],[83.27958,18.77806],[83.27887,18.77908],[83.27812,18.77976],[83.27622,18.78071],[83.27557,18.78183],[83.27544,18.78262],[83.27563,18.78348],[83.27609,18.78453],[83.2771,18.78644],[83.27827,18.78922],[83.27942,18.79153],[83.27999,18.79362],[83.28474,18.79809],[83.28717,18.79872],[83.28893,18.79904],[83.29128,18.79992],[83.29445,18.80022],[83.29877,18.80199],[83.30216,18.80458],[83.30419,18.80583],[83.30499,18.80695],[83.30605,18.808],[83.30743,18.80877],[83.30928,18.80943],[83.31129,18.80837],[83.31518,18.80676],[83.31752,18.80546],[83.31929,18.80478],[83.321,18.80453],[83.32674,18.80517],[83.32828,18.80576],[83.32984,18.80659],[83.32809,18.81237],[83.32835,18.81798],[83.33672,18.82352],[83.33806,18.82429],[83.33947,18.82443],[83.34085,18.82476],[83.34786,18.82695],[83.34884,18.82918],[83.34938,18.82999],[83.34997,18.8304],[83.35278,18.83124],[83.35333,18.83171],[83.35739,18.83428],[83.35886,18.83489],[83.35942,18.83606],[83.36038,18.8376],[83.36296,18.84119],[83.36421,18.84244],[83.36704,18.84365],[83.36868,18.844],[83.3697,18.84348],[83.37048,18.84282],[83.37179,18.83905],[83.37236,18.83829],[83.37543,18.83619],[83.37561,18.835],[83.3761,18.83378],[83.37846,18.83065],[83.39996,18.84001],[83.40344,18.84259],[83.40419,18.84296],[83.40546,18.84241],[83.40591,18.84282],[83.4061,18.84353],[83.40565,18.84458],[83.40432,18.84668],[83.40449,18.84856],[83.40505,18.85114],[83.40445,18.85301],[83.4043,18.85829],[83.40548,18.86024],[83.40492,18.86195],[83.40848,18.86574],[83.41166,18.86966],[83.41299,18.8711],[83.41468,18.8734],[83.4147,18.8747],[83.41033,18.87445],[83.4093,18.87606],[83.40732,18.87732],[83.40295,18.87693],[83.3973,18.87862],[83.39509,18.88042],[83.39305,18.8817],[83.39286,18.88387],[83.39262,18.88501],[83.39179,18.88712],[83.38833,18.88901],[83.38344,18.89057],[83.38185,18.89171],[83.38183,18.89366],[83.3816,18.89425],[83.37999,18.8953],[83.37838,18.89709],[83.3816,18.90046],[83.38441,18.90397],[83.3932,18.90767],[83.39239,18.90876],[83.38773,18.91201],[83.38522,18.91357],[83.38323,18.91357],[83.38207,18.9142],[83.37692,18.9099],[83.37482,18.90913],[83.37162,18.90842],[83.3702,18.90795],[83.36831,18.90884],[83.36664,18.91037],[83.36239,18.91469],[83.35973,18.91473],[83.36192,18.91597],[83.35932,18.91688],[83.35743,18.92411],[83.35563,18.92709],[83.35449,18.92823],[83.35355,18.93091],[83.35243,18.93637],[83.35213,18.94087],[83.35235,18.94349],[83.354,18.94276],[83.35838,18.94146],[83.36095,18.94091],[83.36426,18.9412],[83.36724,18.94124],[83.36997,18.94191],[83.37001,18.93702],[83.36979,18.93527],[83.36921,18.93373],[83.36936,18.93274],[83.36919,18.93081],[83.36924,18.92874],[83.37067,18.92626],[83.37535,18.92622],[83.37739,18.92569],[83.38181,18.92736],[83.38248,18.9279],[83.38426,18.9301],[83.38747,18.93292],[83.38584,18.93505],[83.38439,18.93629],[83.37999,18.9386],[83.37454,18.94197],[83.37179,18.94253],[83.37131,18.94284],[83.3711,18.94462],[83.3711,18.94624],[83.36847,18.95336],[83.3678,18.9545],[83.36601,18.95637],[83.36589,18.95686],[83.36723,18.9594],[83.36856,18.96088],[83.36807,18.96184],[83.36691,18.96335],[83.36637,18.96347],[83.36478,18.96323],[83.36358,18.96275],[83.36239,18.96295],[83.36062,18.96349],[83.35809,18.96477],[83.35604,18.96622],[83.3548,18.96737],[83.35179,18.9674],[83.35087,18.96678],[83.35022,18.9658],[83.34997,18.96422],[83.34928,18.96196],[83.34845,18.96052],[83.34821,18.95943],[83.34922,18.95439],[83.34945,18.95221],[83.34978,18.95051],[83.35084,18.94763],[83.35093,18.94694],[83.35073,18.94604],[83.35029,18.94496],[83.35027,18.94339],[83.34899,18.94319],[83.34608,18.9424],[83.34374,18.94126],[83.34481,18.93849],[83.34521,18.9364],[83.34558,18.93352],[83.34666,18.93185],[83.34853,18.92851],[83.34847,18.92641],[83.34319,18.92609],[83.33746,18.92555],[83.33549,18.92503],[83.33464,18.92532],[83.33403,18.92571],[83.33353,18.92635],[83.33393,18.92889],[83.32989,18.9309],[83.32719,18.93186],[83.32622,18.93232],[83.3256,18.93322],[83.32533,18.93414],[83.32577,18.93625],[83.32574,18.93661],[83.32489,18.93771],[83.3272,18.94471],[83.33058,18.94528],[83.33615,18.9457],[83.33756,18.94597],[83.33793,18.94636],[83.33817,18.94716],[83.33829,18.94934],[83.33918,18.95097],[83.33925,18.95179],[83.33895,18.95371],[83.33572,18.95446],[83.33355,18.95525],[83.33328,18.95575],[83.33246,18.9583],[83.33245,18.95955],[83.3326,18.96063],[83.3338,18.96471],[83.33374,18.96616],[83.33449,18.96816],[83.33493,18.96866],[83.33355,18.96929],[83.33254,18.96937],[83.32982,18.96868],[83.32942,18.96818],[83.32932,18.96721],[83.3286,18.96712],[83.32458,18.96955],[83.32284,18.96995],[83.3218,18.97044],[83.31973,18.97205],[83.31897,18.97309],[83.31821,18.97442],[83.31747,18.9766],[83.31744,18.97716],[83.3179,18.97912],[83.31768,18.98005],[83.31694,18.9815],[83.31569,18.98261],[83.31528,18.98315],[83.31541,18.98436],[83.31634,18.98514],[83.31626,18.98629],[83.31567,18.98774],[83.31436,18.99002],[83.31351,18.9908],[83.31289,18.99108],[83.31247,18.99338],[83.31193,18.99432],[83.31106,18.99479],[83.31046,18.9957],[83.31045,18.99631],[83.31088,18.99689],[83.31106,18.99736],[83.31069,18.99896],[83.3132,19.00014],[83.31532,19.00087],[83.31626,19.00132],[83.31777,19.00129],[83.31918,19.00089],[83.32071,18.99979],[83.32162,18.99971],[83.32306,18.99977],[83.32445,19.00038],[83.32593,19.00146],[83.32637,19.00208],[83.32689,19.00232],[83.32772,19.00223],[83.329,19.00146],[83.33058,18.99953],[83.33174,18.99887],[83.33397,18.99842],[83.3351,18.99859],[83.33562,18.99902],[83.33621,18.99785],[83.33676,18.99737],[83.338,18.99687],[83.33889,18.99697],[83.33805,19.00034],[83.33633,19.00292],[83.33722,19.00375],[83.3374,19.00423],[83.33726,19.00494],[83.33687,19.00557],[83.33695,19.00608],[83.33739,19.00686],[83.33971,19.00847],[83.34024,19.00923],[83.3407,19.01049],[83.34099,19.01243],[83.34283,19.01802],[83.34799,19.01697],[83.3507,19.01835],[83.35188,19.01861],[83.35353,19.01798],[83.35454,19.01794],[83.3561,19.01831],[83.35842,19.01932],[83.35922,19.01914],[83.36031,19.01861],[83.36181,19.01757],[83.36355,19.01695],[83.36533,19.01646],[83.36617,19.01591],[83.36761,19.01631],[83.36764,19.01581],[83.36746,19.01466],[83.36607,19.01316],[83.36619,19.01263],[83.36696,19.01206],[83.36681,19.01166],[83.36616,19.01131],[83.36533,19.01048],[83.36528,19.00987],[83.36557,19.00957],[83.36588,19.00949],[83.36646,19.00953],[83.36699,19.00942],[83.36703,19.00906],[83.36656,19.00883],[83.36575,19.00866],[83.36602,19.00806],[83.36667,19.00785],[83.36708,19.00751],[83.36643,19.00673],[83.36668,19.00617],[83.36898,19.00413],[83.3705,19.00315],[83.37191,19.00242],[83.37316,19.00218],[83.37479,19.00249],[83.37544,19.00283],[83.37603,19.00288],[83.37633,19.00255],[83.37649,19.00188],[83.37686,19.00175],[83.37711,19.00213],[83.37769,19.00165],[83.37847,19.00224],[83.37892,19.00227],[83.37907,19.00181],[83.37931,19.00157],[83.38018,19.00204],[83.38069,19.00187],[83.38272,19.00223],[83.38352,19.00207],[83.38398,19.00177],[83.38414,19.00134],[83.38458,19.00114],[83.3848,19.00128],[83.38501,19.00165],[83.38544,19.00175],[83.38555,19.00207],[83.38594,19.00233],[83.38665,19.00214],[83.38704,19.00329],[83.38853,19.00373],[83.38946,19.00415],[83.3903,19.00456],[83.39107,19.00515],[83.39214,19.00498],[83.39213,19.00455]]}},
{"type":"Feature","properties":{"kind":"state","name":"Andhra Pradesh–Odisha","src":"OSM relations 2022095 and 1984022","river":"3468","rlen":34},"geometry":{"type":"LineString","coordinates":[[83.39213,19.00455],[83.39271,19.00454],[83.39301,19.00459],[83.39326,19.00483],[83.3935,19.00493],[83.39391,19.00501],[83.39449,19.00499],[83.39459,19.00506],[83.3948,19.00535],[83.39481,19.00585],[83.39501,19.00631],[83.39506,19.00705],[83.39555,19.00778],[83.39564,19.00877],[83.39585,19.00911],[83.39638,19.0095],[83.39686,19.00961],[83.39743,19.0096],[83.39768,19.00953],[83.39779,19.00925],[83.39786,19.00854],[83.39799,19.00822],[83.39809,19.00815],[83.39931,19.00856],[83.39972,19.0091],[83.39992,19.00923],[83.40033,19.00934],[83.40084,19.00927],[83.40096,19.00918],[83.40113,19.00855],[83.40141,19.00811],[83.40162,19.00696],[83.40177,19.00661],[83.40188,19.00586],[83.40199,19.00568],[83.40244,19.00571],[83.4026,19.00601],[83.40243,19.00662],[83.40259,19.0067],[83.40286,19.00655],[83.40365,19.00677],[83.40402,19.00659],[83.4042,19.00637],[83.40457,19.00624],[83.40485,19.00623],[83.40488,19.00609],[83.40423,19.00526],[83.40416,19.005],[83.4043,19.00442],[83.40449,19.00417],[83.40464,19.00415],[83.40498,19.00443],[83.40512,19.00484],[83.40541,19.00505],[83.40563,19.00504],[83.40686,19.00454],[83.40751,19.00349],[83.40773,19.00349],[83.40799,19.00382],[83.40854,19.00418],[83.40906,19.00434],[83.40936,19.00432],[83.40991,19.00392],[83.4102,19.00313],[83.41026,19.00239],[83.41051,19.00196],[83.41114,19.00169],[83.41209,19.00113],[83.41241,19.00117],[83.41272,19.00143],[83.41278,19.00159],[83.41283,19.00226],[83.41277,19.00315],[83.4129,19.00344],[83.41315,19.00356],[83.41372,19.00353],[83.41457,19.00327],[83.41533,19.0029],[83.41561,19.00229],[83.41621,19.00162],[83.41678,19.00116],[83.41714,19.00107],[83.418,19.00107],[83.4191,19.00072],[83.41969,19.00033],[83.41983,19.00007],[83.41992,18.99961],[83.41992,18.99844]]}},
{"type":"Feature","properties":{"kind":"state","name":"Andhra Pradesh–Odisha","src":"OSM relations 2022095 and 1984022"},"geometry":{"type":"LineString","coordinates":[[83.41992,18.99844],[83.42011,18.99841],[83.42014,18.99803],[83.41884,18.99801],[83.41872,18.99683],[83.41598,18.99118],[83.41553,18.99015],[83.41532,18.98921],[83.41931,18.98904],[83.42033,18.98876],[83.42224,18.98753],[83.42382,18.98596],[83.42509,18.9841],[83.4254,18.98587],[83.42623,18.98507],[83.42673,18.98425],[83.42716,18.98307],[83.42836,18.98152],[83.42956,18.98022],[83.43065,18.97961],[83.43244,18.97886],[83.43391,18.97777],[83.43466,18.97651],[83.43564,18.9757],[83.43651,18.97583],[83.43878,18.97655],[83.43991,18.97373],[83.44023,18.97206],[83.44095,18.97074],[83.44475,18.96677],[83.44594,18.96593],[83.44376,18.96281],[83.44354,18.96186],[83.44381,18.96086],[83.44482,18.95932],[83.44652,18.95772],[83.44799,18.9571],[83.45152,18.95673],[83.45643,18.95541],[83.46013,18.95487],[83.46169,18.95475],[83.46162,18.9555],[83.46141,18.95588],[83.46311,18.95563],[83.46275,18.95763],[83.46404,18.95896],[83.46442,18.96133],[83.4648,18.96256],[83.46539,18.96388],[83.46568,18.96442],[83.46631,18.96464],[83.46798,18.96456],[83.46839,18.96534],[83.46919,18.96747],[83.4699,18.96867],[83.46896,18.97566],[83.46885,18.97811],[83.46852,18.98043],[83.46628,18.9795],[83.46521,18.9792],[83.46465,18.97932],[83.46435,18.97998],[83.46433,18.98076],[83.46468,18.98252],[83.46537,18.98452],[83.46728,18.98889],[83.46777,18.99108],[83.46732,18.99189],[83.46586,18.99355],[83.45541,18.99125],[83.45528,18.99357],[83.45537,18.99522],[83.45513,18.9967],[83.45404,18.99942],[83.45271,19.00181],[83.45086,19.00404],[83.45022,19.00731],[83.45,19.00983],[83.45086,19.00964],[83.45129,19.01104],[83.45225,19.01256],[83.45615,19.01237],[83.4576,19.01223],[83.45875,19.01197],[83.45993,19.01195],[83.46153,19.01233],[83.46416,19.0118],[83.46642,19.01049],[83.46877,19.00872],[83.47106,19.00736],[83.47209,19.00708],[83.47547,19.00743],[83.47774,19.00731],[83.47884,19.0079],[83.48142,19.00971],[83.4807,19.01087],[83.48184,19.01364],[83.48266,19.01512],[83.47959,19.01764],[83.47945,19.02178],[83.48032,19.02354],[83.48045,19.0248],[83.48039,19.02592],[83.48281,19.03055],[83.48328,19.03262],[83.48335,19.03396],[83.47947,19.03704],[83.47535,19.04003],[83.47104,19.04263],[83.47024,19.04402],[83.47015,19.04451],[83.47027,19.04551],[83.47115,19.04843],[83.46966,19.05082],[83.46869,19.05357],[83.46801,19.05436],[83.46781,19.05485],[83.46799,19.05586],[83.4695,19.05759],[83.46956,19.05825],[83.46919,19.06097],[83.4678,19.06318],[83.46502,19.063],[83.46353,19.06324],[83.46238,19.06375],[83.4637,19.06945],[83.46523,19.07105],[83.46517,19.07356],[83.46503,19.07437],[83.46465,19.07478],[83.46309,19.07583],[83.46347,19.07656],[83.46478,19.0782],[83.46551,19.07862],[83.46624,19.07885],[83.46627,19.0799],[83.47026,19.08024],[83.47298,19.0771],[83.47682,19.07858],[83.47836,19.07935],[83.47677,19.08416],[83.4766,19.08513],[83.47632,19.08574],[83.4748,19.08561],[83.47457,19.08586],[83.47441,19.08645],[83.4741,19.0869],[83.47382,19.08706],[83.4734,19.08703],[83.47305,19.0859],[83.47277,19.08565],[83.47254,19.08566],[83.47201,19.0862],[83.47136,19.08637],[83.47047,19.08703],[83.47019,19.0868],[83.47014,19.08652],[83.47026,19.08568],[83.46977,19.08575],[83.46948,19.08648],[83.4693,19.08663],[83.46875,19.08661],[83.4684,19.08762],[83.4675,19.0873],[83.46717,19.08739],[83.46726,19.08773],[83.46803,19.08817],[83.46817,19.08847],[83.46837,19.08937],[83.46794,19.09077],[83.46804,19.0911],[83.4683,19.09128],[83.46877,19.09136],[83.46897,19.09151],[83.46908,19.09178],[83.46794,19.09272],[83.46798,19.09313],[83.47023,19.09337],[83.4728,19.09453],[83.47376,19.0953],[83.47456,19.09451],[83.47526,19.09405],[83.47726,19.0936],[83.47812,19.0931],[83.4794,19.09275],[83.48103,19.09312],[83.48202,19.09316],[83.48294,19.09277],[83.48379,19.0918],[83.48641,19.08761],[83.48409,19.08677],[83.48182,19.0854],[83.48209,19.08332],[83.48271,19.0819],[83.48263,19.0813],[83.48094,19.0785],[83.48406,19.07579],[83.48661,19.07376],[83.48776,19.07345],[83.48882,19.07333],[83.48986,19.07237],[83.49504,19.06614],[83.49739,19.06382],[83.49879,19.06295],[83.49991,19.06177],[83.50065,19.06055],[83.50102,19.06288],[83.50154,19.06469],[83.50173,19.06593],[83.50559,19.06613],[83.50702,19.06699],[83.51114,19.07039],[83.51158,19.07025],[83.51167,19.06858],[83.51093,19.06781],[83.51088,19.06724],[83.51239,19.06464],[83.5121,19.06382],[83.51213,19.0632],[83.5129,19.06246],[83.51306,19.06193],[83.5131,19.06089],[83.51367,19.05991],[83.51529,19.0584],[83.51665,19.05747],[83.51689,19.05676],[83.51575,19.05498],[83.51505,19.05063],[83.51441,19.04916],[83.51313,19.0485],[83.51345,19.04787],[83.51439,19.04711],[83.51549,19.04527],[83.51745,19.04153],[83.51924,19.03924],[83.51915,19.03899],[83.51831,19.03813],[83.51829,19.03722],[83.5175,19.0355],[83.51707,19.0321],[83.51647,19.0308],[83.51519,19.02885],[83.51478,19.02851],[83.51408,19.02853],[83.51321,19.02932],[83.51232,19.03042],[83.51138,19.03247],[83.50933,19.03499],[83.5086,19.03544],[83.50747,19.03586],[83.50628,19.03588],[83.50537,19.03555],[83.50442,19.03582],[83.50146,19.03602],[83.49981,19.03603],[83.4964,19.03567],[83.49749,19.03475],[83.49554,19.03188],[83.49844,19.02703],[83.4987,19.02565],[83.49945,19.02409],[83.50008,19.02219],[83.5008,19.02082],[83.50256,19.01943],[83.50336,19.01894],[83.50576,19.01879],[83.50963,19.01819],[83.51237,19.01679],[83.51603,19.01664],[83.51686,19.01643],[83.51888,19.01431],[83.52159,19.01283],[83.52247,19.0121],[83.52291,19.01243],[83.5247,19.01455],[83.5259,19.01283],[83.52696,19.01315],[83.52826,19.01311],[83.53081,19.01325],[83.5336,19.01321],[83.53477,19.01289],[83.53568,19.01096],[83.53667,19.00954],[83.53776,19.01267],[83.53788,19.01432],[83.5383,19.01664],[83.53892,19.02227],[83.53994,19.02433],[83.5401,19.02504],[83.53996,19.02623],[83.54143,19.02936],[83.5414,19.03015],[83.54106,19.03104],[83.54015,19.03248],[83.53997,19.03334],[83.54011,19.03382],[83.54131,19.03625],[83.54184,19.04158],[83.54243,19.04208],[83.54437,19.04237],[83.54668,19.04329],[83.54807,19.04601],[83.54832,19.04732],[83.549,19.04872],[83.54965,19.04965],[83.55055,19.05132],[83.55124,19.05343],[83.55164,19.05418],[83.55248,19.05468],[83.55586,19.05522],[83.55703,19.05564],[83.55754,19.05608],[83.55552,19.05826],[83.55525,19.0602],[83.55541,19.06297],[83.55534,19.06336],[83.55457,19.06464],[83.55345,19.06883],[83.55288,19.06994],[83.55188,19.07116],[83.55113,19.07166],[83.55092,19.07284],[83.5502,19.07465],[83.54904,19.07653],[83.54864,19.07785],[83.54848,19.07891],[83.5487,19.0797],[83.54918,19.08053],[83.55015,19.08149],[83.55138,19.08208],[83.55325,19.08534],[83.55383,19.0861],[83.55465,19.08663],[83.55918,19.08731],[83.56025,19.08707],[83.56123,19.08602],[83.56202,19.08491],[83.56313,19.08203],[83.56436,19.08018],[83.56568,19.076],[83.56621,19.0739],[83.56693,19.072],[83.56641,19.07145],[83.56379,19.07054],[83.56336,19.06931],[83.56296,19.06859],[83.56205,19.06804],[83.56184,19.06772],[83.56168,19.06644],[83.56058,19.06402],[83.56055,19.06362],[83.56098,19.06281],[83.5614,19.06239],[83.56154,19.0618],[83.562,19.06145],[83.56185,19.06081],[83.56193,19.06058],[83.56276,19.06035],[83.56301,19.06017],[83.56296,19.05933],[83.56306,19.05886],[83.56386,19.05736],[83.5648,19.05788],[83.56538,19.05871],[83.56761,19.05995],[83.56907,19.05994],[83.57036,19.06014],[83.57372,19.06132],[83.57467,19.06141],[83.57917,19.06075],[83.58041,19.06021],[83.58192,19.05936],[83.58446,19.05747],[83.58453,19.0617],[83.584,19.06379],[83.58397,19.06448],[83.58412,19.06536],[83.58466,19.06623],[83.58575,19.06701],[83.5864,19.06762],[83.58701,19.06878],[83.58697,19.06952],[83.58636,19.07172],[83.58647,19.07359],[83.58577,19.07912],[83.5849,19.08237],[83.58471,19.08382],[83.58499,19.08551],[83.58552,19.08641],[83.58776,19.08877],[83.59119,19.09083],[83.59488,19.09363],[83.60038,19.09489],[83.60278,19.09274],[83.60579,19.09302],[83.60888,19.09489],[83.61046,19.09643],[83.61038,19.09801],[83.60776,19.10422],[83.60351,19.11168],[83.60209,19.11391],[83.60064,19.11521],[83.59909,19.11634],[83.59793,19.1178],[83.59737,19.12003],[83.59725,19.12465],[83.59836,19.13065],[83.60042,19.13386],[83.60209,19.1354],[83.60411,19.13641],[83.60574,19.13763],[83.6069,19.13905],[83.60875,19.13884],[83.61081,19.13828],[83.61205,19.13734],[83.61347,19.1371],[83.61506,19.13718],[83.61707,19.13767],[83.61986,19.14184],[83.62063,19.14334],[83.62076,19.14517],[83.62257,19.14817],[83.62402,19.1487],[83.62608,19.14979],[83.62729,19.1508],[83.62772,19.15283],[83.62784,19.15486],[83.62746,19.15725],[83.62647,19.15992],[83.62591,19.16272],[83.62737,19.16163],[83.62896,19.16114],[83.63098,19.16017],[83.63381,19.15936],[83.63617,19.15555],[83.63698,19.15368],[83.63766,19.15326],[83.63415,19.15182],[83.63467,19.14979],[83.63458,19.14906],[83.63252,19.14472],[83.63149,19.14067],[83.63304,19.13897],[83.63561,19.13503],[83.63694,19.13175],[83.63926,19.13195],[83.64239,19.13191],[83.64387,19.13144],[83.64664,19.12982],[83.64771,19.12974],[83.64958,19.1312],[83.65095,19.13181],[83.65304,19.13181],[83.65398,19.13102],[83.65503,19.12982],[83.65497,19.12775],[83.65452,19.12376],[83.65458,19.12228],[83.65426,19.1221],[83.64962,19.12319],[83.64816,19.12086],[83.64722,19.11887],[83.64709,19.11827],[83.64746,19.11796],[83.65048,19.11731],[83.65072,19.11283],[83.65063,19.11074],[83.6511,19.10943],[83.65467,19.10924],[83.65625,19.10795],[83.65664,19.10693],[83.65728,19.1031],[83.66017,19.0997],[83.6612,19.09906],[83.66278,19.09905],[83.66274,19.09752],[83.6625,19.09515],[83.66383,19.09307],[83.66387,19.09233],[83.66376,19.09167],[83.6633,19.09091],[83.66267,19.09032],[83.66228,19.0874],[83.66193,19.08651],[83.66038,19.08451],[83.66062,19.0839],[83.66061,19.08312],[83.66121,19.08061],[83.66354,19.07846],[83.66388,19.07782],[83.66397,19.07625],[83.66453,19.07573],[83.66749,19.07552],[83.66812,19.07529],[83.66945,19.07408],[83.67089,19.07402],[83.67262,19.07365],[83.67448,19.0723],[83.67503,19.07147],[83.67575,19.06955],[83.6759,19.06889],[83.67597,19.06643],[83.67623,19.0657],[83.67666,19.06501],[83.67817,19.06425],[83.6788,19.06375],[83.68039,19.06162],[83.68178,19.06064],[83.68386,19.05956],[83.68482,19.05892],[83.68516,19.05857],[83.68701,19.05488],[83.6881,19.05324],[83.68829,19.05239],[83.68833,19.05141],[83.6886,19.05063],[83.68941,19.04923],[83.69044,19.04821],[83.69133,19.04675],[83.69159,19.04513],[83.69221,19.04299],[83.6923,19.04126],[83.69253,19.03996],[83.69355,19.03749],[83.69521,19.0357],[83.69673,19.03464],[83.69733,19.03407],[83.69842,19.03216],[83.69854,19.03166],[83.69785,19.03103],[83.69782,19.03068],[83.69833,19.02936],[83.69897,19.02825],[83.69978,19.0272],[83.70004,19.0255],[83.70037,19.02514],[83.702,19.0242],[83.70304,19.02379],[83.70509,19.0234],[83.70961,19.02462],[83.71575,19.02382],[83.71658,19.02353],[83.71802,19.02216],[83.71848,19.02214],[83.71881,19.02236],[83.71926,19.02233],[83.72044,19.02178],[83.72093,19.02167],[83.72167,19.02176],[83.72261,19.02206],[83.72298,19.02188],[83.72311,19.02147],[83.72393,19.02162],[83.72397,19.0212],[83.72422,19.02078],[83.7246,19.0206],[83.72503,19.02064],[83.72588,19.02138],[83.7265,19.02149],[83.72753,19.02141],[83.72986,19.02194],[83.72996,19.02175],[83.72971,19.02152],[83.72951,19.02055],[83.72853,19.01993],[83.72844,19.01872],[83.72814,19.01734],[83.72761,19.01633],[83.72474,19.01343],[83.72452,19.01294],[83.72436,19.01092],[83.72371,19.01015],[83.72239,19.00966],[83.72096,19.00931],[83.71874,19.01056],[83.71786,19.01035],[83.71643,19.00985],[83.71493,19.00894],[83.71303,19.00849],[83.70935,19.00678],[83.70851,19.00613],[83.70943,19.00443],[83.7097,19.00192],[83.71014,19.00148],[83.71154,19.0007],[83.7131,18.99751],[83.71356,18.99317],[83.71381,18.99265],[83.71461,18.99333],[83.71649,18.99331],[83.7193,18.99252],[83.72198,18.99155],[83.73321,18.98801],[83.7331,18.98719],[83.73361,18.98581],[83.73397,18.98293],[83.73352,18.98128],[83.7336,18.98051],[83.73395,18.97926],[83.73388,18.9689],[83.73466,18.96706],[83.73599,18.96471],[83.73755,18.96256],[83.73832,18.96104],[83.73934,18.95735],[83.74093,18.95016],[83.74142,18.94898],[83.74202,18.9479],[83.74419,18.9457],[83.74692,18.94323],[83.74705,18.94201],[83.74694,18.93948],[83.74706,18.93785],[83.74757,18.93673],[83.75083,18.93216],[83.75099,18.93113],[83.75229,18.92857],[83.75392,18.92496],[83.76316,18.92738],[83.76423,18.92421],[83.7659,18.92362],[83.76652,18.92246],[83.76706,18.92096],[83.76805,18.91893],[83.76837,18.91684],[83.76934,18.91426],[83.77213,18.91461],[83.77459,18.91299],[83.77631,18.91199],[83.77751,18.91148],[83.77882,18.91136],[83.78614,18.91465],[83.78792,18.91585],[83.78775,18.91723],[83.78781,18.91843],[83.78753,18.91966],[83.78558,18.92281],[83.78509,18.92389],[83.78502,18.92508],[83.78545,18.92841],[83.78466,18.93176],[83.78461,18.93363],[83.7817,18.93481],[83.78148,18.936],[83.77893,18.93657],[83.77818,18.93992],[83.77717,18.94266],[83.77704,18.94424],[83.77633,18.94512],[83.77459,18.94487],[83.77275,18.9443],[83.77178,18.94591],[83.77107,18.94794],[83.77015,18.95289],[83.77009,18.95441],[83.76964,18.955],[83.76816,18.955],[83.76483,18.95354],[83.76352,18.95263],[83.76238,18.95151],[83.76165,18.95041],[83.75908,18.95058],[83.75905,18.9519],[83.75888,18.95304],[83.7582,18.95567],[83.75749,18.95692],[83.75702,18.95729],[83.75686,18.95773],[83.75682,18.95821],[83.75723,18.95852],[83.75747,18.95922],[83.75716,18.95953],[83.75591,18.95968],[83.75569,18.96101],[83.75509,18.9621],[83.75478,18.9649],[83.75491,18.96599],[83.75474,18.96652],[83.75404,18.96675],[83.75385,18.96726],[83.75412,18.96755],[83.75482,18.96769],[83.75535,18.96941],[83.75524,18.97136],[83.74882,18.9737],[83.74757,18.97428],[83.74725,18.97465],[83.74709,18.97519],[83.74708,18.97588],[83.74732,18.9767],[83.74705,18.97735],[83.74689,18.97836],[83.74694,18.97964],[83.7472,18.98049],[83.74702,18.98279],[83.74615,18.98425],[83.74618,18.9848],[83.74599,18.98618],[83.74626,18.98742],[83.7461,18.98978],[83.74623,18.99052],[83.74684,18.99126],[83.74763,18.99595],[83.74903,18.99674],[83.75145,18.99873],[83.75278,18.99778],[83.75311,18.99801],[83.75395,18.99924],[83.75453,18.99905],[83.75501,18.9987],[83.75722,19.00021],[83.75795,19.00101],[83.75874,19.00219],[83.76063,19.00265],[83.761,19.0023],[83.76153,19.00144],[83.7623,18.99958],[83.76282,18.999],[83.7634,18.99924],[83.76403,19.00008],[83.76421,19.00074],[83.7643,19.00177],[83.76419,19.00236],[83.7639,19.00284],[83.76389,19.0038],[83.76419,19.0048],[83.76481,19.00554],[83.76616,19.00615],[83.7676,19.00663],[83.76849,19.00639],[83.76902,19.00641],[83.7701,19.00669],[83.77103,19.00747],[83.77185,19.00797],[83.77224,19.00807],[83.77385,19.00755],[83.77431,19.00755],[83.77556,19.00819],[83.77781,19.00756],[83.77885,19.00753],[83.78158,19.00819],[83.78195,19.00844],[83.78174,19.01083],[83.78175,19.01223],[83.78094,19.01273],[83.78128,19.01394],[83.78026,19.01468],[83.77894,19.01519],[83.77778,19.01583],[83.77764,19.01686],[83.77773,19.01747],[83.77811,19.0176],[83.77983,19.01767],[83.78058,19.01863],[83.78182,19.01778],[83.7834,19.01769],[83.784,19.01794],[83.78445,19.01858],[83.78657,19.01861],[83.78841,19.01859],[83.7916,19.01793],[83.79302,19.01775],[83.79472,19.01802],[83.79687,19.01874]]}},
{"type":"Feature","properties":{"kind":"state","name":"Andhra Pradesh–Odisha","src":"OSM relations 2022095 and 1984022","river":"3566","rlen":287},"geometry":{"type":"LineString","coordinates":[[83.79687,19.01874],[83.79734,19.01747],[83.79769,19.01609],[83.79792,19.01336],[83.79791,19.01263],[83.79746,19.00999],[83.79745,19.00878],[83.79729,19.00674],[83.79761,19.00381],[83.79823,19.00216],[83.7983,19.00159],[83.7982,19.00092],[83.79753,18.99839],[83.79755,18.99771],[83.79783,18.9971],[83.79858,18.99634],[83.79987,18.99528],[83.80123,18.99471],[83.80564,18.99351],[83.80844,18.99265],[83.80963,18.99226],[83.81017,18.99197],[83.81066,18.99154],[83.81118,18.99056],[83.81159,18.98958],[83.81223,18.98705],[83.81276,18.98291],[83.81513,18.97693],[83.81512,18.9755],[83.8154,18.97182],[83.81571,18.97108],[83.81664,18.97034],[83.81713,18.9696],[83.81736,18.96912],[83.81798,18.96711],[83.81824,18.96657],[83.81922,18.96564],[83.82112,18.96259],[83.82154,18.9614],[83.82172,18.95994],[83.82206,18.95875],[83.82268,18.95744],[83.82296,18.95657],[83.82307,18.95584],[83.82304,18.95497],[83.82282,18.95401],[83.82232,18.94838],[83.82178,18.94694],[83.82146,18.94643],[83.82143,18.9461],[83.82142,18.94547],[83.82184,18.94305],[83.82187,18.94248],[83.82125,18.93959],[83.82119,18.93815],[83.82145,18.93616],[83.82159,18.93569],[83.82188,18.93516],[83.82241,18.93452],[83.82317,18.93399],[83.82602,18.93272],[83.82901,18.93057],[83.82929,18.93022],[83.8295,18.92967],[83.82993,18.92798]]}},
{"type":"Feature","properties":{"kind":"state","name":"Andhra Pradesh–Odisha","src":"OSM relations 2022095 and 1984022"},"geometry":{"type":"LineString","coordinates":[[83.82993,18.92798],[83.82785,18.9275],[83.82461,18.91789],[83.82613,18.91561],[83.82906,18.91456],[83.83087,18.91594]]}},
{"type":"Feature","properties":{"kind":"state","name":"Andhra Pradesh–Odisha","src":"OSM relations 2022095 and 1984022","river":"3566","rlen":287},"geometry":{"type":"LineString","coordinates":[[83.83087,18.91594],[83.83122,18.91552],[83.83179,18.91446],[83.83244,18.91375],[83.83271,18.91359],[83.83295,18.91359],[83.83401,18.91422],[83.83624,18.91588],[83.83734,18.91648],[83.83855,18.91691],[83.8406,18.91707],[83.84332,18.91699],[83.84368,18.91689],[83.84663,18.91508],[83.84719,18.9143],[83.8475,18.91256],[83.84785,18.91116],[83.8483,18.91],[83.8486,18.90948],[83.84885,18.90849],[83.84881,18.90727],[83.84776,18.90558],[83.84759,18.90449],[83.84776,18.90091],[83.84773,18.89919],[83.84785,18.89877],[83.84877,18.89775],[83.84883,18.89744],[83.84865,18.89652],[83.8483,18.8954],[83.84878,18.89384],[83.84863,18.89301],[83.84867,18.89267],[83.84876,18.89242],[83.8492,18.89181],[83.84928,18.89153],[83.84908,18.88855],[83.84911,18.88812]]}},
{"type":"Feature","properties":{"kind":"state","name":"Andhra Pradesh–Odisha","src":"OSM relations 2022095 and 1984022"},"geometry":{"type":"LineString","coordinates":[[83.84911,18.88812],[83.84681,18.888],[83.84438,18.8813],[83.8437,18.8777],[83.84381,18.87726],[83.84583,18.87644]]}},
{"type":"Feature","properties":{"kind":"state","name":"Andhra Pradesh–Odisha","src":"OSM relations 2022095 and 1984022","river":"3566","rlen":287},"geometry":{"type":"LineString","coordinates":[[83.84583,18.87644],[83.84546,18.87546],[83.84509,18.87213],[83.84455,18.87042],[83.84455,18.86986],[83.84463,18.86919],[83.84501,18.86856],[83.84571,18.86653],[83.84674,18.86452],[83.84752,18.86329],[83.84786,18.86257],[83.84841,18.86102],[83.84931,18.86099],[83.84987,18.86041],[83.84997,18.8601],[83.84999,18.85875],[83.85032,18.85808],[83.85133,18.8574],[83.85187,18.8572],[83.8527,18.85643],[83.8534,18.85626],[83.85375,18.85609],[83.85415,18.85582],[83.85446,18.85542],[83.8552,18.85518],[83.85617,18.85471],[83.85742,18.85424],[83.85897,18.85324],[83.85928,18.85312],[83.86062,18.8528],[83.86211,18.85288],[83.8625,18.85283],[83.86297,18.85268],[83.86379,18.85222],[83.86488,18.852],[83.86571,18.85198],[83.86724,18.85167],[83.86942,18.85139],[83.87019,18.85106],[83.87168,18.8498],[83.87247,18.84938],[83.8733,18.84851],[83.87556,18.84554],[83.87701,18.84339],[83.8776,18.84276],[83.8782,18.84236],[83.88066,18.84013],[83.88093,18.83948],[83.8809,18.83806],[83.88096,18.83772],[83.88113,18.83753],[83.88218,18.83699],[83.88246,18.83665],[83.88252,18.83554],[83.88277,18.83443],[83.88341,18.83373],[83.88433,18.83301],[83.8852,18.83221],[83.88712,18.82862],[83.88741,18.82827],[83.88781,18.82812],[83.88901,18.82806],[83.88943,18.82783],[83.88979,18.82737],[83.89015,18.82707],[83.89105,18.82655],[83.89143,18.82597],[83.89154,18.82551],[83.8916,18.82366],[83.89176,18.82346],[83.89298,18.82293],[83.89356,18.82245],[83.89399,18.82152],[83.89448,18.81973],[83.89435,18.81923],[83.89432,18.81861],[83.89485,18.81677]]}},
{"type":"Feature","properties":{"kind":"state","name":"Andhra Pradesh–Odisha","src":"OSM relations 2022095 and 1984022"},"geometry":{"type":"LineString","coordinates":[[83.89485,18.81677],[83.89688,18.81731],[83.8978,18.81923],[83.89848,18.8217],[83.89892,18.82227],[83.89917,18.82295],[83.89923,18.8238],[83.89969,18.8244],[83.90039,18.82479],[83.90178,18.82509],[83.90311,18.82568],[83.90476,18.82742],[83.90661,18.82739],[83.90768,18.82694],[83.90826,18.82694],[83.90939,18.82629],[83.91165,18.82585],[83.91252,18.82619],[83.91346,18.82694],[83.9148,18.82677],[83.9156,18.82796],[83.91636,18.82796],[83.91671,18.82714],[83.91675,18.82649],[83.91751,18.82447],[83.92034,18.82381],[83.92203,18.82375],[83.92285,18.82335],[83.92327,18.82187],[83.92405,18.82241],[83.92496,18.82251],[83.92653,18.8224],[83.92833,18.81862],[83.9302,18.81737],[83.93163,18.81591],[83.93276,18.81596],[83.93463,18.81631],[83.93459,18.81818],[83.93745,18.81823],[83.93812,18.81583],[83.94233,18.81544],[83.94208,18.81229],[83.94217,18.81065],[83.94172,18.80831],[83.94482,18.80761],[83.94721,18.80644],[83.94826,18.80625],[83.94845,18.80548],[83.9501,18.80514],[83.95086,18.80601],[83.95288,18.80592],[83.95309,18.80649],[83.95542,18.8064],[83.95614,18.80784],[83.95681,18.80795],[83.95689,18.80863],[83.95764,18.80866],[83.9579,18.80963],[83.95877,18.80974],[83.95996,18.81334],[83.96067,18.81324],[83.96098,18.81404],[83.96293,18.81295],[83.9647,18.81429],[83.96536,18.81462],[83.96625,18.81471],[83.96828,18.81432],[83.96992,18.81436],[83.97063,18.81417],[83.97164,18.81467],[83.97258,18.81488],[83.97845,18.81405],[83.97851,18.81289],[83.98083,18.81238],[83.98476,18.81214],[83.98518,18.81084],[83.98553,18.81032],[83.98608,18.81011],[83.98676,18.81005],[83.98726,18.81014],[83.98865,18.81083],[83.98722,18.81109],[83.98724,18.81153],[83.99166,18.81282],[83.99227,18.81362],[83.99368,18.81376],[83.9941,18.8131],[83.99441,18.81231],[83.99497,18.81203],[83.99567,18.81134],[83.99729,18.81116],[83.99805,18.81172],[83.99846,18.81163],[83.99863,18.81108],[83.99923,18.81073],[83.99989,18.81052],[84.00105,18.81129],[84.00277,18.81036],[84.00314,18.80923],[84.00476,18.80904],[84.00525,18.80863],[84.00569,18.80865],[84.00589,18.80966],[84.00688,18.81002],[84.00717,18.81041],[84.00926,18.81124],[84.00991,18.81162],[84.01217,18.81069],[84.01586,18.80861],[84.01603,18.81],[84.01634,18.81105],[84.01749,18.81249],[84.01745,18.81312],[84.01702,18.81394],[84.01642,18.81453],[84.0167,18.81536],[84.01674,18.81623],[84.01531,18.81643],[84.01543,18.81711],[84.0191,18.81639],[84.01912,18.81786],[84.02221,18.81593],[84.02393,18.81619],[84.02511,18.81715],[84.02481,18.81536],[84.03254,18.81172],[84.03331,18.81164],[84.03614,18.8128],[84.03775,18.81321],[84.03848,18.81641],[84.04155,18.81522],[84.04277,18.81444],[84.04273,18.81373],[84.04477,18.81323],[84.04575,18.8128],[84.04573,18.81241],[84.04459,18.81083],[84.04453,18.80801],[84.04421,18.80599],[84.04469,18.80516],[84.04597,18.80511],[84.04601,18.80413],[84.04589,18.80394],[84.04537,18.80365],[84.04547,18.8032],[84.046,18.80304],[84.04618,18.80277],[84.04631,18.80177],[84.04808,18.80101],[84.04834,18.80079],[84.04835,18.80014],[84.04926,18.7994],[84.05059,18.79937],[84.05091,18.79905],[84.05329,18.79914],[84.05536,18.79907],[84.05574,18.79932],[84.05599,18.79994],[84.05665,18.79995],[84.05665,18.79957],[84.05737,18.79947],[84.05771,18.80013],[84.05853,18.80017],[84.05868,18.79957],[84.05985,18.7991],[84.05868,18.79854],[84.05852,18.79826],[84.05852,18.79698],[84.05838,18.79629],[84.05772,18.79409],[84.0573,18.79317],[84.05741,18.79274],[84.05815,18.79259],[84.05823,18.79184],[84.05978,18.79191],[84.05978,18.79242],[84.06135,18.79237],[84.06168,18.79187],[84.06159,18.79072],[84.05872,18.79076],[84.05861,18.78962],[84.05728,18.78938],[84.05758,18.78767],[84.05823,18.78688],[84.059,18.78672],[84.05925,18.7865],[84.05989,18.7854],[84.06058,18.78483],[84.05979,18.78474],[84.05956,18.78318],[84.0598,18.78253],[84.06028,18.78226],[84.06088,18.78217],[84.06159,18.78152],[84.06185,18.78143],[84.06436,18.78154],[84.06554,18.78172],[84.06582,18.78218],[84.06634,18.78226],[84.06797,18.78217],[84.0691,18.77836],[84.07026,18.77823],[84.07178,18.77759],[84.07384,18.77574],[84.07398,18.77498],[84.07482,18.77323],[84.07472,18.77286],[84.07436,18.77232],[84.07483,18.77129],[84.07481,18.77092],[84.07462,18.77056],[84.07476,18.77014],[84.07529,18.76984],[84.0755,18.76956],[84.07569,18.76897],[84.07562,18.76796],[84.07576,18.76756],[84.07623,18.76725],[84.07638,18.76695],[84.07583,18.76591],[84.07584,18.76523],[84.07606,18.7648],[84.07641,18.76448],[84.07712,18.76433],[84.07784,18.76449],[84.07837,18.76492],[84.07857,18.76528],[84.08047,18.76545],[84.08047,18.76488],[84.07971,18.76493],[84.0797,18.76446],[84.08061,18.76448],[84.081,18.76415],[84.08159,18.76447],[84.08142,18.76551],[84.08198,18.7658],[84.08297,18.76596],[84.08472,18.76598],[84.08487,18.76654],[84.08521,18.7665],[84.08482,18.76418],[84.08946,18.76401],[84.08951,18.76374],[84.08939,18.76347],[84.08894,18.7633],[84.08885,18.76273],[84.08922,18.75772],[84.08954,18.7568],[84.08935,18.75784]]}},
{"type":"Feature","properties":{"kind":"state","name":"Andhra Pradesh–Odisha","src":"OSM relations 2022095 and 1984022","river":"3578","rlen":87},"geometry":{"type":"LineString","coordinates":[[84.08935,18.75784],[84.08958,18.75788],[84.09036,18.75823],[84.09314,18.75993],[84.09496,18.76077],[84.0972,18.76144],[84.09792,18.76148],[84.09863,18.76141],[84.09972,18.76118],[84.10152,18.76065],[84.10198,18.76067],[84.10247,18.7608],[84.10365,18.76124],[84.10463,18.7621],[84.10612,18.76301],[84.10946,18.76466],[84.11003,18.76505],[84.11198,18.76676],[84.11274,18.76717],[84.11339,18.76735],[84.11404,18.76734],[84.11584,18.76703],[84.11703,18.76659],[84.11771,18.76657],[84.11822,18.76672],[84.12101,18.76822],[84.1221,18.76856],[84.12287,18.76856],[84.1233,18.76838],[84.12393,18.76711],[84.12441,18.76565],[84.12471,18.76532],[84.12506,18.76509],[84.1257,18.76499],[84.12704,18.7651],[84.12813,18.765],[84.1288,18.76478],[84.12898,18.76465],[84.12942,18.76415],[84.13066,18.76068],[84.13134,18.75997],[84.13182,18.75973],[84.13229,18.75969],[84.13293,18.75988],[84.13419,18.76056],[84.13452,18.76061],[84.13662,18.76032],[84.137,18.76039],[84.13743,18.76058],[84.13892,18.76176],[84.14012,18.76288],[84.14144,18.76347]]}},
{"type":"Feature","properties":{"kind":"state","name":"Andhra Pradesh–Odisha","src":"OSM relations 2022095 and 1984022"},"geometry":{"type":"LineString","coordinates":[[84.14144,18.76347],[84.14113,18.7641],[84.14193,18.76434],[84.14202,18.76539],[84.1412,18.76679],[84.14042,18.76705],[84.13933,18.76706],[84.13902,18.76865],[84.13914,18.76928],[84.13941,18.7698],[84.13963,18.77165],[84.13937,18.77411],[84.14015,18.7763],[84.14035,18.77727],[84.14221,18.77731],[84.14496,18.77713],[84.14633,18.77736],[84.14784,18.77905],[84.14785,18.77959],[84.14856,18.78006],[84.14873,18.78087],[84.14954,18.78091],[84.15033,18.78178],[84.15136,18.78201],[84.1518,18.78341],[84.15208,18.78364],[84.15253,18.78376],[84.15365,18.78331],[84.15406,18.78332],[84.15445,18.78348],[84.1549,18.78447],[84.15605,18.78464],[84.15709,18.78448],[84.15705,18.78308],[84.15778,18.78318],[84.15847,18.78294],[84.1585,18.78488],[84.15923,18.78574],[84.1582,18.78566],[84.15856,18.78594],[84.15832,18.78684],[84.15898,18.78722],[84.15907,18.78774],[84.15926,18.78787],[84.1607,18.78764],[84.16107,18.78771],[84.16156,18.78879],[84.16304,18.78876],[84.16357,18.78924],[84.16384,18.78922],[84.16465,18.78847],[84.16568,18.78785],[84.16636,18.78785],[84.16834,18.78839],[84.16954,18.78831],[84.17006,18.78796],[84.17085,18.78653],[84.17229,18.78443],[84.17219,18.78338],[84.1723,18.78289],[84.17344,18.78248],[84.17432,18.78232],[84.17512,18.78194],[84.17568,18.78068],[84.17596,18.78042],[84.17661,18.78031],[84.17847,18.78079],[84.18159,18.78195],[84.18218,18.78204],[84.18329,18.78189],[84.18469,18.78103],[84.18524,18.78021],[84.18579,18.77989],[84.1874,18.77986],[84.18821,18.77968],[84.18889,18.77925],[84.18937,18.77827],[84.18991,18.77772],[84.19019,18.77775],[84.19022,18.77889],[84.19046,18.77906],[84.19115,18.77917],[84.19174,18.77987],[84.19286,18.78081],[84.19326,18.78142],[84.19348,18.78286],[84.19418,18.78339],[84.19396,18.7842],[84.19419,18.78514],[84.19446,18.78553],[84.19439,18.78608],[84.19402,18.78722],[84.19366,18.78755],[84.19366,18.78783],[84.19459,18.78879],[84.19422,18.78953],[84.19461,18.79019],[84.19485,18.79097],[84.19557,18.79162],[84.1962,18.79158],[84.19663,18.79138],[84.19696,18.79148],[84.19713,18.79185],[84.19749,18.79185],[84.19756,18.79086],[84.19828,18.7909],[84.19862,18.79106],[84.19874,18.79158],[84.1993,18.79164],[84.19968,18.79199],[84.20006,18.79216],[84.20022,18.79197],[84.20047,18.79052],[84.20076,18.79039],[84.2021,18.7901],[84.20426,18.79004],[84.20625,18.78977],[84.20736,18.78928],[84.20762,18.78927],[84.2079,18.78957],[84.20814,18.78953],[84.20824,18.78926],[84.20884,18.78935],[84.20928,18.78926],[84.20953,18.78959],[84.21038,18.78964],[84.21092,18.78996],[84.21349,18.79059],[84.21739,18.79007],[84.21846,18.79013],[84.21876,18.79033],[84.21893,18.79077],[84.21888,18.79113],[84.21857,18.79146],[84.21781,18.79199],[84.2151,18.79292],[84.2142,18.79385],[84.21427,18.79471],[84.21457,18.7952],[84.21701,18.79515],[84.21836,18.79568],[84.21916,18.79494],[84.22165,18.79666],[84.22182,18.7972],[84.22176,18.79782],[84.22249,18.79807],[84.223,18.79749],[84.22352,18.79724],[84.22388,18.7972],[84.22452,18.79737],[84.22631,18.79879],[84.22815,18.79862],[84.22913,18.79798],[84.22969,18.79734],[84.23051,18.79706],[84.23218,18.79708],[84.23383,18.79484],[84.23683,18.79858],[84.23846,18.79807],[84.24076,18.79708],[84.24072,18.79408],[84.24118,18.79138],[84.24198,18.79153],[84.2423,18.79088],[84.24295,18.79128],[84.24357,18.79145],[84.24358,18.79099],[84.24341,18.79041],[84.24285,18.79029],[84.2425,18.78982],[84.24302,18.7888],[84.24373,18.78839],[84.24522,18.78782],[84.24558,18.78756],[84.24595,18.78698],[84.24752,18.78666],[84.24888,18.78582],[84.24947,18.78582],[84.2503,18.78631],[84.2517,18.7863],[84.25176,18.78703],[84.25303,18.78713],[84.25315,18.78804],[84.25591,18.78804],[84.25802,18.78457],[84.25896,18.78384],[84.26001,18.78324],[84.26195,18.78328],[84.26621,18.78405],[84.26783,18.78451],[84.27021,18.7857],[84.27356,18.7871],[84.27741,18.78848],[84.27959,18.78936],[84.28298,18.79098],[84.28655,18.79229],[84.28676,18.79274],[84.28735,18.79529],[84.28846,18.79729],[84.28877,18.79826],[84.28886,18.80115],[84.28864,18.8024],[84.28915,18.80269],[84.28865,18.80467],[84.2927,18.8031],[84.29484,18.80241],[84.29638,18.80165],[84.30061,18.79986],[84.30499,18.79827],[84.30556,18.79553],[84.30599,18.79427],[84.30819,18.79432],[84.30907,18.79411],[84.3105,18.79326],[84.31196,18.79151],[84.31229,18.79064],[84.31261,18.79032],[84.31321,18.79004],[84.31429,18.78976],[84.32133,18.78654],[84.32494,18.79047],[84.32503,18.79097],[84.3245,18.79469],[84.32551,18.79702],[84.32681,18.79892],[84.32744,18.79921],[84.32896,18.79922],[84.33555,18.79846],[84.33638,18.79847],[84.33619,18.80102],[84.33811,18.80039],[84.33904,18.80224],[84.34157,18.80188],[84.34455,18.80182],[84.3432,18.80432],[84.34294,18.80514],[84.34255,18.80799],[84.34205,18.80874],[84.34055,18.80985],[84.3374,18.8114],[84.33691,18.81153],[84.33647,18.81292],[84.33423,18.81509],[84.33104,18.81501],[84.33104,18.81796],[84.33434,18.81779],[84.33399,18.81958],[84.3341,18.82],[84.33449,18.82008],[84.33548,18.81957],[84.33667,18.81963],[84.3382,18.81945],[84.33919,18.81965],[84.33988,18.8201],[84.3422,18.82204],[84.34278,18.82227],[84.34423,18.82215],[84.34699,18.82112],[84.34834,18.8204],[84.34896,18.82018],[84.34949,18.82018],[84.35016,18.82229],[84.35106,18.82249],[84.35128,18.82279],[84.35199,18.82712],[84.35071,18.8277],[84.35109,18.82952],[84.35218,18.8291],[84.35215,18.8315],[84.3573,18.83106],[84.35892,18.83105],[84.35958,18.83122],[84.36187,18.83432],[84.36351,18.8359],[84.36377,18.83658],[84.36379,18.83705],[84.36282,18.83785],[84.36129,18.83888],[84.36115,18.83937],[84.36141,18.8409],[84.36134,18.84193],[84.36107,18.84218],[84.35824,18.84298],[84.35366,18.84487],[84.34702,18.8484],[84.34459,18.85947],[84.34288,18.86613],[84.34114,18.87413],[84.33968,18.88004],[84.33693,18.89015],[84.34661,18.87969],[84.34968,18.87661],[84.35187,18.8747],[84.35365,18.87285],[84.35648,18.86938],[84.35816,18.8696],[84.3613,18.86328],[84.36165,18.86237],[84.36235,18.86124],[84.36493,18.86168],[84.36644,18.86412],[84.3714,18.8603],[84.37363,18.86089],[84.37444,18.86135],[84.37668,18.86459],[84.37764,18.86451],[84.37937,18.87145],[84.38365,18.87396],[84.38193,18.87758],[84.38006,18.87701],[84.3792,18.87816],[84.37786,18.8778],[84.37583,18.87855],[84.37294,18.87834],[84.37131,18.88059],[84.36936,18.88125],[84.36846,18.88202],[84.36752,18.884],[84.36583,18.88615],[84.36282,18.8869],[84.36253,18.89086],[84.36151,18.89314],[84.36062,18.89475],[84.36167,18.89546],[84.36282,18.89302],[84.36452,18.89066],[84.36511,18.89009],[84.36592,18.88959],[84.37042,18.88751],[84.37164,18.8871],[84.37245,18.887],[84.37583,18.88711],[84.37783,18.88509],[84.38069,18.88288],[84.38082,18.88245],[84.3807,18.88198],[84.38094,18.88183],[84.38146,18.88192],[84.38143,18.88228],[84.38161,18.88268],[84.385,18.88164],[84.3848,18.88334],[84.38444,18.88366],[84.38383,18.88391],[84.38254,18.88472],[84.38218,18.8854],[84.38206,18.88595],[84.38316,18.88663],[84.38938,18.88371],[84.39327,18.8764],[84.39573,18.87996],[84.39555,18.88174],[84.39581,18.88225],[84.39599,18.88229],[84.39758,18.88182],[84.39808,18.8819],[84.39869,18.88266],[84.39886,18.88304],[84.39895,18.88495],[84.39874,18.88963],[84.39803,18.8907],[84.39739,18.89196],[84.39694,18.89233],[84.39561,18.8924],[84.39502,18.89354],[84.39456,18.8939],[84.39264,18.89513],[84.38985,18.89667],[84.38886,18.89667],[84.38717,18.89587],[84.38665,18.89539],[84.3861,18.89508],[84.38585,18.89518],[84.38399,18.8967],[84.38312,18.89847],[84.38085,18.90017],[84.38022,18.90106],[84.37977,18.90206],[84.37933,18.90265],[84.37849,18.90338],[84.37927,18.90404],[84.38118,18.90276],[84.38239,18.90231],[84.38418,18.90172],[84.38658,18.90129],[84.38911,18.90272],[84.39335,18.90471],[84.39375,18.90433],[84.39372,18.90243],[84.39416,18.90072],[84.39463,18.89953],[84.39547,18.89846],[84.39718,18.89854],[84.39972,18.89735],[84.40017,18.89696],[84.40033,18.89666],[84.40011,18.89547],[84.40089,18.89531],[84.40173,18.89528],[84.40246,18.89571],[84.40291,18.89572],[84.40491,18.89546],[84.4105,18.89549],[84.41121,18.89588],[84.41265,18.89732],[84.41466,18.89743],[84.41739,18.89729],[84.41902,18.89738],[84.4195,18.89757],[84.42007,18.89816],[84.42045,18.89965],[84.42155,18.90091],[84.42231,18.90279],[84.4219,18.90568],[84.42168,18.90891],[84.41921,18.91203],[84.41679,18.91426],[84.41681,18.91534],[84.41812,18.91835],[84.4203,18.91838],[84.42017,18.91639],[84.42051,18.91551],[84.42117,18.91479],[84.42214,18.91297],[84.42303,18.91175],[84.42499,18.91056],[84.42782,18.90974],[84.42873,18.90964],[84.4292,18.90987],[84.43094,18.91197],[84.43129,18.91255],[84.43167,18.91419],[84.43194,18.91616],[84.43167,18.91752],[84.43453,18.91958],[84.4362,18.92057],[84.4376,18.91992],[84.43835,18.92059],[84.43858,18.92101],[84.4384,18.92357],[84.43787,18.9251],[84.44002,18.92742],[84.43772,18.93243],[84.42742,18.93217],[84.43056,18.93738],[84.42859,18.9426],[84.42795,18.94363],[84.42554,18.946],[84.425,18.947],[84.42549,18.95058],[84.42596,18.95272],[84.42984,18.9553],[84.43244,18.95918],[84.432,18.96234],[84.42942,18.96483],[84.43112,18.96916],[84.43727,18.97037],[84.44167,18.96865],[84.44337,18.96938],[84.44505,18.97086],[84.44606,18.97195],[84.44508,18.97322],[84.4462,18.97406],[84.44784,18.97556],[84.45013,18.97642],[84.4508,18.97645],[84.45127,18.97588],[84.45174,18.97573],[84.45239,18.97592],[84.45247,18.97618],[84.45237,18.97652],[84.45157,18.97734],[84.4448,18.98317],[84.44454,18.98632],[84.44345,18.9903],[84.43685,18.99314],[84.43406,18.99417],[84.43227,18.99502],[84.43224,19.00173],[84.43256,19.00476],[84.43255,19.00614],[84.4324,19.00661],[84.43119,19.0074],[84.42914,19.00779],[84.42818,19.00767],[84.42706,19.00881],[84.4259,19.01025],[84.42396,19.01316],[84.42199,19.01277],[84.422,19.01465],[84.42123,19.02012],[84.42113,19.02216],[84.42315,19.02141],[84.42394,19.02094],[84.42403,19.02158]]}},
{"type":"Feature","properties":{"kind":"state","name":"Andhra Pradesh–Odisha","src":"OSM relations 2022095 and 1984022","river":"3413","rlen":49},"geometry":{"type":"LineString","coordinates":[[84.42403,19.02158],[84.42466,19.0215],[84.425,19.02125],[84.42516,19.02091],[84.42519,19.02066],[84.42538,19.0203],[84.42561,19.02015],[84.42618,19.02014],[84.42669,19.02],[84.42689,19.01971],[84.42676,19.01938],[84.42643,19.01907],[84.42563,19.01857],[84.42503,19.01838],[84.42451,19.01806],[84.42418,19.01753],[84.424,19.01681],[84.42402,19.01636],[84.42435,19.01599],[84.4247,19.01527],[84.42506,19.01481],[84.42542,19.01386],[84.42562,19.01357],[84.42655,19.01328],[84.42706,19.01328],[84.42738,19.01332],[84.42787,19.01358],[84.4282,19.01367],[84.42933,19.01369],[84.43077,19.01345],[84.43126,19.01347],[84.43196,19.01386],[84.43242,19.01387],[84.43271,19.01365],[84.43277,19.01346],[84.43277,19.01263],[84.43283,19.01236],[84.43306,19.01199],[84.4331,19.01153],[84.43375,19.0107],[84.4346,19.01068],[84.43495,19.01059],[84.43531,19.01037],[84.43661,19.0099],[84.43709,19.00952],[84.43714,19.0094],[84.43706,19.00874],[84.43745,19.00751],[84.43782,19.00693],[84.43812,19.0066],[84.43846,19.00654],[84.43886,19.00658],[84.43936,19.00693],[84.44002,19.00756],[84.44051,19.00793],[84.44087,19.0081],[84.44106,19.00812],[84.4417,19.00789],[84.4418,19.00764],[84.44179,19.00731],[84.44164,19.00698],[84.4407,19.00583],[84.4406,19.00558],[84.44062,19.00513],[84.44075,19.00477],[84.44124,19.00423],[84.4419,19.00305],[84.44246,19.00263],[84.44346,19.00259],[84.44362,19.00271],[84.44404,19.00319],[84.44467,19.00436],[84.44499,19.00462],[84.44567,19.00467],[84.4462,19.00454],[84.44745,19.00374],[84.44799,19.00356],[84.4486,19.00298],[84.44892,19.00289],[84.44958,19.00288],[84.45084,19.00249],[84.4515,19.00218],[84.45225,19.00143],[84.45304,19.00108],[84.4533,19.00088],[84.45399,19.00009],[84.45483,18.99936],[84.45547,18.99858],[84.45567,18.99793],[84.45623,18.99742],[84.45647,18.99735],[84.45703,18.99737],[84.45806,18.99794],[84.45868,18.99812],[84.45916,18.99812],[84.45961,18.99797],[84.46001,18.99772],[84.46078,18.9968],[84.46095,18.99632],[84.46093,18.99612],[84.46031,18.9947],[84.46017,18.99396],[84.46024,18.99362],[84.46065,18.99335],[84.46133,18.99329],[84.46216,18.99341],[84.46275,18.99341],[84.46317,18.99316],[84.46372,18.99243],[84.46487,18.99183],[84.46533,18.99175],[84.46543,18.99191],[84.46544,18.99265],[84.46499,18.99368],[84.46493,18.9943],[84.46529,18.99467],[84.4656,18.99469],[84.46604,18.99452],[84.46654,18.99418],[84.46787,18.99369],[84.46839,18.99341],[84.46851,18.9928],[84.46923,18.99183],[84.47014,18.99124],[84.47054,18.9913],[84.47108,18.99171],[84.47291,18.99207],[84.47401,18.99205],[84.47431,18.99189],[84.47459,18.9916],[84.47476,18.99128],[84.47481,18.99097],[84.47455,18.9893],[84.47457,18.98871],[84.47492,18.98773]]}},
{"type":"Feature","properties":{"kind":"state","name":"Andhra Pradesh–Odisha","src":"OSM relations 2022095 and 1984022"},"geometry":{"type":"LineString","coordinates":[[84.47492,18.98773],[84.47605,18.98811],[84.47895,18.98845],[84.48138,18.99972],[84.48284,19.00398],[84.48306,19.00545],[84.48272,19.01131],[84.48261,19.01659],[84.48496,19.01925],[84.48774,19.01907],[84.48852,19.01922],[84.48936,19.02031],[84.48993,19.02142],[84.49216,19.02405],[84.49248,19.02482],[84.49266,19.02596],[84.49264,19.0271],[84.49455,19.02919],[84.49685,19.03105],[84.49855,19.03192],[84.50055,19.03314],[84.50145,19.03327],[84.50295,19.03276],[84.50361,19.03293],[84.50499,19.03352],[84.50677,19.0351],[84.50994,19.03948],[84.5117,19.04021],[84.51292,19.0423],[84.51388,19.04489],[84.5157,19.04762],[84.51638,19.04835],[84.52409,19.04862],[84.52531,19.04726],[84.52624,19.04601],[84.5271,19.04663],[84.52813,19.04713],[84.52927,19.04732],[84.53065,19.04782],[84.53322,19.04943],[84.5344,19.0495],[84.53596,19.05016],[84.53882,19.05288],[84.5409,19.05406],[84.54277,19.05494],[84.55656,19.05661],[84.56243,19.06182],[84.564,19.0654],[84.56633,19.06815],[84.56844,19.06936],[84.57286,19.07362],[84.57392,19.07325],[84.57369,19.07279],[84.57179,19.07089],[84.57155,19.06975],[84.57162,19.06954],[84.5727,19.06882],[84.57305,19.06822],[84.57372,19.06764],[84.57661,19.06754],[84.57829,19.06897],[84.57941,19.07054],[84.58002,19.07111],[84.58047,19.0712],[84.58055,19.07181],[84.58145,19.07262],[84.58182,19.07314],[84.58303,19.07317],[84.58345,19.06809],[84.58157,19.06536],[84.58197,19.0648],[84.58163,19.06405],[84.58195,19.06281],[84.58078,19.06118],[84.58049,19.06001],[84.58073,19.05961],[84.58154,19.05918],[84.58191,19.05871],[84.58166,19.05275],[84.58217,19.05228],[84.58223,19.05123],[84.58206,19.05007],[84.58301,19.04981],[84.58302,19.0493],[84.58151,19.04812],[84.58069,19.04731],[84.57984,19.04678],[84.57861,19.04561],[84.57803,19.04419],[84.57741,19.0404],[84.57779,19.04029],[84.57784,19.03971],[84.57945,19.04062],[84.58325,19.0424],[84.5823,19.04025],[84.582,19.0392],[84.58123,19.03764],[84.58164,19.03528],[84.58228,19.03488],[84.58172,19.03321],[84.58179,19.03006],[84.58473,19.0289],[84.58501,19.02782],[84.58632,19.02791],[84.58654,19.02728],[84.58796,19.02499],[84.58898,19.02441],[84.59048,19.02382],[84.59171,19.02288],[84.59422,19.0222],[84.59493,19.0228],[84.59539,19.02368],[84.59487,19.02443],[84.59501,19.02499],[84.59556,19.02546],[84.59718,19.02582],[84.59905,19.02504],[84.60084,19.02466],[84.60128,19.02517],[84.60131,19.02581],[84.6009,19.02684],[84.60098,19.02853],[84.60214,19.03103],[84.6019,19.03245],[84.60341,19.03372],[84.60386,19.03429],[84.6041,19.03533],[84.60559,19.03981],[84.60569,19.04181],[84.60655,19.04175],[84.60843,19.04542],[84.61025,19.0474],[84.61142,19.04936],[84.61171,19.05015],[84.61434,19.05182],[84.61276,19.05348],[84.61348,19.05658],[84.61553,19.05545],[84.61761,19.05452],[84.61833,19.055],[84.61881,19.05596],[84.62018,19.05602],[84.62081,19.05661],[84.62097,19.05842],[84.62146,19.05913],[84.62234,19.05968],[84.6224,19.06006],[84.62193,19.06038],[84.62079,19.06061],[84.61846,19.06029],[84.61754,19.06042],[84.61754,19.06071],[84.61714,19.06091],[84.61774,19.0649],[84.61835,19.06587],[84.62211,19.06644],[84.62307,19.06691],[84.62422,19.06621],[84.62785,19.06616],[84.62801,19.0652],[84.62902,19.06457],[84.62928,19.06458],[84.62949,19.06504],[84.62993,19.06509],[84.63002,19.06454],[84.63061,19.06448],[84.63064,19.06372],[84.63011,19.0636],[84.62987,19.06171],[84.63054,19.06169],[84.63101,19.06125],[84.631,19.06047],[84.63382,19.06042],[84.63431,19.06009],[84.63443,19.06058],[84.63527,19.06058],[84.6365,19.06004],[84.63722,19.05991],[84.63741,19.0611],[84.63835,19.06265],[84.63879,19.06242],[84.63936,19.06338],[84.639,19.06384],[84.64161,19.06726],[84.64264,19.06732],[84.64327,19.06699],[84.64349,19.06731],[84.64453,19.06713],[84.64893,19.06704],[84.6493,19.06752],[84.65381,19.06763],[84.65449,19.06673],[84.65488,19.06574],[84.657,19.06599],[84.65795,19.06562],[84.65788,19.06522],[84.65738,19.06461],[84.65783,19.06413],[84.65818,19.06445],[84.65875,19.06392],[84.65884,19.06336],[84.65975,19.06308],[84.66086,19.06324],[84.66243,19.07019],[84.66273,19.07303],[84.6632,19.07465],[84.66435,19.07448],[84.66452,19.07407],[84.66604,19.07378],[84.66847,19.07429],[84.66958,19.07437],[84.67016,19.07519],[84.6709,19.07596],[84.67078,19.07667],[84.67013,19.07707],[84.66899,19.07732],[84.66884,19.07838],[84.66571,19.08029],[84.66593,19.08093],[84.66533,19.08152],[84.66521,19.08116],[84.66422,19.0814],[84.66443,19.08175],[84.66341,19.08229],[84.6642,19.08386],[84.66346,19.08655],[84.66245,19.08844],[84.66071,19.08945],[84.66013,19.09049],[84.66009,19.09199],[84.65946,19.09331],[84.65564,19.09296],[84.65483,19.0931],[84.65095,19.09456],[84.64925,19.09499],[84.64792,19.09501],[84.64706,19.09471],[84.64588,19.09371],[84.64371,19.09154],[84.64223,19.09055],[84.64058,19.08968],[84.63884,19.08899],[84.63753,19.08808],[84.63648,19.087],[84.63292,19.08493],[84.63151,19.08443],[84.62998,19.08441],[84.62745,19.08507],[84.62648,19.08611],[84.62457,19.0887],[84.62434,19.0902],[84.62318,19.09359],[84.62492,19.09578],[84.62524,19.09746],[84.62518,19.09915],[84.62406,19.10089],[84.62271,19.10199],[84.62103,19.10219],[84.61975,19.1015],[84.61801,19.10034],[84.61696,19.09996],[84.61391,19.09994],[84.61217,19.10012],[84.61091,19.10055],[84.61037,19.10184],[84.61041,19.10312],[84.61101,19.10416],[84.61125,19.10527],[84.61035,19.10691],[84.60844,19.10849],[84.60552,19.11715],[84.60258,19.12234],[84.60327,19.12449],[84.60322,19.12583],[84.60281,19.12676],[84.60062,19.12704],[84.59953,19.12732],[84.59951,19.1278],[84.59915,19.12792],[84.5988,19.12825],[84.596,19.12857],[84.59587,19.12879],[84.59595,19.1323],[84.60082,19.13216],[84.60122,19.13204],[84.60364,19.13186],[84.60404,19.13124],[84.60588,19.13123],[84.60592,19.12993],[84.60762,19.12921],[84.61181,19.12866],[84.61378,19.12802],[84.61551,19.12779],[84.6186,19.12814],[84.62039,19.1282],[84.6239,19.12773],[84.6249,19.12782],[84.62538,19.12759],[84.62739,19.12747],[84.62767,19.12662],[84.6286,19.12664],[84.62977,19.12645],[84.63067,19.12652],[84.63047,19.12713],[84.63043,19.12786],[84.63058,19.12897],[84.63095,19.12893],[84.6311,19.1292],[84.63361,19.12879],[84.63441,19.12886],[84.63485,19.13002],[84.63574,19.13009],[84.63619,19.13031],[84.63715,19.1302],[84.63736,19.13051],[84.63833,19.13012],[84.641,19.12955],[84.64131,19.12973],[84.64155,19.13016],[84.64292,19.12963],[84.64375,19.12953],[84.64438,19.13285],[84.64812,19.13151],[84.64914,19.1309],[84.65102,19.13018],[84.65192,19.1301],[84.65316,19.12954],[84.65467,19.12934],[84.65497,19.13012],[84.65522,19.13013],[84.65556,19.13068],[84.6559,19.13049],[84.65593,19.1308],[84.65632,19.13105],[84.65663,19.13073],[84.65685,19.13131],[84.65801,19.13069],[84.65827,19.13086],[84.6588,19.13074],[84.65881,19.13102],[84.65961,19.13088],[84.65974,19.1312],[84.66074,19.13107],[84.66188,19.13047],[84.66349,19.13016],[84.66402,19.1304],[84.66474,19.13029],[84.66547,19.13035],[84.66623,19.13008],[84.66745,19.12989],[84.66761,19.13076],[84.66747,19.13129],[84.66694,19.13175],[84.66707,19.13238],[84.66709,19.13365],[84.66765,19.13577],[84.66809,19.13601],[84.66823,19.13633],[84.66883,19.1368],[84.66961,19.13813],[84.67091,19.14306],[84.67046,19.14445],[84.67045,19.14568],[84.67164,19.14765],[84.67174,19.14803],[84.67177,19.14842],[84.67135,19.14843],[84.67103,19.15058],[84.67142,19.15159],[84.67062,19.15318],[84.67131,19.15638],[84.67004,19.15565],[84.66929,19.15549],[84.66833,19.15478],[84.66904,19.15949],[84.66939,19.16083],[84.66966,19.16083],[84.66966,19.16109],[84.66939,19.16115],[84.66942,19.16248],[84.6688,19.16254],[84.66887,19.16307],[84.66868,19.16335],[84.66954,19.16444],[84.67005,19.1648],[84.67095,19.16591],[84.67113,19.16585],[84.67117,19.16552],[84.6718,19.16539],[84.67206,19.16504],[84.67291,19.16515],[84.67319,19.16603],[84.67435,19.16655],[84.67597,19.16622],[84.67642,19.16629],[84.67691,19.16669],[84.67761,19.16681],[84.67767,19.16655],[84.68068,19.1652],[84.68206,19.16331],[84.68281,19.16343],[84.68333,19.16279],[84.6833,19.1623],[84.68304,19.16195],[84.68312,19.1618],[84.68354,19.16192],[84.68345,19.16155],[84.68403,19.16074],[84.68496,19.16031],[84.68615,19.16031],[84.68658,19.1602],[84.68698,19.16033],[84.68785,19.16007],[84.68861,19.16019],[84.68881,19.16002],[84.68918,19.15993],[84.68946,19.16015],[84.68987,19.16025],[84.69061,19.16002],[84.69149,19.16024],[84.69173,19.1605],[84.69252,19.16072],[84.69273,19.16105],[84.69262,19.16137],[84.69316,19.16167],[84.69347,19.16101],[84.69354,19.16051],[84.69385,19.16043],[84.69434,19.16002],[84.69492,19.16014],[84.69528,19.15968],[84.69591,19.1595],[84.6963,19.15988],[84.69635,19.16036],[84.69664,19.16052],[84.69766,19.16041],[84.69831,19.16074],[84.69927,19.16063],[84.70108,19.16067],[84.70173,19.16018],[84.70242,19.16038],[84.7033,19.16086],[84.7041,19.16078],[84.70421,19.15971],[84.70473,19.15925],[84.70524,19.15945],[84.70636,19.15909],[84.70646,19.15861],[84.70722,19.15863],[84.70762,19.15845],[84.70785,19.15889],[84.70954,19.15885],[84.7103,19.1594],[84.71156,19.15869],[84.71185,19.15826],[84.71223,19.15818],[84.71259,19.1579],[84.71309,19.15737],[84.71273,19.15704],[84.71318,19.15619],[84.71368,19.1559],[84.71398,19.15474],[84.71452,19.15416],[84.71458,19.15388],[84.71441,19.15347],[84.71449,19.15308],[84.7147,19.15282],[84.71461,19.15223],[84.71367,19.15214],[84.71345,19.15102],[84.71321,19.15066],[84.71323,19.15019],[84.71301,19.1496],[84.71181,19.14963],[84.71094,19.14628],[84.71002,19.14669],[84.70905,19.14677],[84.70617,19.14669],[84.70559,19.14685],[84.70453,19.14693],[84.70362,19.14684],[84.70353,19.14744],[84.70294,19.14666],[84.70155,19.14701],[84.70061,19.14462],[84.70104,19.14433],[84.70029,19.14303],[84.70209,19.14233],[84.70446,19.1412],[84.70637,19.14054],[84.70621,19.13945],[84.70551,19.13795],[84.70491,19.138],[84.70402,19.13663],[84.70257,19.13362],[84.70189,19.13189],[84.69929,19.12914],[84.69838,19.12776],[84.69798,19.12638],[84.69959,19.12565],[84.70078,19.12549],[84.7025,19.12558],[84.70281,19.12547],[84.70272,19.12372],[84.70227,19.12327],[84.70239,19.12288],[84.70222,19.12239],[84.70147,19.12192],[84.70244,19.12087],[84.70238,19.11907],[84.70283,19.11849],[84.70286,19.11783],[84.70322,19.11775],[84.70335,19.11739],[84.70704,19.11657],[84.70816,19.11607],[84.70922,19.11518],[84.72405,19.10468],[84.73321,19.09784],[84.7534,19.08466],[84.75325,19.08411],[84.75373,19.08308],[84.75684,19.0813],[84.75955,19.08016],[84.76028,19.0802],[84.76241,19.0792],[84.76388,19.07892],[84.7658,19.07881]]}},
{"type":"Feature","properties":{"kind":"state","name":"Arunachal Pradesh–Assam","src":"OSM relations 2027346 and 2025886"},"geometry":{"type":"LineString","coordinates":[[92.11503,26.89452],[92.19504,26.89116],[92.25436,26.91212],[92.27622,26.90231],[92.30387,26.90944],[92.30298,26.92416],[92.35293,26.93576],[92.36453,26.93263],[92.39976,26.92639],[92.41181,26.94423],[92.42563,26.94334],[92.44615,26.96073],[92.45953,26.96341],[92.5853,26.96207],[92.64552,26.98749],[92.63927,27.01871],[92.6589,27.03834],[92.70216,27.02764],[92.76906,27.03299],[92.87254,27.00756],[92.91669,26.98482],[92.91758,26.9643],[93.01927,26.91702],[93.06183,26.9234],[93.09197,26.91569],[93.10892,26.92728],[93.26681,26.95583],[93.32721,26.96111],[93.3908,26.95984],[93.45004,26.95137],[93.46207,26.94028],[93.46796,26.93888],[93.47108,26.93692],[93.47631,26.94066],[93.48669,26.94289],[93.48937,26.93843],[93.52146,26.94732],[93.53622,26.94927],[93.54979,26.95069],[93.58772,26.95161],[93.60361,26.95749],[93.61165,26.95985],[93.61669,26.96117],[93.64197,26.96538],[93.65879,26.96737],[93.67387,26.97323],[93.69428,26.98932],[93.6981,26.99463],[93.70568,27.00846],[93.71906,27.01916],[93.76857,27.04325],[93.77366,27.04914],[93.77834,27.04822],[93.78572,27.04759],[93.79132,27.0544],[93.80142,27.05551],[93.8047,27.06153],[93.81273,27.0709],[93.81897,27.0651],[93.83503,27.07491],[93.82818,27.09791],[93.82566,27.11951],[93.81317,27.12397],[93.81362,27.132],[93.79801,27.13602],[93.80559,27.1378],[93.80738,27.15029],[93.86759,27.1989],[93.90104,27.24172],[93.9441,27.28196],[93.96469,27.30156],[93.9695,27.30715],[93.98658,27.32187],[94.00005,27.33449],[94.06071,27.36348],[94.08613,27.40451],[94.10665,27.4179],[94.11691,27.43083],[94.14099,27.44867],[94.16017,27.46651],[94.15705,27.47811],[94.18908,27.49526],[94.19139,27.49636],[94.21235,27.49773],[94.26394,27.52579],[94.26332,27.52843],[94.26449,27.53012]]}},
{"type":"Feature","properties":{"kind":"state","name":"Arunachal Pradesh–Assam","src":"OSM relations 2027346 and 2025886","river":"859","rlen":383},"geometry":{"type":"LineString","coordinates":[[94.26449,27.53012],[94.26338,27.53072],[94.26142,27.53196],[94.25925,27.53397],[94.25842,27.53576],[94.25733,27.53702],[94.25689,27.53858],[94.25619,27.54023],[94.25628,27.54279],[94.25692,27.5442],[94.25839,27.54684],[94.25864,27.54832],[94.25908,27.55293],[94.25887,27.55514],[94.25797,27.55597],[94.25586,27.55835],[94.25378,27.56025],[94.25278,27.56157],[94.25081,27.56319],[94.24944,27.5653],[94.24796,27.56782],[94.24677,27.56882],[94.2454,27.56956],[94.24276,27.56987],[94.23827,27.56826],[94.23718,27.56825],[94.23447,27.56864],[94.2304,27.56976],[94.22815,27.57134],[94.22724,27.57349],[94.22482,27.57565],[94.22457,27.57699],[94.22465,27.57891],[94.22448,27.58107],[94.22357,27.58274],[94.22298,27.58432],[94.22223,27.58574],[94.22223,27.58799],[94.22248,27.59066],[94.22298,27.59199],[94.22382,27.59333],[94.22557,27.59533],[94.2259,27.59658],[94.22565,27.5975],[94.2244,27.59833],[94.22265,27.59841]]}},
{"type":"Feature","properties":{"kind":"state","name":"Arunachal Pradesh–Assam","src":"OSM relations 2027346 and 2025886"},"geometry":{"type":"LineString","coordinates":[[94.22265,27.59841],[94.22271,27.60045],[94.21102,27.61102],[94.21726,27.60879],[94.2351,27.63243],[94.25205,27.6409],[94.26677,27.63243],[94.25428,27.61369],[94.27257,27.60344],[94.27613,27.59318],[94.28773,27.59184],[94.29799,27.60433],[94.31226,27.58961],[94.32921,27.58827],[94.33813,27.58114],[94.34526,27.5847],[94.35552,27.57757],[94.37247,27.57935],[94.37604,27.5847],[94.40325,27.58738],[94.4309,27.60299],[94.43127,27.60168],[94.43345,27.60079]]}},
{"type":"Feature","properties":{"kind":"state","name":"Arunachal Pradesh–Assam","src":"OSM relations 2027346 and 2025886","river":"305","rlen":46},"geometry":{"type":"LineString","coordinates":[[94.43345,27.60079],[94.4328,27.59953],[94.43235,27.59885],[94.43219,27.59746],[94.43234,27.59651],[94.4325,27.59391],[94.43228,27.59141],[94.43268,27.58973],[94.43353,27.58796],[94.43728,27.58222],[94.43816,27.58073],[94.44021,27.57913],[94.44267,27.57651],[94.44698,27.57283],[94.44798,27.57121],[94.44812,27.57014],[94.44849,27.56882]]}},
{"type":"Feature","properties":{"kind":"state","name":"Arunachal Pradesh–Assam","src":"OSM relations 2027346 and 2025886"},"geometry":{"type":"LineString","coordinates":[[94.44849,27.56882],[94.4509,27.56879],[94.45989,27.5575],[94.47907,27.57712],[94.50003,27.57712],[94.52635,27.59585],[94.57362,27.607],[94.58611,27.61994],[94.60083,27.62172],[94.60395,27.62306],[94.60666,27.61978],[94.6231,27.6278],[94.63421,27.62544],[94.63963,27.63109],[94.64543,27.63644],[94.66907,27.65027],[94.68245,27.64937],[94.69247,27.65016],[94.7076,27.65359],[94.70841,27.65656],[94.71603,27.6589],[94.72081,27.66989],[94.74266,27.6632],[94.75604,27.66632],[94.77107,27.6847],[94.78066,27.68577],[94.78521,27.68721],[94.7887,27.68865],[94.79101,27.68983],[94.79309,27.69383],[94.79381,27.69569],[94.79211,27.69789],[94.79014,27.70077],[94.79287,27.70286],[94.79891,27.70031],[94.80871,27.69931],[94.81583,27.69637],[94.81804,27.69665],[94.82132,27.69626],[94.8272,27.69747],[94.83302,27.70023],[94.83845,27.70694],[94.84596,27.71066],[94.85372,27.73144],[94.86861,27.73328],[94.87269,27.73486],[94.8744,27.7354],[94.90162,27.78244],[94.99725,27.77328],[95.02599,27.78253],[95.13054,27.8143],[95.13697,27.81728],[95.17696,27.82827],[95.22105,27.8419],[95.2214,27.8419],[95.23407,27.84573],[95.29906,27.86569],[95.30998,27.86926],[95.38447,27.84205],[95.43843,27.85799],[95.51454,27.87972],[95.51971,27.88149],[95.522,27.88309],[95.52417,27.8879],[95.52635,27.89136],[95.5311,27.8961],[95.53453,27.89837],[95.53784,27.89686],[95.54016,27.89686],[95.54235,27.89792],[95.54475,27.9008],[95.5437,27.90226],[95.54213,27.90524],[95.54222,27.90854],[95.5449,27.9114],[95.54792,27.91237],[95.55393,27.91404],[95.55985,27.91817],[95.56316,27.91923],[95.56421,27.92195],[95.56423,27.92932],[95.56676,27.93447],[95.57036,27.93763],[95.57397,27.93959],[95.57578,27.93999],[95.57775,27.93967],[95.58148,27.9383],[95.58539,27.93664],[95.58672,27.93747],[95.58874,27.94151],[95.59213,27.94583],[95.59648,27.94894],[95.59972,27.95108],[95.60206,27.95328],[95.60465,27.95484],[95.70251,27.96264],[95.76257,27.96727],[95.82268,27.97124],[95.94275,27.96454],[95.9706,27.96317],[95.97136,27.96258],[95.96871,27.95965],[95.96532,27.95442],[95.96493,27.95188],[95.96286,27.95041],[95.95477,27.94139],[95.94976,27.93898],[95.94798,27.93723],[95.94763,27.93602],[95.94753,27.93474],[95.94759,27.93323],[95.9478,27.93254],[95.94916,27.93117],[95.95059,27.9309],[95.95279,27.9316],[95.95401,27.93177],[95.95443,27.93138],[95.95446,27.93091],[95.95386,27.93017],[95.95324,27.92899],[95.94857,27.92485],[95.94816,27.92399],[95.94859,27.92354],[95.95209,27.92138],[95.95251,27.92082],[95.95249,27.92049],[95.95207,27.91999],[95.95138,27.91958],[95.94841,27.91821],[95.94625,27.91705],[95.94494,27.91562],[95.94472,27.91449],[95.94412,27.91262],[95.9436,27.91161],[95.9427,27.911],[95.94217,27.91083],[95.94167,27.91084],[95.94032,27.9114],[95.93895,27.91289],[95.93854,27.91297],[95.93817,27.91284],[95.93589,27.90989],[95.93501,27.90919],[95.93496,27.90821],[95.93518,27.90757],[95.93575,27.90726],[95.93792,27.90725],[95.94012,27.90681],[95.94054,27.90683],[95.94089,27.9062],[95.94069,27.90566],[95.93935,27.905],[95.93644,27.90393],[95.9338,27.90337],[95.93264,27.90347],[95.93048,27.90331],[95.92975,27.90316],[95.92947,27.90297],[95.92947,27.90233],[95.93011,27.90122],[95.93169,27.90008],[95.93662,27.8994],[95.93733,27.89892],[95.93737,27.89844],[95.93695,27.89798],[95.93472,27.89731],[95.93118,27.89658],[95.92982,27.8955],[95.9291,27.89519],[95.92848,27.89515],[95.92795,27.89531],[95.9277,27.89568],[95.92762,27.89633],[95.92789,27.89817],[95.92769,27.89856],[95.92692,27.8989],[95.92613,27.89888],[95.92574,27.89857],[95.92527,27.89773],[95.9256,27.8957],[95.92531,27.89532],[95.92127,27.89582],[95.92036,27.89579],[95.91941,27.89554],[95.91912,27.89512],[95.91906,27.8947],[95.91916,27.89288],[95.92139,27.89082],[95.92241,27.88964],[95.92298,27.88921],[95.92327,27.88864],[95.92333,27.88804],[95.92314,27.8879],[95.92231,27.88777],[95.92127,27.88809],[95.91811,27.88973],[95.91719,27.8901],[95.91657,27.8902],[95.91622,27.8901],[95.91522,27.88918],[95.9151,27.88751],[95.91543,27.88664],[95.91638,27.88513],[95.91724,27.88488],[95.91986,27.88488],[95.92029,27.88437],[95.92143,27.8835],[95.92436,27.88272],[95.92486,27.88239],[95.92495,27.88201],[95.9246,27.88177],[95.92248,27.88154],[95.91937,27.8807],[95.91866,27.88097],[95.91825,27.8813],[95.91734,27.88303],[95.91671,27.88365],[95.91617,27.88393],[95.91583,27.88386],[95.91523,27.88349],[95.91515,27.88297],[95.91554,27.88185],[95.91664,27.88077],[95.91617,27.87996],[95.91486,27.87837],[95.91435,27.87622],[95.91409,27.87562],[95.90981,27.8723],[95.91012,27.87179],[95.91041,27.87055],[95.91023,27.87015],[95.90856,27.87082],[95.90782,27.87087],[95.9072,27.87069],[95.90714,27.87043],[95.90734,27.8699],[95.90801,27.86938],[95.90835,27.86877],[95.90688,27.86647],[95.90652,27.86614],[95.90604,27.86611],[95.90553,27.86636],[95.90496,27.8668],[95.90351,27.86863],[95.90281,27.86898],[95.90208,27.86894],[95.90148,27.86863],[95.9012,27.86825],[95.90088,27.86719],[95.90104,27.86639],[95.90172,27.86523],[95.90281,27.86443],[95.90319,27.86396],[95.90297,27.86375],[95.90289,27.86293],[95.90274,27.86299]]}},
{"type":"Feature","properties":{"kind":"state","name":"Arunachal Pradesh–Assam","src":"OSM relations 2027346 and 2025886","river":"272","rlen":39},"geometry":{"type":"LineString","coordinates":[[95.90274,27.86299],[95.90237,27.86213],[95.90221,27.86197],[95.90196,27.86189],[95.9,27.86165],[95.89857,27.86169],[95.89754,27.86202],[95.89702,27.86208],[95.89655,27.86208],[95.89599,27.86192],[95.89555,27.86155],[95.89539,27.86108],[95.89586,27.86031],[95.89614,27.86004],[95.89635,27.85947],[95.89629,27.85899],[95.89592,27.85842],[95.89545,27.85861],[95.89519,27.85887],[95.89474,27.85937],[95.89423,27.86018],[95.89373,27.86027],[95.89248,27.85995],[95.8921,27.85971],[95.89185,27.85937],[95.89158,27.85865],[95.89162,27.85841],[95.89174,27.8583],[95.89212,27.85817],[95.89351,27.85794],[95.89419,27.8573],[95.89437,27.8569],[95.89434,27.85656],[95.89409,27.85632],[95.89371,27.85609],[95.89306,27.85591],[95.89254,27.85593],[95.89161,27.85615],[95.89054,27.85654],[95.89006,27.85656],[95.88967,27.85635],[95.88951,27.85604],[95.88946,27.85557],[95.88953,27.85535],[95.89043,27.85403],[95.89045,27.8536],[95.89024,27.85329],[95.8894,27.85271],[95.88901,27.85218],[95.88883,27.85034],[95.88841,27.84958],[95.88702,27.84752],[95.88667,27.84626],[95.88631,27.84596],[95.8851,27.84526],[95.88329,27.84391],[95.88115,27.84208],[95.87978,27.84048],[95.87861,27.83879],[95.87746,27.83784],[95.87475,27.83631],[95.87338,27.83526],[95.87283,27.83464],[95.87171,27.8324],[95.87066,27.8312]]}},
{"type":"Feature","properties":{"kind":"state","name":"Arunachal Pradesh–Assam","src":"OSM relations 2027346 and 2025886"},"geometry":{"type":"LineString","coordinates":[[95.87066,27.8312],[95.86874,27.83231],[95.86744,27.83212],[95.8627,27.83109],[95.85954,27.83029],[95.85748,27.8301],[95.85403,27.83001],[95.85157,27.82907],[95.84858,27.82762],[95.84406,27.82595],[95.83756,27.82408],[95.83777,27.82296],[95.83753,27.81911],[95.83774,27.81474],[95.83803,27.81169],[95.83777,27.81006],[95.83743,27.80971],[95.83503,27.80926],[95.82883,27.80942],[95.82783,27.80924],[95.82591,27.80855],[95.82443,27.80777],[95.81284,27.79919],[95.81078,27.79687],[95.81039,27.79584],[95.81027,27.79068],[95.80902,27.78886],[95.80739,27.78799],[95.80567,27.78571],[95.80327,27.78165],[95.80207,27.77781],[95.7932,27.76646],[95.77832,27.74241],[95.77889,27.74063],[95.78014,27.73755],[95.77988,27.73452],[95.77911,27.73315],[95.77679,27.73189],[95.7725,27.73038],[95.76851,27.72817],[95.76653,27.72661],[95.76593,27.72654],[95.75975,27.72718],[95.75619,27.72677],[95.75456,27.72612],[95.75293,27.72475],[95.7522,27.72342],[95.75212,27.72168],[95.75263,27.72016],[95.75439,27.71845],[95.75894,27.71617],[95.76091,27.71579],[95.76207,27.71545],[95.76456,27.71516],[95.76495,27.71431],[95.76424,27.71376],[95.76314,27.71358],[95.76259,27.71305],[95.76267,27.71254],[95.76415,27.71113],[95.76383,27.71054],[95.76265,27.71005],[95.76259,27.70921],[95.76291,27.70855],[95.76353,27.70789],[95.76499,27.70697],[95.76557,27.70642],[95.76611,27.70445],[95.76681,27.70325],[95.76754,27.70274],[95.76802,27.70203],[95.76707,27.7007],[95.76664,27.70036],[95.76538,27.70017],[95.76452,27.6997],[95.76484,27.69911],[95.7657,27.69871],[95.76576,27.69814],[95.76467,27.69616],[95.76441,27.69489],[95.76405,27.69404],[95.76437,27.69227],[95.76538,27.69111],[95.76615,27.69065],[95.76699,27.69065],[95.76772,27.68913],[95.76793,27.68826],[95.76784,27.68739],[95.76814,27.68687],[95.76993,27.68664],[95.77055,27.68594],[95.77098,27.68569],[95.77233,27.68606],[95.77274,27.68545],[95.77364,27.68528],[95.77432,27.68554],[95.77574,27.68664],[95.77641,27.68672],[95.77709,27.6863],[95.77759,27.68676],[95.77724,27.68767],[95.78016,27.68701],[95.78224,27.68695],[95.78357,27.68708],[95.7831,27.68528],[95.78327,27.68471],[95.78413,27.68454],[95.78475,27.68495],[95.78546,27.68473],[95.78647,27.6836],[95.78625,27.68208],[95.78645,27.68157],[95.78707,27.68142],[95.78806,27.68193],[95.78956,27.68085],[95.7899,27.68028],[95.79044,27.6798],[95.78889,27.67986],[95.78789,27.67931],[95.78675,27.67825],[95.78563,27.67796],[95.78344,27.678],[95.78211,27.67785],[95.77943,27.67726],[95.77868,27.67692],[95.77851,27.67623],[95.77806,27.6757],[95.77731,27.67549],[95.77623,27.67475],[95.77528,27.67378],[95.7754,27.67381]]}},
{"type":"Feature","properties":{"kind":"state","name":"Arunachal Pradesh–Assam","src":"OSM relations 2027346 and 2025886","river":"167","rlen":39},"geometry":{"type":"LineString","coordinates":[[95.7754,27.67381],[95.77544,27.67366],[95.7749,27.67274],[95.77447,27.6723],[95.77403,27.67156],[95.77406,27.67121],[95.77435,27.67094],[95.7744,27.67055],[95.77435,27.6704],[95.77388,27.67016],[95.7738,27.66992],[95.77438,27.66865],[95.77444,27.66838],[95.77438,27.66803],[95.77423,27.66727],[95.77397,27.66688],[95.77385,27.66626],[95.77354,27.66575],[95.77325,27.66476],[95.77247,27.66353],[95.77242,27.66323],[95.77247,27.663],[95.77273,27.66266],[95.7735,27.66208],[95.77367,27.66155],[95.77366,27.66131],[95.77345,27.66095],[95.77354,27.66047],[95.77338,27.66018],[95.77284,27.65987],[95.77278,27.65934],[95.77231,27.6589],[95.77226,27.65847],[95.77181,27.65838],[95.7719,27.6579],[95.77201,27.65772],[95.77251,27.65752],[95.77254,27.65729],[95.77235,27.65719],[95.77183,27.65718],[95.77163,27.65677],[95.77167,27.65668],[95.77194,27.65679],[95.7721,27.65674],[95.77226,27.65609],[95.77277,27.65563],[95.77315,27.6555],[95.77342,27.65516],[95.77349,27.65489],[95.7733,27.65457],[95.77329,27.65436],[95.77371,27.65402],[95.77382,27.65386],[95.77383,27.65349],[95.77364,27.65323],[95.77369,27.65301],[95.77421,27.6528],[95.77404,27.65245],[95.77446,27.65205],[95.7744,27.65117],[95.77461,27.65108],[95.77506,27.65113],[95.77574,27.65092],[95.77614,27.651],[95.77637,27.65096],[95.77668,27.6507],[95.77678,27.65028],[95.77727,27.65005],[95.77745,27.65016],[95.7774,27.65067],[95.77748,27.65092],[95.77758,27.65096],[95.77783,27.65084],[95.77791,27.65028],[95.77829,27.65033],[95.77873,27.65025],[95.77922,27.65034],[95.77987,27.65013],[95.78051,27.65023],[95.78079,27.65016],[95.78077,27.64996],[95.78054,27.64985],[95.78031,27.64986],[95.78025,27.64966],[95.78067,27.64928],[95.78124,27.64855],[95.78124,27.64832],[95.78089,27.64787],[95.78091,27.64775],[95.78107,27.64765],[95.78131,27.64772],[95.78165,27.64816],[95.78185,27.64807],[95.78197,27.64764],[95.78229,27.64749],[95.78254,27.64751],[95.78347,27.64782],[95.78374,27.64775],[95.78404,27.64755],[95.7846,27.64738],[95.78508,27.64736],[95.78602,27.64745],[95.7862,27.64731],[95.78638,27.64687],[95.78648,27.64683],[95.78669,27.64685],[95.78723,27.64714],[95.78772,27.64707],[95.78782,27.64692],[95.78778,27.64677],[95.78724,27.64666],[95.78715,27.6465],[95.7873,27.64621],[95.78795,27.64578],[95.788,27.64568],[95.78799,27.64536],[95.78769,27.645],[95.78767,27.64483],[95.78802,27.64471],[95.78857,27.64478],[95.78866,27.64485],[95.78876,27.6453],[95.78892,27.64542],[95.7891,27.64534],[95.78946,27.64478],[95.78987,27.64476],[95.79009,27.64498],[95.79001,27.64535],[95.7901,27.64549],[95.79053,27.64542],[95.79074,27.64525],[95.79092,27.64479],[95.79107,27.64471],[95.79162,27.64463],[95.79182,27.64446],[95.79168,27.64392],[95.79177,27.64376],[95.79192,27.64377],[95.79211,27.64415],[95.79239,27.64421],[95.79308,27.64349],[95.79327,27.64303],[95.79346,27.6429],[95.79389,27.64284],[95.79398,27.64263],[95.79393,27.64196],[95.79407,27.64175],[95.79452,27.64164],[95.7952,27.64186],[95.7954,27.6418],[95.79545,27.64159],[95.79538,27.64101],[95.79595,27.64049],[95.79599,27.63963],[95.79616,27.63906],[95.79601,27.63843],[95.79635,27.63802],[95.79641,27.63783],[95.79622,27.63756],[95.79549,27.63734],[95.79511,27.63755],[95.79492,27.63756],[95.79471,27.63714],[95.79456,27.63703],[95.7943,27.63711],[95.79389,27.63771],[95.79378,27.63777],[95.7936,27.63775],[95.7935,27.63761],[95.79356,27.63716],[95.7935,27.63707],[95.79321,27.63731],[95.79272,27.63748],[95.7926,27.63745],[95.79255,27.63724],[95.79239,27.63713],[95.79164,27.63729],[95.79142,27.63726],[95.79103,27.63682],[95.79078,27.63616],[95.79049,27.63584],[95.79042,27.6355],[95.79022,27.63527],[95.79043,27.63497],[95.79003,27.63447],[95.78987,27.6344],[95.78973,27.63444],[95.7896,27.63483],[95.78944,27.63496],[95.78928,27.63495],[95.78916,27.63482],[95.78918,27.63428],[95.78903,27.63374],[95.78911,27.63341],[95.78867,27.63309],[95.78861,27.63282],[95.78888,27.63273],[95.78919,27.63294],[95.78932,27.63288],[95.78912,27.63253],[95.78931,27.63205],[95.78913,27.63153],[95.78924,27.6312],[95.78956,27.6311],[95.78989,27.63129],[95.79006,27.63121],[95.7901,27.63086],[95.7897,27.63024],[95.78971,27.62992],[95.78982,27.62978],[95.79014,27.62973],[95.79016,27.63018],[95.79034,27.63031],[95.79074,27.62992],[95.79073,27.62955],[95.79053,27.62924],[95.79047,27.62899],[95.79016,27.62858],[95.79019,27.62845],[95.79056,27.62824],[95.79071,27.62775],[95.79079,27.62768],[95.79135,27.62771],[95.79156,27.62758],[95.79113,27.62707],[95.79096,27.62702],[95.79077,27.62717],[95.79076,27.62742],[95.79056,27.62753],[95.79034,27.6275],[95.7902,27.62729],[95.79039,27.62694],[95.79045,27.62627],[95.7904,27.6262],[95.78984,27.62626],[95.7897,27.62621],[95.78948,27.62591],[95.78951,27.62561],[95.78969,27.6255],[95.78988,27.62549],[95.79004,27.62536],[95.79,27.625],[95.78986,27.6247],[95.78974,27.62468],[95.78934,27.62507],[95.78896,27.62503],[95.78902,27.62552],[95.78871,27.62568],[95.78854,27.62556],[95.78853,27.62522],[95.78832,27.62523],[95.78783,27.62567],[95.78765,27.62564],[95.78751,27.62546],[95.78773,27.625],[95.78761,27.62494],[95.78694,27.62502],[95.78675,27.62467],[95.78662,27.6246],[95.78644,27.62459],[95.78629,27.62467],[95.78635,27.62523],[95.78624,27.62543],[95.78603,27.62546],[95.78592,27.62537],[95.78589,27.6251],[95.78578,27.62503],[95.78542,27.62526],[95.78516,27.62532],[95.78494,27.6253],[95.78478,27.62519],[95.78468,27.62477],[95.78405,27.62491],[95.78351,27.62483],[95.78316,27.62434],[95.78302,27.62426],[95.78289,27.62429],[95.78283,27.62472],[95.7825,27.62459],[95.78197,27.62463],[95.7816,27.62434],[95.78143,27.62434],[95.78093,27.62457],[95.78054,27.62453],[95.78026,27.62474],[95.78026,27.6249],[95.78041,27.62515],[95.78021,27.62525],[95.77946,27.62507],[95.77895,27.62511],[95.77882,27.62487],[95.77887,27.62471],[95.77901,27.62467],[95.77896,27.62447],[95.77859,27.62418],[95.7784,27.62385],[95.77804,27.62374],[95.778,27.62365],[95.77806,27.62354],[95.77823,27.6235],[95.77875,27.62371],[95.77898,27.62369],[95.77909,27.62349],[95.77896,27.62336],[95.77846,27.62332],[95.77832,27.62309],[95.77835,27.62271],[95.77813,27.62235],[95.77823,27.62226],[95.77857,27.62227],[95.77866,27.62215],[95.77814,27.62119],[95.77807,27.62072],[95.77815,27.61966],[95.77806,27.61937],[95.77837,27.61885],[95.7786,27.61891],[95.77865,27.61912],[95.77876,27.61922],[95.77894,27.61921],[95.77906,27.61909],[95.77921,27.61814],[95.77903,27.61783],[95.77919,27.61758],[95.77989,27.61762],[95.78003,27.61752],[95.78011,27.61739],[95.78001,27.6173],[95.77964,27.61738],[95.77947,27.61733],[95.77952,27.61721],[95.77985,27.61701],[95.77992,27.61684],[95.78025,27.61672],[95.78053,27.61677],[95.78103,27.61671],[95.78115,27.61664],[95.78119,27.61639],[95.78129,27.61629],[95.78145,27.6163],[95.78165,27.61655],[95.78192,27.61659],[95.78333,27.61641],[95.78369,27.61609],[95.78388,27.61608],[95.78424,27.6163],[95.7849,27.61648],[95.78505,27.61645],[95.78512,27.61636],[95.78513,27.61598],[95.78523,27.61581],[95.78581,27.61577],[95.78623,27.61553],[95.78716,27.61523],[95.78778,27.61524],[95.78781,27.6151],[95.78767,27.61489],[95.78722,27.61481],[95.78709,27.61472],[95.78701,27.61445],[95.78708,27.61432],[95.78737,27.61428],[95.78757,27.61441],[95.78791,27.61449],[95.78852,27.6142],[95.7888,27.61367],[95.78908,27.61351],[95.78913,27.6134],[95.7891,27.61325],[95.78894,27.61315],[95.78902,27.61297],[95.78954,27.61275],[95.78975,27.61242],[95.79026,27.61239],[95.79061,27.61218],[95.79062,27.61166],[95.79074,27.61123],[95.79058,27.61103],[95.79027,27.61094],[95.79015,27.61079],[95.79021,27.61062],[95.79051,27.61055],[95.79067,27.61035],[95.79056,27.60931],[95.79027,27.60814],[95.79036,27.60706],[95.7907,27.60689],[95.79081,27.60675],[95.7907,27.60653],[95.79029,27.60614],[95.79033,27.60567],[95.7901,27.60498],[95.78995,27.60481],[95.78956,27.60461],[95.78948,27.60441],[95.78952,27.60422],[95.78972,27.60401],[95.7903,27.60381],[95.79054,27.60317],[95.7907,27.60233],[95.79101,27.60181],[95.79096,27.60168],[95.79077,27.60168],[95.79041,27.602],[95.79027,27.60193],[95.79026,27.60168],[95.79046,27.60128],[95.79094,27.60094],[95.79115,27.60046],[95.79132,27.60028],[95.7913,27.60004],[95.79104,27.5997],[95.79104,27.59939],[95.79121,27.5991],[95.79149,27.59883],[95.79159,27.59852],[95.79185,27.5984],[95.79236,27.5985],[95.793,27.59843],[95.79322,27.59772],[95.79436,27.59731],[95.79483,27.59729],[95.79523,27.59706],[95.79554,27.59705],[95.7957,27.59764],[95.79593,27.59772],[95.79653,27.59763],[95.7967,27.59804],[95.79721,27.59827],[95.79734,27.59873],[95.79753,27.59889],[95.79818,27.59913],[95.79863,27.59911],[95.79896,27.59927],[95.79913,27.59856],[95.79931,27.59849],[95.79954,27.59852],[95.79967,27.59863],[95.79981,27.599],[95.79989,27.59945],[95.80048,27.59991],[95.80072,27.59987],[95.80103,27.59951],[95.80136,27.59929],[95.80154,27.59928],[95.8016,27.59941],[95.80155,27.59977],[95.80171,27.59999],[95.80265,27.60016],[95.80355,27.60015],[95.80357,27.60037],[95.80322,27.6006],[95.80322,27.60073],[95.80384,27.60107],[95.80434,27.60074],[95.80456,27.60083],[95.80468,27.60123],[95.80495,27.60132],[95.80521,27.6012],[95.80539,27.60093],[95.80546,27.6001],[95.80567,27.59999],[95.80589,27.60008],[95.80603,27.60124],[95.80612,27.60138],[95.80636,27.60136],[95.80653,27.60119],[95.80679,27.60087],[95.80703,27.6003],[95.80752,27.60018],[95.80772,27.60037],[95.80795,27.60047],[95.80851,27.60009],[95.80864,27.59981],[95.80894,27.59964],[95.80932,27.59958],[95.80974,27.59964],[95.80972,27.59983],[95.80925,27.60025],[95.8093,27.60052],[95.80951,27.6005],[95.81019,27.59997],[95.81058,27.59991],[95.81077,27.60005],[95.81085,27.60027],[95.81102,27.60037],[95.81115,27.60021],[95.81111,27.59997],[95.81116,27.59973],[95.8114,27.59954],[95.81186,27.59943],[95.81214,27.59962],[95.81224,27.60013],[95.81241,27.60023],[95.81293,27.59983],[95.81327,27.5998],[95.81383,27.5994],[95.81488,27.59941],[95.81496,27.59911],[95.8148,27.59899],[95.81481,27.5989],[95.81487,27.59883],[95.81538,27.59877],[95.81555,27.59854],[95.81578,27.59853],[95.81601,27.59871],[95.81615,27.5987],[95.81629,27.59832],[95.81672,27.59783],[95.81691,27.59774],[95.81723,27.59774],[95.81745,27.59759],[95.81747,27.59692],[95.81768,27.59647],[95.81791,27.59642],[95.81805,27.59654],[95.81816,27.59653],[95.81841,27.59614],[95.81865,27.59608],[95.819,27.59614],[95.8192,27.59595],[95.81942,27.59587],[95.81947,27.59566],[95.81922,27.59535],[95.81921,27.59448],[95.81878,27.5938],[95.8186,27.59371],[95.81809,27.59375],[95.8177,27.59359],[95.81739,27.59313],[95.81694,27.59273],[95.81674,27.5924],[95.81604,27.59216],[95.81534,27.59172],[95.81522,27.59117],[95.81505,27.59086],[95.8147,27.59064],[95.81433,27.59054],[95.81424,27.59038],[95.81437,27.58954],[95.81399,27.58923],[95.81354,27.58824],[95.81322,27.58811],[95.81321,27.5879],[95.81346,27.58777],[95.81349,27.5876],[95.81302,27.58735],[95.81326,27.58691],[95.81298,27.58679],[95.813,27.58636],[95.81271,27.58622],[95.81257,27.58585],[95.81273,27.58548],[95.81232,27.58479],[95.81222,27.58371],[95.81226,27.58319],[95.8125,27.58294],[95.81253,27.58275],[95.81219,27.58261],[95.81222,27.58248],[95.81248,27.5823],[95.81222,27.58212],[95.81251,27.58135],[95.81213,27.58124],[95.81205,27.58108],[95.81232,27.58084],[95.8125,27.58054],[95.81294,27.58049],[95.81296,27.58013],[95.81315,27.57999],[95.81312,27.5797],[95.81324,27.57954],[95.81301,27.57919],[95.81318,27.57903],[95.81363,27.57881],[95.81334,27.57835],[95.8134,27.57803],[95.81293,27.57782],[95.81293,27.57758],[95.81307,27.57748],[95.81386,27.57732],[95.8141,27.57715],[95.81412,27.57706],[95.81387,27.57681],[95.81389,27.57663],[95.81406,27.57646],[95.81409,27.57628],[95.81432,27.57622],[95.8145,27.57607],[95.81459,27.57576],[95.81478,27.5756],[95.81473,27.57525],[95.81497,27.57485],[95.81495,27.57478],[95.81456,27.57468],[95.81434,27.57414],[95.81448,27.57405],[95.81496,27.57403],[95.81509,27.57357],[95.81592,27.57364],[95.81616,27.57353],[95.81658,27.57351],[95.81675,27.57308],[95.81719,27.57326],[95.81735,27.57286],[95.81801,27.57274],[95.81866,27.57283],[95.81902,27.57264],[95.81919,27.57264],[95.81936,27.57276],[95.81941,27.573],[95.81905,27.5732],[95.81903,27.57334],[95.82008,27.57361],[95.82031,27.57393],[95.82058,27.57404],[95.82066,27.5742],[95.82045,27.57449],[95.82054,27.57466],[95.82075,27.57465],[95.82117,27.57446],[95.82252,27.57426],[95.82307,27.57397],[95.82334,27.57406],[95.82365,27.57431],[95.8239,27.57424],[95.82407,27.57387],[95.82431,27.57357],[95.82423,27.57306],[95.82449,27.57285],[95.82464,27.5726],[95.82474,27.5717],[95.8249,27.57162],[95.82538,27.57173],[95.82533,27.57117],[95.82614,27.57111],[95.82621,27.57067],[95.82632,27.5707],[95.82657,27.57103],[95.82666,27.57103],[95.82674,27.57094],[95.82675,27.57055],[95.82706,27.57072],[95.82736,27.57065],[95.82746,27.57016],[95.82783,27.56978],[95.82788,27.56959],[95.82777,27.5694],[95.82783,27.56931],[95.82899,27.56918],[95.82906,27.56821],[95.8292,27.56752],[95.82937,27.56713],[95.82942,27.5667],[95.83006,27.56567],[95.82968,27.5654],[95.82967,27.56528],[95.82977,27.56501],[95.83013,27.56467],[95.83004,27.56412],[95.82966,27.56392],[95.82966,27.5638],[95.82986,27.56371],[95.83024,27.5637],[95.8303,27.56361],[95.83028,27.56311],[95.82992,27.56247],[95.83012,27.56224],[95.83079,27.56217],[95.83092,27.56209],[95.83099,27.5618],[95.83193,27.56158],[95.83193,27.56148],[95.83174,27.56127],[95.83182,27.56083],[95.8316,27.56032],[95.83172,27.56015],[95.83229,27.56019],[95.83225,27.55996],[95.83188,27.55955],[95.83184,27.55937],[95.8319,27.55929],[95.83246,27.55907],[95.83254,27.55876],[95.8335,27.55858],[95.8337,27.55859],[95.83411,27.55876],[95.83429,27.55875],[95.83447,27.55862],[95.83462,27.55817],[95.83497,27.55815],[95.83554,27.55867],[95.83628,27.55867],[95.83694,27.55906],[95.8375,27.55919],[95.83784,27.55948],[95.83832,27.55942],[95.83887,27.55973],[95.83937,27.55974],[95.83973,27.56021],[95.83992,27.56064],[95.84036,27.56077],[95.84129,27.56085],[95.84138,27.56109],[95.84158,27.56117],[95.84164,27.56183],[95.84138,27.56217],[95.84164,27.56251],[95.84201,27.56216],[95.84242,27.56131],[95.84273,27.5611],[95.84288,27.56086],[95.84315,27.56079],[95.84346,27.56051],[95.84381,27.56038],[95.84417,27.55989],[95.84533,27.55947],[95.84549,27.55853],[95.84621,27.55756],[95.84855,27.55611],[95.84957,27.55512],[95.85115,27.55389],[95.85198,27.55382],[95.85213,27.55373],[95.85268,27.55261],[95.85273,27.55216],[95.85264,27.55171],[95.85282,27.55157],[95.85314,27.55161],[95.85329,27.55153],[95.85327,27.55141],[95.85306,27.55131],[95.853,27.55116],[95.8531,27.55089],[95.85306,27.55046],[95.85337,27.55025],[95.85327,27.54996],[95.85335,27.54964],[95.85355,27.5494],[95.85447,27.54881],[95.85534,27.54767],[95.85562,27.54764],[95.85583,27.54813],[95.85603,27.54808],[95.85615,27.54796],[95.85639,27.5475],[95.85655,27.54685],[95.85697,27.54659],[95.85703,27.54647],[95.85698,27.54626],[95.85672,27.54611],[95.85671,27.54588],[95.85747,27.5446],[95.85763,27.5444],[95.85838,27.54401],[95.85847,27.54386],[95.85925,27.54368],[95.85935,27.54351],[95.85939,27.54296],[95.85964,27.54292],[95.8601,27.54315],[95.86027,27.54314],[95.86098,27.5428],[95.86118,27.54278],[95.8613,27.54285],[95.86123,27.54322],[95.8614,27.54404],[95.86155,27.54435],[95.86204,27.54449],[95.86215,27.54475],[95.86243,27.54502],[95.86261,27.54579],[95.86338,27.54573],[95.86375,27.5454],[95.86405,27.5454],[95.86429,27.54557],[95.86463,27.54561],[95.86546,27.54516],[95.86606,27.54495],[95.8664,27.54499],[95.86675,27.54471],[95.86735,27.54447],[95.86781,27.54462],[95.86822,27.54461],[95.86866,27.54476],[95.8687,27.5451],[95.86917,27.54515],[95.86977,27.54487],[95.87101,27.54487],[95.87137,27.54505],[95.87166,27.54544],[95.87253,27.54535],[95.87277,27.54545],[95.87332,27.54611],[95.87357,27.54653],[95.87371,27.54703],[95.87412,27.54723],[95.87447,27.5471],[95.87464,27.54671],[95.875,27.54631],[95.87542,27.54627]]}},
{"type":"Feature","properties":{"kind":"state","name":"Arunachal Pradesh–Assam","src":"OSM relations 2027346 and 2025886"},"geometry":{"type":"LineString","coordinates":[[95.87542,27.54627],[95.87662,27.54485],[95.87705,27.5436],[95.87715,27.54269],[95.87684,27.53908],[95.87711,27.53621],[95.87694,27.53223],[95.87712,27.52655],[95.87739,27.52374],[95.87833,27.52125],[95.87861,27.51827],[95.87775,27.51741],[95.87752,27.51681],[95.87762,27.51606],[95.87753,27.51557],[95.87612,27.51275],[95.87616,27.51177],[95.87764,27.50864],[95.87825,27.50669],[95.87917,27.50451],[95.88066,27.50356],[95.88241,27.50274],[95.88547,27.5003],[95.88655,27.49845],[95.8867,27.498],[95.88656,27.49733],[95.88602,27.49695],[95.88511,27.4966],[95.88421,27.4965],[95.88358,27.49659],[95.88219,27.49709],[95.88126,27.49719],[95.87976,27.49709],[95.87828,27.49603],[95.87637,27.49444],[95.87419,27.49334],[95.8732,27.49199],[95.87268,27.49043],[95.87295,27.48768],[95.87273,27.48302],[95.87293,27.48217],[95.87374,27.48103],[95.87371,27.48046],[95.87138,27.47651],[95.87109,27.47423],[95.87153,27.47036],[95.87112,27.46961],[95.87054,27.46664],[95.86924,27.46575],[95.86793,27.46522],[95.86551,27.46551],[95.86402,27.46498],[95.863,27.46489],[95.86106,27.46339],[95.86019,27.46221],[95.85937,27.46172],[95.8587,27.46155],[95.85642,27.46134],[95.85618,27.46101],[95.8559,27.45946],[95.85567,27.45897],[95.85352,27.45748],[95.85332,27.45717],[95.85327,27.45602],[95.85345,27.4536],[95.85428,27.45048],[95.85621,27.44777],[95.85679,27.44656],[95.85687,27.44543],[95.85602,27.44384],[95.85549,27.44334],[95.85498,27.44326],[95.85411,27.44341],[95.85358,27.44333],[95.85143,27.44183],[95.85037,27.44188],[95.84916,27.44149],[95.84876,27.44061],[95.84846,27.43952],[95.84811,27.43905],[95.84697,27.43873],[95.84672,27.43847],[95.84667,27.4375],[95.84704,27.43654],[95.8471,27.43596],[95.84637,27.43536],[95.8457,27.43381],[95.84512,27.4335],[95.84502,27.43327],[95.84523,27.43204],[95.84498,27.43165],[95.8439,27.43086],[95.84275,27.42953],[95.84216,27.42702],[95.84254,27.42487],[95.84305,27.4233],[95.84357,27.42242],[95.84493,27.42083],[95.84673,27.4193],[95.84886,27.41818],[95.85032,27.41756],[95.85072,27.41664],[95.85105,27.41541],[95.85212,27.41282],[95.85318,27.41071],[95.85406,27.41072],[95.85498,27.41051],[95.85729,27.4097],[95.85888,27.40822],[95.85943,27.40807],[95.8604,27.4083],[95.86161,27.40869],[95.86223,27.4094],[95.86243,27.41092],[95.86221,27.41197],[95.86122,27.41289],[95.86003,27.41371],[95.85797,27.41475],[95.85725,27.41528],[95.85653,27.41624],[95.85628,27.41701],[95.85653,27.4194],[95.8575,27.42062],[95.85858,27.42148],[95.85952,27.42192],[95.86155,27.42248],[95.86347,27.42282],[95.86408,27.42334],[95.86464,27.42446],[95.86916,27.42526],[95.86996,27.42581],[95.87081,27.42647],[95.87109,27.42692],[95.87128,27.42821],[95.87175,27.4294],[95.87306,27.43103],[95.87501,27.43427],[95.87597,27.43494],[95.87751,27.43565],[95.87908,27.43606],[95.88256,27.43549],[95.8839,27.43474],[95.8845,27.43353],[95.88475,27.43079],[95.88441,27.42929],[95.88431,27.42803],[95.88444,27.42464],[95.88466,27.42376],[95.88456,27.42239],[95.88392,27.41987],[95.88453,27.41834],[95.88468,27.41718],[95.88441,27.41512],[95.88416,27.41446],[95.88383,27.41419],[95.88398,27.41394],[95.88572,27.41334],[95.88675,27.41276],[95.8875,27.4118],[95.88827,27.40932],[95.88833,27.40837],[95.88672,27.4048],[95.8855,27.4036],[95.88421,27.40276],[95.8839,27.40222],[95.88389,27.40159],[95.88475,27.39918],[95.8852,27.39835],[95.8856,27.39821],[95.88707,27.39877],[95.88949,27.40011],[95.89056,27.40091],[95.89202,27.4026],[95.89373,27.40599],[95.89512,27.40809],[95.89824,27.41159],[95.89953,27.41848],[95.90103,27.42362],[95.90249,27.42667],[95.90524,27.43044],[95.90773,27.43444],[95.90931,27.43539],[95.91455,27.43566],[95.917,27.43528],[95.92103,27.43635],[95.92455,27.43779],[95.92824,27.43833],[95.93064,27.43783],[95.93275,27.43631],[95.93515,27.43551],[95.93772,27.43619],[95.9403,27.43726],[95.94309,27.43677],[95.94656,27.43459],[95.94781,27.43101],[95.94682,27.42915],[95.94523,27.42698],[95.94609,27.42583],[95.94652,27.42573],[95.94661,27.42589]]}},
{"type":"Feature","properties":{"kind":"state","name":"Arunachal Pradesh–Assam","src":"OSM relations 2027346 and 2025886","river":"876","rlen":119},"geometry":{"type":"LineString","coordinates":[[95.94661,27.42589],[95.94662,27.42589],[95.94776,27.42554],[95.94867,27.42531],[95.94979,27.4252],[95.95041,27.42502],[95.95095,27.4248],[95.95134,27.42453],[95.95164,27.42414],[95.95188,27.42293],[95.95167,27.42207],[95.95102,27.42049],[95.95104,27.42006],[95.95141,27.41945],[95.95194,27.41897],[95.9531,27.41855],[95.95391,27.41854],[95.9543,27.41865],[95.95467,27.4191],[95.9547,27.41998],[95.95492,27.4206],[95.95592,27.42245],[95.95701,27.42544],[95.95744,27.42715],[95.95753,27.42784],[95.95811,27.4284],[95.95884,27.4288],[95.9596,27.42911],[95.96033,27.42917],[95.96197,27.42878],[95.96258,27.42849],[95.963,27.42806],[95.96324,27.42739],[95.96258,27.4265],[95.96222,27.42566],[95.962,27.42421],[95.96197,27.42313],[95.96205,27.42234],[95.96194,27.42145],[95.96183,27.42091],[95.96102,27.41965],[95.96081,27.41822],[95.96151,27.41751],[95.96243,27.41679],[95.96269,27.41639],[95.96389,27.41664],[95.96513,27.41707],[95.96577,27.4175],[95.96646,27.41823],[95.96661,27.41916],[95.96659,27.41951],[95.96583,27.42299],[95.96558,27.42465],[95.9656,27.4252],[95.96574,27.42591],[95.96592,27.42636],[95.96699,27.42775],[95.96718,27.42838],[95.96746,27.42855],[95.96809,27.4287],[95.969,27.42848],[95.96965,27.42822],[95.97028,27.42777],[95.97051,27.42704],[95.9704,27.42622],[95.97009,27.42548],[95.9695,27.42512],[95.96859,27.42502],[95.96791,27.42444],[95.96812,27.42327],[95.9692,27.42248],[95.97009,27.42239],[95.97078,27.42245],[95.97159,27.42271],[95.97242,27.4227],[95.97307,27.42255],[95.97338,27.42232],[95.9738,27.42186],[95.97444,27.421],[95.97496,27.42015],[95.97514,27.41972],[95.97528,27.41911],[95.97525,27.41853],[95.97501,27.4179],[95.97472,27.41762],[95.97374,27.41751],[95.97139,27.41808],[95.97094,27.41809],[95.97023,27.41791],[95.97,27.41778],[95.96977,27.4175],[95.96966,27.41704],[95.97009,27.41517],[95.97014,27.41438],[95.97006,27.41319],[95.97017,27.41267],[95.97044,27.41197],[95.97099,27.41112],[95.97161,27.41066],[95.97213,27.41047],[95.97307,27.41036],[95.97367,27.41041],[95.97724,27.41138],[95.97875,27.41163],[95.98021,27.41138],[95.9811,27.41138],[95.98216,27.41176],[95.9828,27.41218],[95.98324,27.41226],[95.98358,27.41225],[95.98437,27.41188]]}},
{"type":"Feature","properties":{"kind":"state","name":"Arunachal Pradesh–Assam","src":"OSM relations 2027346 and 2025886"},"geometry":{"type":"LineString","coordinates":[[95.98437,27.41188],[95.98464,27.4117]]}},
{"type":"Feature","properties":{"kind":"state","name":"Arunachal Pradesh–Assam","src":"OSM relations 2027346 and 2025886","river":"506","rlen":75},"geometry":{"type":"LineString","coordinates":[[95.98464,27.4117],[95.98474,27.41147],[95.98503,27.41111],[95.98548,27.41074],[95.98538,27.40971],[95.98551,27.40888],[95.98547,27.40831],[95.985,27.40776],[95.98475,27.40699],[95.98477,27.40639],[95.98496,27.40572],[95.98556,27.40517],[95.98816,27.40493],[95.98908,27.4047],[95.98961,27.40432],[95.99001,27.40387],[95.99068,27.40354],[95.99119,27.40279],[95.99163,27.40239],[95.99207,27.40183],[95.99306,27.40096],[95.99328,27.40051],[95.99413,27.39949],[95.99415,27.39889],[95.99398,27.39853],[95.99391,27.39775],[95.99468,27.39716],[95.9965,27.39634],[95.9973,27.39544],[95.99791,27.39411],[95.99792,27.39246],[95.99739,27.39055],[95.99773,27.38716],[95.99838,27.385],[96.00028,27.38322],[96.00185,27.38268],[96.00239,27.38109],[96.00286,27.38018],[96.00351,27.37798],[96.00358,27.37606],[96.00336,27.37379],[96.00341,27.37339],[96.00355,27.37309],[96.00381,27.37283],[96.00521,27.37196],[96.00747,27.37081],[96.0085,27.36993],[96.00891,27.36942],[96.00944,27.36845],[96.00959,27.36798],[96.00969,27.36691],[96.00988,27.36644],[96.0102,27.36612],[96.01113,27.36558],[96.01167,27.36492]]}},
{"type":"Feature","properties":{"kind":"state","name":"Arunachal Pradesh–Assam","src":"OSM relations 2027346 and 2025886"},"geometry":{"type":"LineString","coordinates":[[96.01167,27.36492],[96.0122,27.36526],[96.01244,27.36426],[96.00856,27.3601],[96.00291,27.35991],[96.00026,27.35794],[95.99675,27.3562],[95.99291,27.35801],[95.98914,27.35635],[95.98879,27.35363],[95.98712,27.34882],[95.98724,27.34572],[95.97673,27.33723],[95.97189,27.33679],[95.97135,27.33552],[95.96921,27.33457]]}},
{"type":"Feature","properties":{"kind":"state","name":"Arunachal Pradesh–Assam","src":"OSM relations 2027346 and 2025886","river":"795","rlen":165},"geometry":{"type":"LineString","coordinates":[[95.96921,27.33457],[95.96943,27.33418],[95.96959,27.3335],[95.96964,27.33284],[95.96955,27.33216],[95.96894,27.33171],[95.96868,27.33105],[95.96776,27.32982],[95.96737,27.32901],[95.96662,27.32828],[95.96603,27.32747],[95.96596,27.32722],[95.9661,27.32697],[95.96652,27.32688],[95.96717,27.32701],[95.96809,27.32788],[95.96937,27.32851],[95.97048,27.32871],[95.9724,27.32872],[95.97294,27.32866],[95.97412,27.32829],[95.97499,27.32812],[95.97529,27.32798],[95.97571,27.32763],[95.97614,27.32704],[95.97631,27.32661],[95.97639,27.32605],[95.97625,27.32542],[95.97603,27.32517],[95.97559,27.32486],[95.97451,27.32432],[95.97275,27.32376],[95.97108,27.32301],[95.97038,27.3228],[95.9696,27.32264],[95.96753,27.32256],[95.96659,27.32276],[95.96574,27.32314],[95.96505,27.32317],[95.96364,27.32287],[95.96301,27.32259],[95.96261,27.32208],[95.96259,27.32159],[95.96284,27.32106],[95.9633,27.32049],[95.96362,27.31968],[95.96334,27.31901],[95.96312,27.31705],[95.96286,27.31652],[95.96247,27.31622],[95.96067,27.31596],[95.96021,27.31596],[95.95971,27.31614],[95.95919,27.31656],[95.95769,27.31744],[95.9571,27.31761],[95.95665,27.31764],[95.95615,27.31752],[95.95583,27.31733],[95.95569,27.31701],[95.95586,27.31648],[95.95617,27.31622],[95.95682,27.31593],[95.95713,27.31555],[95.95702,27.31397],[95.95714,27.31361],[95.9575,27.31312],[95.95809,27.31279],[95.96065,27.31262],[95.961,27.31244],[95.96148,27.31195],[95.96155,27.31157],[95.96132,27.31106],[95.96096,27.31075],[95.96006,27.31022],[95.95882,27.30969],[95.95799,27.30942],[95.9553,27.30901],[95.9544,27.30869],[95.95269,27.30744],[95.95247,27.30717],[95.95205,27.3062],[95.95179,27.3059],[95.95091,27.30538],[95.94984,27.30492],[95.94757,27.30344],[95.9467,27.30337],[95.94628,27.30346],[95.94571,27.30371],[95.94445,27.30449],[95.94357,27.30478],[95.94257,27.30488],[95.94197,27.3048],[95.94162,27.30462],[95.9414,27.30426],[95.94118,27.30319],[95.94104,27.30296],[95.94017,27.30233],[95.93814,27.30065],[95.93738,27.30044],[95.93587,27.30037],[95.93406,27.29967],[95.93343,27.2997],[95.93248,27.29997],[95.93163,27.3],[95.92934,27.29807],[95.92722,27.29696],[95.92687,27.29683],[95.92552,27.2966],[95.92504,27.29635],[95.92461,27.29598],[95.92383,27.29473],[95.92322,27.29411],[95.9209,27.29319],[95.92015,27.29274],[95.91901,27.2917],[95.91884,27.29138],[95.91863,27.2906],[95.91826,27.29012],[95.91786,27.2901],[95.91742,27.29025],[95.91705,27.29053],[95.91632,27.29146],[95.91606,27.29156],[95.91577,27.2915],[95.9149,27.29044],[95.91467,27.28933],[95.91451,27.28897],[95.91387,27.28812],[95.91362,27.28792],[95.91325,27.28785],[95.91189,27.28808],[95.91131,27.28835],[95.91057,27.28883],[95.90988,27.28905],[95.90891,27.28921],[95.90833,27.28907],[95.90798,27.28868],[95.90742,27.28672],[95.90734,27.28593],[95.90758,27.28405],[95.90731,27.28229],[95.90712,27.28203],[95.9063,27.28163],[95.90594,27.28157],[95.90539,27.28171],[95.90403,27.2824],[95.90273,27.28333],[95.90207,27.28354],[95.90158,27.28351],[95.90105,27.28332],[95.90035,27.28282],[95.89952,27.28239],[95.89904,27.28227],[95.89816,27.28223],[95.89781,27.2821],[95.89761,27.28195],[95.89753,27.2817],[95.89763,27.28148],[95.89948,27.28028],[95.90047,27.27895],[95.90276,27.2779],[95.90366,27.27726],[95.90424,27.27673],[95.90481,27.27592],[95.90516,27.275],[95.90522,27.27431],[95.90513,27.27356],[95.90498,27.27325],[95.90459,27.27301],[95.90373,27.27277],[95.90307,27.27279],[95.90277,27.27291],[95.9024,27.27323],[95.90174,27.27437],[95.90112,27.27463],[95.90059,27.27452],[95.90043,27.27438],[95.90024,27.27403],[95.90009,27.27341],[95.90017,27.27267],[95.90048,27.27128],[95.90039,27.26923],[95.90029,27.26886],[95.9001,27.26857],[95.89953,27.2682],[95.89838,27.26778],[95.8976,27.26775],[95.89672,27.26783],[95.89488,27.26818],[95.89442,27.26806],[95.89411,27.26771],[95.89403,27.26746],[95.89408,27.26717],[95.8949,27.2664],[95.89509,27.26582],[95.8951,27.26443],[95.89494,27.26297],[95.89517,27.26136],[95.89521,27.2602],[95.89495,27.2592],[95.89339,27.25687],[95.89323,27.25647]]}},
{"type":"Feature","properties":{"kind":"state","name":"Arunachal Pradesh–Assam","src":"OSM relations 2027346 and 2025886"},"geometry":{"type":"LineString","coordinates":[[95.89323,27.25647],[95.89352,27.25638],[95.89342,27.2557],[95.89249,27.25528],[95.88957,27.25513],[95.88378,27.25555],[95.88286,27.2557],[95.88157,27.25617],[95.88056,27.25682],[95.87904,27.25751],[95.87807,27.25825],[95.87708,27.25928],[95.87215,27.25934],[95.86927,27.26037],[95.86754,27.26159],[95.86631,27.26289],[95.86567,27.26396],[95.86473,27.26421],[95.86415,27.26472],[95.86363,27.26627],[95.86333,27.26672],[95.86125,27.26686],[95.86084,27.26707],[95.86073,27.26766],[95.86018,27.2684],[95.85936,27.26888],[95.8582,27.27031],[95.85706,27.27061],[95.85608,27.27109],[95.8549,27.27323],[95.85477,27.27424],[95.85524,27.27538],[95.85505,27.27681],[95.85425,27.27792],[95.85397,27.27889],[95.85413,27.27946],[95.85571,27.28084],[95.85724,27.28295],[95.85872,27.28566],[95.85912,27.28722],[95.85683,27.28722],[95.85458,27.28694],[95.85099,27.28669],[95.85001,27.28646],[95.8473,27.28538],[95.8367,27.28297],[95.83048,27.28084],[95.8205,27.27855],[95.81805,27.27887],[95.8152,27.27874],[95.81308,27.27721],[95.81147,27.27658],[95.80705,27.27401],[95.8063,27.27326],[95.80537,27.27304],[95.8049,27.27321],[95.80477,27.27388],[95.80561,27.27519],[95.80567,27.27573],[95.80492,27.27618],[95.80374,27.27628],[95.80205,27.27601],[95.79984,27.27603],[95.79934,27.27679],[95.79949,27.2779],[95.80024,27.2788],[95.80046,27.28023],[95.80164,27.28187],[95.80245,27.28263],[95.80258,27.28387],[95.80188,27.28455],[95.80102,27.28438],[95.80031,27.28381],[95.80016,27.28312],[95.79969,27.28219],[95.79891,27.28181],[95.79791,27.28171],[95.79705,27.28196],[95.79643,27.28253],[95.79572,27.28259],[95.7952,27.28227],[95.79488,27.28189],[95.7913,27.27946],[95.79029,27.27891],[95.78947,27.27859],[95.78819,27.2788],[95.78774,27.27862],[95.78786,27.27828],[95.78838,27.2782],[95.78868,27.27733],[95.78806,27.27655],[95.78645,27.27588],[95.78593,27.27555],[95.78555,27.27506],[95.78439,27.27452],[95.7834,27.27344],[95.78173,27.2733],[95.78098,27.27258],[95.77962,27.27002],[95.77915,27.2696],[95.77806,27.27056],[95.77756,27.27075],[95.77735,27.27046],[95.77722,27.26983],[95.77668,27.26972],[95.77505,27.27037],[95.77435,27.26998],[95.77409,27.26972],[95.77312,27.26951],[95.76962,27.26941],[95.76789,27.2692],[95.76795,27.26842],[95.76784,27.26802],[95.76666,27.26827],[95.76478,27.26756],[95.76424,27.26785],[95.76278,27.26771],[95.76018,27.26819],[95.7589,27.2689],[95.75769,27.26916],[95.75634,27.26907],[95.75463,27.26802],[95.75377,27.26764],[95.75141,27.26695],[95.75055,27.26651],[95.74971,27.26632],[95.7487,27.26628],[95.74712,27.26668],[95.74572,27.26672],[95.74392,27.26623],[95.74124,27.26606],[95.73785,27.2639],[95.73613,27.26325],[95.73559,27.2627],[95.73499,27.26108],[95.73456,27.26033],[95.73373,27.25997],[95.7298,27.26005],[95.72847,27.25989],[95.72686,27.25894],[95.72514,27.25623],[95.7228,27.25381],[95.7224,27.25312],[95.72192,27.25123],[95.71974,27.2498],[95.71823,27.24973],[95.71701,27.24988],[95.71465,27.25045],[95.71321,27.25095],[95.71285,27.25162],[95.71188,27.2528],[95.71111,27.25307],[95.71023,27.25316],[95.70941,27.25198],[95.70654,27.24996],[95.70201,27.24921],[95.69974,27.24927],[95.69866,27.25007],[95.69772,27.2512],[95.6969,27.25169],[95.69602,27.25184],[95.69263,27.25295],[95.68927,27.2527],[95.68332,27.25171],[95.68208,27.25181],[95.68017,27.25116],[95.67802,27.24971],[95.67678,27.24862],[95.67592,27.24753],[95.67491,27.24667],[95.67354,27.24599],[95.66643,27.24337],[95.65697,27.23954],[95.64981,27.23698],[95.63181,27.22973],[95.63076,27.22965],[95.63001,27.23022],[95.62975,27.23052],[95.63054,27.23097]]}},
{"type":"Feature","properties":{"kind":"state","name":"Arunachal Pradesh–Assam","src":"OSM relations 2027346 and 2025886","river":"168","rlen":36},"geometry":{"type":"LineString","coordinates":[[95.63054,27.23097],[95.63041,27.23115],[95.62959,27.23191],[95.62889,27.23233],[95.62813,27.23256],[95.62679,27.23257],[95.62497,27.23269],[95.624,27.23246],[95.6233,27.23241],[95.62264,27.23262],[95.62156,27.2334],[95.621,27.23357],[95.61882,27.23358],[95.61838,27.23352],[95.61816,27.23342],[95.6176,27.23287],[95.61737,27.23274],[95.61635,27.23269],[95.61553,27.23275],[95.61509,27.23266],[95.61494,27.2325],[95.61459,27.23162],[95.61416,27.23115],[95.61343,27.23067],[95.61168,27.23013],[95.61117,27.22983],[95.61043,27.22918],[95.61014,27.2284],[95.60994,27.22745],[95.60961,27.22695],[95.60942,27.22689],[95.60927,27.22693],[95.60893,27.22731],[95.60865,27.22747],[95.60825,27.22752],[95.60799,27.22744],[95.60544,27.22545],[95.60414,27.2243],[95.60385,27.22414],[95.60323,27.22414],[95.6023,27.22458],[95.60149,27.22468],[95.60091,27.22454],[95.6006,27.22438],[95.60001,27.22371],[95.5994,27.22329],[95.5987,27.22308],[95.59778,27.22298],[95.59648,27.22302],[95.59604,27.22316],[95.59525,27.22357],[95.5937,27.22385],[95.59158,27.22331],[95.5899,27.22375],[95.5886,27.22343],[95.58747,27.22304],[95.58707,27.22298],[95.58682,27.22301],[95.5866,27.22314],[95.58637,27.22352],[95.58619,27.22367],[95.58542,27.22374],[95.58501,27.22389],[95.58413,27.22466],[95.58355,27.22556],[95.5832,27.22627],[95.58258,27.2283],[95.58228,27.22872],[95.58191,27.22893],[95.58153,27.22894],[95.581,27.22822],[95.5805,27.22802],[95.57968,27.2281],[95.57872,27.22846],[95.57831,27.22876],[95.5777,27.22963],[95.57732,27.23088],[95.57711,27.23255],[95.57694,27.2329],[95.57638,27.23326],[95.57506,27.2337],[95.57313,27.23453],[95.57284,27.23478],[95.57256,27.23568],[95.57264,27.23628],[95.57285,27.23662],[95.57325,27.23688],[95.57411,27.23721],[95.57572,27.23762],[95.57619,27.23802],[95.57632,27.23864],[95.57626,27.23898],[95.57592,27.23932],[95.57574,27.23938],[95.57491,27.23925],[95.57449,27.23929],[95.57411,27.23955],[95.57399,27.23975],[95.57392,27.24027],[95.57441,27.24269],[95.57434,27.24342],[95.57407,27.24395],[95.57199,27.24493],[95.57099,27.24516],[95.56987,27.24495],[95.56893,27.24438],[95.56823,27.24422],[95.56703,27.24434],[95.56592,27.24471],[95.565,27.24461],[95.56423,27.24499],[95.56281,27.24541],[95.56151,27.24592],[95.5606,27.24599],[95.56013,27.24613],[95.55882,27.24732],[95.55817,27.24871],[95.55768,27.24897],[95.55667,27.24904],[95.55593,27.24901],[95.55535,27.24884],[95.55412,27.24809],[95.55344,27.24799],[95.5529,27.24811],[95.55253,27.24843],[95.55158,27.24985],[95.55093,27.25055],[95.54996,27.25076],[95.54832,27.25087],[95.54791,27.25111],[95.54681,27.25304],[95.54606,27.25541],[95.54573,27.25622],[95.54511,27.25728],[95.54434,27.25802],[95.5435,27.25849],[95.54293,27.25871],[95.54141,27.25886],[95.53905,27.26001],[95.53791,27.26045],[95.53697,27.26064],[95.53573,27.26079],[95.53541,27.2609],[95.53449,27.26212],[95.53324,27.26345],[95.53289,27.26421],[95.53271,27.26521],[95.53255,27.2654],[95.53223,27.2656],[95.53152,27.26574],[95.53077,27.26571],[95.52892,27.26514],[95.52763,27.26494],[95.52683,27.26473]]}},
{"type":"Feature","properties":{"kind":"state","name":"Arunachal Pradesh–Assam","src":"OSM relations 2027346 and 2025886"},"geometry":{"type":"LineString","coordinates":[[95.52683,27.26473],[95.52638,27.26454]]}},
{"type":"Feature","properties":{"kind":"state","name":"Arunachal Pradesh–Assam","src":"OSM relations 2027346 and 2025886","river":"869","rlen":242},"geometry":{"type":"LineString","coordinates":[[95.52638,27.26454],[95.52578,27.26426],[95.52507,27.26381],[95.52428,27.26322],[95.5234,27.26241],[95.52148,27.25985],[95.52045,27.25861],[95.51948,27.25759],[95.51866,27.25708],[95.51702,27.25663],[95.51642,27.25653],[95.51528,27.25656],[95.51417,27.25678],[95.51317,27.25726],[95.51232,27.25781],[95.51076,27.25944],[95.50984,27.26013],[95.50936,27.26032],[95.50887,27.26038],[95.50838,27.26032],[95.50773,27.26005],[95.50724,27.25958],[95.50706,27.25915],[95.50707,27.25574],[95.50689,27.25391],[95.5067,27.25317],[95.50597,27.25145],[95.50489,27.24993],[95.50344,27.24828],[95.50216,27.24733],[95.50084,27.24667],[95.49965,27.24629],[95.49844,27.24612],[95.49355,27.24608],[95.4927,27.24602],[95.49192,27.24587],[95.49126,27.24559],[95.48668,27.24271],[95.48583,27.24248],[95.48537,27.24248]]}},
{"type":"Feature","properties":{"kind":"state","name":"Arunachal Pradesh–Assam","src":"OSM relations 2027346 and 2025886"},"geometry":{"type":"LineString","coordinates":[[95.48537,27.24248],[95.48462,27.24234]]}},
{"type":"Feature","properties":{"kind":"state","name":"Arunachal Pradesh–Assam","src":"OSM relations 2027346 and 2025886","river":"511","rlen":53},"geometry":{"type":"LineString","coordinates":[[95.48462,27.24234],[95.48432,27.24205],[95.48409,27.24164],[95.48333,27.24081],[95.48313,27.24046],[95.48293,27.23941],[95.48292,27.23765],[95.48256,27.23692],[95.48202,27.2364],[95.48008,27.23558],[95.47911,27.23504],[95.47878,27.23465],[95.47868,27.23427],[95.47872,27.23373],[95.47931,27.23327],[95.47969,27.23274],[95.47978,27.23243],[95.47973,27.23194],[95.47955,27.23144],[95.47917,27.23091],[95.47818,27.23028],[95.47745,27.22965],[95.47727,27.22917],[95.4772,27.22859],[95.47761,27.2274],[95.47747,27.22694],[95.4774,27.22684],[95.47651,27.22683],[95.47399,27.22572],[95.47171,27.22492],[95.471,27.22452],[95.47073,27.22416],[95.47052,27.22352],[95.47061,27.22276],[95.47088,27.22219],[95.47186,27.22068],[95.47202,27.22022],[95.47194,27.21955],[95.47153,27.21892],[95.47003,27.21741],[95.46893,27.21645],[95.46773,27.21559],[95.46559,27.21299],[95.46464,27.21241],[95.46346,27.21149],[95.46238,27.21098],[95.45959,27.21016],[95.45899,27.21017],[95.45829,27.21045],[95.45777,27.21039],[95.45738,27.21012],[95.45703,27.20953],[95.45695,27.20791],[95.45569,27.20536],[95.45561,27.20435],[95.45584,27.20388],[95.4567,27.20309],[95.45713,27.20256],[95.45765,27.20168],[95.45846,27.2],[95.45855,27.19952],[95.45853,27.19885],[95.45827,27.19792],[95.45825,27.19732],[95.45839,27.19712],[95.45862,27.19702],[95.46084,27.19685],[95.46168,27.19667],[95.46233,27.19633],[95.46248,27.19605],[95.46243,27.19522],[95.46219,27.19423],[95.46201,27.1938],[95.46152,27.19329],[95.46114,27.19302],[95.46011,27.19277],[95.4594,27.19224],[95.45943,27.19197],[95.45967,27.19165],[95.46156,27.19075],[95.46188,27.19053],[95.46242,27.18985],[95.46333,27.18819],[95.4659,27.18604],[95.46606,27.1857],[95.46615,27.18496],[95.46642,27.18418],[95.46661,27.18315],[95.46665,27.18213],[95.4666,27.18173],[95.46634,27.18117],[95.46587,27.18069],[95.4655,27.18045],[95.46413,27.17984],[95.46078,27.17898],[95.46054,27.1788],[95.46041,27.17858],[95.46036,27.17815],[95.46051,27.17776],[95.46073,27.17752],[95.46211,27.17649],[95.46313,27.17583],[95.46425,27.17468],[95.46491,27.17376],[95.46641,27.17237],[95.46669,27.17198],[95.46684,27.17157],[95.46691,27.17114],[95.46683,27.17057],[95.46578,27.1685],[95.46524,27.16769],[95.46429,27.16664],[95.46388,27.16608],[95.46365,27.16556],[95.46334,27.16411],[95.46275,27.16282],[95.46091,27.16099],[95.45967,27.15997],[95.45807,27.15922],[95.45694,27.15898],[95.45534,27.15901],[95.45467,27.15893],[95.45353,27.15859],[95.45294,27.15797],[95.45295,27.15748],[95.45308,27.15732],[95.45328,27.15723],[95.45389,27.15716],[95.4557,27.15724],[95.45622,27.15714],[95.45667,27.15693],[95.45791,27.15559],[95.4592,27.15444],[95.46034,27.15328],[95.4612,27.15228],[95.46192,27.15157],[95.46216,27.15123],[95.46226,27.15093],[95.46208,27.15009],[95.46186,27.14962],[95.46073,27.14814],[95.46018,27.14713],[95.45975,27.14684],[95.45919,27.14594],[95.45884,27.14554],[95.45789,27.14486],[95.45707,27.14414],[95.45661,27.14359],[95.45621,27.14292],[95.45609,27.1424],[95.4562,27.14193],[95.45637,27.14173],[95.45722,27.14121],[95.45756,27.14081],[95.45807,27.13984],[95.4582,27.13927],[95.45824,27.13854],[95.45817,27.13829],[95.45786,27.13782],[95.45724,27.13709],[95.45671,27.13661],[95.45618,27.13543],[95.4551,27.13373],[95.45466,27.13161],[95.45333,27.13008],[95.45306,27.1299],[95.45238,27.12967],[95.45118,27.12945],[95.44974,27.1294],[95.44818,27.12979],[95.4476,27.13011],[95.44744,27.1303],[95.44735,27.13056],[95.4475,27.13169],[95.44812,27.13354],[95.44815,27.13388],[95.44807,27.1341],[95.44779,27.13436],[95.44736,27.1346],[95.44549,27.13543],[95.44445,27.13565],[95.44374,27.13552],[95.44332,27.13525],[95.44255,27.13452],[95.44223,27.13351],[95.44219,27.1331],[95.4424,27.1322],[95.44272,27.13157],[95.44317,27.1311],[95.44418,27.13048],[95.44446,27.13014],[95.44457,27.12957],[95.44448,27.12923],[95.44421,27.12896],[95.44373,27.12888],[95.44332,27.12889],[95.4421,27.12922],[95.44082,27.1293],[95.4405,27.12926],[95.43984,27.12896],[95.4396,27.12872],[95.43946,27.12821],[95.43941,27.12741],[95.43941,27.12737]]}},
{"type":"Feature","properties":{"kind":"state","name":"Arunachal Pradesh–Assam","src":"OSM relations 2027346 and 2025886"},"geometry":{"type":"LineString","coordinates":[[95.43941,27.12737],[95.43986,27.12741],[95.43916,27.12606],[95.4387,27.12643],[95.43347,27.12637],[95.42881,27.12658],[95.42634,27.12645],[95.42218,27.12601],[95.42023,27.12616],[95.4186,27.12457],[95.41517,27.12282],[95.40946,27.11785],[95.40313,27.11298],[95.40175,27.11117],[95.39991,27.11004],[95.39862,27.10897],[95.39703,27.10843],[95.39572,27.10868],[95.39345,27.10863],[95.39047,27.10754],[95.38816,27.10643],[95.38523,27.10593],[95.38446,27.10567],[95.38388,27.1052],[95.3833,27.10435],[95.38256,27.10358],[95.38246,27.10192],[95.38187,27.10077],[95.38179,27.10036],[95.38251,27.09925],[95.38266,27.09868],[95.3817,27.09759],[95.38046,27.09693],[95.37878,27.09625],[95.37662,27.09482],[95.37578,27.09376],[95.37476,27.09287],[95.37128,27.09287],[95.36941,27.09434],[95.36933,27.09494],[95.36983,27.09643],[95.37021,27.09729],[95.37105,27.09862],[95.37136,27.09991],[95.37093,27.10132],[95.37013,27.10228],[95.3686,27.10299],[95.3635,27.10315],[95.36326,27.1035],[95.36343,27.10383],[95.36401,27.1042],[95.36605,27.10528],[95.36809,27.10716],[95.36455,27.10803],[95.3627,27.10718],[95.3609,27.10693],[95.35489,27.10395],[95.34279,27.09611],[95.3389,27.09424],[95.33771,27.09355],[95.33393,27.0908],[95.33223,27.08985],[95.3303,27.08818],[95.32817,27.08703],[95.32681,27.08681],[95.32574,27.0863],[95.32407,27.08588],[95.31914,27.08417],[95.31619,27.08265],[95.315,27.08149],[95.31343,27.08056],[95.3117,27.07992],[95.30423,27.07417],[95.30317,27.07287],[95.30193,27.07264],[95.30118,27.07223],[95.29944,27.06993],[95.29868,27.0695],[95.29763,27.0695],[95.29687,27.06934],[95.2932,27.06784],[95.29051,27.06581],[95.28847,27.06373],[95.28737,27.06235],[95.28638,27.06193],[95.28535,27.0617],[95.28481,27.06129],[95.28288,27.05864],[95.28252,27.05835],[95.28169,27.05826],[95.28111,27.05788],[95.27957,27.0556],[95.27822,27.05525],[95.27744,27.05454],[95.27714,27.05372],[95.27572,27.05177],[95.27535,27.05106],[95.27494,27.04955],[95.27655,27.04948],[95.27689,27.0482],[95.2767,27.04716],[95.27573,27.04477],[95.27541,27.04426],[95.27571,27.04378],[95.27644,27.04311],[95.27659,27.04258],[95.27612,27.04198],[95.27496,27.04198],[95.27403,27.04161],[95.2715,27.04125],[95.26999,27.0401],[95.26844,27.03959],[95.26796,27.03918],[95.26655,27.03728],[95.26521,27.03664],[95.26478,27.03609],[95.26404,27.03556],[95.26302,27.03523],[95.2617,27.03461],[95.25964,27.03478],[95.2587,27.03426],[95.25848,27.03354],[95.25936,27.03275],[95.25977,27.03199],[95.25992,27.03128],[95.25947,27.0309],[95.25837,27.03121],[95.25781,27.03118],[95.25703,27.03092],[95.25651,27.03061],[95.25555,27.02907],[95.25522,27.02877],[95.2542,27.02925],[95.25391,27.02907],[95.25428,27.02875],[95.25442,27.02815],[95.25343,27.02798],[95.25094,27.02729],[95.25025,27.02693],[95.25004,27.02598],[95.24927,27.02559],[95.24819,27.02581],[95.24799,27.02552],[95.24826,27.02504],[95.2482,27.02462],[95.24783,27.02455],[95.24695,27.02472],[95.24671,27.02503],[95.24527,27.02566],[95.24505,27.02599],[95.24474,27.02604],[95.24445,27.02588],[95.24361,27.02588],[95.24335,27.02654],[95.24376,27.02682]]}},
{"type":"Feature","properties":{"kind":"state","name":"Arunachal Pradesh–Assam","src":"OSM relations 2027346 and 2025886","river":"798","rlen":57},"geometry":{"type":"LineString","coordinates":[[95.24376,27.02682],[95.24221,27.02863],[95.24141,27.02999],[95.24089,27.03151],[95.24066,27.03356],[95.2405,27.03433],[95.24004,27.03577],[95.23971,27.0364],[95.23917,27.0369],[95.23818,27.0375],[95.23555,27.03824],[95.23438,27.03878],[95.23347,27.03959],[95.2323,27.04107],[95.23176,27.04141],[95.23144,27.04148],[95.23083,27.04137],[95.23031,27.04098],[95.22927,27.03933],[95.2283,27.03802],[95.22771,27.03747],[95.22703,27.03701],[95.22628,27.03669],[95.22585,27.03659],[95.2231,27.03636],[95.22224,27.03612],[95.22063,27.03526],[95.21679,27.03263],[95.21598,27.03222],[95.21432,27.03167],[95.21299,27.03148],[95.21157,27.03151],[95.21014,27.03168],[95.2088,27.03202],[95.208,27.03243],[95.20695,27.03332],[95.20574,27.03472],[95.20454,27.03646],[95.20404,27.03696],[95.20374,27.03715],[95.20305,27.03736],[95.20054,27.03764],[95.19848,27.03742],[95.19591,27.03565],[95.19537,27.03553],[95.19487,27.03532],[95.19483,27.03498],[95.19519,27.03401],[95.19566,27.03353],[95.19551,27.03309]]}},
{"type":"Feature","properties":{"kind":"state","name":"Arunachal Pradesh–Assam","src":"OSM relations 2027346 and 2025886"},"geometry":{"type":"LineString","coordinates":[[95.19551,27.03309],[95.19583,27.033],[95.19585,27.03226],[95.19535,27.03235],[95.19488,27.03263]]}},
{"type":"Feature","properties":{"kind":"state","name":"Assam–Nagaland","src":"OSM relations 2025886 and 2027973"},"geometry":{"type":"LineString","coordinates":[[95.19488,27.03263],[95.19407,27.03201],[95.19301,27.032],[95.19274,27.03259],[95.19293,27.03303],[95.19379,27.0339],[95.19405,27.03439],[95.19393,27.03485],[95.19301,27.0358],[95.19243,27.0348],[95.1869,27.02937],[95.17615,27.02042],[95.17169,27.01696],[95.16606,27.01176],[95.14954,26.99903],[95.14469,26.99578],[95.14321,26.99557],[95.14128,26.99548],[95.13971,26.99525],[95.13864,26.99494],[95.12568,26.98639],[95.11886,26.98301],[95.11433,26.98161],[95.11233,26.98112],[95.11075,26.98001],[95.10907,26.97792],[95.10768,26.97591],[95.10639,26.96698],[95.10598,26.96563],[95.1027,26.96245],[95.09268,26.95604],[95.08669,26.95264],[95.07886,26.94956],[95.07377,26.94939],[95.07036,26.94897],[95.06517,26.94726],[95.06141,26.94579],[95.05916,26.9443],[95.05717,26.94246],[95.05416,26.94086],[95.04942,26.93881],[95.04695,26.93827],[95.0441,26.93868],[95.04245,26.93843],[95.04159,26.93797],[95.04088,26.93726],[95.0397,26.93655],[95.03639,26.93655],[95.03466,26.9359],[95.03378,26.93535],[95.03219,26.93403],[95.0315,26.93263],[95.02444,26.92854],[95.02348,26.92766],[95.02311,26.92683],[95.02245,26.92597],[95.02135,26.92519],[95.02028,26.92471],[95.01951,26.92402],[95.01876,26.92299],[95.01786,26.92213],[95.01659,26.92127],[95.01554,26.92117],[95.0126,26.92182],[95.00749,26.92121],[95.00344,26.92058],[95.00086,26.91972],[94.99914,26.91966],[94.99758,26.91968],[94.99631,26.92006],[94.99513,26.92067],[94.99142,26.92075],[94.99052,26.92023],[94.99,26.91832],[94.98998,26.91694],[94.98964,26.91488],[94.98917,26.91369],[94.98457,26.913],[94.98206,26.91296],[94.98078,26.91436],[94.97863,26.91832],[94.97646,26.92102],[94.9738,26.92159],[94.97088,26.92188],[94.96938,26.92226],[94.96792,26.92282],[94.96679,26.92408],[94.96593,26.92586],[94.96528,26.92961],[94.96121,26.93665],[94.96037,26.93713],[94.95904,26.93707],[94.9579,26.93688],[94.95711,26.93751],[94.95625,26.93883],[94.95522,26.93967],[94.95428,26.93894],[94.95361,26.93787],[94.95194,26.93732],[94.95035,26.93722],[94.9493,26.93659],[94.94838,26.93583],[94.94713,26.93544],[94.94578,26.93527],[94.94271,26.93517],[94.94147,26.93502],[94.94099,26.93393],[94.94005,26.93324],[94.93823,26.93326],[94.93687,26.93305],[94.93481,26.93236],[94.93331,26.9325],[94.93139,26.93244],[94.93102,26.93408],[94.93054,26.93521],[94.93095,26.93808],[94.92896,26.93808],[94.92801,26.93827],[94.92748,26.93917],[94.92488,26.94227],[94.92402,26.9448],[94.92387,26.94594],[94.924,26.94682],[94.92355,26.94771],[94.92174,26.94545],[94.91889,26.94331],[94.91726,26.94167],[94.916,26.93963],[94.91468,26.93667],[94.91252,26.9364],[94.91012,26.93627],[94.90646,26.93561],[94.90349,26.93488],[94.9016,26.93416],[94.90006,26.93275],[94.89842,26.93151],[94.89674,26.93077],[94.89374,26.92993],[94.89046,26.92949],[94.88653,26.92669],[94.88479,26.92522],[94.88146,26.92311],[94.88034,26.92256],[94.87906,26.92128],[94.87853,26.92039],[94.87373,26.91779],[94.8734,26.91653],[94.87293,26.9155],[94.86978,26.91247],[94.86674,26.90983],[94.86588,26.90883],[94.86555,26.90786],[94.86554,26.90522],[94.86416,26.90288],[94.86371,26.90183],[94.86352,26.90097],[94.86295,26.90074],[94.86218,26.90059],[94.86247,26.89848],[94.86229,26.89779],[94.86127,26.89618],[94.85859,26.89289],[94.8583,26.89202],[94.85777,26.88811],[94.8565,26.88722],[94.85454,26.88638],[94.85306,26.88376],[94.85096,26.8816],[94.85057,26.87806],[94.85076,26.87601],[94.85023,26.87486],[94.84834,26.87316],[94.84675,26.87199],[94.84516,26.86998],[94.84285,26.86812],[94.83928,26.86964],[94.83727,26.86929],[94.83499,26.86759],[94.83542,26.86357],[94.83508,26.86085],[94.83253,26.85861],[94.83038,26.85706],[94.82896,26.85547],[94.82821,26.85524],[94.82637,26.85516],[94.82508,26.85469],[94.823,26.85327],[94.82098,26.85137],[94.82055,26.85032],[94.81989,26.84961],[94.81755,26.84779],[94.8195,26.84488],[94.82066,26.84381],[94.82117,26.84295],[94.82117,26.84171],[94.8201,26.83901],[94.81935,26.83767],[94.81549,26.83728],[94.81437,26.83621],[94.813,26.83342],[94.81433,26.81955],[94.80696,26.81862],[94.80711,26.81794],[94.80749,26.81792]]}},
{"type":"Feature","properties":{"kind":"state","name":"Assam–Nagaland","src":"OSM relations 2025886 and 2027973","river":"153","rlen":240},"geometry":{"type":"LineString","coordinates":[[94.80749,26.81792],[94.8074,26.81696],[94.80669,26.81551],[94.80582,26.81462],[94.80461,26.81405],[94.80216,26.81487],[94.80013,26.81662],[94.79816,26.81739],[94.79692,26.81746],[94.79581,26.81683],[94.79468,26.81596],[94.79447,26.81515],[94.79524,26.81425],[94.79575,26.81308],[94.79663,26.81222],[94.79835,26.81118],[94.80076,26.80988],[94.8019,26.80943],[94.8035,26.80825],[94.80431,26.8073],[94.8047,26.80599],[94.8045,26.80338],[94.80334,26.80178],[94.802,26.80108],[94.80042,26.80104],[94.79772,26.80027],[94.79487,26.80005],[94.79244,26.80018],[94.79079,26.80043],[94.7898,26.80033],[94.78918,26.79922],[94.7892,26.798],[94.7894,26.79752]]}},
{"type":"Feature","properties":{"kind":"state","name":"Assam–Nagaland","src":"OSM relations 2025886 and 2027973"},"geometry":{"type":"LineString","coordinates":[[94.7894,26.79752],[94.79104,26.79808],[94.78816,26.79632],[94.78712,26.79542],[94.77682,26.79121],[94.77312,26.79114],[94.76957,26.78868],[94.76807,26.78611],[94.76777,26.77807],[94.76176,26.77627],[94.76033,26.77146],[94.75955,26.76753],[94.75302,26.7678],[94.75129,26.77203],[94.74885,26.77353],[94.74621,26.77404],[94.74437,26.77409],[94.7409,26.7759],[94.7402,26.776],[94.74012,26.77491],[94.74133,26.77251],[94.73951,26.77035],[94.73778,26.76546],[94.70992,26.74822],[94.69181,26.73234],[94.66729,26.72487],[94.65378,26.72005],[94.64415,26.7215],[94.64095,26.72047],[94.63651,26.71788],[94.63245,26.71767],[94.62979,26.71619],[94.62475,26.71592],[94.62368,26.71481],[94.62223,26.71291],[94.62009,26.71255],[94.61991,26.71327],[94.61862,26.71339]]}},
{"type":"Feature","properties":{"kind":"state","name":"Assam–Nagaland","src":"OSM relations 2025886 and 2027973","river":"298","rlen":149},"geometry":{"type":"LineString","coordinates":[[94.61862,26.71339],[94.61923,26.7186],[94.6197,26.72096],[94.62017,26.72162],[94.62036,26.72219],[94.62037,26.72283],[94.61992,26.72346],[94.61941,26.72357],[94.61714,26.72484],[94.61664,26.72599],[94.61642,26.72621],[94.61599,26.7264],[94.61559,26.72677],[94.61494,26.72716],[94.6143,26.72741],[94.61298,26.72767],[94.61224,26.72794],[94.61085,26.72813],[94.60973,26.72858],[94.60743,26.72851],[94.60753,26.72932],[94.60811,26.73038],[94.60919,26.73298],[94.60973,26.736],[94.60967,26.73642],[94.60951,26.73674],[94.60926,26.73693],[94.60857,26.73708],[94.60794,26.73741],[94.60766,26.73746],[94.6074,26.73731],[94.60685,26.73682],[94.60655,26.73636],[94.60646,26.73604],[94.60641,26.73455],[94.6063,26.73422],[94.60608,26.734],[94.60557,26.73387],[94.60521,26.73397],[94.60482,26.73444],[94.60448,26.73462],[94.60227,26.73492],[94.60083,26.73487],[94.6002,26.73517],[94.59959,26.73526],[94.59685,26.73463],[94.59536,26.73402],[94.59472,26.73362],[94.594,26.73287],[94.59309,26.73164],[94.59297,26.73133],[94.59299,26.73105],[94.59309,26.73082],[94.59382,26.72989],[94.59464,26.72859],[94.59502,26.72737],[94.59498,26.72694],[94.59455,26.72596],[94.59449,26.72568],[94.59417,26.72548],[94.59383,26.7255],[94.59287,26.72591],[94.59246,26.72597],[94.59179,26.72583],[94.59141,26.72556]]}},
{"type":"Feature","properties":{"kind":"state","name":"Assam–Nagaland","src":"OSM relations 2025886 and 2027973"},"geometry":{"type":"LineString","coordinates":[[94.59141,26.72556],[94.59283,26.72402],[94.59299,26.72353],[94.59271,26.72319],[94.59183,26.72292],[94.5916,26.72266],[94.59107,26.72104],[94.59127,26.72048],[94.59156,26.7202],[94.59245,26.71991],[94.59351,26.71971],[94.59521,26.71967],[94.59569,26.72017],[94.59609,26.72108],[94.59663,26.72118],[94.59683,26.72108],[94.5973,26.71962],[94.59778,26.71909],[94.59832,26.71897],[94.60004,26.71983],[94.60054,26.71992],[94.60071,26.71982],[94.60088,26.71921],[94.60107,26.71901],[94.60224,26.71871],[94.60243,26.71856],[94.60252,26.7183],[94.60226,26.71743],[94.60239,26.71643],[94.60193,26.71454],[94.60238,26.71385],[94.60314,26.71334],[94.60342,26.71283],[94.60352,26.71235],[94.60344,26.71184],[94.6031,26.7115],[94.60267,26.71136],[94.60195,26.71147],[94.60158,26.71218],[94.60118,26.71341],[94.60085,26.71345],[94.59992,26.71266],[94.59945,26.71259],[94.59913,26.7129],[94.59918,26.71403],[94.59887,26.71503],[94.59822,26.71628],[94.59784,26.71644],[94.59678,26.716],[94.59636,26.71646],[94.5958,26.7167],[94.59524,26.71648],[94.59397,26.71536],[94.59392,26.71407],[94.59378,26.71367],[94.59343,26.71327],[94.59315,26.71251],[94.59307,26.71082],[94.59275,26.71029],[94.59314,26.70783],[94.59308,26.70731],[94.59275,26.70653],[94.59257,26.70547],[94.5929,26.70477],[94.59492,26.70349],[94.5952,26.70305],[94.59506,26.7026],[94.59401,26.70145],[94.59358,26.70116],[94.59234,26.70115],[94.59145,26.70044],[94.59211,26.69966],[94.59266,26.69944],[94.59354,26.69877],[94.59401,26.69796],[94.59414,26.69714],[94.59396,26.69695],[94.5937,26.69694],[94.5931,26.69735],[94.59224,26.69734],[94.59079,26.69641],[94.58823,26.69724],[94.58571,26.69838],[94.58519,26.6985],[94.58472,26.69847],[94.58401,26.6979],[94.58342,26.69779],[94.58218,26.69772],[94.58099,26.698],[94.58056,26.6995],[94.58022,26.70009],[94.57969,26.70059],[94.57848,26.70098],[94.57738,26.70108],[94.57699,26.70088],[94.5767,26.70052],[94.57627,26.69951],[94.57538,26.69837],[94.57497,26.69793],[94.57397,26.69726],[94.57257,26.69505],[94.5718,26.69464],[94.56927,26.69393],[94.56863,26.69361],[94.56766,26.69239],[94.5673,26.69137],[94.56647,26.69061],[94.56724,26.68944],[94.56751,26.68863],[94.56733,26.6881],[94.56745,26.68768],[94.56762,26.68754],[94.56792,26.68744],[94.5681,26.6875],[94.56904,26.68828],[94.56933,26.68833],[94.5697,26.68825],[94.57128,26.68745],[94.57164,26.68722],[94.57171,26.68695],[94.57157,26.68659],[94.56999,26.68664],[94.56897,26.68639],[94.56871,26.68622],[94.56852,26.68537],[94.56722,26.68435],[94.56743,26.68377],[94.56695,26.68359],[94.56611,26.68374],[94.56469,26.68444],[94.56332,26.68415],[94.56291,26.68429],[94.56253,26.68456],[94.56195,26.68545],[94.56062,26.6858],[94.55997,26.68614],[94.55974,26.68642],[94.55972,26.68706],[94.56056,26.6889],[94.56099,26.69128],[94.56241,26.69619],[94.56242,26.6975],[94.56202,26.69942],[94.56099,26.70035],[94.56084,26.70066],[94.56086,26.70118],[94.56212,26.70432],[94.56229,26.70499],[94.56204,26.70514],[94.56092,26.70492],[94.55762,26.70533],[94.55669,26.70538],[94.55542,26.70524],[94.55404,26.70472],[94.55217,26.70351],[94.55025,26.70203],[94.54983,26.70226],[94.54953,26.70311],[94.54953,26.70398],[94.54911,26.70469],[94.54771,26.70447],[94.54658,26.70456],[94.54168,26.70556],[94.53922,26.70536],[94.53698,26.70385],[94.53467,26.70186],[94.53232,26.7009],[94.52947,26.70047],[94.52691,26.69952],[94.52573,26.69863],[94.52487,26.69772],[94.52441,26.69708],[94.52405,26.69593],[94.52276,26.69749],[94.5225,26.69799],[94.52231,26.69894],[94.52173,26.69926],[94.52114,26.69926],[94.52068,26.69856],[94.52057,26.69797],[94.52056,26.6972],[94.52095,26.69545],[94.5209,26.69494],[94.52025,26.69394],[94.51941,26.69056],[94.51911,26.6888],[94.5177,26.68803],[94.51778,26.68707],[94.5183,26.68596],[94.51869,26.68416],[94.51757,26.6819],[94.5165,26.68144],[94.51461,26.68098],[94.51336,26.68048],[94.51182,26.68324],[94.51062,26.68485],[94.50963,26.68568],[94.50781,26.68585],[94.50787,26.68456],[94.50864,26.6836],[94.50972,26.6827],[94.51008,26.68163],[94.51034,26.68002],[94.50922,26.67925],[94.50716,26.67875],[94.50506,26.67763],[94.50328,26.6757],[94.50281,26.67478],[94.50255,26.67392],[94.50108,26.67224],[94.4987,26.67114],[94.49716,26.66967],[94.4926,26.66628],[94.49191,26.66613],[94.48995,26.66629],[94.48929,26.66645],[94.48557,26.66809],[94.48176,26.66758],[94.47615,26.66583],[94.47436,26.66501],[94.47161,26.66459],[94.46965,26.66399],[94.46846,26.66429],[94.46762,26.66416],[94.46458,26.66315],[94.46293,26.66296],[94.46217,26.66276],[94.46004,26.66168],[94.45975,26.66102],[94.45939,26.65884],[94.45897,26.65386],[94.45798,26.65331],[94.45609,26.65338],[94.45468,26.65292],[94.45388,26.65208],[94.45446,26.65108],[94.45502,26.65041],[94.45674,26.64886],[94.45989,26.645],[94.45996,26.64337],[94.45944,26.64188],[94.45938,26.64088],[94.45998,26.63775],[94.46116,26.63678],[94.46487,26.63417],[94.46545,26.63348],[94.46564,26.633],[94.46506,26.6329],[94.46403,26.63352],[94.46335,26.63376],[94.46281,26.63338],[94.46268,26.6329],[94.46195,26.63261],[94.46135,26.63277],[94.46041,26.63342],[94.45978,26.63359],[94.45848,26.6334],[94.45792,26.63363],[94.45691,26.63269],[94.45605,26.63225],[94.45508,26.63204],[94.45397,26.63236],[94.45405,26.633],[94.4553,26.6338],[94.45543,26.63419],[94.45481,26.63455],[94.45354,26.6344],[94.45311,26.63455],[94.45204,26.6353],[94.45159,26.63605],[94.45109,26.6353],[94.44998,26.63559],[94.44796,26.63279],[94.44365,26.62883],[94.43938,26.62456],[94.43457,26.6216],[94.43017,26.61965],[94.42584,26.61729],[94.42129,26.61648],[94.41268,26.61378],[94.40696,26.61266],[94.40305,26.61109],[94.40318,26.61046],[94.40316,26.60963],[94.40325,26.60964]]}},
{"type":"Feature","properties":{"kind":"state","name":"Assam–Nagaland","src":"OSM relations 2025886 and 2027973","river":"44","rlen":133},"geometry":{"type":"LineString","coordinates":[[94.40325,26.60964],[94.40333,26.60904],[94.40424,26.60736],[94.40448,26.60664],[94.40503,26.60626],[94.4054,26.60589],[94.40526,26.60517],[94.40539,26.60491],[94.40519,26.60436],[94.40525,26.60408],[94.40468,26.60349],[94.40447,26.60346],[94.40331,26.60402],[94.40275,26.6041],[94.40256,26.60405],[94.40203,26.60364],[94.4019,26.6034],[94.40197,26.60293],[94.40278,26.60204],[94.40304,26.60153],[94.40309,26.60071],[94.40299,26.60047],[94.40229,26.60017],[94.40179,26.59973],[94.40132,26.59895],[94.40139,26.59886],[94.4014,26.59816],[94.40213,26.59727],[94.40154,26.59576],[94.40111,26.59518],[94.40098,26.59359],[94.40125,26.59315],[94.40177,26.59335],[94.40314,26.59368],[94.40373,26.59329],[94.40414,26.59284],[94.40427,26.59242],[94.4043,26.59188],[94.40478,26.59122],[94.40535,26.59101],[94.40572,26.59109],[94.40587,26.59153],[94.40653,26.59213],[94.40725,26.59202],[94.40781,26.59177],[94.40776,26.59128],[94.40736,26.59016],[94.40643,26.5893],[94.40623,26.5887],[94.40647,26.58798],[94.40691,26.5879],[94.40753,26.58809],[94.40809,26.58857],[94.40854,26.58849],[94.40908,26.58803],[94.40919,26.5874],[94.40886,26.58694],[94.40858,26.58606],[94.40874,26.58543],[94.40922,26.58444],[94.40982,26.58348],[94.4117,26.58343],[94.41195,26.58335],[94.41233,26.58287],[94.41211,26.58211],[94.4114,26.58107],[94.41105,26.5804],[94.41116,26.57977],[94.41209,26.57915],[94.41279,26.57884],[94.41305,26.57828],[94.41289,26.57731],[94.41276,26.57699],[94.41245,26.57665],[94.4119,26.5767],[94.41087,26.57725],[94.40948,26.5775],[94.40918,26.57724],[94.40911,26.57667],[94.40925,26.57625],[94.40981,26.57562],[94.41091,26.57523],[94.41118,26.57479],[94.4112,26.57311],[94.41093,26.57258],[94.40999,26.57217],[94.40832,26.57201],[94.40737,26.57098],[94.40683,26.56986],[94.40565,26.56804],[94.40608,26.56577],[94.40579,26.56499],[94.40566,26.56382],[94.40669,26.56323],[94.40753,26.5621],[94.40735,26.56112],[94.40688,26.56005],[94.40602,26.55975],[94.40526,26.56038],[94.40277,26.55968],[94.40223,26.55917],[94.4021,26.55869],[94.40289,26.55837],[94.4038,26.55847],[94.4054,26.55795],[94.40622,26.55787],[94.40628,26.55718],[94.40579,26.55711],[94.40492,26.55681],[94.40485,26.55614],[94.40564,26.5552],[94.40616,26.5549],[94.40586,26.55412],[94.40463,26.55423],[94.40373,26.55419],[94.403,26.55389],[94.40276,26.55354],[94.4031,26.55289],[94.40489,26.55291],[94.40581,26.55183],[94.40593,26.54989],[94.40582,26.54953],[94.40442,26.54935],[94.40301,26.54967],[94.40213,26.55043],[94.40105,26.55065],[94.40043,26.55065],[94.40032,26.55029],[94.40031,26.54967],[94.40088,26.54794],[94.40211,26.54783],[94.40309,26.5486],[94.40384,26.54854],[94.40452,26.54785],[94.40392,26.54741],[94.40351,26.54683],[94.40257,26.54586],[94.40245,26.54476],[94.40252,26.54357],[94.4023,26.54285],[94.40182,26.54227],[94.4014,26.5428],[94.40121,26.54357],[94.40075,26.54441],[94.40007,26.54448],[94.39929,26.5443],[94.39881,26.54373],[94.39866,26.54306],[94.39909,26.54252],[94.39973,26.54215],[94.4012,26.54171],[94.4017,26.54122],[94.40156,26.54062],[94.40091,26.54037],[94.39953,26.54099],[94.39884,26.54093],[94.39764,26.53955],[94.39704,26.53911],[94.39655,26.53841],[94.39667,26.53766],[94.39727,26.53748],[94.39765,26.53775],[94.39875,26.53833],[94.39942,26.53883],[94.40017,26.53876],[94.40067,26.53822],[94.40019,26.53764],[94.39947,26.53746],[94.39921,26.53692],[94.39907,26.53576],[94.39802,26.53499],[94.3974,26.53498],[94.397,26.53508],[94.39609,26.5356],[94.39549,26.53578],[94.39514,26.53575],[94.39483,26.53547],[94.39486,26.53447],[94.39472,26.5333],[94.39506,26.53259],[94.39621,26.5318],[94.39708,26.5316],[94.39748,26.53082],[94.39697,26.52999],[94.39606,26.52927],[94.39592,26.52811],[94.39567,26.52707],[94.39467,26.52679],[94.39391,26.52736],[94.39132,26.52822],[94.39086,26.52783],[94.38968,26.52837],[94.38852,26.52848],[94.38759,26.52881],[94.38696,26.5293],[94.38618,26.53099],[94.38601,26.53187],[94.38528,26.53219],[94.38457,26.53201],[94.3843,26.53147],[94.38463,26.5307],[94.38534,26.53026],[94.38584,26.52984],[94.386,26.52883],[94.3857,26.52793],[94.38551,26.52633],[94.38509,26.52563],[94.38396,26.52542],[94.38309,26.52625],[94.382,26.52641],[94.3809,26.52645],[94.38002,26.52597],[94.37964,26.52446],[94.37924,26.52338],[94.37902,26.52141],[94.37807,26.52156],[94.37743,26.52261],[94.37686,26.52304],[94.37624,26.52303],[94.37537,26.52206],[94.3752,26.5212],[94.37525,26.52039],[94.37589,26.51934],[94.37542,26.51889],[94.3747,26.5192],[94.37403,26.51939],[94.37346,26.51919],[94.37232,26.5183],[94.37222,26.51682],[94.37239,26.5165],[94.37425,26.51651],[94.37486,26.51633],[94.37532,26.51561],[94.3761,26.51516],[94.37657,26.51506],[94.37672,26.51455],[94.37626,26.51409],[94.37489,26.5136],[94.37403,26.51151],[94.37203,26.5115],[94.37182,26.51084],[94.37183,26.51034],[94.37386,26.51003],[94.37392,26.50928],[94.37383,26.50793],[94.37357,26.50689],[94.37188,26.50717],[94.37151,26.5069],[94.37143,26.50622],[94.37089,26.50516],[94.36947,26.50473],[94.36785,26.50388],[94.36538,26.50337],[94.36423,26.50354],[94.36416,26.50416],[94.36427,26.50452],[94.36495,26.50502],[94.36532,26.50586],[94.36533,26.50654],[94.3643,26.50663],[94.36242,26.50525],[94.36082,26.50509],[94.3599,26.50555],[94.36005,26.50684],[94.35918,26.50772],[94.35873,26.50795],[94.3583,26.50787],[94.35824,26.50731],[94.35845,26.50674],[94.35857,26.50598],[94.35686,26.50607],[94.35639,26.50562],[94.35583,26.50431],[94.35474,26.50379],[94.35397,26.50429],[94.35354,26.50483],[94.35315,26.50499],[94.35181,26.50412],[94.35027,26.50389],[94.35007,26.50341],[94.35037,26.50239],[94.35141,26.50124],[94.35288,26.50017],[94.35295,26.49961],[94.3523,26.49874],[94.35212,26.49832],[94.35223,26.4975],[94.35189,26.49698],[94.34981,26.49748],[94.3493,26.49721],[94.34868,26.49665],[94.34841,26.49605],[94.34901,26.49525],[94.34983,26.49462],[94.35002,26.49386],[94.34984,26.49344],[94.34884,26.49316],[94.34926,26.492],[94.34944,26.49112],[94.34997,26.49033],[94.3494,26.48963],[94.34886,26.48912],[94.3489,26.48819],[94.34808,26.48709],[94.3468,26.48615],[94.3458,26.48587],[94.34579,26.48637],[94.34597,26.48734],[94.34578,26.4881],[94.34531,26.48815],[94.34494,26.48793],[94.3448,26.48677],[94.34387,26.48586],[94.34347,26.48472],[94.34288,26.4844],[94.34217,26.48484],[94.34166,26.48457],[94.3408,26.48186],[94.3393,26.48082],[94.33793,26.48032],[94.33713,26.48176],[94.33741,26.48242],[94.33737,26.48323],[94.33677,26.48347],[94.33574,26.4835],[94.33546,26.48099],[94.33505,26.4804],[94.33437,26.47991],[94.33346,26.47974],[94.3327,26.47981],[94.33149,26.48067],[94.3312,26.48057],[94.33135,26.48006],[94.33175,26.47928],[94.33123,26.47895],[94.32971,26.47953],[94.32868,26.47956],[94.32787,26.48038],[94.32743,26.48135],[94.32749,26.48184],[94.32692,26.48233],[94.32603,26.48241],[94.32524,26.48273],[94.32457,26.48286],[94.32443,26.48225],[94.32495,26.48139],[94.32524,26.48025],[94.3259,26.47876],[94.32663,26.47553],[94.32578,26.4753],[94.32462,26.4754],[94.32289,26.47538],[94.3207,26.47545],[94.31964,26.47524],[94.31927,26.47509],[94.31919,26.47435],[94.32011,26.47272],[94.32119,26.47249],[94.32171,26.47288],[94.32257,26.47317],[94.32312,26.47312],[94.32319,26.47249],[94.32218,26.47209],[94.32119,26.47131],[94.32098,26.47065],[94.3217,26.46909],[94.3226,26.46796],[94.32318,26.46697],[94.32333,26.46646],[94.32358,26.46625],[94.3238,26.46574],[94.3233,26.4656],[94.3225,26.46517],[94.3216,26.46457],[94.3214,26.46341],[94.32047,26.46251],[94.31922,26.46243],[94.31786,26.46262],[94.31723,26.46193],[94.31694,26.46115],[94.31685,26.46042],[94.3171,26.45891],[94.31658,26.45834]]}},
{"type":"Feature","properties":{"kind":"state","name":"Assam–Nagaland","src":"OSM relations 2025886 and 2027973"},"geometry":{"type":"LineString","coordinates":[[94.31658,26.45834],[94.3158,26.45834],[94.31535,26.45853],[94.3145,26.45909],[94.31374,26.45999],[94.31323,26.46038],[94.31287,26.46051],[94.311,26.46045],[94.30945,26.46115],[94.30854,26.46187],[94.3081,26.46251],[94.3077,26.46262],[94.30743,26.46248],[94.30724,26.46112],[94.30693,26.46085],[94.3066,26.46095],[94.3061,26.46187],[94.30574,26.46325],[94.30552,26.46342],[94.30386,26.4634],[94.30352,26.46431],[94.30315,26.46445],[94.30266,26.46437],[94.30234,26.46373],[94.30188,26.4635],[94.30165,26.46395],[94.30146,26.46401],[94.30098,26.46396],[94.3004,26.46369],[94.29986,26.46376],[94.29959,26.46438],[94.29966,26.4647],[94.30007,26.46507],[94.30001,26.46545],[94.30014,26.46593],[94.30002,26.46607],[94.29964,26.46609],[94.29885,26.46712],[94.29812,26.46718],[94.29777,26.46778],[94.29789,26.46823],[94.29768,26.46824],[94.29727,26.46786],[94.29624,26.46772],[94.29648,26.46828],[94.29621,26.46876],[94.29593,26.47004],[94.29545,26.46976],[94.29497,26.4699],[94.2949,26.47007],[94.29504,26.47043],[94.2934,26.47072],[94.29396,26.47122],[94.29367,26.47145],[94.29405,26.47182],[94.29401,26.47213],[94.29384,26.47229],[94.29337,26.47242],[94.29304,26.47233],[94.29289,26.4724],[94.29323,26.47263],[94.29334,26.47296],[94.29293,26.47328],[94.2931,26.4737],[94.29307,26.47449],[94.2926,26.47476],[94.29266,26.47522],[94.29258,26.47529],[94.29159,26.47523],[94.29141,26.47532],[94.29173,26.47588],[94.29222,26.47639],[94.29214,26.47796],[94.29165,26.47849],[94.29054,26.47896],[94.28968,26.47994],[94.28989,26.4814],[94.29037,26.4826],[94.29041,26.48306],[94.29022,26.48411],[94.2896,26.48503],[94.28973,26.48584],[94.28949,26.4861],[94.2893,26.48685],[94.28947,26.48748],[94.29012,26.48862],[94.28984,26.4892],[94.28916,26.48958],[94.28881,26.49003],[94.28873,26.49034],[94.28899,26.49117],[94.2889,26.49146],[94.28881,26.49169],[94.28827,26.49203],[94.28799,26.49255],[94.28794,26.49281],[94.28822,26.49349],[94.28834,26.49558],[94.28699,26.49731],[94.28603,26.49757],[94.28592,26.49777],[94.28574,26.49879],[94.28535,26.49927],[94.28464,26.5007],[94.28464,26.50277],[94.28443,26.50324],[94.28314,26.50488],[94.28291,26.50613],[94.28303,26.50691],[94.28306,26.5107],[94.28471,26.51161],[94.28569,26.51246],[94.28631,26.51453],[94.28633,26.51603],[94.28598,26.51722],[94.28596,26.51788],[94.28557,26.51861],[94.28453,26.51975],[94.28423,26.52056],[94.28429,26.52177],[94.28298,26.52248],[94.28241,26.52367],[94.28154,26.52453],[94.28151,26.5248],[94.28172,26.52514],[94.2822,26.52541],[94.28252,26.52579],[94.28234,26.52792],[94.28279,26.52928],[94.28246,26.52989],[94.28162,26.53062],[94.28136,26.53113],[94.28128,26.53152],[94.28186,26.53342],[94.28101,26.53436],[94.28079,26.53503],[94.2808,26.53572],[94.28141,26.53658],[94.28181,26.53762],[94.28165,26.53993],[94.28196,26.54108],[94.2836,26.54238],[94.28546,26.5425],[94.28603,26.54287],[94.2852,26.54392],[94.28344,26.54477],[94.28275,26.54537],[94.28233,26.54672],[94.28138,26.54795],[94.28126,26.54876],[94.28152,26.55011],[94.28189,26.55087],[94.2824,26.55257],[94.28229,26.55388],[94.28252,26.55479],[94.28321,26.55602],[94.28349,26.55686],[94.28345,26.55786],[94.2837,26.55865],[94.28471,26.56039],[94.28472,26.56083],[94.28458,26.56109],[94.28427,26.56136],[94.28376,26.56143],[94.2816,26.56005],[94.27953,26.55834],[94.27277,26.55313],[94.27114,26.55173],[94.27075,26.5498],[94.26966,26.54894],[94.26367,26.54571],[94.25605,26.54136],[94.25515,26.53849],[94.25373,26.53518],[94.25311,26.53295],[94.25165,26.53279],[94.25112,26.53239],[94.2505,26.53179],[94.24749,26.52801],[94.24845,26.52552],[94.24828,26.52491],[94.24654,26.52253],[94.24656,26.52146],[94.24499,26.5182],[94.2412,26.5128],[94.23702,26.5063],[94.23565,26.50574],[94.23233,26.50381],[94.23023,26.50316],[94.22879,26.50244],[94.22549,26.49981],[94.22299,26.4993],[94.22082,26.49791],[94.22001,26.49675],[94.21747,26.49504],[94.21372,26.49183],[94.20774,26.4864],[94.20645,26.48513],[94.20588,26.48396],[94.20564,26.47985],[94.20502,26.47776],[94.20321,26.47349],[94.20233,26.46959],[94.20171,26.46836],[94.19401,26.46174],[94.18678,26.45964],[94.18515,26.45878],[94.18289,26.4549],[94.18137,26.4514],[94.18041,26.44764],[94.17749,26.43986],[94.17532,26.43482],[94.17427,26.43194],[94.17298,26.43071],[94.17202,26.43004],[94.17197,26.42886],[94.17262,26.4275],[94.17459,26.42521],[94.1748,26.42373],[94.17414,26.4221],[94.17247,26.41966],[94.17131,26.41607],[94.17206,26.41276],[94.17352,26.40959],[94.17399,26.40759],[94.17392,26.40611],[94.17339,26.40502],[94.17296,26.40365],[94.17313,26.40202],[94.1744,26.39723],[94.17459,26.39433],[94.17558,26.39218],[94.17667,26.38624],[94.1771,26.38228],[94.17639,26.38078],[94.17515,26.37918],[94.17324,26.37601],[94.17232,26.37415],[94.17202,26.37267],[94.17255,26.37199],[94.17326,26.37138],[94.17373,26.37034],[94.17223,26.36788],[94.17156,26.36398],[94.17023,26.3619],[94.16882,26.36075],[94.16723,26.35967],[94.1659,26.35894],[94.16165,26.35546],[94.1606,26.35404],[94.16039,26.35179],[94.16051,26.35029],[94.16135,26.34705],[94.16302,26.34796],[94.16629,26.34763],[94.16702,26.34813],[94.16757,26.34977],[94.16852,26.35077],[94.17118,26.35047],[94.17217,26.35053],[94.1727,26.35073],[94.17308,26.35033],[94.17338,26.34971],[94.17519,26.3489],[94.17618,26.34802],[94.17708,26.34706],[94.17736,26.34629],[94.1771,26.34563],[94.1749,26.34343],[94.17427,26.34298],[94.17402,26.34233],[94.17447,26.34107],[94.1742,26.34044],[94.17151,26.33821],[94.17108,26.3382],[94.1674,26.33938],[94.16445,26.33632],[94.16343,26.33602],[94.16029,26.33589],[94.15781,26.33505],[94.15618,26.33495],[94.15448,26.33507],[94.15194,26.33472],[94.14937,26.33425],[94.14721,26.33349],[94.14587,26.33264],[94.14557,26.33217],[94.1456,26.33101],[94.14533,26.3308],[94.14459,26.33064],[94.14335,26.3306],[94.14148,26.33079],[94.14118,26.33136],[94.14055,26.33584],[94.14016,26.3361],[94.13946,26.33632],[94.13854,26.33636],[94.13878,26.33582]]}},
{"type":"Feature","properties":{"kind":"state","name":"Assam–Nagaland","src":"OSM relations 2025886 and 2027973","river":"315","rlen":114},"geometry":{"type":"LineString","coordinates":[[94.13878,26.33582],[94.1375,26.33536],[94.13605,26.33412],[94.13523,26.3336],[94.13399,26.33323],[94.13326,26.33251],[94.13307,26.33174],[94.13189,26.33146],[94.13062,26.33079],[94.12936,26.33026],[94.12838,26.33025],[94.12779,26.33075],[94.12709,26.33086],[94.12592,26.33058],[94.12526,26.33054],[94.12402,26.33011],[94.12108,26.32866],[94.11976,26.32809],[94.11913,26.32874],[94.11828,26.32891],[94.11703,26.32898],[94.11647,26.32932],[94.11581,26.32924],[94.11533,26.32879],[94.11497,26.3276],[94.11389,26.32666],[94.11374,26.32629],[94.11386,26.32588],[94.11418,26.32531],[94.11408,26.32449],[94.11573,26.32365],[94.11679,26.32243],[94.11788,26.32145],[94.11789,26.32106],[94.11811,26.32055],[94.11847,26.31992],[94.11902,26.31943],[94.11959,26.31933]]}},
{"type":"Feature","properties":{"kind":"state","name":"Assam–Nagaland","src":"OSM relations 2025886 and 2027973"},"geometry":{"type":"LineString","coordinates":[[94.11959,26.31933],[94.1193,26.31808],[94.11322,26.31809],[94.11086,26.31798],[94.11056,26.31815],[94.10985,26.31992],[94.10882,26.32023],[94.10657,26.32031],[94.10524,26.32015],[94.10451,26.31942],[94.1029,26.316],[94.09955,26.31413],[94.09932,26.31346],[94.10024,26.31175],[94.10082,26.31025],[94.10097,26.3095],[94.1005,26.30769],[94.09733,26.30173],[94.0903,26.29409],[94.08769,26.29345],[94.08681,26.2918],[94.08509,26.28966],[94.08451,26.28868],[94.08427,26.28408],[94.08409,26.28359],[94.08361,26.28331],[94.0829,26.2832],[94.08149,26.28364],[94.07908,26.28408],[94.07627,26.28405],[94.07479,26.28372],[94.0744,26.28112],[94.07252,26.27697],[94.07237,26.27641],[94.07485,26.27306],[94.07535,26.26746],[94.07479,26.26396],[94.07101,26.26219],[94.07043,26.26051],[94.06848,26.25657],[94.06765,26.2567],[94.06659,26.25665],[94.06496,26.25593],[94.06402,26.25628],[94.06314,26.25632],[94.06095,26.2554],[94.0591,26.25445],[94.05805,26.25503],[94.0573,26.25566],[94.05627,26.25451],[94.05441,26.25407],[94.0532,26.25337],[94.05239,26.25245],[94.05026,26.25166],[94.04981,26.25097],[94.04745,26.24941],[94.04366,26.23894],[94.04226,26.23467],[94.03634,26.22635],[94.03567,26.22289],[94.03211,26.19848],[94.03175,26.19767],[94.02233,26.19434],[94.02132,26.19364],[94.01606,26.18486],[94.0149,26.18423],[94.01158,26.18338],[94.00786,26.18284],[94.00593,26.17957],[94.00248,26.17458],[94.00126,26.17229],[94.00267,26.17131],[94.00286,26.17071],[94.00166,26.16719],[94.00136,26.16551],[94.00216,26.16457],[94.00269,26.1632],[94.00271,26.1595],[94.00211,26.15729],[94.00121,26.15534],[94.00061,26.15459],[93.99806,26.15446],[93.99638,26.15355],[93.99587,26.15257],[93.9951,26.15018],[93.99518,26.14822],[93.99589,26.14746],[93.99671,26.14714],[93.99799,26.14685],[93.99941,26.14669],[94.00059,26.14615],[94.00239,26.14494],[94.0037,26.14159],[94.00218,26.13891],[94.00205,26.13706],[94.00166,26.1349],[93.99952,26.13234],[93.99769,26.13117],[93.99692,26.13123],[93.99583,26.13159],[93.99462,26.13236],[93.9928,26.13323],[93.99078,26.13381],[93.98872,26.13332],[93.98716,26.13153],[93.98694,26.13032],[93.98724,26.12924],[93.98778,26.12847],[93.98868,26.12812],[93.99102,26.1283],[93.99576,26.12922],[93.99806,26.12834],[93.99711,26.12733],[93.99585,26.12656],[93.99349,26.12471],[93.99293,26.12362],[93.99353,26.12061],[93.99357,26.11965],[93.99334,26.11841],[93.99284,26.11778],[93.99158,26.11689],[93.98823,26.11535],[93.98707,26.11454],[93.98696,26.1135],[93.98707,26.11261],[93.98761,26.11188],[93.98829,26.11142],[93.98975,26.1109],[93.99201,26.11138],[93.99317,26.11184],[93.99439,26.11202],[93.99555,26.11173],[93.99664,26.11119],[93.99871,26.11064]]}},
{"type":"Feature","properties":{"kind":"state","name":"Assam–Nagaland","src":"OSM relations 2025886 and 2027973","river":"183","rlen":217},"geometry":{"type":"LineString","coordinates":[[93.99871,26.11064],[93.9985,26.11],[93.99822,26.10884],[93.99826,26.10661],[93.998,26.10615],[93.99697,26.1054],[93.99569,26.10492],[93.99517,26.10481],[93.99393,26.10474],[93.99319,26.10461],[93.99261,26.10438],[93.99154,26.10367],[93.99037,26.10241],[93.9896,26.10135],[93.98916,26.1005],[93.98883,26.09973],[93.98869,26.09906],[93.98857,26.09748],[93.9886,26.09657],[93.98869,26.0961],[93.98904,26.09536],[93.98948,26.09412],[93.99002,26.09159],[93.99014,26.09003],[93.99011,26.08949],[93.98976,26.08815],[93.98955,26.08759],[93.98921,26.08702],[93.98881,26.08669],[93.98821,26.08646],[93.9871,26.08641],[93.98509,26.08681]]}},
{"type":"Feature","properties":{"kind":"state","name":"Assam–Nagaland","src":"OSM relations 2025886 and 2027973"},"geometry":{"type":"LineString","coordinates":[[93.98509,26.08681],[93.98456,26.08465],[93.98327,26.08402],[93.98207,26.0819],[93.98164,26.08003],[93.9819,26.07847],[93.98293,26.07673],[93.98593,26.07245],[93.98638,26.07055],[93.98716,26.06856],[93.98724,26.06706],[93.98671,26.06648],[93.98593,26.06609],[93.9793,26.05707],[93.97036,26.04632],[93.97055,26.0404],[93.96267,26.03691],[93.96235,26.0356],[93.9619,26.03045],[93.96285,26.02616],[93.95991,26.0125],[93.95377,26.00415],[93.95298,26.00326],[93.95999,25.99435],[93.95716,25.97927],[93.9548,25.96893],[93.9693,25.95586],[93.96907,25.94475],[93.96868,25.93533],[93.97759,25.92918],[93.97817,25.92808],[93.97855,25.92082],[93.97922,25.91745],[93.97722,25.91515],[93.97572,25.91409],[93.97205,25.91249],[93.96823,25.90947],[93.96526,25.90695],[93.96006,25.90154],[93.95873,25.90274],[93.9486,25.89938],[93.94371,25.89841],[93.94409,25.89629],[93.93868,25.89656],[93.93697,25.89602],[93.93422,25.89452],[93.93375,25.88772],[93.93349,25.88672],[93.92478,25.88475],[93.92388,25.88239],[93.91551,25.88297],[93.91036,25.87911],[93.91062,25.87506],[93.91006,25.87355],[93.90869,25.87235],[93.90598,25.87112],[93.901,25.87139],[93.89585,25.86204],[93.8962,25.85714],[93.89049,25.85934],[93.88062,25.84466],[93.87899,25.84281],[93.87517,25.84138],[93.86633,25.84934],[93.85963,25.85165],[93.85106,25.85717],[93.8508,25.85724],[93.84921,25.85652],[93.84719,25.85586],[93.84474,25.85797],[93.84403,25.85809],[93.84079,25.85768],[93.8377,25.85748],[93.83709,25.85706],[93.83556,25.85549],[93.83093,25.84913],[93.83009,25.84775],[93.82921,25.84562],[93.82893,25.84538],[93.82559,25.8445],[93.82484,25.84414],[93.82395,25.84266],[93.81804,25.83422],[93.81766,25.83326],[93.81577,25.82336],[93.8154,25.82297],[93.8068,25.8207],[93.80566,25.81597],[93.80546,25.81557],[93.80521,25.81532],[93.80435,25.81508],[93.80307,25.81449],[93.80249,25.81407],[93.80173,25.81339],[93.80119,25.81267],[93.80006,25.81063],[93.79973,25.81035],[93.79742,25.80913],[93.79614,25.80782],[93.79596,25.80777],[93.7958,25.80786],[93.7953,25.80844],[93.79484,25.80815]]}},
{"type":"Feature","properties":{"kind":"state","name":"Assam–Nagaland","src":"OSM relations 2025886 and 2027973","river":"547","rlen":59},"geometry":{"type":"LineString","coordinates":[[93.79484,25.80815],[93.79464,25.80842],[93.79442,25.80885],[93.7939,25.80937],[93.79282,25.80964],[93.79209,25.81005],[93.79087,25.81016],[93.78863,25.81101],[93.7882,25.81181],[93.78801,25.81253],[93.78753,25.81345],[93.78768,25.81485],[93.7874,25.81587],[93.7873,25.8167],[93.78663,25.8177],[93.78575,25.8186],[93.78555,25.81974],[93.78611,25.82127],[93.7863,25.82243],[93.78626,25.82325],[93.78564,25.82413],[93.78401,25.82469],[93.78302,25.82513],[93.78233,25.82595],[93.78226,25.82701],[93.78249,25.82922],[93.7827,25.82991],[93.78275,25.83038],[93.78263,25.83109],[93.78036,25.83411],[93.77885,25.83689],[93.77892,25.83753],[93.77936,25.83801],[93.78003,25.83819],[93.78068,25.83884],[93.78063,25.83955],[93.78006,25.84024],[93.77931,25.84054],[93.77822,25.84064],[93.77631,25.84157],[93.776,25.84236],[93.77678,25.84353],[93.77912,25.84537],[93.78015,25.84587],[93.78051,25.84619],[93.78039,25.84691],[93.77945,25.84722],[93.77842,25.84726],[93.77706,25.84667],[93.77636,25.84679],[93.77572,25.84755],[93.77568,25.84891],[93.77613,25.85192],[93.7769,25.85238],[93.77833,25.85243],[93.77961,25.85285],[93.78027,25.85361],[93.78047,25.85424],[93.78075,25.85445],[93.78058,25.85522],[93.78011,25.85632],[93.77933,25.85692],[93.7789,25.85772],[93.77897,25.85836],[93.78024,25.85866],[93.78088,25.8586],[93.78135,25.85815],[93.78214,25.85767],[93.78327,25.85792],[93.78355,25.85866],[93.78352,25.86142],[93.78249,25.86269],[93.78219,25.86348],[93.78213,25.86477],[93.7823,25.86576],[93.78397,25.86737],[93.78449,25.87038],[93.78439,25.87244],[93.78512,25.8732],[93.78567,25.87409],[93.7861,25.87499],[93.78634,25.8772],[93.78595,25.87841],[93.78595,25.87964],[93.78507,25.88171],[93.78344,25.88397],[93.78345,25.88473],[93.78376,25.88694],[93.78499,25.88812],[93.78836,25.88987],[93.78908,25.88993],[93.79103,25.88934],[93.79202,25.88955],[93.79271,25.8899],[93.79335,25.89043],[93.79325,25.89126],[93.79277,25.89283],[93.79285,25.89353],[93.79318,25.89479],[93.79288,25.89564],[93.79236,25.89627],[93.79219,25.89705],[93.7925,25.89755],[93.79335,25.89759],[93.79418,25.8974],[93.79501,25.89733],[93.79522,25.89801],[93.79494,25.89845],[93.79373,25.89926],[93.79317,25.90013],[93.79327,25.901],[93.79379,25.9016],[93.79472,25.9024],[93.79548,25.90286],[93.79578,25.90325],[93.79571,25.90372],[93.79437,25.90519],[93.79405,25.90645],[93.79424,25.90814],[93.79388,25.90899],[93.79294,25.90996],[93.79288,25.91114],[93.79334,25.91186],[93.79386,25.91246],[93.79422,25.91336],[93.79408,25.91385],[93.79364,25.914],[93.79258,25.9138],[93.79175,25.91276],[93.79097,25.91213],[93.79048,25.91299],[93.79067,25.91409],[93.79129,25.91503],[93.79123,25.91574],[93.79096,25.91624],[93.78993,25.91686],[93.78868,25.91673],[93.78779,25.91693],[93.78784,25.91734],[93.78829,25.91788],[93.78886,25.91842],[93.78976,25.91887],[93.79,25.9199],[93.78955,25.92053],[93.78952,25.92147],[93.78918,25.9225],[93.78892,25.92376],[93.78986,25.9252],[93.79035,25.92609],[93.79037,25.92691],[93.78947,25.92764],[93.78848,25.92808],[93.78804,25.92876],[93.78863,25.92942],[93.78883,25.93004],[93.7869,25.93027],[93.78684,25.93087],[93.78754,25.93133],[93.78877,25.93486],[93.78817,25.93533],[93.78711,25.93577],[93.78665,25.93628],[93.78668,25.93834],[93.78658,25.93928],[93.78687,25.94014],[93.78699,25.94119],[93.78676,25.94209],[93.78551,25.94378],[93.78599,25.94462],[93.78691,25.94524],[93.78704,25.94588],[93.7867,25.94638],[93.78642,25.94734],[93.78657,25.94874],[93.78599,25.94932],[93.78418,25.95059],[93.78318,25.95097],[93.78062,25.95431],[93.78028,25.95534],[93.78016,25.95611],[93.7799,25.95667],[93.77937,25.95718],[93.77852,25.95767],[93.77776,25.95785],[93.77686,25.95793],[93.77608,25.95853],[93.7762,25.95964],[93.77726,25.96048],[93.77717,25.96084],[93.77661,25.96107],[93.77516,25.96084],[93.77472,25.96116],[93.77463,25.96143],[93.77468,25.96192],[93.7748,25.96215],[93.77478,25.9631],[93.77494,25.96356],[93.77478,25.96396],[93.77477,25.96508],[93.77433,25.96576],[93.77423,25.96607],[93.77422,25.96661],[93.77458,25.96699],[93.77526,25.967],[93.77591,25.96682],[93.77687,25.96675],[93.77721,25.96683],[93.77745,25.96701],[93.77753,25.96761],[93.77745,25.9688],[93.77723,25.96999],[93.77697,25.97057]]}},
{"type":"Feature","properties":{"kind":"state","name":"Assam–Nagaland","src":"OSM relations 2025886 and 2027973"},"geometry":{"type":"LineString","coordinates":[[93.77697,25.97057],[93.77531,25.96979]]}},
{"type":"Feature","properties":{"kind":"state","name":"Assam–Nagaland","src":"OSM relations 2025886 and 2027973","river":"136","rlen":352},"geometry":{"type":"LineString","coordinates":[[93.77531,25.96979],[93.77523,25.96955],[93.77471,25.96895],[93.77414,25.96853],[93.77374,25.96835],[93.77283,25.96838],[93.7726,25.96852],[93.76988,25.97142],[93.76907,25.97182],[93.76867,25.97182],[93.76838,25.97193],[93.76794,25.9719],[93.76767,25.9714],[93.7672,25.97095],[93.7668,25.97037],[93.76602,25.96874],[93.76557,25.96809],[93.76543,25.96773],[93.7654,25.96735],[93.76559,25.96611],[93.76636,25.96552],[93.767,25.96534],[93.76803,25.96481],[93.76895,25.96471],[93.76946,25.96447],[93.77003,25.96391],[93.77062,25.96318],[93.77078,25.96272],[93.77074,25.96217],[93.76954,25.95977],[93.76944,25.95933],[93.76947,25.95818],[93.76907,25.95732],[93.76893,25.95716],[93.76876,25.95713],[93.76733,25.95722],[93.76713,25.95734],[93.76675,25.95834],[93.76698,25.95988],[93.76686,25.96098],[93.76686,25.96198],[93.76678,25.96237],[93.76663,25.96262],[93.76625,25.96316],[93.76577,25.96363],[93.76546,25.96377],[93.76455,25.96379],[93.76431,25.96373],[93.76371,25.96338],[93.76346,25.96307],[93.76327,25.9626],[93.76316,25.96158],[93.76327,25.96124],[93.76381,25.96044],[93.76395,25.95921],[93.7644,25.95848],[93.76462,25.95772],[93.76438,25.9569],[93.76424,25.95679],[93.7641,25.95678],[93.76398,25.95651],[93.76438,25.95557],[93.76513,25.95489],[93.76602,25.9548],[93.76656,25.95519],[93.76728,25.9555],[93.76811,25.95571],[93.7686,25.95572],[93.76919,25.95556],[93.76971,25.95525],[93.77045,25.9543],[93.77042,25.95405],[93.76975,25.95342],[93.76875,25.95312],[93.76724,25.95192],[93.76704,25.9516],[93.76664,25.95119],[93.76603,25.95089],[93.76519,25.95075],[93.76433,25.95086],[93.76288,25.95271],[93.76227,25.9533],[93.76121,25.9537],[93.75928,25.95373],[93.75869,25.9536],[93.75773,25.95273],[93.75758,25.95248],[93.75747,25.95204],[93.75769,25.95143],[93.75896,25.95006],[93.75937,25.94894],[93.75944,25.94787],[93.7593,25.94646],[93.75886,25.94531],[93.75853,25.9451],[93.75766,25.94519],[93.75609,25.94636],[93.75544,25.94674],[93.7551,25.94684],[93.75416,25.94688],[93.75362,25.94675],[93.75324,25.94637],[93.75265,25.94547]]}},
{"type":"Feature","properties":{"kind":"state","name":"Assam–Nagaland","src":"OSM relations 2025886 and 2027973"},"geometry":{"type":"LineString","coordinates":[[93.75265,25.94547],[93.75053,25.94615],[93.74474,25.94511],[93.74213,25.94342],[93.73482,25.9366],[93.73128,25.9328],[93.72687,25.92681],[93.71493,25.92564],[93.70907,25.92866],[93.70163,25.92888],[93.69973,25.9215],[93.69709,25.913],[93.69596,25.90139],[93.69552,25.90059],[93.69567,25.90005],[93.69595,25.88648],[93.69716,25.87261],[93.70138,25.85775],[93.70425,25.85218],[93.70412,25.85085],[93.70529,25.84898]]}},
{"type":"Feature","properties":{"kind":"state","name":"Assam–Nagaland","src":"OSM relations 2025886 and 2027973","river":"136","rlen":352},"geometry":{"type":"LineString","coordinates":[[93.70529,25.84898],[93.70475,25.84867],[93.70366,25.84748],[93.70328,25.84636],[93.70294,25.84418],[93.7025,25.84359],[93.7019,25.84354],[93.7009,25.84383],[93.70038,25.84446],[93.7003,25.84525],[93.70051,25.84621],[93.70118,25.84693],[93.7017,25.84772],[93.70179,25.84873],[93.70142,25.84917],[93.70106,25.84944],[93.70041,25.84989],[93.69988,25.85006],[93.69945,25.84999],[93.6977,25.84755],[93.69652,25.84669],[93.69601,25.84646],[93.69353,25.84638],[93.6926,25.84662],[93.69243,25.84659],[93.69225,25.84641],[93.6921,25.84637],[93.69118,25.84647],[93.68902,25.84641],[93.68799,25.84622],[93.68724,25.84597],[93.68636,25.84559],[93.68574,25.84503],[93.68543,25.84402],[93.68525,25.84369],[93.68528,25.84342],[93.68549,25.84319],[93.68605,25.84285],[93.68633,25.84259],[93.68655,25.84221],[93.68706,25.8409],[93.68721,25.84016],[93.68721,25.8397],[93.687,25.83911],[93.68686,25.83821],[93.68723,25.83735],[93.68671,25.83701],[93.68568,25.83705],[93.68496,25.83753],[93.68481,25.83786],[93.68423,25.83862],[93.68299,25.83914],[93.68122,25.83915],[93.68061,25.83882],[93.67954,25.83786],[93.67923,25.83707],[93.67834,25.8356],[93.67827,25.83535],[93.67826,25.83512],[93.67842,25.83465],[93.67915,25.83411],[93.67931,25.83381],[93.6801,25.83341],[93.68053,25.83335],[93.68077,25.83304],[93.68128,25.83288],[93.68138,25.83263],[93.68165,25.83245],[93.68209,25.83246],[93.68271,25.83193],[93.68421,25.8309],[93.68431,25.83],[93.6841,25.82917],[93.68357,25.82861],[93.68103,25.82902],[93.68,25.82975],[93.67958,25.82995],[93.67923,25.83009],[93.67835,25.83014],[93.67803,25.83009],[93.67736,25.82974],[93.67697,25.82944],[93.67621,25.82861],[93.67548,25.828],[93.67495,25.82766],[93.67412,25.82727],[93.67297,25.82688],[93.67182,25.8268],[93.67037,25.82698],[93.66969,25.82724],[93.66844,25.82798],[93.66792,25.82799],[93.66777,25.8279],[93.66778,25.82753],[93.66786,25.82735],[93.66855,25.82655],[93.66908,25.82508],[93.66917,25.82446],[93.66901,25.82363],[93.66848,25.82291],[93.66776,25.82235],[93.66753,25.82237],[93.66728,25.8225],[93.66713,25.82247],[93.6664,25.82191],[93.66538,25.82175],[93.66498,25.82178],[93.66472,25.82188],[93.66428,25.82208],[93.664,25.82233],[93.6634,25.82323],[93.66324,25.82417],[93.66116,25.82637],[93.65983,25.82709],[93.65926,25.82717],[93.6579,25.82716],[93.65752,25.82687],[93.6572,25.82649],[93.65668,25.82573],[93.65649,25.82529],[93.6567,25.8248],[93.65674,25.82349],[93.65665,25.82303],[93.65683,25.82151],[93.65678,25.82098],[93.65622,25.82021],[93.65507,25.8201],[93.65419,25.82024],[93.65392,25.82045],[93.65299,25.82148],[93.65222,25.82203],[93.65124,25.82248],[93.65077,25.82258],[93.65059,25.82296],[93.64883,25.82386],[93.64793,25.82393],[93.64735,25.82377],[93.64712,25.82364],[93.64681,25.82335],[93.64673,25.82317],[93.64674,25.82275],[93.64729,25.82171],[93.64738,25.82113],[93.64747,25.82097],[93.64793,25.82061],[93.64805,25.82032],[93.64834,25.81887],[93.64824,25.81799],[93.64783,25.81711],[93.64674,25.81681],[93.64552,25.81706],[93.64423,25.81702],[93.64369,25.81707],[93.643,25.8174],[93.64246,25.81811],[93.64165,25.81824],[93.64097,25.81878],[93.64038,25.81886],[93.63966,25.81854],[93.63943,25.81795],[93.63926,25.81585],[93.63898,25.81516],[93.63848,25.81482],[93.63805,25.81429],[93.63697,25.81361],[93.63482,25.81258],[93.634,25.81187],[93.63389,25.81157],[93.63387,25.81123],[93.6343,25.81075],[93.63424,25.81056],[93.63389,25.81014],[93.63404,25.80973],[93.63435,25.80946],[93.63447,25.80925],[93.63437,25.80863],[93.63469,25.80778],[93.63433,25.80707],[93.63433,25.80687],[93.63449,25.80665],[93.63404,25.80536],[93.63386,25.80513],[93.63344,25.80403],[93.63338,25.8034],[93.63315,25.80297],[93.63321,25.80183],[93.63304,25.80146],[93.63272,25.80125],[93.63212,25.80119],[93.63099,25.80065],[93.63011,25.80065],[93.62992,25.80092],[93.62898,25.80153],[93.62818,25.80217],[93.6278,25.80237],[93.62711,25.80262],[93.62633,25.80264],[93.62548,25.80287],[93.62505,25.8028],[93.62432,25.80238],[93.62283,25.80217],[93.62235,25.80192],[93.62214,25.8017],[93.62173,25.8009],[93.62159,25.80031],[93.62119,25.79999],[93.62098,25.79904],[93.62114,25.79785],[93.62124,25.79761],[93.62189,25.79751],[93.62244,25.7972],[93.62296,25.79704],[93.62335,25.79676],[93.62435,25.79671],[93.62519,25.79612],[93.62594,25.79528],[93.6264,25.79492],[93.62635,25.79441],[93.62643,25.79424],[93.62696,25.79375],[93.62704,25.79249],[93.62713,25.79228],[93.62739,25.79209],[93.62762,25.79092],[93.62714,25.78912],[93.62596,25.78791],[93.62527,25.78775],[93.62467,25.7879],[93.62218,25.78964],[93.62099,25.79008],[93.62047,25.79006],[93.61983,25.79014],[93.61872,25.79008],[93.61786,25.78967],[93.61718,25.78906],[93.61683,25.78858],[93.61677,25.78795],[93.61706,25.78731],[93.61711,25.78671],[93.61726,25.78641],[93.61729,25.78522],[93.61744,25.7842],[93.61754,25.78393],[93.61805,25.78313],[93.61839,25.78284],[93.61909,25.78269],[93.61935,25.78256],[93.62021,25.78183],[93.62071,25.78116],[93.62083,25.78064],[93.62079,25.78002],[93.62064,25.77959],[93.62029,25.77933],[93.61979,25.77868],[93.61962,25.77859],[93.61935,25.77858],[93.61906,25.77863],[93.61821,25.77914],[93.61798,25.77938],[93.61763,25.78012],[93.61743,25.78037],[93.61704,25.78071],[93.61647,25.78093],[93.61602,25.78103],[93.61531,25.781],[93.61476,25.78075],[93.61398,25.78017],[93.61387,25.77966],[93.6135,25.77943],[93.61345,25.77933],[93.6135,25.77822],[93.61359,25.77797],[93.61438,25.7771],[93.61483,25.77595],[93.61474,25.7758],[93.61424,25.77564],[93.6141,25.77546],[93.61404,25.77463],[93.61382,25.7741],[93.61389,25.77356],[93.61401,25.77333],[93.6136,25.77225],[93.61309,25.77151],[93.61226,25.77147],[93.61168,25.77164],[93.6112,25.77199],[93.61096,25.77262],[93.6106,25.77321],[93.61046,25.77408],[93.61021,25.77461],[93.60869,25.77621],[93.6085,25.77672],[93.60826,25.777],[93.60774,25.77712],[93.60607,25.77622],[93.60494,25.77607],[93.60452,25.77592],[93.60388,25.77591],[93.60307,25.77575],[93.60286,25.77535],[93.60206,25.77486],[93.602,25.77464],[93.60207,25.77411],[93.60194,25.7738],[93.60195,25.77354],[93.60262,25.77275],[93.6029,25.77213],[93.60342,25.7716],[93.60352,25.77134],[93.60351,25.77104],[93.60326,25.77044],[93.60335,25.77014],[93.60367,25.76972],[93.60353,25.76913],[93.60339,25.76907],[93.60323,25.7692],[93.60306,25.7692],[93.60288,25.76896],[93.60258,25.76893],[93.60231,25.769],[93.60179,25.76962],[93.60175,25.77044],[93.60123,25.77074],[93.60085,25.77082],[93.59976,25.77085],[93.59916,25.77065],[93.59833,25.76989],[93.59822,25.7692],[93.59713,25.76718],[93.59662,25.76651],[93.59594,25.7647],[93.59541,25.76413],[93.59464,25.7636],[93.59404,25.76341],[93.59372,25.7634],[93.59317,25.76326],[93.59264,25.76273],[93.59229,25.76276],[93.59145,25.76326],[93.5912,25.76368],[93.59118,25.76415],[93.59127,25.76455],[93.59104,25.7649],[93.59104,25.76565],[93.59061,25.76635],[93.58972,25.76748],[93.58935,25.76777],[93.58876,25.76785],[93.58831,25.76781],[93.58815,25.76764],[93.5881,25.76728],[93.5884,25.76658],[93.58836,25.76606],[93.58797,25.76527],[93.58778,25.76502],[93.58746,25.76478],[93.58696,25.76475],[93.5866,25.7646],[93.58635,25.76458],[93.58531,25.76474],[93.58482,25.76464],[93.58428,25.76484],[93.5832,25.76492],[93.58222,25.76481],[93.58165,25.76438],[93.5815,25.76384],[93.58132,25.76363],[93.58067,25.76314],[93.58059,25.76296],[93.58062,25.76272],[93.5809,25.76229],[93.58175,25.76175],[93.58201,25.76129],[93.58236,25.76097],[93.58278,25.76075],[93.58372,25.76044],[93.58413,25.76007],[93.58468,25.75897],[93.58471,25.75841],[93.58463,25.75774],[93.58449,25.75743],[93.58399,25.75703],[93.58356,25.75689],[93.583,25.75691],[93.58171,25.75718],[93.58093,25.75722],[93.58035,25.75717],[93.57903,25.75648],[93.57847,25.75607],[93.57785,25.75606],[93.57717,25.75581],[93.5752,25.75571],[93.57388,25.75555],[93.57344,25.75543],[93.57309,25.75515],[93.57228,25.75493],[93.57079,25.754],[93.56991,25.75287],[93.56909,25.75137],[93.56856,25.75094],[93.56771,25.74964],[93.5671,25.749],[93.56682,25.7482],[93.56645,25.74777],[93.56527,25.7456],[93.56416,25.74507],[93.5637,25.74494],[93.5635,25.74479],[93.56321,25.7444],[93.56276,25.74303],[93.56208,25.74181],[93.56186,25.74121],[93.56167,25.73973],[93.56172,25.7391],[93.5619,25.73854],[93.56187,25.73823],[93.56175,25.73804],[93.56133,25.73785],[93.56069,25.73774],[93.56028,25.73784],[93.55898,25.7397],[93.55869,25.73991],[93.55838,25.73996],[93.55792,25.73982],[93.55698,25.73855],[93.55597,25.73788],[93.55459,25.73767],[93.55402,25.73738],[93.55311,25.73615],[93.55296,25.73575],[93.55318,25.73456],[93.553,25.73292],[93.55289,25.73249],[93.55193,25.73074],[93.55111,25.72997],[93.55029,25.72949],[93.5498,25.72938],[93.5493,25.72956],[93.54918,25.72985],[93.54918,25.73016],[93.54942,25.73091],[93.54937,25.73121],[93.54912,25.73174],[93.54836,25.73271],[93.54775,25.73301],[93.54738,25.73307],[93.54708,25.73308],[93.54658,25.73293],[93.54497,25.73182],[93.54361,25.73147],[93.54317,25.73119],[93.5424,25.73088],[93.5421,25.73066],[93.54189,25.73039],[93.5415,25.73024],[93.54132,25.73009],[93.5411,25.72974],[93.54095,25.7292],[93.5409,25.72885],[93.54096,25.72856],[93.5416,25.7267],[93.54177,25.7252],[93.54208,25.72398],[93.54254,25.7232],[93.54326,25.7216],[93.54328,25.72022],[93.54366,25.71904],[93.54355,25.71853],[93.54316,25.71784],[93.54272,25.71737],[93.54248,25.71642],[93.54194,25.71549],[93.54192,25.71522],[93.54217,25.71492],[93.54247,25.71471],[93.54313,25.71443],[93.54399,25.7143],[93.54518,25.71429],[93.54581,25.71436],[93.54631,25.71432],[93.54729,25.71361],[93.54769,25.71311],[93.54767,25.71278],[93.54753,25.7125],[93.54741,25.71241],[93.54696,25.71238],[93.54676,25.7123],[93.54662,25.71204],[93.54561,25.71123],[93.54513,25.7106],[93.54503,25.70956],[93.54509,25.70904],[93.54537,25.70848],[93.54569,25.70828],[93.54588,25.7078],[93.546,25.70717],[93.54598,25.70671],[93.54582,25.70626],[93.54524,25.70586],[93.54483,25.70569],[93.54379,25.70578],[93.54266,25.70536],[93.54235,25.70511],[93.54146,25.70462],[93.54097,25.70379],[93.54097,25.70305],[93.54142,25.70239],[93.54272,25.70083],[93.54268,25.70005],[93.54226,25.69974],[93.54162,25.69979],[93.539,25.70072],[93.5381,25.70154],[93.53752,25.70175],[93.53585,25.70065],[93.53398,25.70007],[93.53276,25.69951],[93.53096,25.69674],[93.53087,25.69593],[93.53179,25.69363],[93.53139,25.69272],[93.53091,25.6923],[93.52998,25.69203],[93.52893,25.69185],[93.52733,25.69183],[93.52601,25.69198],[93.52537,25.69196],[93.52464,25.69206],[93.52305,25.69252],[93.52295,25.69315],[93.52309,25.69407],[93.52358,25.69504],[93.52373,25.69562],[93.52372,25.69597],[93.52323,25.69617],[93.5223,25.69555],[93.52153,25.69401],[93.5205,25.69243],[93.52011,25.69152],[93.51815,25.69056],[93.51706,25.6896],[93.5166,25.68894],[93.51659,25.68762],[93.51628,25.6871],[93.51532,25.68663],[93.51409,25.68639],[93.51329,25.68615],[93.51289,25.6856],[93.51247,25.68536],[93.51224,25.68479],[93.5126,25.6841],[93.51326,25.68338],[93.51389,25.68328],[93.51454,25.68331],[93.51519,25.6838],[93.51629,25.68354],[93.51682,25.68291],[93.51661,25.6809],[93.51685,25.68029],[93.51755,25.67918],[93.51741,25.67833],[93.51683,25.67772],[93.51489,25.6773],[93.51356,25.67691],[93.51203,25.67627],[93.51129,25.67543],[93.5109,25.67457],[93.51095,25.67382],[93.51149,25.67288],[93.51131,25.67239],[93.5107,25.67228],[93.51018,25.67229],[93.50865,25.67242],[93.50802,25.6726],[93.50747,25.67311],[93.50691,25.67312],[93.50691,25.67273],[93.5079,25.67144],[93.50875,25.67058],[93.50948,25.6697],[93.50962,25.66898],[93.50943,25.66841],[93.50855,25.6679],[93.50782,25.66789],[93.50718,25.6683],[93.5067,25.66826],[93.50611,25.66804],[93.50593,25.66751],[93.50647,25.66695],[93.50684,25.66638],[93.50683,25.66505],[93.50609,25.66461],[93.50537,25.66428],[93.50529,25.66351],[93.50545,25.66174],[93.50484,25.66175],[93.50431,25.66203],[93.50384,25.66285],[93.50316,25.66291],[93.50234,25.66205],[93.50145,25.66138],[93.50043,25.66112],[93.50021,25.66067],[93.50038,25.65987],[93.49986,25.65941],[93.49911,25.65924],[93.49856,25.6589],[93.49905,25.65742],[93.49892,25.65665],[93.49774,25.65609],[93.49667,25.65614],[93.49606,25.65568],[93.49543,25.65461],[93.49476,25.65396],[93.49353,25.65372],[93.49211,25.65373],[93.49135,25.65352],[93.49069,25.65494],[93.48993,25.65513],[93.48945,25.65509],[93.48906,25.65458],[93.48894,25.65346],[93.48855,25.65267],[93.48719,25.65162],[93.48702,25.64996],[93.48615,25.64909],[93.48596,25.64852],[93.4854,25.64853],[93.48491,25.6492],[93.48412,25.65068],[93.48331,25.65157],[93.48237,25.65165],[93.48162,25.65144],[93.48128,25.65108],[93.48154,25.65028],[93.48214,25.64944],[93.48262,25.64827],[93.48303,25.64648],[93.48285,25.6452],[93.48254,25.64472],[93.4822,25.64472],[93.48139,25.64521],[93.47855,25.64769],[93.47793,25.64833],[93.47734,25.64846],[93.47644,25.64807],[93.47592,25.6476],[93.47505,25.64592],[93.47444,25.64504],[93.47417,25.64448],[93.47344,25.6445],[93.47268,25.64468],[93.47245,25.64537],[93.47243,25.64596],[93.47178,25.64597],[93.47058,25.64561],[93.46942,25.64477],[93.46949,25.64426],[93.46985,25.64399],[93.47198,25.64373],[93.47252,25.64357],[93.47243,25.64272],[93.47185,25.64249],[93.47124,25.64251],[93.46996,25.64301],[93.46841,25.64342],[93.46719,25.64407],[93.46556,25.64409],[93.46467,25.64468],[93.46417,25.64484],[93.46379,25.64448],[93.46375,25.6437],[93.46347,25.6431],[93.46286,25.64257],[93.46193,25.64195],[93.46112,25.64124],[93.46071,25.64065],[93.45959,25.64098],[93.45862,25.64157],[93.45789,25.64121],[93.45727,25.6406],[93.45643,25.64001],[93.45615,25.63945],[93.45622,25.63882],[93.45646,25.63825],[93.45758,25.63784],[93.46004,25.63755],[93.46089,25.63697],[93.46129,25.63514],[93.46171,25.6342],[93.46166,25.63327],[93.46148,25.63278],[93.46118,25.63242],[93.4605,25.63247],[93.45983,25.63265],[93.45934,25.63296],[93.45769,25.63365],[93.45544,25.63389],[93.45485,25.63445],[93.45471,25.63559],[93.45388,25.63664],[93.45254,25.63742],[93.45143,25.6383],[93.45103,25.63903],[93.44996,25.63995],[93.4496,25.63974],[93.4493,25.63938],[93.44938,25.63808],[93.4498,25.63598],[93.44959,25.63561],[93.44833,25.63509],[93.44696,25.63513],[93.44658,25.6356],[93.44654,25.63646],[93.4459,25.63733],[93.44594,25.63776],[93.44628,25.63851],[93.44524,25.63961],[93.44399,25.63964],[93.4428,25.63893],[93.44202,25.63775],[93.44191,25.63709],[93.44208,25.63579],[93.44208,25.63501],[93.44192,25.63475],[93.44158,25.63478],[93.44101,25.6351],[93.44036,25.63582],[93.43972,25.63588],[93.43897,25.63571],[93.43802,25.63528],[93.43745,25.6344],[93.43733,25.63324],[93.43754,25.63197],[93.43725,25.63121],[93.43576,25.63146],[93.43478,25.63154],[93.43407,25.6309],[93.43372,25.63004],[93.43367,25.62953],[93.43319,25.62946],[93.4323,25.62961],[93.43072,25.62971],[93.43031,25.6299],[93.42993,25.6308],[93.4293,25.63097],[93.42849,25.63104],[93.42795,25.63128],[93.42811,25.6324],[93.4279,25.63284],[93.42739,25.63289],[93.427,25.63245],[93.42602,25.63176],[93.42433,25.63034],[93.42464,25.62965],[93.42541,25.62916],[93.42532,25.62835],[93.42483,25.62776],[93.42446,25.62717],[93.42452,25.62607],[93.42446,25.62549],[93.42421,25.62516],[93.42316,25.62584],[93.42246,25.6261],[93.42225,25.62662],[93.42172,25.62686],[93.42121,25.62655],[93.42064,25.62602],[93.42043,25.62522],[93.41996,25.62487],[93.41984,25.62414],[93.42046,25.6235],[93.42129,25.6228],[93.42153,25.62184],[93.42215,25.62113],[93.42235,25.61896],[93.42191,25.61849],[93.42042,25.61858],[93.41962,25.61834],[93.41875,25.61791],[93.41828,25.61795],[93.41706,25.61899],[93.41649,25.61974],[93.41554,25.62049],[93.41481,25.62094],[93.4142,25.62088],[93.4138,25.62072],[93.41375,25.61986],[93.41462,25.61916],[93.4146,25.6185],[93.41408,25.61808],[93.41325,25.6176],[93.4114,25.61757],[93.41079,25.61673],[93.41069,25.61494],[93.41133,25.61406],[93.4113,25.61336],[93.41096,25.61296],[93.41032,25.61306],[93.41001,25.61336],[93.40993,25.61426],[93.4086,25.6143],[93.40798,25.61373],[93.40737,25.61363],[93.40707,25.61287],[93.40702,25.61194],[93.40672,25.61115],[93.40593,25.61141],[93.40491,25.61154],[93.40436,25.61123],[93.40353,25.61111],[93.40289,25.61116],[93.40245,25.6107],[93.40232,25.60942],[93.40206,25.60897],[93.40155,25.60867],[93.40149,25.60809],[93.40216,25.60744],[93.40236,25.60692],[93.40207,25.60659],[93.40154,25.60648],[93.40123,25.606],[93.40204,25.6055],[93.40279,25.60528],[93.40278,25.60477],[93.40234,25.60427],[93.40215,25.60374],[93.40252,25.60316],[93.40302,25.60261],[93.40313,25.60197],[93.40275,25.60162],[93.40212,25.6014],[93.40157,25.60109],[93.40117,25.6005],[93.40106,25.59989],[93.4008,25.59944],[93.39982,25.59918],[93.39965,25.59876],[93.3995,25.59694],[93.39933,25.59614],[93.39886,25.59571],[93.39801,25.59582],[93.39765,25.59616],[93.39767,25.59667],[93.39755,25.59684],[93.39721,25.59683],[93.39694,25.59669],[93.39695,25.59564],[93.39654,25.59493],[93.39582,25.59429],[93.39478,25.59423],[93.39432,25.59473],[93.39439,25.59578],[93.39434,25.59618],[93.39387,25.59618],[93.39301,25.59582],[93.39263,25.59543],[93.39262,25.59449],[93.39152,25.59385],[93.39095,25.59382],[93.39009,25.59338],[93.38994,25.59191],[93.38937,25.59146],[93.38869,25.5919],[93.38764,25.59215],[93.38709,25.59267],[93.38636,25.59308],[93.38595,25.59288],[93.3858,25.59231],[93.38668,25.59079],[93.38731,25.59031],[93.38739,25.58983],[93.38693,25.58956],[93.38619,25.58943],[93.38601,25.58894],[93.38665,25.58806],[93.38614,25.58772],[93.38568,25.58705],[93.38549,25.58644],[93.38494,25.58657],[93.38494,25.587],[93.38468,25.58737],[93.38411,25.58766],[93.384,25.58786],[93.38362,25.58789],[93.383,25.58732],[93.38291,25.58686],[93.38304,25.58607],[93.38291,25.58522],[93.38251,25.58518],[93.38212,25.58471],[93.3818,25.58415],[93.3811,25.58401],[93.38042,25.58407],[93.38019,25.58355],[93.37975,25.58304],[93.37908,25.58278],[93.37874,25.58238],[93.37863,25.58181],[93.37931,25.58132],[93.38002,25.58106],[93.38122,25.58143],[93.38204,25.58147],[93.38195,25.58105],[93.38116,25.58085],[93.38064,25.58042],[93.38013,25.57965],[93.38003,25.57872],[93.38018,25.57773],[93.38061,25.57602],[93.38032,25.57577],[93.37976,25.57578],[93.37917,25.57591],[93.37867,25.57564],[93.37783,25.5754],[93.37697,25.57543],[93.37608,25.57598],[93.37614,25.57648],[93.37563,25.5766],[93.37539,25.57631],[93.37531,25.57554],[93.37563,25.57493],[93.37577,25.57425],[93.37624,25.57335],[93.3761,25.57286],[93.37546,25.57209],[93.37487,25.57179],[93.37419,25.57185],[93.37369,25.57166],[93.37342,25.5711],[93.37284,25.5713],[93.37207,25.5718],[93.37142,25.57131],[93.3713,25.5698],[93.37084,25.56945],[93.37059,25.56994],[93.37025,25.57004],[93.36923,25.57009],[93.36883,25.57001],[93.36869,25.56912],[93.36803,25.56817],[93.36732,25.56671],[93.36621,25.56516],[93.36573,25.56505],[93.36508,25.56542],[93.36479,25.56595],[93.36446,25.56609],[93.36351,25.56602],[93.36292,25.56572],[93.36227,25.56527],[93.36198,25.56459],[93.36251,25.56267],[93.36307,25.56188],[93.36408,25.5616],[93.36473,25.56131],[93.36486,25.56087],[93.36439,25.56052],[93.36361,25.56043],[93.36267,25.56008],[93.36185,25.55968],[93.36141,25.55914],[93.36075,25.55783],[93.35993,25.55774],[93.35896,25.55751],[93.35867,25.55684],[93.35915,25.55609],[93.35932,25.55518],[93.35902,25.55443],[93.35819,25.55426],[93.35799,25.55483],[93.35755,25.55557],[93.35666,25.55572],[93.35642,25.55551],[93.35548,25.55555],[93.35484,25.55596],[93.35489,25.55646],[93.3544,25.55674],[93.35375,25.55671],[93.353,25.55651],[93.35243,25.55718],[93.35275,25.55782],[93.3541,25.55836],[93.3544,25.5592],[93.35387,25.55987],[93.35273,25.56004],[93.35255,25.56037],[93.35182,25.56047],[93.35122,25.56041],[93.3513,25.56083],[93.35092,25.56086],[93.3499,25.5606],[93.34694,25.55945],[93.3458,25.55923],[93.34509,25.55941],[93.34433,25.55999],[93.34387,25.5601],[93.34334,25.55999],[93.3427,25.55962],[93.34094,25.55887],[93.33914,25.5577],[93.33783,25.55668],[93.33617,25.55437],[93.33634,25.55353],[93.33715,25.55303],[93.33722,25.55244],[93.33509,25.55063],[93.33419,25.55021],[93.33349,25.54968],[93.33308,25.5487],[93.3324,25.54837],[93.33171,25.5487],[93.33115,25.54918],[93.33059,25.54911],[93.33017,25.5488],[93.32887,25.54828],[93.32772,25.5476],[93.32726,25.54651],[93.32712,25.54558],[93.32731,25.5449],[93.32803,25.54437],[93.32877,25.54408],[93.33076,25.54379],[93.33098,25.54338],[93.3308,25.54293],[93.33085,25.54218],[93.33145,25.54213],[93.33293,25.54231],[93.3337,25.54225],[93.33407,25.54206],[93.3342,25.5401],[93.33435,25.53942],[93.33536,25.53922],[93.33617,25.53915],[93.3368,25.53862],[93.3366,25.53794],[93.33628,25.5373],[93.3366,25.53673],[93.33533,25.53563],[93.33522,25.53501],[93.33616,25.53454],[93.33773,25.53433],[93.33891,25.53329],[93.33987,25.53301],[93.3411,25.53361],[93.34118,25.53395],[93.34058,25.5344],[93.3408,25.53485],[93.34222,25.53488],[93.34411,25.53448],[93.34505,25.5344],[93.34555,25.53424],[93.34581,25.53383],[93.34711,25.53356],[93.34735,25.53299],[93.34722,25.53211],[93.34691,25.53124],[93.34692,25.53045],[93.34776,25.52984],[93.3489,25.53013],[93.34906,25.5316],[93.3497,25.53201],[93.35035,25.53207],[93.35088,25.53179],[93.35096,25.53128],[93.35033,25.52977],[93.3503,25.52907],[93.35075,25.52848],[93.35166,25.52852],[93.35282,25.52846],[93.35345,25.5279],[93.35341,25.5272],[93.35442,25.52567],[93.35511,25.52495],[93.35552,25.5239],[93.3555,25.52331],[93.35593,25.52125],[93.35636,25.52039],[93.35637,25.51973],[93.35605,25.51913],[93.35607,25.5185],[93.3563,25.51782],[93.35637,25.51727],[93.35626,25.51622],[93.35672,25.51564],[93.35784,25.51527],[93.35731,25.51426],[93.35737,25.51367],[93.35781,25.51332],[93.35866,25.51325],[93.35992,25.51333],[93.36107,25.51319],[93.36124,25.51283],[93.3612,25.5124],[93.36166,25.51193],[93.36211,25.51131],[93.36247,25.51061],[93.36219,25.51001],[93.36172,25.50955],[93.3624,25.50871],[93.36295,25.50733],[93.36305,25.5067],[93.36425,25.50621],[93.36419,25.50563],[93.36441,25.50451],[93.36422,25.50391],[93.36503,25.50341],[93.36614,25.50339],[93.36799,25.50381],[93.36889,25.5037],[93.36906,25.50329],[93.36902,25.50295],[93.3684,25.50273],[93.36784,25.50274],[93.36711,25.50194],[93.36694,25.50028],[93.36714,25.4994],[93.36788,25.49863],[93.36908,25.49857],[93.37009,25.49876],[93.37081,25.4983],[93.37135,25.49771],[93.3723,25.49771],[93.37283,25.49821],[93.3736,25.49861],[93.3744,25.49846],[93.37465,25.49797],[93.37459,25.49739],[93.37478,25.49679],[93.37552,25.4968],[93.3762,25.49717],[93.37719,25.49717],[93.37771,25.49685],[93.37767,25.49638],[93.37721,25.49615],[93.37623,25.49623],[93.37584,25.4958],[93.37637,25.49552],[93.37769,25.49541],[93.37785,25.49488],[93.37776,25.49439],[93.37747,25.49367],[93.37755,25.49284],[93.37839,25.49265],[93.37924,25.49297],[93.38003,25.49271],[93.37997,25.49213],[93.38036,25.49178],[93.38171,25.49186],[93.38198,25.4916],[93.38173,25.49123],[93.38167,25.49073],[93.38233,25.49048],[93.38354,25.49127],[93.38486,25.4912],[93.38565,25.49097],[93.38594,25.4904],[93.38512,25.48961],[93.38416,25.48903],[93.38401,25.48838],[93.38444,25.48764],[93.38601,25.48743],[93.38633,25.48717],[93.38623,25.48663],[93.38592,25.48611],[93.38499,25.48545],[93.38496,25.48479],[93.38556,25.48477],[93.38624,25.48429],[93.38604,25.48403],[93.38595,25.48353],[93.38702,25.4827],[93.38787,25.48258],[93.38876,25.4829],[93.39063,25.4827],[93.3915,25.48239],[93.39144,25.48142],[93.38953,25.47951],[93.38908,25.47854],[93.38863,25.47791],[93.38703,25.47786],[93.38659,25.47735],[93.38671,25.47687],[93.38765,25.47636],[93.38856,25.47608],[93.38924,25.47602],[93.3894,25.47589],[93.38924,25.4756],[93.38889,25.47555],[93.38851,25.47515],[93.38874,25.47451],[93.3908,25.47409],[93.39114,25.47356],[93.39108,25.47302],[93.39082,25.47257],[93.39038,25.47253],[93.38868,25.47272],[93.38805,25.47246],[93.38713,25.47188],[93.38679,25.47148],[93.38636,25.47151],[93.3862,25.47118],[93.38648,25.4706],[93.3861,25.47021],[93.38526,25.46997],[93.38488,25.4693],[93.38495,25.46867],[93.38556,25.46834],[93.38618,25.46895],[93.38754,25.46919],[93.38839,25.46915],[93.38841,25.46852],[93.38811,25.46812],[93.3876,25.46778],[93.38704,25.46775],[93.38646,25.46795],[93.38608,25.46786],[93.38577,25.46766],[93.38578,25.46736],[93.38605,25.46705],[93.38659,25.46716]]}},
{"type":"Feature","properties":{"kind":"state","name":"Assam–Nagaland","src":"OSM relations 2025886 and 2027973"},"geometry":{"type":"LineString","coordinates":[[93.38659,25.46716],[93.38708,25.46709],[93.38681,25.46648],[93.3872,25.46582],[93.38743,25.46576],[93.38836,25.46619],[93.38852,25.46614],[93.38884,25.46557],[93.38923,25.46518],[93.39069,25.46494],[93.39094,25.4645],[93.39042,25.4636],[93.39015,25.46336],[93.38985,25.46343],[93.38943,25.46372],[93.38947,25.46378]]}},
{"type":"Feature","properties":{"kind":"state","name":"Assam–Nagaland","src":"OSM relations 2025886 and 2027973","river":"136","rlen":352},"geometry":{"type":"LineString","coordinates":[[93.38947,25.46378],[93.39,25.46345],[93.39013,25.46323],[93.39004,25.4629],[93.38976,25.46275],[93.38896,25.4627],[93.3889,25.46255],[93.38913,25.46225],[93.38966,25.46214],[93.38987,25.46201],[93.39013,25.46163],[93.3902,25.46095],[93.39014,25.46049],[93.38983,25.45983],[93.38991,25.45954],[93.39001,25.45949],[93.39025,25.45958],[93.39076,25.46012],[93.39112,25.46036],[93.39145,25.46123],[93.39155,25.46182],[93.39182,25.4621],[93.3921,25.46192],[93.39244,25.46124],[93.39251,25.46105],[93.39251,25.46036],[93.39281,25.45922],[93.39348,25.45836],[93.39371,25.45821],[93.3943,25.45821],[93.39486,25.45849],[93.39482,25.45878],[93.39464,25.45909],[93.39487,25.45949],[93.39514,25.45957],[93.39556,25.45937],[93.39591,25.45943],[93.396,25.4596],[93.39581,25.46043],[93.39615,25.46061],[93.39642,25.4605],[93.39675,25.4601],[93.39731,25.46005],[93.39761,25.4602],[93.39798,25.46014],[93.39825,25.45969],[93.3988,25.4593],[93.3989,25.45903],[93.39822,25.45872],[93.3983,25.45839],[93.39846,25.45824],[93.39945,25.45778],[93.40002,25.45699],[93.40038,25.45664],[93.4009,25.45633],[93.40108,25.45608],[93.40102,25.45568],[93.40028,25.45472],[93.40022,25.4544],[93.4003,25.45404],[93.40085,25.45329],[93.40138,25.45309],[93.40151,25.45316],[93.40152,25.45338],[93.40188,25.45341],[93.40209,25.45324],[93.40247,25.45269],[93.4026,25.45238],[93.40266,25.45164],[93.40262,25.45109],[93.40242,25.45079],[93.40248,25.45041],[93.40314,25.45049],[93.40393,25.45038],[93.40469,25.45068],[93.40498,25.4506],[93.40531,25.45036],[93.406,25.44935],[93.4064,25.44935],[93.40661,25.44956],[93.40718,25.44969],[93.40776,25.44965],[93.40798,25.44941],[93.40832,25.4485],[93.40853,25.44836],[93.40983,25.448],[93.41062,25.44801],[93.41122,25.44787],[93.41189,25.44748],[93.41235,25.44738],[93.41272,25.44719],[93.4133,25.44657],[93.41349,25.44649],[93.41433,25.44648],[93.41474,25.4469],[93.41505,25.4471],[93.41571,25.44717],[93.41624,25.44749],[93.41694,25.44748],[93.41705,25.44738],[93.41694,25.44721],[93.41678,25.44713],[93.41681,25.44669],[93.41689,25.44648],[93.41713,25.44623],[93.41885,25.44591],[93.41928,25.44559],[93.42009,25.44563],[93.42113,25.44556],[93.42128,25.44562],[93.42144,25.44593],[93.42154,25.44704],[93.42178,25.4475],[93.42221,25.44772],[93.42279,25.44771],[93.42294,25.44763],[93.42297,25.44737],[93.42311,25.4473],[93.42344,25.44733],[93.42385,25.44748],[93.42455,25.44789],[93.425,25.44849],[93.4253,25.44873],[93.42609,25.44855],[93.42631,25.44837],[93.42662,25.44781],[93.42689,25.44769],[93.42736,25.44765],[93.42821,25.44774],[93.43055,25.44834],[93.43118,25.44813],[93.43155,25.44817],[93.43222,25.44864],[93.4323,25.44883],[93.4322,25.44919],[93.43242,25.44942],[93.43268,25.44939],[93.43281,25.44923],[93.43403,25.44892],[93.43435,25.4487],[93.43456,25.44864],[93.43549,25.44859],[93.43605,25.44846],[93.43622,25.44832],[93.43633,25.4476],[93.43654,25.4471],[93.4377,25.44622],[93.43854,25.44536],[93.43856,25.44521],[93.4384,25.44476],[93.43721,25.44368],[93.43709,25.44345],[93.43709,25.44326],[93.4374,25.44299],[93.43833,25.44286],[93.43873,25.44264],[93.43887,25.44239],[93.43893,25.44206],[93.43898,25.44144],[93.43894,25.44073],[93.43914,25.44071],[93.4406,25.44141],[93.44228,25.44161],[93.44272,25.44156],[93.44356,25.44126],[93.44408,25.44118],[93.44445,25.44104],[93.44491,25.44065],[93.44503,25.44017],[93.44553,25.43987],[93.44583,25.43899],[93.44725,25.43796],[93.44882,25.4373],[93.451,25.43698],[93.45139,25.43655],[93.45185,25.43625],[93.45289,25.43584],[93.45318,25.43582],[93.45376,25.43562],[93.45486,25.43505],[93.45515,25.43484],[93.45545,25.43447],[93.45563,25.43409],[93.45577,25.4334],[93.45608,25.4328],[93.45666,25.43225],[93.45761,25.43161],[93.45812,25.43113],[93.4582,25.43097],[93.45814,25.43007],[93.45752,25.42866],[93.4574,25.4282],[93.4575,25.42757],[93.45819,25.42708],[93.45834,25.42625],[93.45906,25.42579],[93.45932,25.42539],[93.45993,25.42391],[93.46072,25.4227],[93.4615,25.42114],[93.46188,25.42055],[93.46225,25.41941],[93.46222,25.41901],[93.46171,25.41706],[93.46148,25.41551],[93.46117,25.41469],[93.46076,25.41405],[93.46063,25.4137],[93.46079,25.41253],[93.46021,25.41133],[93.45953,25.41069],[93.45961,25.41008],[93.45957,25.41],[93.45926,25.40989],[93.45915,25.40974],[93.459,25.40825],[93.45925,25.40713],[93.45984,25.4065],[93.46002,25.40507],[93.45997,25.40463],[93.46017,25.40324],[93.4608,25.40114],[93.46103,25.40069],[93.46178,25.39776],[93.4621,25.3969],[93.46325,25.39542],[93.4649,25.39464],[93.46597,25.39342],[93.46682,25.39189],[93.46925,25.39068],[93.47078,25.38936],[93.47257,25.38696],[93.47314,25.38547],[93.47325,25.384],[93.4736,25.38193],[93.47357,25.37958],[93.47293,25.37793],[93.47164,25.37647],[93.47193,25.37558],[93.47235,25.37501],[93.4721,25.37401],[93.47132,25.37287],[93.47046,25.37208],[93.47,25.37101],[93.46971,25.36983],[93.46882,25.36844],[93.46782,25.36723],[93.46711,25.36387],[93.46625,25.36248],[93.46515,25.36112],[93.46436,25.36023],[93.46392,25.36022]]}},
{"type":"Feature","properties":{"kind":"state","name":"Assam–Nagaland","src":"OSM relations 2025886 and 2027973"},"geometry":{"type":"LineString","coordinates":[[93.46392,25.36022],[93.4637,25.36012],[93.46155,25.36167],[93.45885,25.36125],[93.45443,25.35748],[93.45164,25.35454],[93.45091,25.34949],[93.45207,25.34705],[93.45069,25.34608],[93.44999,25.34532],[93.45033,25.34325],[93.44829,25.34079],[93.4499,25.33831],[93.45215,25.33625],[93.4549,25.33652],[93.45653,25.33586],[93.45604,25.33462],[93.45558,25.33258],[93.45679,25.33002],[93.45606,25.32801],[93.45426,25.32577],[93.45333,25.32374],[93.45335,25.3217],[93.46541,25.31321],[93.47058,25.3052]]}},
{"type":"Feature","properties":{"kind":"state","name":"Assam–Manipur","src":"OSM relations 2025886 and 2027869"},"geometry":{"type":"LineString","coordinates":[[93.47058,25.3052],[93.46806,25.30238],[93.46684,25.30164],[93.46433,25.30179],[93.46308,25.30164],[93.4612,25.30007],[93.46015,25.29868],[93.4579,25.29805]]}},
{"type":"Feature","properties":{"kind":"state","name":"Assam–Manipur","src":"OSM relations 2025886 and 2027869","river":"17463","rlen":144},"geometry":{"type":"LineString","coordinates":[[93.4579,25.29805],[93.45819,25.29718],[93.45819,25.29708],[93.45713,25.29548],[93.45576,25.29394],[93.45542,25.29381],[93.45455,25.29373],[93.45396,25.29358],[93.4519,25.29227],[93.44928,25.29252],[93.44828,25.29239],[93.44766,25.29206],[93.44689,25.29109],[93.44586,25.29094],[93.4452,25.29135],[93.44492,25.29139],[93.44482,25.29129],[93.44468,25.2903],[93.44432,25.28968],[93.4441,25.28957],[93.44378,25.28952],[93.44278,25.28984],[93.44245,25.28987],[93.44219,25.28975],[93.44198,25.28914],[93.44138,25.28902],[93.44014,25.28819],[93.43922,25.28808],[93.43882,25.28761],[93.43845,25.28761],[93.43774,25.28799],[93.43714,25.28816],[93.43698,25.28806],[93.43676,25.28765],[93.43635,25.28735],[93.43546,25.28742],[93.43491,25.2868],[93.43364,25.28642],[93.43338,25.28622],[93.43326,25.28603],[93.43311,25.28515],[93.43288,25.28469],[93.43253,25.2844],[93.43193,25.28422],[93.43149,25.28358],[93.43068,25.28267],[93.43004,25.28271],[93.42954,25.28295],[93.42927,25.28299],[93.42894,25.28277],[93.42877,25.28232],[93.42851,25.28229],[93.42783,25.28287],[93.42753,25.28289],[93.42729,25.28281],[93.42722,25.28259],[93.42723,25.28201],[93.42713,25.28177],[93.42685,25.28151],[93.4262,25.28134],[93.42606,25.2811],[93.42613,25.28057],[93.42631,25.28035],[93.42678,25.28003],[93.42685,25.27985],[93.42678,25.27969],[93.4266,25.27961],[93.42624,25.27961],[93.42531,25.27992],[93.42474,25.2799],[93.42462,25.27958],[93.42469,25.27904],[93.42456,25.2788],[93.42434,25.27865],[93.4234,25.27842],[93.42202,25.27773],[93.42146,25.27735],[93.42094,25.2765],[93.42046,25.27528],[93.41968,25.27468],[93.41952,25.27384],[93.41952,25.27245],[93.41939,25.27091],[93.41898,25.27013],[93.41864,25.26968],[93.41844,25.26951],[93.41787,25.26929],[93.41766,25.26907],[93.4176,25.26869],[93.41776,25.26796],[93.41759,25.26764],[93.41717,25.26728],[93.417,25.26699],[93.41701,25.26642],[93.41665,25.2655],[93.41679,25.26474],[93.4163,25.26406],[93.4158,25.26386],[93.41325,25.26365],[93.41164,25.26322],[93.41086,25.26316],[93.40978,25.26274],[93.40897,25.26269],[93.40843,25.26256],[93.40773,25.26215],[93.40693,25.26113],[93.40653,25.2608],[93.40573,25.26107],[93.40411,25.26133],[93.40346,25.26169],[93.40313,25.26175],[93.40275,25.26167],[93.40217,25.26127],[93.40148,25.26097],[93.40058,25.26012],[93.39971,25.25891],[93.39878,25.25867],[93.39804,25.25827],[93.39643,25.25675],[93.39619,25.25648],[93.39567,25.2554],[93.3953,25.25519],[93.39404,25.255],[93.39378,25.25478],[93.39357,25.25441],[93.39351,25.2538],[93.39369,25.25188],[93.39367,25.25144],[93.39351,25.25099],[93.39164,25.24958],[93.39128,25.24922],[93.39111,25.24882],[93.39083,25.2477],[93.39046,25.24699],[93.39009,25.24654],[93.3893,25.24597],[93.38903,25.24597],[93.38873,25.24577],[93.38818,25.24489],[93.38766,25.24452],[93.38734,25.2441],[93.38694,25.24308],[93.38646,25.24264],[93.38584,25.24259],[93.38518,25.24268],[93.38484,25.2428],[93.38425,25.2428],[93.38355,25.24252],[93.38309,25.24232],[93.38268,25.24196],[93.38191,25.24081],[93.38176,25.24038],[93.38168,25.23938],[93.38185,25.23868],[93.38223,25.23818],[93.38294,25.23798],[93.38314,25.23784],[93.38318,25.23725],[93.38313,25.23679],[93.38277,25.2364],[93.38231,25.23612],[93.38201,25.23578],[93.38174,25.23529],[93.38168,25.23498],[93.3819,25.23476],[93.38432,25.23402],[93.38473,25.23381],[93.3851,25.23348],[93.38497,25.2312],[93.38481,25.23067],[93.3843,25.22991],[93.38391,25.22957],[93.38369,25.22947],[93.38296,25.2287],[93.38172,25.22791],[93.38158,25.2276],[93.38155,25.22733],[93.38168,25.22725],[93.38231,25.22763],[93.38255,25.22764],[93.38271,25.22735],[93.38276,25.22703],[93.38264,25.22614],[93.38238,25.22577],[93.38201,25.22551],[93.38179,25.22526],[93.38168,25.225],[93.38174,25.22477],[93.38218,25.22407],[93.38229,25.22338],[93.3822,25.22302],[93.38192,25.22285],[93.38015,25.22317],[93.37979,25.22311],[93.37958,25.22293],[93.37951,25.22201],[93.37978,25.22169],[93.37975,25.22147],[93.37934,25.22107],[93.37892,25.22098],[93.37826,25.22106],[93.37776,25.22167],[93.37715,25.22177],[93.37676,25.22168],[93.37621,25.22028],[93.37617,25.21987],[93.3764,25.21949],[93.37757,25.21858],[93.37765,25.21833],[93.37749,25.21812],[93.37713,25.218],[93.37633,25.21807],[93.3759,25.21801],[93.37539,25.21776],[93.37503,25.21718],[93.37499,25.21684],[93.37498,25.21645],[93.37513,25.2161],[93.37532,25.21589],[93.37533,25.21564],[93.37523,25.2155],[93.37493,25.21545],[93.37405,25.21553],[93.37364,25.21525],[93.37348,25.21421],[93.37363,25.21378],[93.37424,25.21326],[93.37445,25.21293],[93.3745,25.21265],[93.37441,25.21232],[93.37402,25.21216],[93.37314,25.21223],[93.37219,25.21241],[93.37174,25.21221],[93.37135,25.21161],[93.37107,25.21148],[93.36936,25.21177],[93.36903,25.21164],[93.36879,25.21145],[93.36867,25.21116],[93.36868,25.21079],[93.36885,25.21039],[93.3691,25.21007],[93.36942,25.20983],[93.37063,25.20947],[93.37091,25.20905],[93.37089,25.20833],[93.37068,25.20776],[93.37051,25.20758],[93.37002,25.20758],[93.36976,25.20778],[93.36938,25.20787],[93.36883,25.20788],[93.36743,25.20751],[93.367,25.20728],[93.36666,25.20676],[93.36664,25.20613],[93.36693,25.20437],[93.3669,25.20408],[93.36658,25.20305],[93.36597,25.2022],[93.36572,25.20079],[93.36601,25.20046],[93.36674,25.19986],[93.3667,25.1993],[93.36588,25.19804],[93.3647,25.19685],[93.36367,25.19627],[93.36273,25.19589],[93.3616,25.19579],[93.36101,25.19566],[93.36046,25.19553],[93.35972,25.19525],[93.35959,25.19508],[93.35956,25.19477],[93.35978,25.19416],[93.35992,25.19392],[93.36031,25.19371],[93.36099,25.19304],[93.36092,25.19258],[93.36063,25.19205],[93.3603,25.19197],[93.35981,25.19201],[93.35953,25.19223],[93.35907,25.19239],[93.35892,25.19254],[93.35794,25.1926],[93.35738,25.19243],[93.35683,25.19211],[93.35682,25.19184],[93.3572,25.19114],[93.35834,25.19055],[93.35848,25.18995],[93.35827,25.18981],[93.35783,25.18977],[93.35741,25.18946],[93.35739,25.18922],[93.35761,25.18848],[93.35748,25.1874],[93.35717,25.18709],[93.35691,25.18715],[93.35685,25.18733],[93.35688,25.18845],[93.35673,25.18885],[93.35655,25.18902],[93.35614,25.18898],[93.35546,25.18863],[93.35464,25.18803],[93.354,25.1877],[93.35394,25.18749],[93.35397,25.18698],[93.35417,25.18682],[93.35519,25.18667],[93.35574,25.18637],[93.35593,25.18594],[93.35585,25.18578],[93.35535,25.18554],[93.35491,25.18547],[93.3543,25.18517],[93.35406,25.18491],[93.35337,25.18448],[93.3531,25.18419],[93.35214,25.18349],[93.35183,25.18295],[93.35152,25.18206],[93.35135,25.18065],[93.35137,25.18023],[93.35174,25.17944],[93.35174,25.17922],[93.35136,25.1791],[93.35057,25.17913],[93.34988,25.17891],[93.34979,25.17863],[93.34999,25.1771],[93.34992,25.17658],[93.34975,25.17619],[93.34842,25.17505],[93.34825,25.17479],[93.34805,25.17436],[93.34771,25.17293],[93.34753,25.17248],[93.34654,25.17095],[93.34636,25.17028],[93.3463,25.16943],[93.34642,25.16827],[93.34663,25.16774],[93.34664,25.16683],[93.34593,25.16589],[93.34491,25.1639],[93.34473,25.1634],[93.34453,25.16153],[93.34507,25.15921],[93.34509,25.15887],[93.3448,25.15772],[93.34497,25.15753],[93.34516,25.15747],[93.34554,25.15751],[93.34626,25.15774],[93.34653,25.15772],[93.34681,25.15757],[93.3469,25.15741],[93.34681,25.15681],[93.34626,25.1559],[93.34613,25.15518],[93.34613,25.1544],[93.34567,25.15314],[93.34566,25.15253],[93.34614,25.15068],[93.34614,25.15016],[93.34647,25.14896],[93.34674,25.14842],[93.34719,25.14709],[93.3472,25.14667],[93.34693,25.14616],[93.34679,25.14507],[93.34764,25.14318],[93.3478,25.14263],[93.3478,25.14239],[93.34691,25.14161],[93.34681,25.1414],[93.34679,25.14098],[93.34716,25.14036],[93.34813,25.13962],[93.34821,25.13937],[93.3482,25.13898],[93.34772,25.13824],[93.34688,25.13792],[93.34616,25.13778],[93.34554,25.13801],[93.34538,25.13824],[93.3451,25.13839],[93.34465,25.13845],[93.34383,25.13833],[93.34357,25.13818],[93.34308,25.13756],[93.34284,25.13704],[93.34282,25.13641],[93.34315,25.13592],[93.34383,25.13551],[93.34445,25.13529],[93.34476,25.13492],[93.34479,25.13443],[93.34465,25.13405],[93.34399,25.13318],[93.34393,25.13289],[93.34411,25.1328],[93.34481,25.13281],[93.34505,25.13274],[93.34538,25.13232],[93.34565,25.1313],[93.34579,25.13106],[93.34592,25.13032],[93.34591,25.12993],[93.34582,25.12937],[93.34551,25.12869],[93.34495,25.12849],[93.34423,25.12847],[93.34332,25.12819],[93.34244,25.12768],[93.3423,25.12752],[93.34217,25.12728],[93.34211,25.12682],[93.34234,25.12609],[93.34251,25.12598],[93.34384,25.12595],[93.34504,25.12556],[93.34546,25.12522],[93.34593,25.12461],[93.34599,25.12413],[93.34595,25.12375],[93.34582,25.12362],[93.3454,25.12358],[93.34508,25.12373],[93.34459,25.12418],[93.34403,25.12439],[93.34344,25.12446],[93.34298,25.12422],[93.34218,25.12343],[93.34195,25.12279],[93.34186,25.12229],[93.34211,25.12122],[93.34205,25.12054],[93.34182,25.11974],[93.34098,25.11802],[93.34024,25.11707],[93.34009,25.11654],[93.34008,25.1162],[93.34024,25.11582],[93.34174,25.1148],[93.34196,25.11438],[93.34194,25.11403],[93.34174,25.11386],[93.34128,25.11365],[93.33883,25.11317],[93.33748,25.11246],[93.33732,25.11179],[93.33736,25.11162],[93.3376,25.11141],[93.33855,25.11124],[93.33873,25.11114],[93.33881,25.11079],[93.33876,25.11043],[93.33844,25.10974],[93.3383,25.109],[93.33808,25.10874],[93.33755,25.10848],[93.3369,25.10783],[93.3364,25.10704],[93.33527,25.1045],[93.33449,25.10326],[93.33424,25.10251],[93.3339,25.10202],[93.33343,25.10154],[93.33302,25.1009],[93.33263,25.10072],[93.3325,25.10049],[93.33263,25.10019],[93.33296,25.09987],[93.33387,25.09825],[93.33399,25.09766],[93.33393,25.09755],[93.33379,25.09756],[93.33293,25.09781],[93.33268,25.09781],[93.33224,25.0977],[93.33201,25.09751],[93.33176,25.09683],[93.33164,25.09612],[93.33188,25.09534],[93.33237,25.09453],[93.33252,25.09408],[93.33252,25.09391],[93.33225,25.09353],[93.33164,25.09333],[93.33087,25.09341],[93.33011,25.09335],[93.32866,25.0935],[93.32733,25.09341],[93.32659,25.09303],[93.32599,25.09248],[93.32485,25.0912],[93.32458,25.09106],[93.32383,25.09095],[93.32266,25.09105],[93.32209,25.09078],[93.32176,25.0904],[93.32102,25.08917],[93.31781,25.08592],[93.31746,25.08565],[93.3169,25.08539],[93.31585,25.08509],[93.31535,25.08486],[93.31501,25.0841],[93.31457,25.08347],[93.31344,25.0814],[93.3133,25.08096],[93.31318,25.07903],[93.31304,25.0787],[93.31272,25.07839],[93.31136,25.07782],[93.31077,25.07745],[93.31055,25.07686],[93.31047,25.07641],[93.31052,25.07581],[93.31046,25.07567],[93.30997,25.07514],[93.30888,25.07428],[93.30762,25.07349],[93.30723,25.07316],[93.30659,25.07242],[93.30594,25.07143],[93.30582,25.07124],[93.30569,25.07047],[93.30596,25.06995],[93.30626,25.06906],[93.30624,25.0686],[93.3061,25.0682],[93.30517,25.06666],[93.30443,25.06577],[93.30415,25.06504],[93.3037,25.0648],[93.30312,25.06434],[93.30299,25.0635],[93.30243,25.06233],[93.30236,25.06183],[93.30235,25.06129],[93.30247,25.06103],[93.30457,25.05891],[93.3053,25.05788],[93.30547,25.05734],[93.30543,25.05696],[93.30524,25.05649],[93.30488,25.05614],[93.30422,25.05571],[93.3031,25.05533],[93.30261,25.05534],[93.30191,25.05644],[93.30145,25.05635],[93.30099,25.05592],[93.30089,25.05522],[93.3011,25.05479],[93.30127,25.05456],[93.30151,25.05439],[93.30176,25.05436],[93.3022,25.05408],[93.30228,25.05394],[93.30228,25.05372],[93.30197,25.05338],[93.30176,25.05249],[93.3014,25.05199],[93.30093,25.0508],[93.30073,25.05051],[93.30041,25.04922],[93.30011,25.04653],[93.29988,25.04602],[93.29968,25.04579],[93.29939,25.04568],[93.29835,25.04572],[93.29773,25.04597],[93.29756,25.04637],[93.29757,25.04656],[93.29771,25.04684],[93.29841,25.04785],[93.29885,25.04863],[93.29914,25.04895],[93.29931,25.04972],[93.29939,25.05061],[93.2992,25.0511],[93.29888,25.05159],[93.29854,25.05168],[93.29806,25.05156],[93.29797,25.05125],[93.29798,25.0505],[93.29778,25.05043],[93.29662,25.05059],[93.29642,25.05075],[93.29588,25.05093],[93.29503,25.05094],[93.29476,25.05083],[93.29448,25.05036],[93.29436,25.04939],[93.29438,25.04918],[93.29479,25.04806],[93.29479,25.04778],[93.29467,25.04751],[93.29409,25.04709],[93.29351,25.04639],[93.29305,25.04639],[93.29182,25.04679],[93.2904,25.04706],[93.29003,25.04703],[93.28969,25.04662],[93.28954,25.04623],[93.28856,25.04531],[93.28824,25.0452],[93.28779,25.04521],[93.28758,25.04548],[93.28733,25.04684],[93.28726,25.04692],[93.28695,25.0469],[93.28649,25.04648],[93.28612,25.04631],[93.28484,25.04595],[93.28348,25.04547],[93.2826,25.04547],[93.28238,25.04557],[93.2822,25.04578],[93.28214,25.04599],[93.28218,25.04668],[93.28239,25.04719],[93.28275,25.0477],[93.28292,25.04871],[93.28277,25.04879],[93.28246,25.04881],[93.28216,25.04866],[93.28176,25.04828],[93.28144,25.04809],[93.28108,25.04742],[93.2807,25.04704],[93.27995,25.04686],[93.27964,25.04691],[93.27933,25.0472],[93.27932,25.04742],[93.27965,25.04809],[93.27978,25.04932],[93.28034,25.05024],[93.28038,25.05077],[93.28016,25.05089],[93.27989,25.05093],[93.27959,25.05082],[93.27919,25.05031],[93.27863,25.04996],[93.27716,25.04956],[93.27687,25.04959],[93.2767,25.04978],[93.27662,25.05028],[93.27634,25.05057],[93.27612,25.05069],[93.27516,25.05081],[93.27455,25.05068],[93.27404,25.05049],[93.27375,25.05025],[93.27344,25.04958],[93.27313,25.04844],[93.27298,25.04831],[93.27278,25.04827],[93.27232,25.0483],[93.272,25.04842],[93.27132,25.04898],[93.27114,25.0493],[93.27103,25.05018],[93.27085,25.05038],[93.27055,25.05053],[93.26976,25.05039],[93.26923,25.04992],[93.26844,25.04952],[93.26635,25.04892],[93.26541,25.04889],[93.26486,25.04912],[93.26465,25.04914],[93.26431,25.04902],[93.26397,25.04872],[93.26371,25.04777],[93.26302,25.04681],[93.2625,25.04632],[93.26238,25.04587],[93.26244,25.04569],[93.26275,25.04537],[93.26295,25.04532],[93.26352,25.04537],[93.26428,25.04567],[93.26471,25.04567],[93.26579,25.04488],[93.26643,25.04457],[93.26655,25.04433],[93.2665,25.04398],[93.26621,25.0437],[93.26499,25.04325],[93.26393,25.04274],[93.26323,25.04205],[93.26272,25.04116],[93.26239,25.04093],[93.26197,25.04083],[93.26172,25.04085],[93.26059,25.04141],[93.26025,25.04143],[93.25995,25.04128],[93.25967,25.0405],[93.25928,25.0402],[93.25872,25.03933],[93.2583,25.03788],[93.25834,25.03765],[93.25869,25.0374],[93.25919,25.03729],[93.25969,25.03691],[93.26023,25.03631],[93.26055,25.03563],[93.26044,25.03516],[93.26015,25.03486],[93.25896,25.03444],[93.2586,25.03413],[93.25841,25.03378],[93.25827,25.03284],[93.25807,25.0322],[93.25773,25.03156],[93.25733,25.03102],[93.25675,25.03063],[93.25584,25.03066],[93.25502,25.02984],[93.25478,25.02938],[93.25438,25.02807],[93.25396,25.02717],[93.25378,25.02711],[93.2533,25.02724],[93.25299,25.02762],[93.25252,25.02793],[93.25222,25.02789],[93.25196,25.02753],[93.25161,25.02736],[93.25134,25.02707],[93.25133,25.02634],[93.25152,25.02572],[93.25189,25.02564],[93.25237,25.02591],[93.25299,25.02589],[93.25403,25.02561],[93.25445,25.02519],[93.25447,25.02439],[93.25414,25.02367],[93.25353,25.02311],[93.2524,25.0228],[93.25227,25.02267],[93.25225,25.02247],[93.25244,25.02222],[93.25381,25.0213],[93.25439,25.02073],[93.25435,25.02053],[93.25421,25.02041],[93.2536,25.02023],[93.25275,25.02033],[93.25237,25.02016],[93.25202,25.0201],[93.25094,25.02021],[93.25052,25.02038],[93.25016,25.02027],[93.24986,25.02008],[93.24968,25.01986],[93.24894,25.0183],[93.24866,25.01802],[93.24829,25.01786],[93.24785,25.01779],[93.24746,25.01783],[93.24675,25.01813],[93.2459,25.01865],[93.24533,25.01874],[93.24499,25.0187],[93.24468,25.01855],[93.24399,25.01789],[93.24378,25.01759],[93.24364,25.01716],[93.24367,25.01664],[93.24402,25.01603],[93.24437,25.01565],[93.24479,25.01547],[93.24495,25.01552],[93.24539,25.01585],[93.24577,25.01634],[93.24602,25.01635],[93.24689,25.01569],[93.24771,25.0147],[93.2481,25.01406],[93.24794,25.01392],[93.24765,25.01382],[93.24636,25.01376],[93.24604,25.01353],[93.2458,25.01323],[93.24511,25.01183],[93.24435,25.00918],[93.24388,25.0083],[93.24358,25.00715],[93.24319,25.00636],[93.24281,25.00529],[93.2425,25.00478],[93.24171,25.00396],[93.24142,25.00335],[93.2415,25.00299],[93.2418,25.00274],[93.24254,25.0028],[93.24404,25.00311],[93.24444,25.00308],[93.24478,25.00282],[93.24485,25.0023],[93.24478,25.00187],[93.244,25.00043],[93.24371,24.99957],[93.24404,24.99836],[93.24439,24.99767],[93.24472,24.99742],[93.24514,24.99724],[93.24617,24.99714],[93.24712,24.99732],[93.24776,24.99783],[93.24803,24.99818],[93.24866,24.99935],[93.24947,25.00002],[93.2498,25.00045],[93.24993,25.00173],[93.24976,25.00291],[93.24978,25.00386],[93.25003,25.00454],[93.25024,25.00473],[93.25057,25.00483],[93.25091,25.00462],[93.25166,25.00358],[93.25173,25.00257],[93.25199,25.00149],[93.25201,25.00101],[93.25213,25.0009],[93.2528,25.00096],[93.25321,25.00123],[93.25346,25.00171],[93.25396,25.00321],[93.25428,25.00384],[93.25486,25.00441],[93.25547,25.00462],[93.25649,25.00452],[93.25701,25.00429],[93.25791,25.00364],[93.25942,25.00231],[93.26003,25.00162],[93.25992,25.00096],[93.25944,24.99969],[93.25914,24.99918],[93.25871,24.99878],[93.25763,24.99882],[93.25657,24.9991],[93.25591,24.9994],[93.25494,25.00013],[93.25436,25.00035],[93.25404,25.00031],[93.25344,25.00005],[93.25308,24.99966],[93.2529,24.99916],[93.2527,24.99824],[93.25272,24.99802],[93.25286,24.99782],[93.2531,24.99773],[93.25414,24.99779],[93.25625,24.99758],[93.25669,24.9974],[93.25702,24.99701],[93.25704,24.99671],[93.25633,24.99271],[93.25444,24.98861],[93.25385,24.98762],[93.25317,24.98668],[93.2529,24.9864],[93.25168,24.98626],[93.25119,24.98609],[93.25113,24.98579],[93.25151,24.9852],[93.2532,24.98402],[93.25353,24.98368],[93.25376,24.98333],[93.2538,24.98277],[93.2536,24.98245],[93.25328,24.98227],[93.2525,24.98221],[93.25201,24.98195],[93.25188,24.98171],[93.25118,24.9811],[93.24966,24.98035],[93.24933,24.97973],[93.24913,24.9788],[93.2492,24.97748],[93.24946,24.97682],[93.24983,24.97678],[93.25005,24.97698],[93.25048,24.97792],[93.25086,24.97829],[93.25117,24.97835],[93.25146,24.97823],[93.25236,24.97761],[93.25234,24.97709],[93.25158,24.97556],[93.25004,24.97392],[93.2497,24.97328],[93.24979,24.97279],[93.25028,24.97218],[93.25076,24.97189],[93.25167,24.97164],[93.25199,24.97137],[93.25225,24.971],[93.25261,24.97009],[93.25268,24.96947],[93.25323,24.96904],[93.25373,24.96897],[93.25466,24.96913],[93.25493,24.9694],[93.2559,24.97076],[93.2563,24.97119],[93.25667,24.97148],[93.25747,24.97161],[93.25796,24.97142],[93.25888,24.97024],[93.25947,24.96843],[93.25953,24.96693],[93.2598,24.96588],[93.25988,24.96509],[93.26015,24.9644],[93.26063,24.96402],[93.26175,24.96353],[93.26189,24.96333],[93.26186,24.96308],[93.26132,24.96213],[93.26114,24.96156],[93.26066,24.9608],[93.26069,24.95914],[93.26055,24.95893],[93.25936,24.95838],[93.25843,24.95827],[93.25771,24.95793],[93.25763,24.95647],[93.2579,24.95599],[93.25825,24.95579],[93.25835,24.95523],[93.25831,24.9548],[93.25784,24.95418],[93.25621,24.95402],[93.25602,24.95375],[93.25595,24.95339],[93.25621,24.95241],[93.25646,24.95209],[93.25679,24.95185],[93.25768,24.95148],[93.25817,24.9511],[93.25834,24.9508],[93.25858,24.95004],[93.25825,24.94963],[93.25723,24.94909],[93.25644,24.94916],[93.25576,24.94966],[93.25511,24.95029],[93.2541,24.95086],[93.25358,24.95134],[93.25288,24.9517],[93.25046,24.95267],[93.24889,24.95367],[93.24814,24.95388],[93.2477,24.95355],[93.24765,24.95304],[93.24743,24.9526],[93.24599,24.95092],[93.24562,24.95031],[93.24552,24.94995],[93.24586,24.94974],[93.24768,24.9501],[93.24822,24.94984],[93.24875,24.94912],[93.24908,24.94845],[93.24909,24.94756],[93.24894,24.94709],[93.24795,24.94687],[93.24711,24.94657],[93.24697,24.94616],[93.24704,24.94557],[93.24763,24.94509],[93.24849,24.94495],[93.24989,24.94489],[93.25051,24.94472],[93.25127,24.94401],[93.25168,24.94245],[93.2516,24.94166],[93.25135,24.94116],[93.2509,24.94068],[93.24936,24.94075],[93.24879,24.94043],[93.24812,24.93979],[93.24766,24.93955],[93.24711,24.93975],[93.24682,24.9402],[93.24609,24.94088],[93.24553,24.94105],[93.245,24.94109],[93.24426,24.94101],[93.24317,24.9396],[93.24223,24.93892],[93.241,24.93857],[93.2398,24.93812],[93.23777,24.93768],[93.23731,24.93744],[93.23658,24.9365],[93.23653,24.93568],[93.23659,24.93466],[93.23695,24.93292],[93.23723,24.9321],[93.238,24.93206],[93.23832,24.93228],[93.23848,24.93349],[93.23877,24.93432],[93.23898,24.93476],[93.23956,24.93545],[93.23973,24.93555],[93.24111,24.93586],[93.24304,24.93573],[93.24394,24.93599],[93.24461,24.93602],[93.245,24.93584],[93.2453,24.93556],[93.24563,24.93545],[93.24587,24.93518],[93.24608,24.93431],[93.24605,24.93373],[93.24586,24.93316],[93.24497,24.93165],[93.24474,24.93139],[93.24319,24.93086],[93.24219,24.93073],[93.24168,24.93037],[93.24151,24.93002],[93.24155,24.9294],[93.242,24.9286],[93.242,24.92793],[93.2417,24.92731],[93.24021,24.92683],[93.23927,24.92624],[93.23884,24.92591],[93.2387,24.92525],[93.23883,24.92484],[93.239,24.92458],[93.23942,24.92442],[93.24002,24.92437],[93.2415,24.92477],[93.24239,24.92487],[93.24488,24.92533],[93.24551,24.92527],[93.24639,24.92498],[93.24667,24.92447],[93.24688,24.92329],[93.24718,24.92259],[93.24741,24.92125],[93.24876,24.91805],[93.24882,24.91704],[93.24865,24.91476],[93.2483,24.91427],[93.24775,24.91386],[93.24708,24.91352],[93.24659,24.91301],[93.24576,24.91143],[93.24482,24.91077],[93.24399,24.91057],[93.24288,24.91082],[93.24214,24.91082],[93.24036,24.91048],[93.2396,24.91055],[93.2384,24.9113],[93.23764,24.91265],[93.23704,24.9127],[93.23621,24.91246],[93.23562,24.91193],[93.2354,24.91113],[93.23533,24.91043],[93.23557,24.90989],[93.23645,24.90899],[93.23727,24.90849],[93.2377,24.90808],[93.23801,24.90714],[93.2378,24.90642],[93.23803,24.90573],[93.23861,24.9055],[93.23917,24.90542],[93.23966,24.90559],[93.24016,24.90589],[93.24101,24.90572],[93.24137,24.90532],[93.24167,24.90465],[93.24165,24.90383],[93.24154,24.90338],[93.2413,24.90297],[93.2405,24.90237],[93.23997,24.90119],[93.23935,24.89874],[93.23892,24.8985],[93.23842,24.89854],[93.23805,24.89882],[93.23803,24.89936],[93.23721,24.89971],[93.23605,24.89978],[93.23562,24.89951],[93.23419,24.89902],[93.23359,24.89904],[93.23291,24.89922],[93.23263,24.89949],[93.23146,24.89953],[93.2306,24.89899],[93.2301,24.89839],[93.22969,24.8976],[93.22961,24.89687],[93.22979,24.89634],[93.2301,24.89576],[93.23066,24.89528],[93.23148,24.89485],[93.23203,24.89465],[93.2323,24.89432],[93.23251,24.89381],[93.23293,24.89325],[93.23292,24.89219],[93.23258,24.89188],[93.23167,24.89183],[93.2304,24.89249],[93.22929,24.89341],[93.22829,24.89354],[93.22691,24.89312],[93.22658,24.89256],[93.22643,24.89155],[93.22653,24.89046],[93.22715,24.88972],[93.22866,24.88823],[93.22923,24.88808],[93.23091,24.88823],[93.23144,24.88813],[93.23208,24.88759],[93.23255,24.88691],[93.23311,24.8851],[93.23305,24.88457],[93.23227,24.8842],[93.23093,24.88421],[93.22991,24.88474],[93.22932,24.88528],[93.22818,24.88518],[93.22754,24.88465],[93.22734,24.88271],[93.22687,24.88177],[93.22649,24.88122],[93.2259,24.88078],[93.22492,24.88057],[93.22418,24.88073],[93.22402,24.88124],[93.22361,24.88191],[93.22285,24.88231],[93.22225,24.88222],[93.22146,24.88136],[93.22149,24.88057],[93.22171,24.87989],[93.22174,24.87929],[93.22201,24.87851],[93.22242,24.87773],[93.22324,24.87668],[93.22429,24.87571],[93.22573,24.87497],[93.22671,24.87406],[93.227,24.87325],[93.22681,24.87292],[93.22572,24.87277],[93.22466,24.87286],[93.22373,24.87324],[93.22313,24.87368],[93.22232,24.87409],[93.22153,24.87426],[93.2208,24.87393],[93.2206,24.87355],[93.22075,24.8729],[93.22183,24.87193],[93.2221,24.87142],[93.22213,24.87073],[93.22135,24.86987],[93.22065,24.86939],[93.2197,24.86903],[93.21885,24.86857],[93.21853,24.86801],[93.21781,24.86626],[93.21713,24.86592],[93.21653,24.86632],[93.21555,24.86616],[93.21484,24.86553],[93.21448,24.86468],[93.21445,24.86332],[93.21462,24.86291],[93.21446,24.8619],[93.21369,24.86059],[93.21272,24.85989],[93.21217,24.85888],[93.212,24.85829],[93.21144,24.85748],[93.21112,24.85641],[93.21059,24.85615],[93.21005,24.85611],[93.20823,24.85633],[93.20776,24.85603],[93.20683,24.85446],[93.20661,24.85331],[93.20559,24.85193],[93.20503,24.85131],[93.20445,24.85093],[93.20362,24.85097],[93.20291,24.85122],[93.20253,24.85177],[93.20253,24.85244],[93.20223,24.85372],[93.202,24.85447],[93.20171,24.8549],[93.19885,24.85572],[93.19761,24.8558],[93.19674,24.85545],[93.1954,24.85412],[93.19531,24.85361],[93.19558,24.85334],[93.19592,24.85337],[93.19656,24.85372],[93.19704,24.8538],[93.19777,24.85374],[93.19895,24.85315],[93.19966,24.85256],[93.19996,24.85122],[93.20087,24.84934],[93.20168,24.84875],[93.20197,24.84827],[93.20196,24.84754],[93.20135,24.84669],[93.20139,24.84602],[93.20118,24.84485],[93.2012,24.84405],[93.2017,24.84279],[93.20184,24.84216],[93.20176,24.84168],[93.20136,24.84141],[93.20046,24.84173],[93.19762,24.84381],[93.19667,24.84438],[93.19596,24.84466],[93.19496,24.84471],[93.19353,24.84416],[93.19306,24.84383],[93.19261,24.84237],[93.19253,24.84162],[93.19208,24.84046],[93.19205,24.84013],[93.19282,24.83948],[93.19337,24.83931],[93.19469,24.8385],[93.19559,24.83805],[93.19624,24.8369],[93.19655,24.83672],[93.19689,24.83672],[93.19777,24.8375],[93.19879,24.83888],[93.19972,24.83984],[93.20042,24.83981],[93.20096,24.83946],[93.20118,24.83901],[93.20134,24.83765],[93.20033,24.83593],[93.19892,24.83465],[93.19828,24.83424],[93.19664,24.83432],[93.19502,24.83513],[93.19377,24.8356],[93.19275,24.83566],[93.19216,24.83508],[93.19193,24.83441],[93.19186,24.83373],[93.19193,24.83338],[93.19219,24.83282],[93.19338,24.83238],[93.19553,24.83195],[93.19594,24.83172],[93.19628,24.83135],[93.19631,24.83061],[93.19599,24.8301],[93.19532,24.82937],[93.19462,24.82831],[93.19294,24.82605],[93.19185,24.82424],[93.19095,24.82231],[93.19069,24.82082],[93.19052,24.81863],[93.19184,24.81744],[93.19281,24.81697],[93.19429,24.81513],[93.19523,24.81441],[93.19599,24.81395],[93.19701,24.81294],[93.19733,24.81242],[93.19732,24.81183],[93.19695,24.81128],[93.19552,24.81056],[93.19442,24.80926],[93.19402,24.80855],[93.19359,24.8073],[93.19308,24.80653],[93.19229,24.80489],[93.19177,24.80413],[93.19141,24.80376],[93.19088,24.80369],[93.19018,24.80394],[93.18947,24.804],[93.1883,24.80395],[93.18664,24.8031],[93.18309,24.80223],[93.18225,24.80227],[93.18133,24.80264],[93.18058,24.80318],[93.17999,24.80334],[93.17967,24.80293],[93.17956,24.80228],[93.17959,24.79978],[93.1794,24.79763],[93.17919,24.7971],[93.17804,24.79533],[93.17764,24.79452],[93.17677,24.79393],[93.17552,24.79349],[93.17492,24.79347],[93.17444,24.79354],[93.17424,24.79393],[93.17426,24.79495],[93.17414,24.79529],[93.17377,24.79566],[93.17366,24.79607],[93.17345,24.80007],[93.17349,24.80088],[93.17336,24.80118],[93.17318,24.80139],[93.17284,24.80159],[93.17229,24.80177],[93.17141,24.80184],[93.17059,24.80173],[93.17001,24.80154],[93.16873,24.80087],[93.16661,24.79962],[93.16535,24.7988],[93.16181,24.79625],[93.16072,24.79538],[93.15977,24.79417],[93.15915,24.79216],[93.15877,24.79167],[93.15745,24.79082],[93.15516,24.78991],[93.15448,24.78916],[93.15381,24.78787],[93.15347,24.78766],[93.15224,24.78728],[93.15203,24.7873],[93.1513,24.78693],[93.15068,24.78687],[93.1503,24.78663],[93.14938,24.78673],[93.14911,24.78693],[93.14898,24.78729],[93.14897,24.78777],[93.14886,24.78816],[93.1489,24.78872],[93.14911,24.78908],[93.1492,24.78957],[93.1496,24.79015],[93.15038,24.79077],[93.15067,24.79111],[93.15155,24.7915],[93.15189,24.79198],[93.15202,24.79236],[93.15203,24.79294],[93.15189,24.79393],[93.15148,24.79501],[93.15116,24.79539],[93.15071,24.79575],[93.14983,24.79612],[93.14744,24.79637],[93.14529,24.79726],[93.1447,24.79729],[93.14289,24.79714],[93.14247,24.7973],[93.14216,24.79762],[93.14197,24.79829],[93.1421,24.79948],[93.14208,24.80015],[93.14182,24.80136],[93.14153,24.80206],[93.14111,24.80256],[93.13995,24.80319],[93.13925,24.80379],[93.13893,24.80427],[93.13835,24.8057],[93.13798,24.80638],[93.13632,24.80803],[93.13594,24.80868],[93.13595,24.80899],[93.13611,24.80927],[93.13638,24.80944],[93.13676,24.80949],[93.13742,24.80931],[93.13862,24.8086],[93.13906,24.80853],[93.13949,24.80861],[93.13993,24.80891],[93.14011,24.80936],[93.14003,24.80972],[93.13963,24.81005],[93.13816,24.81051],[93.1364,24.81077],[93.1358,24.81072],[93.13528,24.81048],[93.13495,24.81007],[93.13436,24.80876],[93.13387,24.80695],[93.1332,24.80537],[93.1329,24.80497],[93.13251,24.80463],[93.13216,24.8044],[93.13184,24.80431],[93.13126,24.80436],[93.13078,24.80466],[93.13055,24.80499],[93.12982,24.8067],[93.12921,24.80743],[93.12816,24.80842],[93.12744,24.80884],[93.12681,24.8091],[93.12613,24.80917],[93.12523,24.80895],[93.12466,24.80864],[93.12323,24.80764],[93.12262,24.80741],[93.12012,24.80764],[93.11936,24.80786],[93.11882,24.80818],[93.11855,24.80857],[93.11842,24.8093],[93.11849,24.81022],[93.11879,24.81116],[93.11945,24.81236],[93.12056,24.81383],[93.12117,24.81488],[93.12202,24.81579],[93.12231,24.81636],[93.12248,24.81736],[93.12245,24.8181],[93.12228,24.8189],[93.12192,24.81929],[93.12156,24.8194],[93.1212,24.81941],[93.12078,24.8193],[93.12046,24.81912],[93.11803,24.8165],[93.11705,24.81575],[93.11553,24.8148],[93.11427,24.81417],[93.11337,24.8138],[93.11139,24.81332],[93.11069,24.81298],[93.11024,24.81262],[93.10973,24.81185],[93.1096,24.8112],[93.10972,24.81061],[93.11037,24.80887],[93.11065,24.80787],[93.11076,24.80639],[93.1106,24.80448],[93.11065,24.80308],[93.11088,24.80218],[93.11172,24.8003],[93.11175,24.79923],[93.11132,24.79831],[93.10946,24.79609],[93.10848,24.79471],[93.10769,24.79339],[93.10741,24.79247],[93.10735,24.79062],[93.10707,24.78988],[93.10664,24.78939],[93.10514,24.78855],[93.10478,24.78803],[93.10471,24.78758],[93.10475,24.78709],[93.10524,24.7856],[93.10508,24.78332],[93.10578,24.7815],[93.10581,24.78117],[93.10572,24.7809],[93.10533,24.78048],[93.10482,24.78027],[93.1027,24.78039],[93.10175,24.78028],[93.10099,24.77983],[93.1008,24.77962],[93.10066,24.77929],[93.10072,24.7764],[93.10046,24.77412],[93.10051,24.77307],[93.10072,24.77259],[93.10136,24.77156],[93.10312,24.7696],[93.10371,24.76875],[93.1038,24.76826],[93.10362,24.76601],[93.10299,24.76222],[93.10264,24.7595],[93.10243,24.75858],[93.10218,24.75791],[93.10188,24.75745],[93.10134,24.75689],[93.09857,24.75455],[93.09832,24.75417],[93.09822,24.75368],[93.09828,24.75337],[93.09844,24.75309],[93.09971,24.75188],[93.10057,24.75073],[93.10081,24.7503],[93.10099,24.74971],[93.10099,24.74944],[93.10083,24.74904],[93.10026,24.74838],[93.09969,24.74795],[93.09847,24.74734],[93.09821,24.74708],[93.0981,24.74686],[93.0981,24.74654],[93.0983,24.74588],[93.09895,24.74507],[93.09965,24.74378],[93.10025,24.74303],[93.10067,24.74267],[93.10111,24.74256],[93.10158,24.74275],[93.10174,24.743],[93.10182,24.74339],[93.10164,24.74499],[93.10191,24.74628],[93.1021,24.7466],[93.10233,24.74676],[93.1026,24.7468],[93.10302,24.7467],[93.1034,24.74646],[93.10364,24.74621],[93.10403,24.7452],[93.1045,24.7446],[93.10698,24.74307],[93.10727,24.74279],[93.10747,24.74214],[93.10733,24.74073],[93.107,24.74],[93.10651,24.73946],[93.10492,24.73859],[93.10351,24.73762],[93.10229,24.73705],[93.10169,24.73659],[93.10013,24.73491],[93.09799,24.73291],[93.09646,24.73125],[93.09623,24.73084],[93.09611,24.73039],[93.09592,24.72849],[93.09587,24.72668],[93.09609,24.72451],[93.09605,24.72416],[93.09587,24.72387],[93.09558,24.72374],[93.09526,24.72378],[93.09339,24.72472],[93.09184,24.7251],[93.09076,24.7252],[93.09047,24.7251],[93.09027,24.72491],[93.09016,24.72454],[93.09005,24.72326],[93.08998,24.72163],[93.09006,24.72107],[93.09025,24.7208],[93.09054,24.72061],[93.09104,24.72045],[93.09197,24.72029],[93.09247,24.72004],[93.09271,24.71975],[93.09299,24.71915],[93.09311,24.71852],[93.093,24.71832],[93.09277,24.71821],[93.09152,24.71828],[93.09092,24.71822],[93.09057,24.71805],[93.09027,24.71775],[93.09001,24.71701],[93.09003,24.71514],[93.08979,24.71411],[93.0894,24.71344],[93.08784,24.71139],[93.08659,24.70934],[93.08623,24.70891],[93.08569,24.70857],[93.08493,24.70838],[93.08335,24.70817],[93.08266,24.70831],[93.08105,24.70945],[93.07944,24.71039],[93.0788,24.71085],[93.07796,24.71175]]}},
{"type":"Feature","properties":{"kind":"state","name":"Assam–Manipur","src":"OSM relations 2025886 and 2027869"},"geometry":{"type":"LineString","coordinates":[[93.07796,24.71175],[93.07687,24.71268]]}},
{"type":"Feature","properties":{"kind":"state","name":"Assam–Manipur","src":"OSM relations 2025886 and 2027869","river":"19186","rlen":542},"geometry":{"type":"LineString","coordinates":[[93.07687,24.71268],[93.0758,24.71186],[93.07472,24.71062],[93.07355,24.70863],[93.07324,24.70757],[93.07347,24.70675],[93.07411,24.70606],[93.07539,24.70528],[93.07682,24.70476],[93.07762,24.70464],[93.0803,24.70314],[93.08159,24.70197],[93.08198,24.70124],[93.08224,24.69917],[93.08264,24.69829],[93.0875,24.69244],[93.09132,24.68707],[93.09182,24.68553],[93.09182,24.68415],[93.09105,24.68149],[93.08967,24.67918],[93.08958,24.67821],[93.0899,24.6772],[93.09028,24.67678],[93.09032,24.67685],[93.09048,24.67683],[93.09078,24.6767],[93.09152,24.67663],[93.09163,24.67677],[93.09658,24.67917],[93.09944,24.68033],[93.10066,24.68053],[93.10198,24.6803],[93.10305,24.67956],[93.10352,24.67874],[93.10401,24.67678],[93.104,24.67442],[93.10346,24.67274],[93.09702,24.665],[93.09644,24.664],[93.09619,24.66239],[93.09616,24.6557],[93.0959,24.65381],[93.0954,24.65278],[93.09431,24.65214],[93.09403,24.65217],[93.09366,24.65205],[93.08814,24.65267],[93.08577,24.65247],[93.08487,24.6521],[93.08418,24.65152],[93.08304,24.64929],[93.0829,24.64828],[93.08313,24.64721],[93.08736,24.63738],[93.08779,24.6359],[93.08791,24.63446],[93.08774,24.6326],[93.08686,24.62895],[93.08575,24.62812],[93.08515,24.62796],[93.08487,24.62798],[93.0846,24.62791],[93.0816,24.62854],[93.07939,24.62856],[93.07726,24.62755],[93.07653,24.62688],[93.07601,24.62603],[93.07568,24.62483],[93.07566,24.62361],[93.07658,24.62121],[93.07752,24.62014],[93.08049,24.61808],[93.08064,24.61784],[93.08241,24.61671],[93.08291,24.61623],[93.0837,24.61479],[93.08381,24.61396],[93.08263,24.61248],[93.07729,24.6086],[93.07298,24.60451],[93.07182,24.60278],[93.07117,24.60129],[93.07111,24.60017],[93.07163,24.59901],[93.07599,24.59399],[93.07946,24.59094],[93.08042,24.59073],[93.08181,24.59084],[93.08828,24.5924],[93.09093,24.59241],[93.09314,24.59202],[93.09661,24.59069],[93.10075,24.58831],[93.10331,24.58608],[93.10419,24.58486],[93.10454,24.58387],[93.10438,24.58286],[93.10397,24.58201],[93.10333,24.58143],[93.10246,24.58107],[93.10133,24.58098],[93.09758,24.58143],[93.09456,24.5815],[93.09291,24.58112],[93.09239,24.58056],[93.09145,24.57878],[93.08903,24.57335],[93.08726,24.57168],[93.0869,24.57164],[93.08664,24.57145],[93.08587,24.5712],[93.08535,24.57117],[93.08519,24.57108],[93.08319,24.571],[93.08187,24.57145],[93.08054,24.5725],[93.07821,24.57489],[93.07713,24.57543],[93.06937,24.57547],[93.06425,24.57676],[93.06202,24.57698],[93.06033,24.57661],[93.05876,24.57545],[93.05828,24.57463],[93.05817,24.5739],[93.05893,24.57216],[93.06222,24.56861],[93.06925,24.56224],[93.07063,24.56005],[93.07082,24.55933],[93.07072,24.55862],[93.06964,24.55619],[93.06713,24.5519],[93.06537,24.54794],[93.06486,24.5472],[93.06428,24.54683],[93.06361,24.54676],[93.06273,24.54699],[93.06199,24.54742],[93.06148,24.548],[93.06106,24.54933],[93.06091,24.55265],[93.06056,24.55345],[93.05997,24.55405],[93.05868,24.55479],[93.0574,24.55507],[93.05628,24.5547],[93.05534,24.55374],[93.05272,24.54867],[93.05032,24.54474],[93.04968,24.54113],[93.04795,24.53595],[93.04702,24.53123],[93.0467,24.52888],[93.04683,24.52797],[93.04743,24.52709],[93.0494,24.52502],[93.05005,24.52363],[93.04989,24.51957],[93.04954,24.51908],[93.0487,24.51863],[93.04465,24.51754],[93.04242,24.51672],[93.03994,24.5151],[93.03976,24.51493],[93.03974,24.5147],[93.03931,24.51437],[93.03929,24.51419],[93.03899,24.51386],[93.03898,24.51374],[93.0387,24.51353],[93.03865,24.51305],[93.03835,24.51278],[93.03835,24.51288],[93.03704,24.51051],[93.03698,24.50964],[93.03761,24.50893],[93.03986,24.50788],[93.04139,24.50674],[93.0419,24.5056],[93.04202,24.50463],[93.0419,24.50393],[93.04154,24.50333],[93.04077,24.50268],[93.03605,24.49982],[93.0337,24.4981],[93.03214,24.4963],[93.03177,24.49502],[93.03197,24.49447],[93.0325,24.49382],[93.03647,24.49039],[93.03823,24.48852],[93.04356,24.48127],[93.04485,24.47857],[93.04564,24.47629],[93.046,24.47458],[93.04638,24.47035],[93.04638,24.46712],[93.04624,24.46586],[93.04589,24.46473],[93.04531,24.46392],[93.04514,24.46342],[93.04425,24.46237],[93.04283,24.46182],[93.04185,24.46167],[93.04098,24.46176],[93.03924,24.46257],[93.03845,24.46269],[93.03788,24.46257],[93.03714,24.46225],[93.03649,24.46174],[93.03553,24.46032],[93.03543,24.45954],[93.0355,24.45894],[93.03642,24.45233],[93.03647,24.44606],[93.03607,24.44231],[93.03358,24.4343],[93.03303,24.43171],[93.03278,24.42912],[93.03298,24.42785],[93.03403,24.42625],[93.03516,24.42526],[93.03619,24.42453],[93.03652,24.42419],[93.03713,24.42386],[93.03748,24.42352],[93.03777,24.42305],[93.03807,24.42207],[93.03839,24.42184],[93.03924,24.42165],[93.0398,24.4216],[93.0406,24.42174],[93.04146,24.42164],[93.04241,24.42121],[93.04274,24.42086],[93.04298,24.42026],[93.04316,24.4192],[93.04298,24.41728],[93.04267,24.41572],[93.04237,24.41477],[93.04183,24.41393],[93.0402,24.41224],[93.03831,24.41104],[93.03589,24.41012],[93.03506,24.40994],[93.03207,24.40957],[93.03173,24.4096],[93.0306,24.40941],[93.03002,24.40922],[93.02949,24.40918],[93.0287,24.40888],[93.02773,24.40827],[93.02717,24.40766],[93.02593,24.40731],[93.02483,24.40714],[93.02346,24.40741],[93.0221,24.40815],[93.02072,24.40859],[93.01956,24.40868],[93.0181,24.40837],[93.01748,24.40843],[93.01657,24.40855],[93.01632,24.40866],[93.01593,24.40903],[93.01572,24.40969],[93.01562,24.41187],[93.01547,24.4123],[93.01511,24.41407],[93.01495,24.41522],[93.01501,24.41558],[93.01486,24.41626],[93.01427,24.41711],[93.01413,24.4172],[93.01269,24.41738],[93.01233,24.41736],[93.0114,24.41706],[93.01094,24.41679],[93.01034,24.41614],[93.00954,24.41493],[93.00936,24.4145],[93.00872,24.41342],[93.00849,24.41186]]}},
{"type":"Feature","properties":{"kind":"state","name":"Assam–Manipur","src":"OSM relations 2025886 and 2027869"},"geometry":{"type":"LineString","coordinates":[[93.00849,24.41186],[93.00862,24.41185]]}},
{"type":"Feature","properties":{"kind":"state","name":"Assam–Mizoram","src":"OSM relations 2025886 and 2029046"},"geometry":{"type":"LineString","coordinates":[[93.00862,24.41185],[93.00718,24.41224],[93.00677,24.41221],[93.00631,24.41153],[93.00583,24.41045],[93.00587,24.40987],[93.00626,24.40966],[93.00649,24.40979],[93.00649,24.41071],[93.00665,24.41095],[93.00696,24.41093],[93.0072,24.41076],[93.00757,24.41003],[93.00753,24.4098],[93.00683,24.40905],[93.0062,24.40786],[93.00545,24.40758],[93.00354,24.40786],[93.00321,24.40768],[93.00371,24.40568],[93.00319,24.40514],[93.00239,24.40492],[93.00214,24.40467],[93.00076,24.40273],[93.0001,24.40092],[92.99973,24.40055],[92.9971,24.39949],[92.996,24.39933],[92.99536,24.39911],[92.99026,24.40034],[92.98742,24.40292],[92.98459,24.40526],[92.98167,24.40628],[92.97893,24.40659],[92.97626,24.40792],[92.97403,24.40782],[92.97341,24.40741],[92.9729,24.40681],[92.97137,24.40374],[92.96966,24.40206],[92.96785,24.401],[92.96768,24.39991],[92.96725,24.39881],[92.96644,24.39788],[92.96438,24.39604],[92.96288,24.39428],[92.95953,24.39178],[92.95837,24.39233],[92.95682,24.39186],[92.95489,24.39702],[92.95408,24.39983],[92.95258,24.4021],[92.95176,24.40268],[92.9506,24.40264],[92.94846,24.40288],[92.94768,24.4019],[92.9473,24.40089],[92.94459,24.40038],[92.94309,24.40061],[92.94202,24.401],[92.94069,24.40089],[92.9397,24.40038],[92.93863,24.40003],[92.93738,24.39877],[92.93468,24.39467],[92.93361,24.39279],[92.93202,24.39291],[92.93065,24.39354],[92.92953,24.39444],[92.92781,24.39616],[92.92653,24.39663],[92.92399,24.39663],[92.92288,24.3987],[92.92112,24.40042],[92.91975,24.40092],[92.92005,24.40128],[92.92138,24.40186],[92.92181,24.40276],[92.92108,24.40346],[92.91949,24.4044],[92.91524,24.40655],[92.91211,24.40851],[92.90906,24.41023],[92.90953,24.41116],[92.9103,24.41159],[92.91073,24.41237],[92.9094,24.41308],[92.90777,24.41273],[92.90717,24.41234],[92.90729,24.4122]]}},
{"type":"Feature","properties":{"kind":"state","name":"Assam–Mizoram","src":"OSM relations 2025886 and 2029046","river":"19188","rlen":226},"geometry":{"type":"LineString","coordinates":[[92.90729,24.4122],[92.90717,24.41211],[92.90698,24.41183],[92.90692,24.41127],[92.90698,24.41095],[92.90743,24.40964],[92.90747,24.409],[92.90719,24.40829],[92.90639,24.40699],[92.90617,24.40593],[92.90617,24.40561],[92.90658,24.4044],[92.90681,24.40343],[92.90674,24.40302],[92.90614,24.40185],[92.90553,24.40107],[92.90455,24.40061],[92.90379,24.39896],[92.9033,24.39697],[92.90297,24.3961],[92.90267,24.39573],[92.90243,24.39521],[92.90238,24.39475],[92.90259,24.39412],[92.90388,24.39267],[92.90376,24.39199],[92.90294,24.39155],[92.90247,24.39142],[92.9001,24.39093],[92.8992,24.39101],[92.89554,24.39251],[92.89352,24.39304]]}},
{"type":"Feature","properties":{"kind":"state","name":"Assam–Mizoram","src":"OSM relations 2025886 and 2029046"},"geometry":{"type":"LineString","coordinates":[[92.89352,24.39304],[92.89358,24.39322],[92.89234,24.39358],[92.89151,24.39489],[92.89159,24.39606],[92.89142,24.39678],[92.89226,24.39803],[92.89134,24.39827],[92.89101,24.39852],[92.89013,24.39879],[92.88994,24.39905],[92.89028,24.39942],[92.89091,24.39981],[92.89106,24.40057],[92.89054,24.40096],[92.88981,24.40071],[92.88917,24.39926],[92.88904,24.39846],[92.88855,24.39825],[92.88795,24.39874],[92.88737,24.39993],[92.88661,24.40049],[92.88488,24.40145],[92.8841,24.40174],[92.88344,24.40173],[92.88179,24.40096],[92.88024,24.39997],[92.87932,24.39909],[92.87685,24.3979],[92.87468,24.39661],[92.87359,24.39573],[92.87258,24.39535],[92.87162,24.39534],[92.87018,24.39557],[92.86812,24.39465],[92.86653,24.39537],[92.8652,24.39582],[92.86308,24.39774],[92.86011,24.39879],[92.85866,24.39758],[92.8579,24.39651],[92.85739,24.39506],[92.85642,24.39418],[92.85421,24.39342],[92.85225,24.39153],[92.84941,24.39],[92.84745,24.38728],[92.84741,24.3865],[92.84662,24.3866],[92.84593,24.38613],[92.84537,24.38529],[92.84471,24.37968],[92.84402,24.379],[92.8425,24.37788],[92.84059,24.37718],[92.83979,24.37714],[92.83838,24.37784],[92.83645,24.37857],[92.83591,24.37861],[92.83507,24.37847],[92.83293,24.37605],[92.83076,24.37429],[92.82941,24.37384],[92.82861,24.37444],[92.82795,24.37552],[92.8272,24.37581],[92.82606,24.37661],[92.82563,24.37736],[92.82552,24.3778],[92.82625,24.37999],[92.82628,24.38085],[92.82531,24.383],[92.82501,24.38504],[92.82419,24.38533],[92.8237,24.38597],[92.82334,24.38623],[92.82308,24.38668],[92.82297,24.38723],[92.8234,24.38779],[92.82359,24.38955],[92.82416,24.39091],[92.8243,24.39198],[92.82459,24.39256],[92.82565,24.39323],[92.8264,24.39349],[92.82668,24.39394],[92.82677,24.39493],[92.82708,24.39529],[92.82783,24.39548],[92.82774,24.39595],[92.82855,24.39675],[92.82844,24.39731],[92.82892,24.39757],[92.82926,24.39757],[92.82928,24.39823],[92.82908,24.39867],[92.8295,24.39975],[92.82967,24.39989],[92.8295,24.40039],[92.82924,24.40081],[92.82867,24.40084],[92.82823,24.40123],[92.82829,24.4019],[92.82821,24.40225],[92.8281,24.4023],[92.82764,24.40228],[92.82654,24.40271],[92.8259,24.40272],[92.82344,24.40219],[92.82324,24.40229],[92.8232,24.4027],[92.82276,24.40331],[92.82132,24.40359],[92.81988,24.40411],[92.81954,24.40462],[92.81952,24.40566],[92.81826,24.40581],[92.81808,24.40607],[92.81815,24.40626],[92.81925,24.40728],[92.81929,24.40757],[92.81893,24.40769],[92.81794,24.40853],[92.81737,24.40858],[92.81781,24.40942],[92.81826,24.40986],[92.81866,24.40996],[92.81881,24.41016],[92.81884,24.41046],[92.81872,24.41061],[92.81671,24.4099],[92.81516,24.40956],[92.81449,24.40958],[92.8142,24.40991],[92.814,24.40996],[92.81359,24.40961],[92.81311,24.40971],[92.81269,24.40967],[92.81228,24.40983],[92.81226,24.41022],[92.81163,24.41071],[92.81152,24.41093],[92.81167,24.41106],[92.81215,24.4111],[92.81221,24.41132],[92.81201,24.41221],[92.81165,24.4123],[92.81142,24.41177],[92.81128,24.41178],[92.81094,24.41193],[92.81026,24.41195],[92.8098,24.41229],[92.81032,24.41296],[92.81106,24.41276],[92.81124,24.41345],[92.81173,24.41365],[92.81158,24.4138],[92.8111,24.41397],[92.81038,24.41404],[92.80924,24.41361],[92.80897,24.41308],[92.80878,24.41296],[92.80832,24.41301],[92.80859,24.41395],[92.80834,24.41477],[92.80839,24.41502],[92.80769,24.41517],[92.80762,24.41541],[92.80776,24.41563],[92.809,24.41602],[92.80909,24.41614],[92.80874,24.41656],[92.80839,24.41633],[92.80747,24.41621],[92.80721,24.41641],[92.80761,24.41741],[92.80761,24.41788],[92.80699,24.41888],[92.8069,24.41956],[92.80605,24.41948],[92.805,24.41896],[92.80481,24.41848],[92.8049,24.41796],[92.80317,24.41879],[92.80288,24.41873],[92.80231,24.41818],[92.80218,24.41821],[92.80141,24.41906],[92.80106,24.41909],[92.80005,24.41957],[92.79985,24.41956],[92.79964,24.41934],[92.7994,24.41945],[92.79952,24.4198],[92.79942,24.4204],[92.7995,24.42076],[92.79977,24.42079],[92.80013,24.42041],[92.80044,24.42034],[92.80063,24.42045],[92.80082,24.4209],[92.80112,24.42106],[92.80143,24.4211],[92.80201,24.42095],[92.80195,24.42145],[92.80141,24.4224],[92.80139,24.42264],[92.80143,24.42279],[92.80218,24.42342],[92.8023,24.42379],[92.80194,24.42412],[92.80245,24.42415],[92.80273,24.42535],[92.80271,24.42571],[92.80257,24.42582],[92.8024,24.42584],[92.80208,24.42503],[92.80135,24.42548],[92.80074,24.42568],[92.80079,24.42649],[92.80185,24.42795],[92.80141,24.42801],[92.8013,24.42821],[92.80158,24.42847],[92.80157,24.42863],[92.80079,24.42911],[92.80121,24.42944],[92.80113,24.43083],[92.80097,24.43091],[92.80042,24.43062],[92.79976,24.43053],[92.79957,24.43077],[92.79908,24.43224],[92.79858,24.4323],[92.79843,24.4326],[92.79814,24.43279],[92.79773,24.43284],[92.79731,24.43254],[92.7968,24.43278],[92.79585,24.4348],[92.7948,24.43789],[92.78894,24.45348],[92.77372,24.49548],[92.77198,24.50064],[92.77078,24.50134],[92.7679,24.51],[92.76381,24.52136],[92.75911,24.52313],[92.75573,24.51949],[92.75292,24.51818],[92.74729,24.51481],[92.74152,24.51046],[92.75014,24.50468],[92.7523,24.50507]]}},
{"type":"Feature","properties":{"kind":"state","name":"Assam–Mizoram","src":"OSM relations 2025886 and 2029046","river":"17150","rlen":23},"geometry":{"type":"LineString","coordinates":[[92.7523,24.50507],[92.75246,24.50431],[92.75275,24.50351],[92.75332,24.50278],[92.75342,24.50164],[92.75305,24.50055],[92.75264,24.4997],[92.74946,24.49507],[92.74967,24.49388],[92.74969,24.49215],[92.74955,24.49142],[92.74933,24.49107],[92.74819,24.48978],[92.74787,24.48892],[92.74766,24.48858],[92.74633,24.48721],[92.74628,24.48618],[92.74605,24.48518],[92.74581,24.48461],[92.74489,24.48297],[92.74445,24.48116],[92.74403,24.48021],[92.74322,24.4788],[92.74278,24.47729],[92.74151,24.4753],[92.74133,24.47471],[92.74063,24.47388],[92.73997,24.4727],[92.73976,24.47198],[92.73953,24.47],[92.73905,24.46879],[92.73872,24.46721],[92.73835,24.46624],[92.7378,24.46542],[92.73747,24.46512],[92.73709,24.46492],[92.73681,24.46487],[92.73616,24.46492],[92.73496,24.46538],[92.73412,24.46513],[92.73387,24.46491],[92.73362,24.46442],[92.73344,24.46377],[92.73282,24.46243],[92.73213,24.46116],[92.73186,24.46045],[92.73139,24.45968],[92.73049,24.45789],[92.72997,24.45709],[92.72912,24.4554]]}},
{"type":"Feature","properties":{"kind":"state","name":"Assam–Mizoram","src":"OSM relations 2025886 and 2029046"},"geometry":{"type":"LineString","coordinates":[[92.72912,24.4554],[92.7309,24.45389],[92.72746,24.4469],[92.72623,24.44349],[92.72806,24.44202]]}},
{"type":"Feature","properties":{"kind":"state","name":"Assam–Mizoram","src":"OSM relations 2025886 and 2029046","river":"19221","rlen":18},"geometry":{"type":"LineString","coordinates":[[92.72806,24.44202],[92.72787,24.44182],[92.727,24.44116],[92.72662,24.44055],[92.72645,24.43988],[92.72594,24.43905],[92.72509,24.43809],[92.72436,24.43766],[92.72319,24.43619],[92.72259,24.43497],[92.72236,24.43425],[92.72177,24.43313],[92.72161,24.4326],[92.72151,24.43154],[92.72176,24.43088],[92.72196,24.43076],[92.72269,24.42997],[92.72281,24.42962],[92.72268,24.42885],[92.72209,24.42831],[92.72081,24.42773],[92.72075,24.4271],[92.72098,24.42679],[92.72133,24.42651],[92.72149,24.42596],[92.72122,24.4254],[92.72018,24.42465],[92.71958,24.42392],[92.71936,24.42335],[92.71928,24.42252],[92.71896,24.42196],[92.71834,24.42167],[92.71786,24.42117],[92.71769,24.4205],[92.71776,24.41962],[92.71798,24.41916],[92.71809,24.41856],[92.71796,24.41784],[92.71741,24.41607],[92.71677,24.41554],[92.71513,24.41514],[92.71455,24.41465],[92.71433,24.41349],[92.71363,24.41243],[92.71318,24.41222],[92.71292,24.41175],[92.71289,24.41136],[92.71319,24.41119],[92.71444,24.41084],[92.7149,24.41007],[92.71485,24.40963],[92.71446,24.40947],[92.7136,24.40939],[92.71309,24.40914],[92.71303,24.40851],[92.71274,24.40824],[92.71186,24.40802],[92.7113,24.40724],[92.71131,24.40675],[92.71158,24.40575],[92.71196,24.40523],[92.71269,24.40448],[92.71286,24.40354],[92.71275,24.40296],[92.71221,24.40232],[92.71163,24.40188],[92.7113,24.40122],[92.71103,24.40012],[92.71077,24.3997],[92.70993,24.39933],[92.70958,24.39848],[92.70907,24.39818],[92.70874,24.39747],[92.70866,24.39674],[92.70873,24.3963],[92.709,24.39583],[92.70888,24.39511],[92.70861,24.39459],[92.70776,24.39359],[92.70726,24.39338],[92.70675,24.39304],[92.70651,24.39276],[92.70628,24.3921],[92.70612,24.38996],[92.70626,24.38916],[92.70667,24.38849],[92.70776,24.38811],[92.70759,24.387],[92.70733,24.38653],[92.70679,24.38589],[92.70609,24.38585],[92.70493,24.38541],[92.70394,24.38461],[92.70363,24.38419],[92.70355,24.38283],[92.70343,24.38216],[92.70266,24.38188],[92.70214,24.38153],[92.70199,24.38105],[92.70215,24.3807]]}},
{"type":"Feature","properties":{"kind":"state","name":"Assam–Mizoram","src":"OSM relations 2025886 and 2029046"},"geometry":{"type":"LineString","coordinates":[[92.70215,24.3807],[92.70252,24.38084],[92.66999,24.35491],[92.66797,24.35606]]}},
{"type":"Feature","properties":{"kind":"state","name":"Assam–Mizoram","src":"OSM relations 2025886 and 2029046","river":"19548","rlen":16},"geometry":{"type":"LineString","coordinates":[[92.66797,24.35606],[92.66762,24.35555],[92.66692,24.3538],[92.66671,24.35274],[92.66625,24.3519],[92.66569,24.35111],[92.66521,24.35056],[92.66336,24.34964],[92.66311,24.34932],[92.66128,24.34864],[92.66026,24.34804],[92.65993,24.34738],[92.65979,24.34646],[92.66006,24.346],[92.66054,24.34549],[92.66043,24.34513],[92.66047,24.34474],[92.66024,24.34427],[92.65995,24.34429],[92.65886,24.34465],[92.65838,24.34469],[92.65799,24.3445],[92.65749,24.34405],[92.65774,24.34384],[92.65845,24.3437],[92.65878,24.34351],[92.65883,24.34326],[92.65871,24.34288],[92.65844,24.34258],[92.6581,24.34236],[92.65775,24.34146],[92.65717,24.34048],[92.65686,24.34007],[92.65554,24.33886],[92.65525,24.33837],[92.65516,24.33798],[92.6549,24.33774],[92.65442,24.33746],[92.65422,24.33706],[92.65408,24.33648],[92.65373,24.33649],[92.65331,24.33679],[92.65298,24.33692],[92.65263,24.33665],[92.65191,24.33585],[92.65167,24.33534],[92.6516,24.33488],[92.65175,24.33394],[92.65171,24.33301],[92.6521,24.33232],[92.65218,24.33184],[92.65214,24.33143],[92.65178,24.33129],[92.65142,24.33144],[92.65123,24.33168],[92.65088,24.33188],[92.65064,24.33192],[92.6503,24.33173],[92.65002,24.33097],[92.65004,24.33065],[92.65079,24.3302],[92.65079,24.32964],[92.65054,24.32927],[92.64971,24.3287],[92.64836,24.32881],[92.64772,24.32906],[92.64735,24.32933],[92.64687,24.3294],[92.64647,24.32911],[92.64638,24.32824],[92.64628,24.32803],[92.64592,24.32784],[92.64486,24.3279],[92.64434,24.32804],[92.64389,24.32842],[92.64309,24.32873],[92.64277,24.32873],[92.64236,24.32855],[92.64183,24.32778],[92.64149,24.32764],[92.64119,24.32781],[92.64025,24.32882],[92.63986,24.32897],[92.63949,24.329],[92.63909,24.32877],[92.63891,24.32856],[92.63858,24.32842],[92.63817,24.32865],[92.6387,24.32932],[92.63953,24.33149],[92.64023,24.33248],[92.64035,24.33287],[92.64033,24.33324],[92.64019,24.33356],[92.64001,24.33374],[92.63953,24.33381],[92.63918,24.33378],[92.63888,24.33355],[92.63821,24.33279],[92.63766,24.33244],[92.63739,24.332],[92.63733,24.33165],[92.63709,24.33134],[92.63661,24.33106],[92.63617,24.33112],[92.63592,24.33145],[92.63518,24.33298],[92.63517,24.33359],[92.63547,24.33403],[92.63592,24.33448],[92.63718,24.33428],[92.63745,24.33444],[92.6375,24.33467],[92.63741,24.33491],[92.63724,24.33508],[92.63637,24.33556],[92.63637,24.33597],[92.63613,24.3366],[92.63583,24.3368],[92.63537,24.3369],[92.63508,24.33682],[92.6348,24.33655],[92.63446,24.33592],[92.63367,24.33524],[92.63264,24.33475],[92.6322,24.33424],[92.63154,24.33428],[92.63132,24.33422],[92.62983,24.33356],[92.62886,24.3335],[92.62825,24.33357],[92.62731,24.33398],[92.62711,24.33413],[92.62673,24.3342],[92.62599,24.33417]]}},
{"type":"Feature","properties":{"kind":"state","name":"Assam–Mizoram","src":"OSM relations 2025886 and 2029046"},"geometry":{"type":"LineString","coordinates":[[92.62599,24.33417],[92.626,24.33402],[92.62471,24.33414],[92.62349,24.33351],[92.6234,24.33285],[92.62314,24.33232],[92.62182,24.33155],[92.62179,24.33026],[92.62202,24.32957],[92.62234,24.32917],[92.62225,24.32892],[92.62159,24.32849],[92.62244,24.328],[92.62273,24.32787],[92.62306,24.32792],[92.62332,24.32771],[92.6232,24.32724],[92.62298,24.32707],[92.62215,24.32704],[92.62186,24.3269],[92.62173,24.32652],[92.62189,24.3264],[92.62262,24.32643],[92.62263,24.3262],[92.62151,24.32573],[92.6212,24.32536],[92.62101,24.32364],[92.6211,24.32351],[92.62134,24.32347],[92.62262,24.32354],[92.62319,24.32292],[92.62334,24.32247],[92.62331,24.32218],[92.623,24.32168],[92.62309,24.32059],[92.62292,24.32001],[92.62232,24.31913],[92.62114,24.31892],[92.62116,24.31765],[92.62099,24.31669],[92.62077,24.31619],[92.61993,24.31537],[92.6193,24.31425],[92.61893,24.31288],[92.61901,24.31143],[92.61869,24.31049],[92.61801,24.30947],[92.61906,24.30816],[92.61884,24.30796],[92.61796,24.30786],[92.61787,24.30761],[92.61831,24.30681],[92.61866,24.30649],[92.61873,24.30609],[92.61865,24.30585],[92.61833,24.30574],[92.61838,24.30541],[92.61827,24.30503],[92.6184,24.30387],[92.61783,24.30292],[92.61779,24.30195],[92.61743,24.30135],[92.61747,24.30106],[92.61783,24.30057],[92.6179,24.29985],[92.6174,24.29744],[92.61724,24.29694],[92.61684,24.29639],[92.61665,24.29394],[92.61579,24.29277],[92.61571,24.29236],[92.61586,24.29114],[92.61572,24.29053],[92.61544,24.29008],[92.61545,24.28971],[92.61565,24.28931],[92.6167,24.28916],[92.61781,24.28835],[92.61833,24.28833],[92.61877,24.28808],[92.61895,24.28773],[92.61896,24.28708],[92.61853,24.28624],[92.61849,24.2848],[92.61748,24.28413],[92.61763,24.28384],[92.61791,24.28229],[92.61752,24.28112],[92.61654,24.28046],[92.61647,24.2801],[92.6168,24.27965],[92.6172,24.27957],[92.61729,24.27887],[92.61703,24.27879],[92.61675,24.2785],[92.61677,24.27803],[92.61714,24.27768],[92.61703,24.27699],[92.61619,24.27586],[92.61581,24.27502],[92.61585,24.27416],[92.61557,24.27154],[92.61514,24.27058],[92.61512,24.26882],[92.61493,24.26799],[92.61409,24.26659],[92.61401,24.2658],[92.61478,24.26518],[92.61491,24.26453],[92.61371,24.26369],[92.61373,24.26222],[92.61386,24.26162],[92.61358,24.26074],[92.6127,24.25911],[92.61276,24.25582],[92.61237,24.25572],[92.61212,24.2554],[92.61214,24.25426],[92.61191,24.25367],[92.61119,24.25319],[92.61064,24.253],[92.60992,24.25232],[92.60901,24.25175],[92.60874,24.2514],[92.60739,24.25083],[92.60694,24.2501],[92.60673,24.249],[92.6064,24.24869],[92.60529,24.24858],[92.60246,24.24876],[92.60222,24.24888],[92.60215,24.24909],[92.60072,24.25038],[92.59865,24.25036],[92.59743,24.25059],[92.59662,24.25042],[92.59588,24.25064],[92.59507,24.25065],[92.59177,24.24975],[92.59068,24.24895],[92.58892,24.24895],[92.58857,24.24908],[92.58766,24.24982],[92.58543,24.25009],[92.58423,24.25041],[92.58318,24.25051],[92.58072,24.24995],[92.58002,24.24999],[92.57551,24.25102],[92.57307,24.25189],[92.57153,24.25194],[92.57026,24.25179],[92.56951,24.25157],[92.56733,24.25173],[92.56601,24.25168],[92.56307,24.25116],[92.56183,24.25109],[92.56099,24.2505],[92.56033,24.24959],[92.55956,24.24897],[92.55914,24.24877],[92.55758,24.2486],[92.55715,24.24808],[92.55677,24.24802],[92.55647,24.24782],[92.55571,24.24693],[92.55535,24.24689],[92.55331,24.24748],[92.55203,24.24758],[92.5508,24.24736],[92.55061,24.24722],[92.55039,24.24692],[92.55049,24.24651],[92.54978,24.24506],[92.54922,24.24349],[92.54874,24.24084],[92.54685,24.23654],[92.54696,24.23592],[92.54668,24.23465],[92.54678,24.23313],[92.54692,24.23268],[92.54801,24.23242],[92.54828,24.23228],[92.54832,24.23205],[92.54823,24.23167],[92.5478,24.23121],[92.54674,24.23053],[92.54664,24.23003],[92.54677,24.22622],[92.54694,24.22491],[92.54746,24.22369],[92.5475,24.22327],[92.54747,24.22303],[92.54717,24.22284],[92.54675,24.22222],[92.54676,24.22138],[92.54696,24.22082],[92.54692,24.22061],[92.54645,24.21993],[92.54583,24.21935],[92.54563,24.2189],[92.54601,24.21791],[92.5458,24.21725],[92.54347,24.21614],[92.54198,24.21335],[92.54198,24.21285],[92.54287,24.2123],[92.54312,24.212],[92.54316,24.21174],[92.54147,24.21108],[92.54104,24.21063],[92.54084,24.21011],[92.54074,24.2098],[92.54091,24.20912],[92.54122,24.2086],[92.54179,24.20821],[92.54187,24.20691],[92.54129,24.20561],[92.54027,24.20461],[92.54042,24.20394],[92.53988,24.20318],[92.53922,24.20266],[92.53808,24.20208],[92.53691,24.20186],[92.53665,24.20167],[92.5365,24.20117],[92.5366,24.20087],[92.53713,24.20035],[92.53781,24.20007],[92.53795,24.1994],[92.53797,24.19803],[92.53654,24.19496],[92.53518,24.19279],[92.53394,24.19129],[92.53354,24.19025],[92.53205,24.18768],[92.53138,24.18548],[92.53138,24.18509],[92.53257,24.18345],[92.53386,24.18188],[92.53464,24.18115],[92.53412,24.18007],[92.53419,24.18001]]}},
{"type":"Feature","properties":{"kind":"state","name":"Assam–Mizoram","src":"OSM relations 2025886 and 2029046","river":"19291","rlen":90},"geometry":{"type":"LineString","coordinates":[[92.53419,24.18001],[92.53276,24.17873],[92.53224,24.17871],[92.53154,24.17893],[92.53077,24.1789],[92.53046,24.17883],[92.52984,24.17833],[92.52909,24.17803],[92.52886,24.17786],[92.52853,24.17743],[92.52847,24.17721],[92.52853,24.1769],[92.52909,24.17675],[92.53006,24.17686],[92.53052,24.17684],[92.53068,24.17665],[92.53072,24.17643],[92.5303,24.17587],[92.53001,24.17571],[92.52952,24.17519],[92.52882,24.1749],[92.52831,24.17447],[92.52745,24.17405],[92.52559,24.17178],[92.52519,24.17164],[92.52487,24.1717],[92.52469,24.17181],[92.52433,24.17231],[92.52413,24.17245],[92.52342,24.17274],[92.52006,24.17351],[92.51897,24.17501],[92.51821,24.17563],[92.51797,24.17598],[92.5172,24.17674],[92.51696,24.17754],[92.51694,24.17882],[92.51685,24.17903],[92.5165,24.17916],[92.51611,24.17893],[92.51569,24.17846],[92.51483,24.17714],[92.51429,24.17623],[92.51385,24.17525],[92.51359,24.17489],[92.51322,24.17457],[92.51275,24.17437],[92.51254,24.17411],[92.51237,24.17336],[92.51215,24.17312],[92.51164,24.17295],[92.51097,24.17293],[92.51054,24.17262],[92.51046,24.1722],[92.5106,24.17201],[92.51089,24.17184],[92.51171,24.17173],[92.51215,24.17144],[92.51247,24.17093],[92.51244,24.17033],[92.51227,24.17019],[92.51206,24.17015],[92.51079,24.17026],[92.50973,24.17026],[92.50841,24.17012],[92.50767,24.16992],[92.50733,24.16958],[92.50737,24.16918],[92.50788,24.16861],[92.50847,24.16816],[92.5086,24.16799],[92.50872,24.16754],[92.50866,24.16733],[92.50847,24.16718],[92.50722,24.16742],[92.50677,24.16766],[92.50638,24.16774],[92.50519,24.16781],[92.50408,24.16808],[92.50387,24.16807],[92.50364,24.16787],[92.50354,24.16766],[92.5035,24.16723],[92.50371,24.1664],[92.50423,24.1661],[92.50578,24.16583],[92.50644,24.16554],[92.50669,24.16514],[92.50674,24.16428],[92.50656,24.1639],[92.50573,24.16329],[92.5054,24.16333],[92.50463,24.1637],[92.50428,24.16367],[92.50402,24.1635],[92.50377,24.16308],[92.50369,24.16177],[92.5035,24.1613],[92.50315,24.16102],[92.5019,24.16051],[92.50157,24.1603],[92.50087,24.15963]]}},
{"type":"Feature","properties":{"kind":"state","name":"Assam–Mizoram","src":"OSM relations 2025886 and 2029046"},"geometry":{"type":"LineString","coordinates":[[92.50087,24.15963],[92.49811,24.16086]]}},
{"type":"Feature","properties":{"kind":"state","name":"Assam–Mizoram","src":"OSM relations 2025886 and 2029046","river":"19255","rlen":19},"geometry":{"type":"LineString","coordinates":[[92.49811,24.16086],[92.49814,24.16021],[92.49784,24.16018],[92.49748,24.1602],[92.4969,24.16041],[92.49571,24.16053],[92.49533,24.16044],[92.49477,24.16052],[92.49437,24.16049],[92.49416,24.16032],[92.49353,24.16037],[92.49293,24.16076],[92.4923,24.16081],[92.4918,24.16107],[92.49138,24.16232],[92.49075,24.16296],[92.49014,24.16325],[92.48893,24.16313],[92.48844,24.16284],[92.48754,24.16254],[92.48499,24.16275],[92.4847,24.16348],[92.48443,24.16347],[92.48424,24.16358],[92.48401,24.1636],[92.48366,24.16341],[92.48336,24.16307],[92.48329,24.16271],[92.48335,24.1623],[92.48323,24.16176],[92.48298,24.16157],[92.48257,24.16145],[92.48217,24.16106],[92.48301,24.15983],[92.48322,24.15926],[92.48318,24.15877],[92.48291,24.15843],[92.48235,24.15811],[92.48011,24.15768],[92.47968,24.15741],[92.47954,24.15699],[92.47953,24.15656],[92.47989,24.15611],[92.48045,24.15612],[92.48096,24.15657],[92.48158,24.15643],[92.48153,24.15585],[92.48113,24.15552],[92.48071,24.1553],[92.48066,24.15469],[92.48075,24.15439],[92.4813,24.15346],[92.48126,24.15303],[92.48079,24.1523],[92.48074,24.15135],[92.48096,24.15026],[92.48075,24.14977],[92.4789,24.14882],[92.4782,24.14865],[92.47772,24.14862],[92.47685,24.14836],[92.47705,24.14794],[92.47713,24.14746],[92.47732,24.147],[92.47789,24.14674],[92.47893,24.14672],[92.47944,24.14705],[92.47994,24.14719],[92.48069,24.14673],[92.48088,24.14616],[92.48084,24.14536],[92.48049,24.14506],[92.48024,24.14497],[92.47933,24.14504],[92.47914,24.14473],[92.47941,24.14423],[92.48022,24.1439],[92.48047,24.14355],[92.48034,24.14305],[92.48004,24.14286],[92.47913,24.14293],[92.47812,24.1433],[92.47717,24.14335],[92.47647,24.14362],[92.47596,24.14407],[92.47557,24.14417],[92.47512,24.14414],[92.4747,24.14344],[92.47387,24.14314],[92.47357,24.14257],[92.47344,24.14156],[92.47322,24.14095],[92.47262,24.14053],[92.47124,24.14031],[92.47051,24.14066],[92.47008,24.14121],[92.46974,24.14135],[92.4693,24.14135],[92.46897,24.14126],[92.46871,24.1411],[92.46829,24.1404],[92.4682,24.13949],[92.46757,24.13918],[92.46636,24.13909],[92.46637,24.13876],[92.46646,24.13864],[92.46712,24.13782],[92.46698,24.13721],[92.46607,24.13688],[92.46533,24.13672],[92.4643,24.13684],[92.46385,24.13706],[92.46373,24.13754],[92.46395,24.13815],[92.46455,24.13898],[92.46471,24.13937],[92.46459,24.13975],[92.46416,24.13986],[92.46379,24.13981],[92.46352,24.13943],[92.46319,24.13773],[92.46248,24.13742],[92.46205,24.13753],[92.46185,24.13792],[92.46198,24.13846],[92.46169,24.1387],[92.46121,24.13878],[92.4609,24.13928],[92.46036,24.13991],[92.4603,24.14171],[92.46004,24.14195],[92.45911,24.14225],[92.4584,24.14238],[92.45763,24.14266],[92.45716,24.14314],[92.45707,24.14351],[92.45714,24.14377],[92.45751,24.14392],[92.45788,24.14396],[92.45814,24.14423],[92.45809,24.14453],[92.4569,24.14463],[92.45583,24.14516],[92.45509,24.14496],[92.45462,24.14503],[92.45426,24.14499],[92.45378,24.14459],[92.4533,24.14456],[92.45244,24.14477],[92.45234,24.14504],[92.45189,24.14525]]}},
{"type":"Feature","properties":{"kind":"state","name":"Assam–Mizoram","src":"OSM relations 2025886 and 2029046"},"geometry":{"type":"LineString","coordinates":[[92.45189,24.14525],[92.45166,24.14482],[92.45138,24.14531],[92.45102,24.14649],[92.45047,24.14693],[92.44993,24.14694],[92.44963,24.14659],[92.45072,24.14461],[92.45057,24.14436],[92.44962,24.14366],[92.4492,24.14377],[92.44893,24.14422],[92.44845,24.14617],[92.44794,24.14652],[92.44761,24.14704],[92.44772,24.14857],[92.44747,24.14923],[92.44646,24.14973],[92.44514,24.15004],[92.44411,24.15165],[92.44347,24.1529],[92.4415,24.15333],[92.43982,24.15294],[92.43815,24.15212],[92.43738,24.15204],[92.43549,24.15423],[92.43549,24.15811],[92.43579,24.16304],[92.43703,24.16614],[92.43725,24.16903],[92.43673,24.17091],[92.43515,24.17408],[92.43454,24.17491],[92.43433,24.17788],[92.43356,24.1809],[92.4321,24.1827],[92.43068,24.18493],[92.42489,24.18716],[92.42279,24.18814],[92.42081,24.18955],[92.41957,24.1908],[92.41849,24.19248],[92.4212,24.19757],[92.42115,24.19969],[92.42043,24.20215],[92.4194,24.20313],[92.41892,24.20474],[92.41987,24.2103],[92.41905,24.2128],[92.4203,24.21491],[92.42081,24.21671],[92.42085,24.21906],[92.42,24.22102],[92.41948,24.22615],[92.42004,24.23053],[92.4203,24.23726],[92.42073,24.24102],[92.42193,24.24857],[92.42241,24.25485],[92.36993,24.25408],[92.29869,24.25267]]}},
{"type":"Feature","properties":{"kind":"state","name":"Assam–Tripura","src":"OSM relations 2025886 and 2026458"},"geometry":{"type":"LineString","coordinates":[[92.21459,24.50297],[92.23072,24.49964],[92.23117,24.5041],[92.2392,24.48983],[92.23028,24.48002],[92.23117,24.46039],[92.24991,24.44337],[92.25041,24.44273],[92.25083,24.44247],[92.25237,24.44208],[92.25274,24.44237],[92.25331,24.44221],[92.25339,24.44194],[92.25302,24.44127],[92.25324,24.44079],[92.25383,24.44039],[92.25679,24.44035],[92.25933,24.43939],[92.25946,24.43908],[92.2594,24.43843],[92.25918,24.43804],[92.25953,24.43593],[92.25924,24.43484],[92.25949,24.4341],[92.25906,24.43304],[92.25867,24.43266],[92.2575,24.43251],[92.25713,24.43229],[92.25697,24.43178],[92.25715,24.43071],[92.2566,24.42979],[92.25676,24.42858],[92.25652,24.42712],[92.25603,24.42631],[92.25612,24.42574],[92.25666,24.42489],[92.25604,24.42421],[92.2556,24.42305],[92.25526,24.42264],[92.25441,24.42223],[92.25449,24.42097],[92.25469,24.42019],[92.25645,24.4191],[92.2566,24.41816],[92.25691,24.41774],[92.25854,24.41631],[92.25902,24.41546],[92.25982,24.41463],[92.2615,24.41366],[92.26199,24.41324],[92.26291,24.41153],[92.26341,24.41114],[92.26367,24.41005],[92.26363,24.4094],[92.26295,24.40921],[92.26215,24.40926],[92.26183,24.40859],[92.26193,24.40831],[92.26233,24.4079],[92.26267,24.40712],[92.26277,24.40642],[92.26248,24.40374],[92.2625,24.40239],[92.2627,24.40209],[92.2634,24.40166],[92.26351,24.40123],[92.26337,24.40069],[92.26384,24.40003],[92.26403,24.39934],[92.2647,24.39904],[92.26686,24.39877],[92.26808,24.39886],[92.26901,24.39875],[92.26999,24.39785],[92.27094,24.39641],[92.27092,24.39611],[92.27082,24.39579],[92.26999,24.39502],[92.26936,24.39407],[92.26916,24.39295],[92.26946,24.39252],[92.27111,24.39288],[92.27153,24.39279],[92.2722,24.39233],[92.2732,24.39067],[92.2741,24.3889],[92.27413,24.38807],[92.27381,24.38744],[92.27153,24.38492],[92.27031,24.38482],[92.26904,24.38443],[92.26872,24.38398],[92.26883,24.38275],[92.26898,24.3824],[92.27052,24.38287],[92.27097,24.38259],[92.27134,24.38207],[92.27078,24.38052],[92.27123,24.38013],[92.27224,24.37974],[92.27294,24.3793],[92.27299,24.37881],[92.27232,24.37845],[92.26906,24.37843],[92.26831,24.37827],[92.26803,24.37773],[92.2679,24.37644],[92.2684,24.37517],[92.26885,24.37468],[92.26857,24.37339],[92.26883,24.37139],[92.2684,24.37048],[92.26805,24.36932],[92.26823,24.36788],[92.26672,24.36733],[92.26603,24.3664],[92.26413,24.36139],[92.25548,24.34326],[92.24851,24.32719],[92.21674,24.24897],[92.2649,24.25176],[92.29869,24.25267]]}},
{"type":"Feature","properties":{"kind":"state","name":"Assam–Meghalaya","src":"OSM relations 2025886 and 2027521"},"geometry":{"type":"LineString","coordinates":[[89.85287,25.46652],[89.85855,25.46771],[89.8625,25.46908],[89.86709,25.47185],[89.87042,25.47404],[89.87138,25.47528],[89.87291,25.47846],[89.87443,25.48646],[89.87737,25.49217],[89.87765,25.5005],[89.87634,25.50294],[89.87415,25.50567],[89.87381,25.50677],[89.87419,25.50755],[89.87782,25.50743],[89.88029,25.50722],[89.88501,25.50718],[89.886,25.50741],[89.88677,25.50834],[89.88662,25.50978],[89.886,25.51179],[89.88488,25.51394],[89.88331,25.51562],[89.88267,25.51735],[89.8816,25.51849],[89.87994,25.51882],[89.87477,25.51851],[89.87355,25.51878],[89.87246,25.51965],[89.8701,25.52232],[89.86801,25.52715],[89.86874,25.52931],[89.87037,25.53131],[89.87201,25.53237],[89.87473,25.53476],[89.87954,25.53849],[89.8784,25.54004],[89.87612,25.54184],[89.87552,25.54459],[89.87724,25.54753],[89.87902,25.54984],[89.88215,25.55233],[89.88552,25.55427],[89.88827,25.55452],[89.8913,25.55499],[89.89376,25.55586],[89.89612,25.55725],[89.89913,25.56004],[89.90024,25.56052],[89.90104,25.55954],[89.90217,25.55905],[89.90363,25.5594],[89.90649,25.5606],[89.9072,25.56147],[89.90861,25.56139],[89.90958,25.5605],[89.91067,25.56151],[89.91183,25.56314],[89.91752,25.56372],[89.92245,25.56457],[89.92631,25.56428],[89.93599,25.56451],[89.93809,25.56482],[89.94142,25.5678],[89.94346,25.56863],[89.94681,25.56991],[89.95088,25.57057],[89.95565,25.57078],[89.96172,25.57436],[89.96402,25.57417],[89.96882,25.57312],[89.97241,25.57299],[89.97369,25.57386],[89.97492,25.57562],[89.97642,25.5782],[89.97775,25.58348],[89.97992,25.58787],[89.98423,25.5912],[89.98715,25.59151],[89.98983,25.59097],[89.99088,25.59006],[89.99316,25.58857],[89.99466,25.5869],[89.99727,25.58598],[89.99981,25.58549],[90.00247,25.58567],[90.00354,25.58634],[90.00871,25.59232],[90.0112,25.59629],[90.01187,25.59962],[90.01206,25.60184],[90.01313,25.60242],[90.0159,25.60188],[90.0171,25.6019],[90.01783,25.60221],[90.01805,25.60316],[90.01775,25.60395],[90.01702,25.605],[90.01766,25.60531],[90.0186,25.6054],[90.01935,25.60606],[90.019,25.60701],[90.01867,25.60857],[90.01635,25.60879],[90.01446,25.6098],[90.01365,25.6115],[90.01146,25.61371],[90.00983,25.61506],[90.00906,25.61653],[90.0088,25.61858],[90.0073,25.62001],[90.00391,25.6216],[90.00562,25.62342],[90.00532,25.62524],[90.0033,25.62617],[90.00082,25.62586],[89.99674,25.6233],[89.98472,25.6264],[89.98228,25.62806],[89.98142,25.63104],[89.97867,25.63797],[89.97258,25.6416],[89.96854,25.64462],[89.9649,25.64617],[89.96318,25.64865],[89.95734,25.65131],[89.95288,25.65437],[89.95018,25.65565],[89.94837,25.65824],[89.94756,25.6611],[89.94597,25.66427],[89.94515,25.66783],[89.94558,25.67178],[89.94404,25.67209],[89.94249,25.67348],[89.94288,25.67545],[89.94215,25.68218],[89.93945,25.68566],[89.93726,25.68791],[89.93464,25.69023],[89.93237,25.69131],[89.92782,25.6927],[89.92425,25.69398],[89.92198,25.69579],[89.91868,25.70264],[89.91292,25.70945],[89.90507,25.71996],[89.89863,25.72572],[89.89439,25.73063],[89.89336,25.73836],[89.89271,25.74192],[89.8931,25.74416],[89.8946,25.74571],[89.89679,25.74644],[89.90035,25.74671],[89.90353,25.74644],[89.90636,25.74548],[89.91773,25.74065],[89.92301,25.73821],[89.92511,25.73867],[89.93112,25.74231],[89.93481,25.74486],[89.9367,25.74637],[89.93691,25.74911],[89.93558,25.75116],[89.93395,25.7541],[89.9346,25.75553],[89.93807,25.75591],[89.93979,25.75595],[89.94279,25.75669],[89.94365,25.75978],[89.9473,25.76368],[89.95172,25.76677],[89.95614,25.77238],[89.95653,25.77528],[89.95601,25.77763],[89.95618,25.77891],[89.95829,25.78011],[89.95644,25.78478],[89.9552,25.78652],[89.95528,25.78849],[89.95434,25.79367],[89.95442,25.79583],[89.95528,25.79792],[89.95623,25.79923],[89.95666,25.8019],[89.95451,25.80194],[89.95442,25.80345],[89.95403,25.80347]]}},
{"type":"Feature","properties":{"kind":"state","name":"Assam–Meghalaya","src":"OSM relations 2025886 and 2027521","river":"871","rlen":143},"geometry":{"type":"LineString","coordinates":[[89.95403,25.80347],[89.95415,25.80506],[89.95394,25.80757],[89.95289,25.80959],[89.95171,25.8101],[89.95006,25.8113],[89.94848,25.81354],[89.94684,25.81761],[89.94678,25.8203],[89.94707,25.82315],[89.9482,25.82643],[89.95117,25.82819],[89.95275,25.82858],[89.9545,25.82847],[89.95707,25.82769],[89.95742,25.82752]]}},
{"type":"Feature","properties":{"kind":"state","name":"Assam–Meghalaya","src":"OSM relations 2025886 and 2027521"},"geometry":{"type":"LineString","coordinates":[[89.95742,25.82752],[89.95625,25.82554],[89.95365,25.82516],[89.95224,25.82365],[89.95215,25.82187],[89.95331,25.82083],[89.9552,25.82041],[89.96116,25.82106],[89.96352,25.82176],[89.96554,25.82253],[89.96627,25.82365],[89.96236,25.83045],[89.96271,25.83273],[89.96322,25.83327],[89.96545,25.83142],[89.96889,25.82748],[89.97017,25.82709],[89.97421,25.82686],[89.97627,25.82775],[89.97713,25.83169],[89.97803,25.83342],[89.97992,25.83547],[89.98296,25.83582],[89.98734,25.83586],[89.99047,25.83601],[89.99305,25.83644],[89.99541,25.83686],[90.00056,25.83902],[90.00172,25.83929],[90.00223,25.84142],[89.99991,25.84285],[89.99923,25.84354],[89.99936,25.84513],[90.00009,25.84617],[90.00661,25.84602],[90.00705,25.84621],[90.00909,25.84505]]}},
{"type":"Feature","properties":{"kind":"state","name":"Assam–Meghalaya","src":"OSM relations 2025886 and 2027521","river":"871","rlen":143},"geometry":{"type":"LineString","coordinates":[[90.00909,25.84505],[90.00944,25.84556],[90.01344,25.84933],[90.01588,25.85204],[90.01801,25.85599],[90.01939,25.85718],[90.02009,25.85836],[90.02105,25.86116],[90.02153,25.86296],[90.02222,25.86493],[90.02243,25.86834],[90.02119,25.86896]]}},
{"type":"Feature","properties":{"kind":"state","name":"Assam–Meghalaya","src":"OSM relations 2025886 and 2027521"},"geometry":{"type":"LineString","coordinates":[[90.02119,25.86896],[90.02189,25.87111],[90.02159,25.87143],[90.01682,25.87309],[90.0133,25.87274],[90.01129,25.87452],[90.00502,25.87907],[90.00609,25.88081],[90.00717,25.88216],[90.00897,25.88386],[90.0136,25.8866],[90.01807,25.89054],[90.01974,25.89228],[90.02172,25.89405],[90.02476,25.89563],[90.02935,25.89552],[90.03167,25.89525],[90.03377,25.89436],[90.03403,25.89189],[90.03708,25.89015],[90.0397,25.88838],[90.04171,25.88787],[90.04249,25.88907],[90.04223,25.89123],[90.04146,25.89332],[90.04047,25.89498],[90.04283,25.89544],[90.04515,25.89556],[90.04639,25.89664],[90.04609,25.89946],[90.04721,25.90023],[90.05081,25.90042],[90.05429,25.90011],[90.05575,25.90123],[90.05519,25.90301],[90.05442,25.90486],[90.05433,25.9059],[90.05661,25.90587],[90.05652,25.90776],[90.05824,25.90888],[90.06012,25.90949],[90.06103,25.91046],[90.06055,25.91277],[90.06094,25.91355],[90.06266,25.91351],[90.06399,25.91262],[90.06618,25.91239],[90.06703,25.91328],[90.06806,25.9159],[90.06879,25.91729],[90.07068,25.91837],[90.07193,25.91887],[90.07236,25.91876],[90.07317,25.91663],[90.07502,25.91563],[90.07673,25.91575],[90.07858,25.91644],[90.07952,25.91756],[90.08068,25.91856],[90.08261,25.9188],[90.08446,25.91872],[90.08536,25.91953],[90.08514,25.92131],[90.08467,25.92331],[90.08433,25.92567],[90.08643,25.92594],[90.08832,25.92598],[90.08901,25.92806],[90.09274,25.92974],[90.09317,25.93055],[90.09315,25.93312],[90.09274,25.93599],[90.09212,25.93844],[90.09403,25.93852],[90.0977,25.9378],[90.09907,25.93875],[90.10083,25.9402],[90.10109,25.94176],[90.101,25.94263],[90.10141,25.94303],[90.103,25.94249],[90.10435,25.94218],[90.10602,25.94251],[90.10589,25.94346],[90.10461,25.94491],[90.10441,25.94562],[90.10531,25.94691],[90.10684,25.94875],[90.1104,25.9511],[90.11184,25.95256],[90.11226,25.95367],[90.11648,25.95698],[90.1205,25.95781],[90.12076,25.95496],[90.13982,25.9581],[90.1532,25.96479],[90.15652,25.95729],[90.16376,25.95646],[90.17595,25.95721],[90.18264,25.94427],[90.18681,25.94469],[90.19067,25.95206],[90.19379,25.95721],[90.20851,25.96167],[90.21297,25.95409],[90.21977,25.95365],[90.22724,25.95498],[90.27419,25.96063],[90.32033,25.97204],[90.32641,25.97421],[90.33092,25.98717],[90.33832,25.988],[90.33993,25.98953],[90.34086,25.99414],[90.3436,25.99684],[90.34753,26.00118],[90.34867,26.00455],[90.35214,26.00557],[90.36506,26.01028],[90.38102,26.01172],[90.39986,26.01164],[90.40847,26.00239],[90.41486,25.99797],[90.41396,25.99325],[90.41681,25.99082],[90.42467,25.98791],[90.42884,25.98887],[90.44267,25.99572],[90.44726,25.99755],[90.45738,25.99958],[90.47402,26.0091],[90.4802,26.00676],[90.49642,25.99727],[90.5061,25.98266],[90.51902,25.96923],[90.52798,25.95775],[90.53339,25.95056],[90.53284,25.93856],[90.51983,25.92709],[90.51606,25.91459],[90.51297,25.9078],[90.50692,25.90177],[90.50868,25.89733],[90.51269,25.8961],[90.51666,25.89598],[90.52493,25.90046],[90.53648,25.91281],[90.54601,25.91459],[90.5482,25.91625],[90.54528,25.91976],[90.54189,25.92069],[90.54348,25.92273],[90.5503,25.92258],[90.5756,25.93624],[90.57672,25.94489],[90.57992,25.95357],[90.58411,25.95714],[90.58768,25.9575],[90.59785,25.95453],[90.60305,25.94589],[90.6221,25.93878],[90.62184,25.93562],[90.61654,25.93047],[90.60775,25.92306],[90.60679,25.91963],[90.60433,25.91725],[90.60438,25.91426],[90.60635,25.91216],[90.60814,25.90815],[90.60951,25.90397],[90.60953,25.90117],[90.61123,25.89944],[90.61729,25.8971],[90.62464,25.89878],[90.62828,25.90563],[90.62974,25.90891],[90.6239,25.90934],[90.62731,25.91707],[90.63223,25.9203],[90.67027,25.93409],[90.68156,25.94344],[90.68359,25.94633],[90.68746,25.94848],[90.69353,25.94981],[90.70461,25.9509],[90.71439,25.95216],[90.71508,25.95527],[90.71704,25.95494],[90.71682,25.95235],[90.71819,25.94844],[90.72297,25.94579],[90.72559,25.94781],[90.73179,25.95201],[90.73495,25.95112],[90.73651,25.95282],[90.73658,25.95486],[90.74042,25.95731],[90.74487,25.95532],[90.74445,25.9534],[90.74525,25.94736],[90.74015,25.94071],[90.7385,25.93814],[90.74314,25.92935],[90.74568,25.92729],[90.74829,25.93107],[90.75168,25.93168],[90.75188,25.92818],[90.74825,25.92499],[90.74439,25.92339],[90.74498,25.91762],[90.73726,25.91536],[90.73986,25.91158],[90.74351,25.91148],[90.74686,25.9164],[90.75226,25.91978],[90.75777,25.9205],[90.75784,25.91372],[90.75566,25.91289],[90.75507,25.90996],[90.75851,25.90791],[90.76462,25.90633],[90.77532,25.90716],[90.77604,25.91001],[90.77844,25.90974],[90.78278,25.92545],[90.78932,25.93449],[90.79423,25.94024],[90.80685,25.94736],[90.80546,25.95039],[90.80784,25.95211],[90.81365,25.94886],[90.81664,25.94927],[90.81966,25.94599],[90.8223,25.94481],[90.82388,25.94808],[90.82764,25.94697],[90.83033,25.94496],[90.83226,25.94722],[90.83485,25.94747],[90.83436,25.94363],[90.83249,25.93846],[90.83462,25.9361],[90.83745,25.94068],[90.84035,25.94137],[90.84179,25.94466],[90.85535,25.94261],[90.87092,25.94185],[90.87015,25.94481],[90.86921,25.94724],[90.87406,25.94817],[90.87607,25.94423],[90.87856,25.94153],[90.87912,25.94338],[90.87852,25.94986],[90.88198,25.94912],[90.88397,25.943],[90.88753,25.93713],[90.89437,25.93716],[90.8938,25.93427],[90.89185,25.92999],[90.90311,25.92872],[90.90384,25.92397],[90.90775,25.91968],[90.91414,25.9132],[90.9169,25.91365],[90.91332,25.91953],[90.91131,25.92655],[90.91285,25.93018],[90.91341,25.93721],[90.91588,25.94338],[90.92247,25.94211],[90.9293,25.93904],[90.93315,25.93883],[90.93719,25.94697],[90.94264,25.9474],[90.94525,25.94689],[90.94276,25.93964],[90.94817,25.93852],[90.95358,25.93481],[90.95815,25.92738],[90.96036,25.91737],[90.96487,25.90587],[90.9659,25.90197],[90.96461,25.89498],[90.96289,25.88733],[90.96675,25.88367],[90.97219,25.88836],[90.9934,25.88718],[91.00954,25.88293],[91.02778,25.88806],[91.02649,25.86667],[91.01311,25.8573],[91.00516,25.83138],[91.00123,25.82523],[91.00561,25.82062],[91.0078,25.82143],[91.01831,25.82205],[91.02203,25.82373],[91.02872,25.83091],[91.04924,25.84883],[91.06574,25.8466],[91.07868,25.85284],[91.07288,25.83812],[91.04969,25.82876],[91.06307,25.82028],[91.08135,25.8292],[91.1206,25.83143],[91.12576,25.84014],[91.13571,25.84293],[91.1473,25.85142],[91.15272,25.85016],[91.17903,25.84258],[91.18369,25.85034],[91.18996,25.85243],[91.19642,25.85909],[91.19865,25.84749],[91.20267,25.84035],[91.19571,25.83559],[91.1933,25.82608],[91.18891,25.8239],[91.18667,25.81866],[91.18721,25.81504],[91.18944,25.81171],[91.18425,25.79815],[91.18056,25.7833],[91.17697,25.77845],[91.17928,25.77508],[91.18399,25.77259],[91.18406,25.76963],[91.18358,25.7667],[91.18929,25.76364],[91.18854,25.75102],[91.19215,25.74354],[91.20003,25.73554],[91.20965,25.72603],[91.21605,25.72394],[91.22408,25.7235],[91.24738,25.73585],[91.2647,25.74586],[91.27124,25.74826],[91.27775,25.75378],[91.29068,25.77273],[91.30456,25.79228],[91.30909,25.79811],[91.31437,25.80961],[91.32027,25.81484],[91.32175,25.8212],[91.32754,25.82543],[91.33216,25.83151],[91.3342,25.83339],[91.33291,25.83669],[91.33335,25.83901],[91.3355,25.84092],[91.3378,25.83873],[91.34468,25.83738],[91.34643,25.83949],[91.35231,25.83875],[91.35758,25.84096],[91.36617,25.84003],[91.37102,25.842],[91.37243,25.84675],[91.38059,25.84578],[91.39316,25.84741],[91.41898,25.85462],[91.42775,25.85312],[91.435,25.84439],[91.44441,25.8408],[91.45539,25.85088],[91.46894,25.85909],[91.47197,25.85864],[91.47809,25.85729],[91.48406,25.86417],[91.49459,25.86332],[91.50259,25.86451],[91.51429,25.86478],[91.51944,25.87054],[91.52146,25.87199],[91.52558,25.87291],[91.53088,25.87233],[91.531,25.87691],[91.53083,25.88102],[91.53242,25.88269],[91.53497,25.88355],[91.5344,25.88706],[91.53094,25.89009],[91.52768,25.89135],[91.52558,25.89031],[91.52152,25.8838],[91.52171,25.8777],[91.51961,25.87349],[91.51513,25.8686],[91.51101,25.86592],[91.49749,25.86608],[91.4887,25.86695],[91.48324,25.86687],[91.47741,25.8689],[91.47549,25.87042],[91.47425,25.875],[91.4776,25.87843],[91.47912,25.88154],[91.47878,25.88793],[91.48193,25.89069],[91.48337,25.89222],[91.4853,25.89342],[91.48753,25.89419],[91.4894,25.89517],[91.49066,25.89565],[91.49225,25.89569],[91.49345,25.89542],[91.49498,25.89436],[91.49869,25.89224],[91.50036,25.89145],[91.50212,25.89118],[91.50296,25.89127],[91.50343,25.89222],[91.50247,25.89311],[91.50071,25.89425],[91.49981,25.89508],[91.49974,25.89654],[91.50051,25.89801],[91.50277,25.90044],[91.50425,25.90334],[91.50429,25.90531],[91.50513,25.90706],[91.50957,25.91027],[91.51161,25.91131],[91.51474,25.9133],[91.51654,25.91453],[91.51796,25.91571],[91.51959,25.916],[91.5212,25.9165],[91.5221,25.9188],[91.52513,25.9204],[91.52588,25.92206],[91.52905,25.92343],[91.531,25.92625],[91.53246,25.92648],[91.53399,25.92719],[91.53579,25.92989],[91.5371,25.93103],[91.53744,25.93269],[91.53727,25.93429],[91.53703,25.93559],[91.53633,25.93589],[91.53551,25.9353],[91.53412,25.93204],[91.53328,25.93072],[91.53002,25.92902],[91.52736,25.92642],[91.52416,25.92625],[91.52255,25.92547],[91.52049,25.92302],[91.51897,25.92076],[91.51753,25.9193],[91.51425,25.91781],[91.51075,25.91748],[91.50942,25.91698],[91.50824,25.91584],[91.50687,25.91359],[91.50586,25.91222],[91.50465,25.91274],[91.50414,25.91387],[91.50442,25.91499],[91.50453,25.91609],[91.50362,25.91719],[91.50272,25.91758],[91.50202,25.91824],[91.50208,25.92017],[91.50242,25.92368],[91.50302,25.92557],[91.50416,25.92723],[91.50744,25.92987],[91.50865,25.93246],[91.51092,25.93254],[91.5124,25.93273],[91.51373,25.93308],[91.51397,25.9342],[91.51341,25.93564],[91.51588,25.94074],[91.51693,25.94093],[91.51781,25.94026],[91.51882,25.93993],[91.51995,25.94062],[91.52002,25.94191],[91.51918,25.94622],[91.51895,25.95069],[91.51847,25.95251],[91.51759,25.955],[91.51734,25.95716],[91.51856,25.95878],[91.52028,25.95961],[91.52515,25.96161],[91.52894,25.96212],[91.5312,25.9626],[91.53422,25.96277],[91.53493,25.96295],[91.53596,25.96387],[91.53491,25.96659],[91.53528,25.96794],[91.5362,25.96902],[91.53836,25.97101],[91.54165,25.97302],[91.54281,25.97496],[91.54448,25.97564],[91.54697,25.97554],[91.54879,25.9756],[91.55017,25.97589],[91.55094,25.97656],[91.55126,25.97782],[91.5518,25.98116],[91.55218,25.98582],[91.55401,25.98955],[91.55727,25.99248],[91.55937,25.99666],[91.56105,26.00141],[91.56281,26.00145],[91.56433,26.00118],[91.56493,26.00187],[91.56467,26.00328],[91.56407,26.00415],[91.56349,26.00586],[91.56459,26.00893],[91.56733,26.01088],[91.56849,26.01194],[91.57036,26.01334],[91.57111,26.01458],[91.57113,26.01547],[91.57019,26.01668],[91.5695,26.0188],[91.57036,26.02241],[91.57077,26.02543],[91.57175,26.02677],[91.57287,26.02773],[91.57765,26.0311],[91.57909,26.03303],[91.58036,26.03334],[91.5818,26.03253],[91.58634,26.03093],[91.58851,26.02983],[91.58997,26.02788],[91.59218,26.02439],[91.59379,26.02214],[91.59441,26.02021],[91.59518,26.01911],[91.59647,26.01853],[91.59701,26.01842],[91.59847,26.01928],[91.59954,26.02019],[91.60048,26.02146],[91.60235,26.02204],[91.6046,26.02239],[91.60802,26.0232],[91.61308,26.02489],[91.61512,26.02528],[91.619,26.02536],[91.62066,26.02526],[91.62244,26.0241],[91.62435,26.02316],[91.62673,26.02258],[91.62853,26.02252],[91.63063,26.02223],[91.63168,26.02135],[91.63226,26.02011],[91.63246,26.01901],[91.63256,26.0168],[91.63282,26.01523],[91.63323,26.01414],[91.63342,26.01144],[91.63325,26.00993],[91.63306,26.00872],[91.6322,26.00681],[91.63083,26.00282],[91.6296,26.00175],[91.62913,26.00069],[91.62911,25.99961],[91.62935,25.99799],[91.62975,25.99281],[91.62922,25.99122],[91.62857,25.99011],[91.62647,25.98852],[91.62634,25.98754],[91.62701,25.98632],[91.62814,25.98517],[91.62862,25.98216],[91.62851,25.97832],[91.63018,25.97537],[91.6322,25.97259],[91.63759,25.96763],[91.6398,25.96584],[91.6407,25.96433],[91.64095,25.96318],[91.63992,25.96244],[91.63862,25.96223],[91.63701,25.96225],[91.63529,25.96144],[91.63477,25.96071],[91.63196,25.95311],[91.63147,25.95108],[91.6304,25.945],[91.62969,25.94323],[91.62786,25.94286],[91.62591,25.94325],[91.62407,25.94411],[91.62196,25.94529],[91.6198,25.94562],[91.61572,25.9455],[91.61246,25.94442],[91.61115,25.94301],[91.61061,25.93964],[91.61108,25.93798],[91.61297,25.93618],[91.61566,25.93454],[91.61836,25.93313],[91.6216,25.93225],[91.6234,25.93113],[91.62458,25.92964],[91.62591,25.92675],[91.62701,25.92584],[91.62859,25.92542],[91.6328,25.92318],[91.63688,25.92138],[91.63954,25.91953],[91.64398,25.91577],[91.64707,25.91233],[91.64971,25.90986],[91.6537,25.90642],[91.65492,25.90646],[91.65658,25.90697],[91.65788,25.9072],[91.65896,25.90697],[91.66042,25.90691],[91.66179,25.90754],[91.66327,25.90789],[91.66488,25.90729],[91.66645,25.90623],[91.66773,25.9049],[91.66958,25.90424],[91.67125,25.90457],[91.67245,25.9059],[91.67885,25.91525],[91.68069,25.9171],[91.68526,25.91882],[91.68782,25.92028],[91.68887,25.92219],[91.68996,25.92455],[91.70101,25.93547],[91.70228,25.93732],[91.70342,25.93929],[91.70402,25.94118],[91.70623,25.94292],[91.70865,25.94271],[91.71052,25.94274],[91.71168,25.94305],[91.71294,25.94383],[91.71374,25.94548],[91.7153,25.94747],[91.71812,25.95006],[91.71955,25.95185],[91.72005,25.95374],[91.72037,25.95646],[91.72159,25.9625],[91.72196,25.96541],[91.72206,25.97427],[91.722,25.97938],[91.72112,25.98337],[91.72228,25.98889],[91.72148,25.99246],[91.72148,25.99568],[91.72183,25.99794],[91.72232,25.99958],[91.72286,26.00318],[91.72282,26.00924],[91.72385,26.01398],[91.72528,26.01691],[91.72571,26.01917],[91.72541,26.02094],[91.72545,26.02416],[91.72503,26.02773],[91.72462,26.03301],[91.72518,26.04027],[91.72597,26.04228],[91.72586,26.0448],[91.72622,26.04618],[91.73007,26.04594],[91.73206,26.0462],[91.73305,26.04725],[91.73395,26.04897],[91.73374,26.04967],[91.73514,26.05009],[91.73542,26.05098],[91.73599,26.05218],[91.7371,26.05604],[91.73632,26.05593],[91.73516,26.05539],[91.73384,26.05539],[91.73296,26.05562],[91.7318,26.05634],[91.7318,26.05793],[91.73292,26.05887],[91.73437,26.05952],[91.73567,26.05978],[91.73868,26.06067],[91.74275,26.06257],[91.74381,26.06375],[91.74405,26.06472],[91.74553,26.06492],[91.75033,26.0648],[91.75194,26.06508],[91.7531,26.06586],[91.75515,26.06672],[91.75627,26.06792],[91.75779,26.06905],[91.75933,26.06996],[91.7625,26.07107],[91.76326,26.07193],[91.76393,26.07439],[91.76812,26.07772],[91.77107,26.08137],[91.77323,26.08322],[91.77636,26.08729],[91.77789,26.08834],[91.77986,26.08847],[91.78152,26.08833],[91.78242,26.08794],[91.78353,26.08693],[91.78548,26.08443],[91.78734,26.08372],[91.78914,26.08356],[91.79057,26.08396],[91.79194,26.08482],[91.79286,26.08646],[91.79517,26.09133],[91.79897,26.09582],[91.80029,26.0988],[91.80119,26.09896],[91.80196,26.09791],[91.80198,26.09574],[91.80231,26.09491],[91.80301,26.09447],[91.80352,26.09452],[91.80487,26.09509],[91.80563,26.09587],[91.80579,26.09699],[91.80572,26.09788],[91.80722,26.09796],[91.80787,26.09736],[91.80856,26.09694],[91.80932,26.09703],[91.81007,26.09825],[91.81007,26.09968],[91.81087,26.10244],[91.81396,26.10602],[91.81524,26.1086],[91.81712,26.11009],[91.81959,26.1114],[91.8203,26.11192],[91.8206,26.11325],[91.82086,26.11559],[91.82167,26.11685],[91.82264,26.11786],[91.82425,26.11807],[91.82804,26.11817],[91.83014,26.11802],[91.83178,26.11722],[91.83315,26.11632],[91.83426,26.11513],[91.83857,26.11179],[91.84251,26.10951],[91.84529,26.10844],[91.84803,26.10772],[91.85008,26.10779],[91.85233,26.10644],[91.85519,26.10503],[91.85822,26.10386],[91.85907,26.10313],[91.86118,26.10232],[91.86254,26.10229],[91.86327,26.1021],[91.86373,26.10156],[91.86479,26.10078],[91.86597,26.10025],[91.86695,26.10046],[91.86886,26.09983],[91.87177,26.09962],[91.87318,26.09982],[91.87478,26.09951],[91.8769,26.09878],[91.87814,26.09793],[91.87898,26.09708],[91.87931,26.09608],[91.87918,26.09511],[91.87873,26.09431],[91.87773,26.09362],[91.87733,26.09179],[91.87825,26.09052],[91.87819,26.0896],[91.87777,26.08836],[91.87777,26.08702],[91.87744,26.08476],[91.87785,26.08231],[91.87765,26.08145],[91.87704,26.08015],[91.87632,26.07539],[91.87434,26.07017],[91.87328,26.06678],[91.87309,26.06529],[91.87314,26.06384],[91.8721,26.05746],[91.87112,26.05533],[91.8705,26.05476],[91.87058,26.05325],[91.87237,26.0515],[91.87239,26.04996],[91.87123,26.04731],[91.86956,26.04506],[91.8683,26.04272],[91.86834,26.04127],[91.8695,26.04137],[91.87052,26.042],[91.87216,26.04347],[91.87364,26.04319],[91.87374,26.04369]]}},
{"type":"Feature","properties":{"kind":"state","name":"Assam–Meghalaya","src":"OSM relations 2025886 and 2027521","river":"961","rlen":34},"geometry":{"type":"LineString","coordinates":[[91.87374,26.04369],[91.87505,26.04349],[91.87518,26.04329],[91.87434,26.04244],[91.87421,26.04137],[91.87436,26.04075],[91.87435,26.04026],[91.87414,26.03997],[91.87365,26.0397],[91.87376,26.03914],[91.87522,26.03751],[91.87555,26.03674],[91.87556,26.03624],[91.87598,26.03609],[91.87641,26.03581],[91.87658,26.03533],[91.87663,26.03483],[91.87688,26.03462],[91.87889,26.03515],[91.87923,26.03491],[91.87899,26.03421],[91.87925,26.0338],[91.87958,26.03369],[91.8798,26.03348],[91.87992,26.03311],[91.87973,26.03271],[91.87941,26.03249],[91.87906,26.0321],[91.87903,26.03172],[91.87925,26.03117],[91.87967,26.03078],[91.88051,26.03052],[91.88103,26.0299],[91.88215,26.02744],[91.8828,26.02687],[91.88441,26.02647],[91.88492,26.02668],[91.88547,26.02735],[91.88653,26.02821],[91.88806,26.02818],[91.88927,26.02775],[91.89074,26.02673],[91.89179,26.02615],[91.8924,26.02622],[91.89306,26.02672],[91.89367,26.02667],[91.89586,26.02554],[91.89826,26.02441],[91.89898,26.02389],[91.90004,26.0235],[91.90095,26.02341],[91.90158,26.02286],[91.90201,26.0223],[91.90272,26.022],[91.90323,26.02221],[91.90352,26.02274],[91.90358,26.02331],[91.90412,26.02355],[91.90461,26.02354],[91.90527,26.02341],[91.90638,26.02252],[91.90682,26.02204],[91.90727,26.02187],[91.90764,26.02157],[91.90875,26.0202],[91.90949,26.01979],[91.91001,26.01989],[91.91038,26.02046],[91.91105,26.02059],[91.91504,26.02014],[91.91538,26.01955],[91.91519,26.01882],[91.91502,26.01742],[91.91423,26.01645],[91.91336,26.0156],[91.91318,26.01409],[91.91347,26.01382],[91.91418,26.01423],[91.91473,26.01394],[91.91474,26.01355],[91.91458,26.0131],[91.91391,26.01266],[91.91324,26.0126],[91.91245,26.01295],[91.91126,26.01321],[91.91021,26.01326],[91.90999,26.01299],[91.90987,26.01219],[91.90999,26.01172],[91.91084,26.01123],[91.91168,26.01021],[91.91177,26.00989],[91.91288,26.00955],[91.9134,26.0093],[91.91332,26.00892],[91.91276,26.00875],[91.91237,26.00874],[91.91208,26.0088],[91.91236,26.00731],[91.9128,26.00709],[91.91416,26.00695],[91.91436,26.00661],[91.91403,26.00597],[91.91354,26.00537],[91.91307,26.00498],[91.91259,26.00484],[91.91262,26.00438],[91.91296,26.00382],[91.91378,26.00291],[91.91381,26.00245],[91.9135,26.00205],[91.91345,26.00152],[91.91411,26.00065],[91.91507,26.00044],[91.91542,26.00005],[91.91536,25.99936],[91.91556,25.99902],[91.91592,25.99867],[91.91635,25.99863],[91.91689,25.999],[91.9173,25.99902],[91.91793,25.99881],[91.91813,25.9985],[91.9181,25.99818],[91.91797,25.99801],[91.91784,25.99787],[91.91708,25.9975],[91.91658,25.99668],[91.91643,25.99655],[91.91647,25.99601],[91.91656,25.99592],[91.91678,25.99596],[91.9175,25.99671],[91.91806,25.99712],[91.91893,25.99739],[91.91985,25.99744],[91.92013,25.99769],[91.92022,25.99834],[91.92139,25.99893],[91.92203,25.99909],[91.92285,25.99903],[91.9235,25.9993],[91.9238,25.99959],[91.9246,25.99982],[91.92662,25.99963],[91.92708,26.00004],[91.92718,26.00066],[91.92736,26.00105],[91.92752,26.00122],[91.9281,26.00143],[91.92848,26.00138],[91.92886,26.00147],[91.92906,26.00181],[91.92912,26.00239],[91.92909,26.00351],[91.92917,26.00378],[91.92942,26.00409],[91.92956,26.00503],[91.93043,26.00682],[91.93039,26.00729],[91.92986,26.00865],[91.92985,26.00897],[91.93011,26.00944],[91.93023,26.01007],[91.93148,26.0108],[91.93177,26.01104]]}},
{"type":"Feature","properties":{"kind":"state","name":"Assam–Meghalaya","src":"OSM relations 2025886 and 2027521"},"geometry":{"type":"LineString","coordinates":[[91.93177,26.01104],[91.93497,26.01008]]}},
{"type":"Feature","properties":{"kind":"state","name":"Assam–Meghalaya","src":"OSM relations 2025886 and 2027521","river":"961","rlen":34},"geometry":{"type":"LineString","coordinates":[[91.93497,26.01008],[91.93605,26.01086],[91.93699,26.01113],[91.93809,26.01129],[91.93927,26.01119],[91.94064,26.01197],[91.94147,26.01215],[91.9422,26.01248],[91.94445,26.01226],[91.94465,26.01264],[91.94566,26.013],[91.94665,26.01322],[91.94725,26.01322],[91.94813,26.01345],[91.94836,26.01524],[91.94903,26.01489],[91.94982,26.01473],[91.95012,26.01495],[91.95065,26.01491],[91.95168,26.01439],[91.95223,26.01445],[91.95292,26.01484],[91.95473,26.01626],[91.95528,26.01637],[91.95639,26.01613],[91.95655,26.01671],[91.95726,26.01729],[91.95816,26.01766],[91.95881,26.01776],[91.95949,26.018],[91.96007,26.01849],[91.9607,26.01883],[91.96121,26.0185],[91.9618,26.01841],[91.96226,26.01876],[91.96207,26.01907],[91.96155,26.01925],[91.96191,26.01967],[91.96242,26.01982],[91.96301,26.01929],[91.96368,26.01885],[91.96449,26.01888],[91.96452,26.02039],[91.96539,26.02101],[91.96622,26.02114],[91.96749,26.02085],[91.96829,26.02079],[91.97013,26.02133],[91.97084,26.02142],[91.97115,26.02184],[91.97195,26.02227],[91.97202,26.02309],[91.97229,26.02366],[91.97304,26.02409],[91.97425,26.0238],[91.97514,26.02402],[91.97532,26.02474],[91.97591,26.02475],[91.97609,26.02434],[91.97688,26.02413],[91.97762,26.02447],[91.97896,26.02436],[91.97962,26.02397],[91.98039,26.02406],[91.98097,26.0245],[91.98076,26.02511],[91.9813,26.02565],[91.98163,26.02577],[91.98233,26.02567],[91.98288,26.02528],[91.98377,26.02546],[91.98482,26.02636],[91.9852,26.02691],[91.9859,26.02691],[91.98654,26.02735],[91.98722,26.02827],[91.98719,26.0291],[91.98676,26.02972],[91.98611,26.03021],[91.98589,26.03135],[91.98674,26.0329],[91.98697,26.03362],[91.9871,26.03444],[91.98739,26.0352],[91.98793,26.03574],[91.98846,26.03682],[91.98838,26.03771],[91.98948,26.03846],[91.99005,26.03871],[91.99041,26.03858],[91.99099,26.03893],[91.99215,26.03928],[91.99366,26.03916],[91.99438,26.03881],[91.99534,26.03859],[91.99614,26.03794],[91.99668,26.0379],[91.99728,26.03805],[91.99779,26.03772],[91.99827,26.03763],[91.99877,26.0372],[91.99838,26.03709],[91.99876,26.03652],[91.99939,26.03627],[92.00028,26.0365],[92.00136,26.03656],[92.00287,26.03645],[92.00375,26.03662]]}},
{"type":"Feature","properties":{"kind":"state","name":"Assam–Meghalaya","src":"OSM relations 2025886 and 2027521"},"geometry":{"type":"LineString","coordinates":[[92.00375,26.03662],[92.00841,26.03771]]}},
{"type":"Feature","properties":{"kind":"state","name":"Assam–Meghalaya","src":"OSM relations 2025886 and 2027521","river":"961","rlen":34},"geometry":{"type":"LineString","coordinates":[[92.00841,26.03771],[92.00874,26.03736],[92.00942,26.03716],[92.01038,26.03758],[92.01091,26.03802],[92.01137,26.03774],[92.01211,26.03813],[92.01295,26.03894],[92.0136,26.03904],[92.01467,26.03891],[92.01552,26.03752],[92.01607,26.03767],[92.01723,26.03905],[92.01846,26.03944],[92.01869,26.03967],[92.01918,26.03914],[92.02012,26.03878],[92.02099,26.03881],[92.02168,26.0392],[92.02218,26.03881],[92.02294,26.03885],[92.02386,26.03878],[92.02437,26.03909],[92.02564,26.03938],[92.02671,26.03978],[92.02761,26.03962],[92.02803,26.04002],[92.02846,26.04004],[92.02914,26.04033],[92.03,26.04031],[92.03095,26.03999],[92.03165,26.0394],[92.03303,26.03915],[92.03354,26.03935],[92.03418,26.0393],[92.03484,26.03886],[92.03516,26.0382],[92.03577,26.03781],[92.03556,26.03729],[92.03651,26.03649],[92.03743,26.03646],[92.03848,26.03677],[92.03928,26.03666],[92.04017,26.03689],[92.04038,26.03736],[92.04092,26.03737],[92.04146,26.03679],[92.0418,26.0352],[92.04259,26.03504],[92.04352,26.03453],[92.04401,26.03463],[92.04513,26.03382],[92.04617,26.03398],[92.04718,26.03268],[92.04785,26.03233],[92.04939,26.03197],[92.05004,26.03202],[92.05032,26.03273],[92.05105,26.03297],[92.05175,26.03296],[92.05379,26.03334],[92.05448,26.03378],[92.05484,26.03414],[92.05541,26.03444],[92.05618,26.03462],[92.05668,26.03419],[92.05776,26.03474],[92.05907,26.03488],[92.05932,26.03521],[92.06007,26.03515],[92.06131,26.03456],[92.06182,26.03423],[92.06245,26.03404],[92.06297,26.03434],[92.06325,26.03441],[92.06352,26.03439],[92.06383,26.03491],[92.06466,26.03504],[92.06566,26.03535],[92.06594,26.03489],[92.06649,26.03495],[92.06713,26.0349],[92.06744,26.03526],[92.0675,26.03589],[92.06776,26.03636],[92.06814,26.03638],[92.06865,26.03668],[92.0687,26.03712],[92.06939,26.0376],[92.07006,26.0378],[92.07058,26.03815],[92.07149,26.03803],[92.07262,26.03853],[92.07327,26.03911],[92.07351,26.03943],[92.07399,26.0393],[92.07421,26.03933],[92.07465,26.04003],[92.07577,26.04038],[92.0762,26.0404],[92.07634,26.04014],[92.07678,26.04025],[92.07712,26.04101],[92.07693,26.04127],[92.07735,26.04163],[92.07778,26.0419]]}},
{"type":"Feature","properties":{"kind":"state","name":"Assam–Meghalaya","src":"OSM relations 2025886 and 2027521"},"geometry":{"type":"LineString","coordinates":[[92.07778,26.0419],[92.07824,26.04131],[92.0824,26.04253],[92.08982,26.04555],[92.09279,26.04709],[92.09811,26.04849],[92.1082,26.04924],[92.11055,26.04892],[92.11313,26.04804],[92.11481,26.04698],[92.11689,26.04589],[92.11986,26.04518],[92.12204,26.04364],[92.12381,26.04371],[92.12649,26.04432],[92.13245,26.04484],[92.13316,26.04546],[92.13299,26.04552]]}},
{"type":"Feature","properties":{"kind":"state","name":"Assam–Meghalaya","src":"OSM relations 2025886 and 2027521","river":"825","rlen":72},"geometry":{"type":"LineString","coordinates":[[92.13299,26.04552],[92.1331,26.04575],[92.13363,26.0466],[92.13402,26.04706],[92.1341,26.04729],[92.13403,26.04824],[92.13384,26.04886],[92.13387,26.04907],[92.13474,26.0503],[92.1348,26.05058],[92.13482,26.05083],[92.13447,26.05165],[92.1344,26.0523],[92.13452,26.05281],[92.13479,26.05314],[92.13612,26.05411],[92.1381,26.0553],[92.13962,26.05549],[92.14044,26.05543],[92.14144,26.05612],[92.14182,26.05665],[92.14209,26.05678],[92.14259,26.05679],[92.14287,26.05666],[92.14323,26.05629],[92.14356,26.0562],[92.14372,26.05624],[92.14388,26.05639],[92.14416,26.05694],[92.14409,26.05764],[92.14414,26.05789],[92.1445,26.05873],[92.14479,26.05914],[92.14612,26.06067],[92.14653,26.06077],[92.14732,26.0607],[92.14752,26.06076],[92.14782,26.06102],[92.14897,26.06268],[92.14934,26.06346],[92.14977,26.06389],[92.1509,26.06465],[92.15162,26.06592],[92.15222,26.06662],[92.15286,26.06759],[92.15323,26.06772],[92.15422,26.06734],[92.15494,26.06748],[92.15525,26.06769],[92.15566,26.06823],[92.15659,26.0687],[92.15705,26.06993],[92.15731,26.07024],[92.15762,26.0703],[92.15841,26.07006],[92.15866,26.07008],[92.16037,26.07133],[92.16132,26.07235],[92.16217,26.07263],[92.16281,26.07309],[92.16536,26.0746],[92.16576,26.07495],[92.16651,26.07585],[92.16802,26.07671],[92.16912,26.07774],[92.16938,26.07788],[92.16988,26.07793],[92.17007,26.07785],[92.17026,26.07772],[92.17042,26.0773],[92.17062,26.07701],[92.17088,26.07693],[92.17124,26.07713],[92.17141,26.07741],[92.17167,26.07761],[92.1722,26.07784],[92.17267,26.07784],[92.17342,26.0777],[92.17522,26.078],[92.17569,26.07803]]}},
{"type":"Feature","properties":{"kind":"state","name":"Assam–Meghalaya","src":"OSM relations 2025886 and 2027521"},"geometry":{"type":"LineString","coordinates":[[92.17569,26.07803],[92.18033,26.06871],[92.18874,26.0693],[92.19,26.06841]]}},
{"type":"Feature","properties":{"kind":"state","name":"Assam–Meghalaya","src":"OSM relations 2025886 and 2027521","river":"825","rlen":72},"geometry":{"type":"LineString","coordinates":[[92.19,26.06841],[92.19042,26.06889],[92.19109,26.06901],[92.19194,26.06891],[92.19238,26.06821],[92.1926,26.06801],[92.19318,26.06797],[92.1942,26.06852],[92.19582,26.06875],[92.19679,26.06874],[92.19812,26.06913],[92.19897,26.0691],[92.20086,26.06972],[92.20229,26.06954],[92.20344,26.06899],[92.20453,26.06859],[92.2062,26.06849],[92.20673,26.0687],[92.2064,26.06982],[92.2066,26.07022],[92.20868,26.0708],[92.21017,26.07044],[92.21156,26.06952],[92.21353,26.06933],[92.2152,26.06895],[92.21698,26.06877],[92.21759,26.06908],[92.21924,26.07036],[92.21978,26.07031],[92.22007,26.06976],[92.22087,26.06991],[92.22141,26.0699],[92.22178,26.0697],[92.2218,26.06903],[92.22205,26.06841],[92.22247,26.06796],[92.22315,26.06769],[92.22543,26.06794],[92.22618,26.06763],[92.22676,26.06678],[92.22735,26.0668],[92.22824,26.06719],[92.22886,26.06717],[92.22899,26.06561],[92.22931,26.06538],[92.22941,26.06481],[92.23024,26.0645],[92.23474,26.06425],[92.23606,26.06386],[92.23879,26.06347],[92.23903,26.06268],[92.23911,26.06197],[92.23969,26.06192],[92.2406,26.06238],[92.24115,26.06283],[92.24295,26.06258],[92.24423,26.06255],[92.24524,26.06367],[92.24595,26.06414],[92.24675,26.06397],[92.24688,26.06329],[92.2472,26.06299],[92.2482,26.06291],[92.24897,26.06313],[92.24955,26.06357],[92.25114,26.06429],[92.25144,26.06413],[92.25138,26.06354],[92.25158,26.06313],[92.25192,26.06311],[92.25305,26.06351],[92.25437,26.06341],[92.25515,26.0638],[92.25558,26.06423],[92.25621,26.06435],[92.25695,26.06387],[92.25779,26.06296],[92.25857,26.0629],[92.25868,26.06328],[92.25948,26.06385],[92.25953,26.06441],[92.2598,26.06481],[92.26037,26.06505],[92.26111,26.06499],[92.2612,26.06554],[92.26139,26.06588],[92.2616,26.06604],[92.26203,26.06604],[92.26277,26.06574],[92.26309,26.06575],[92.26358,26.06599],[92.26402,26.0661],[92.26535,26.06617],[92.26623,26.06641],[92.26726,26.06654],[92.26811,26.06648],[92.26828,26.06752],[92.26847,26.06779],[92.26913,26.06784],[92.26958,26.06724],[92.2695,26.06682],[92.26993,26.06637],[92.27043,26.06672],[92.27047,26.06713],[92.27079,26.06722],[92.27133,26.06717],[92.2716,26.06673],[92.27126,26.06566],[92.2718,26.06523],[92.27348,26.06609],[92.27442,26.06612],[92.27476,26.06599],[92.27509,26.06596]]}},
{"type":"Feature","properties":{"kind":"state","name":"Assam–Meghalaya","src":"OSM relations 2025886 and 2027521"},"geometry":{"type":"LineString","coordinates":[[92.27509,26.06596],[92.27527,26.06768],[92.27716,26.06793],[92.27962,26.06844],[92.27715,26.06702],[92.27678,26.06738]]}},
{"type":"Feature","properties":{"kind":"state","name":"Assam–Meghalaya","src":"OSM relations 2025886 and 2027521","river":"817","rlen":153},"geometry":{"type":"LineString","coordinates":[[92.27678,26.06738],[92.27541,26.0662],[92.27421,26.06505],[92.27356,26.06464],[92.27223,26.06446],[92.27098,26.06409],[92.26961,26.0634],[92.26953,26.06211],[92.26999,26.06152],[92.27002,26.06085],[92.26955,26.0603],[92.26852,26.05983],[92.26644,26.05949],[92.26516,26.05917],[92.26445,26.05856],[92.26423,26.05731],[92.26307,26.05585],[92.26313,26.05509],[92.26369,26.05412],[92.26452,26.05351],[92.26568,26.053],[92.26682,26.05228],[92.26893,26.05051],[92.26951,26.04929],[92.26968,26.04818],[92.2696,26.04638],[92.26933,26.04502],[92.2692,26.04377],[92.26897,26.04324],[92.26791,26.04261],[92.264,26.04264],[92.263,26.04242],[92.26212,26.04208],[92.26128,26.04144],[92.26126,26.04051],[92.26201,26.03957],[92.26313,26.03901],[92.26434,26.0381],[92.26549,26.03666],[92.26563,26.03541],[92.26511,26.03469],[92.26362,26.0334],[92.26317,26.0329],[92.26209,26.03235],[92.26118,26.03231],[92.25959,26.03132],[92.25825,26.03019],[92.25711,26.02911],[92.25606,26.02907],[92.25441,26.02944],[92.25389,26.02936],[92.25313,26.02889],[92.25193,26.02787],[92.25163,26.02678],[92.24979,26.02529],[92.24906,26.02376],[92.24775,26.02298],[92.24644,26.02285],[92.24587,26.02225],[92.24465,26.0217],[92.24366,26.02161],[92.24351,26.02074],[92.24425,26.02033],[92.24528,26.02019],[92.24574,26.01962],[92.24565,26.01863],[92.24478,26.01835],[92.24392,26.01689],[92.24262,26.01618],[92.24209,26.01604],[92.24099,26.01613],[92.24052,26.01593],[92.24007,26.01526],[92.23949,26.01466],[92.23904,26.01405],[92.23808,26.01354],[92.23703,26.01339],[92.23632,26.01274],[92.23528,26.01212],[92.23495,26.01138],[92.23516,26.01014],[92.23442,26.0092],[92.23247,26.00918],[92.23177,26.00864],[92.23007,26.00784],[92.22944,26.00806],[92.22877,26.00847],[92.22761,26.00856],[92.22654,26.00829],[92.22568,26.00672],[92.22502,26.00595],[92.22371,26.00646],[92.2226,26.00643],[92.22159,26.00598],[92.22089,26.00545],[92.22035,26.00462],[92.22027,26.0038],[92.21933,26.00411],[92.21849,26.00418],[92.21739,26.00491],[92.21598,26.00502],[92.21504,26.00474],[92.214,26.00476],[92.21288,26.00456],[92.21244,26.00465],[92.21151,26.00443],[92.21078,26.00361],[92.21058,26.00286],[92.21099,26.00107],[92.21064,26.00016],[92.21021,25.99838],[92.20933,25.99803],[92.20818,25.99812],[92.20759,25.99876],[92.20715,25.99961],[92.20595,26.00059],[92.20538,26.00139],[92.20409,26.00155],[92.20339,26.00096],[92.20299,25.99883],[92.20233,25.99741],[92.20053,25.9955],[92.1999,25.99508],[92.19869,25.99529],[92.19778,25.9953],[92.19768,25.9942],[92.19738,25.99311],[92.1967,25.99216],[92.19676,25.9914],[92.19721,25.99072],[92.19866,25.99025],[92.19949,25.99013],[92.19982,25.98952],[92.19957,25.98895],[92.19761,25.98811],[92.19643,25.98802],[92.19432,25.98766],[92.19283,25.9876],[92.19217,25.98683],[92.19147,25.9863],[92.19089,25.98635],[92.18986,25.98572],[92.18923,25.98524],[92.18835,25.98496],[92.18725,25.98558],[92.18635,25.9857],[92.18537,25.98566],[92.18396,25.98519],[92.18217,25.98539],[92.18144,25.98521],[92.18078,25.9845],[92.18063,25.98357],[92.18006,25.98168],[92.17984,25.98006],[92.17948,25.97903],[92.17848,25.97876],[92.17664,25.97644],[92.17579,25.97574],[92.17496,25.97522],[92.17338,25.97493],[92.17215,25.97433],[92.17042,25.97446],[92.16975,25.97428],[92.16903,25.97352],[92.16847,25.97245],[92.16733,25.97207],[92.16591,25.97218],[92.16484,25.97179],[92.16347,25.96973],[92.16318,25.96864],[92.16235,25.96747],[92.16198,25.96627],[92.16159,25.9636],[92.16171,25.96283],[92.16199,25.96234],[92.16253,25.96189],[92.16201,25.96122],[92.16113,25.96082],[92.1615,25.95997],[92.1634,25.95947],[92.16392,25.95884],[92.16379,25.95809],[92.16258,25.95772],[92.16187,25.95701],[92.16037,25.95496],[92.15939,25.95421],[92.15733,25.95297],[92.15662,25.95238],[92.15649,25.95092],[92.15602,25.95008],[92.15515,25.94915],[92.15455,25.94762],[92.15246,25.94614],[92.15226,25.94469],[92.15249,25.94373],[92.15241,25.94292],[92.15184,25.94167],[92.15176,25.94086],[92.15228,25.94017],[92.15317,25.93998],[92.15404,25.93962],[92.15516,25.93842],[92.15568,25.93773],[92.15609,25.93735],[92.15745,25.93724],[92.15911,25.937],[92.15939,25.93656],[92.15936,25.93627],[92.15898,25.93566],[92.15862,25.93457],[92.15872,25.93363],[92.15906,25.93313],[92.1596,25.93268],[92.15972,25.93185],[92.15943,25.93087],[92.15936,25.93017],[92.16001,25.92948],[92.16038,25.92927],[92.16034,25.92881],[92.15986,25.92861],[92.15908,25.92785],[92.15905,25.92686],[92.15948,25.926],[92.16004,25.92572],[92.16006,25.92525],[92.15944,25.92489],[92.15926,25.92438],[92.15935,25.9239],[92.15935,25.9232],[92.15806,25.92265],[92.1573,25.92078],[92.15724,25.91949],[92.1571,25.91874],[92.15668,25.91836],[92.15654,25.91691],[92.15654,25.91556],[92.15597,25.91437],[92.15506,25.91433],[92.15429,25.91439],[92.15418,25.91393],[92.15424,25.91322],[92.15417,25.91246],[92.15384,25.91178],[92.15518,25.91156],[92.15699,25.91142],[92.15793,25.91111],[92.15883,25.91104],[92.15944,25.91129],[92.1604,25.91186],[92.16163,25.91188],[92.1629,25.9116],[92.16459,25.91094],[92.16528,25.91042],[92.16563,25.91047],[92.16758,25.90992],[92.16818,25.90995],[92.16866,25.90978],[92.16905,25.90977],[92.17027,25.90942],[92.17227,25.90898],[92.17261,25.90849],[92.17353,25.9079],[92.17365,25.90801],[92.17451,25.90794],[92.17487,25.90799],[92.17608,25.9078],[92.1764,25.90796],[92.17754,25.90898],[92.17754,25.90926],[92.17742,25.90946],[92.17663,25.91057],[92.17662,25.91088],[92.17698,25.91108],[92.18042,25.91125],[92.181,25.91155],[92.18121,25.9116],[92.18176,25.91156],[92.1822,25.91176],[92.18253,25.91209],[92.18329,25.91366],[92.18394,25.91476],[92.18524,25.91655],[92.18556,25.91718],[92.18612,25.91731],[92.1873,25.91696],[92.1879,25.91696],[92.18826,25.91679],[92.1886,25.91637],[92.1887,25.91606],[92.1887,25.91544],[92.18877,25.91526],[92.18906,25.91512],[92.1894,25.9151],[92.19014,25.91521],[92.1906,25.9154],[92.19265,25.91726],[92.19325,25.91751],[92.19344,25.91767],[92.19387,25.91867],[92.19407,25.91895],[92.19484,25.91932],[92.19501,25.91932],[92.19534,25.91923],[92.19554,25.91908],[92.19592,25.9184],[92.19627,25.91721],[92.19632,25.91645],[92.19589,25.91533],[92.19482,25.91427],[92.1939,25.91245],[92.19385,25.91191],[92.19411,25.91153],[92.19496,25.91106],[92.19493,25.91074],[92.19523,25.91022],[92.1977,25.90989],[92.199,25.90938],[92.20026,25.90924],[92.20087,25.90909],[92.20124,25.90876],[92.20158,25.9086],[92.2017,25.9083],[92.20152,25.90764],[92.20177,25.90735],[92.20211,25.90715],[92.20317,25.90773],[92.20325,25.90801],[92.20311,25.90839],[92.20315,25.90865],[92.20381,25.90918],[92.20415,25.90969],[92.20481,25.9098],[92.20517,25.91028],[92.20545,25.91028],[92.20567,25.91015],[92.20597,25.90958],[92.20622,25.90951],[92.20708,25.90977],[92.20763,25.91028],[92.20843,25.9107],[92.20929,25.91082],[92.20966,25.9111],[92.21101,25.91103],[92.21129,25.91097],[92.21184,25.91055],[92.21243,25.91041],[92.21313,25.91038],[92.21491,25.91098],[92.21513,25.91101],[92.21549,25.9109],[92.21638,25.91108],[92.21665,25.91196],[92.21683,25.91213],[92.21704,25.91221],[92.2181,25.91218],[92.21877,25.91201],[92.21898,25.91203],[92.21918,25.9121],[92.21967,25.91254],[92.21987,25.91254],[92.22008,25.91243],[92.22088,25.91149],[92.22289,25.91124],[92.22295,25.91119],[92.2228,25.91097],[92.22397,25.91097],[92.22419,25.91038],[92.22471,25.9103],[92.2251,25.91035],[92.22534,25.91019],[92.22573,25.91015],[92.22585,25.91006],[92.22592,25.90983],[92.22547,25.90885],[92.22468,25.90809],[92.22325,25.90732],[92.22254,25.90673],[92.22223,25.90553],[92.22273,25.90461],[92.22241,25.90399],[92.22213,25.90319],[92.22204,25.9022],[92.22111,25.90128],[92.22043,25.90092],[92.21951,25.90087],[92.21831,25.90185],[92.21707,25.90177],[92.21628,25.90101],[92.21563,25.90024],[92.21523,25.89951],[92.2155,25.89826],[92.2154,25.89721],[92.21429,25.89647],[92.21335,25.89614],[92.21272,25.8956],[92.21245,25.89486],[92.21119,25.89384],[92.21022,25.89392],[92.20975,25.89372],[92.2097,25.89326],[92.20862,25.89211],[92.20768,25.89248],[92.20775,25.89312],[92.20726,25.89351],[92.20634,25.89329],[92.20562,25.89258],[92.20514,25.89168],[92.20426,25.89128],[92.20246,25.89142],[92.20139,25.8911],[92.19956,25.89024],[92.19871,25.88949],[92.19808,25.88831],[92.19721,25.88738],[92.1961,25.88594],[92.19458,25.8843],[92.193,25.88337],[92.19224,25.8822],[92.19138,25.88133],[92.19055,25.88075],[92.18874,25.87884],[92.18654,25.87748],[92.18535,25.87728],[92.18379,25.87723],[92.18294,25.87642],[92.18206,25.87537],[92.17991,25.8739],[92.17894,25.87392],[92.17779,25.87283],[92.17724,25.87176],[92.17695,25.87079],[92.17655,25.86994],[92.1768,25.86922],[92.17675,25.86805],[92.17717,25.86766],[92.17755,25.86693],[92.17753,25.86605],[92.17715,25.86544],[92.17765,25.86452],[92.17823,25.86388],[92.17801,25.86226],[92.17916,25.86205],[92.17945,25.86174],[92.17945,25.86103],[92.17969,25.86013],[92.18073,25.85812],[92.18037,25.85774],[92.17949,25.85804],[92.17847,25.85824],[92.17808,25.85821],[92.17764,25.85766],[92.17801,25.85681],[92.17876,25.85581],[92.17866,25.85476],[92.1782,25.85339],[92.17796,25.85224],[92.17757,25.85156],[92.17691,25.85138],[92.17575,25.85147],[92.17465,25.85079],[92.17374,25.85075],[92.1729,25.85081],[92.17271,25.85024],[92.1726,25.84902],[92.17291,25.84817],[92.17355,25.84748],[92.17336,25.84685],[92.17256,25.84662],[92.1718,25.84615],[92.17158,25.84241],[92.1711,25.84151],[92.171,25.84041],[92.17,25.83879],[92.16862,25.8386],[92.16785,25.83802],[92.16712,25.83649],[92.16674,25.83593],[92.16623,25.83597],[92.16529,25.83634],[92.16457,25.83692],[92.16271,25.83707],[92.16237,25.83698],[92.16226,25.83581],[92.16249,25.83544],[92.16313,25.83475],[92.16393,25.83433],[92.16447,25.83382],[92.16442,25.8333],[92.16358,25.83266],[92.16259,25.83245],[92.16195,25.83185],[92.16148,25.83101],[92.16183,25.82922],[92.16219,25.82825],[92.16268,25.82734],[92.16249,25.82536],[92.16259,25.82429],[92.16238,25.82349],[92.1623,25.82267],[92.16176,25.82172],[92.16165,25.82056],[92.16079,25.82109],[92.16047,25.82247],[92.1601,25.82273],[92.15933,25.82279],[92.15698,25.82262],[92.15648,25.82213],[92.15682,25.82158],[92.15734,25.82095],[92.15712,25.82062],[92.15705,25.81998],[92.15615,25.81929],[92.15507,25.81955],[92.15415,25.81944],[92.15334,25.81909],[92.15256,25.8191],[92.15136,25.81802],[92.15104,25.8174],[92.15148,25.81584],[92.15198,25.81504],[92.15282,25.81427],[92.15299,25.81338],[92.15261,25.81282],[92.15188,25.81258],[92.15175,25.81189],[92.15213,25.81121],[92.15216,25.81016],[92.15145,25.80951],[92.15108,25.80895],[92.1503,25.80831],[92.14965,25.8083],[92.14925,25.80816],[92.14904,25.8053],[92.14957,25.80408],[92.15019,25.8031],[92.15017,25.80243]]}},
{"type":"Feature","properties":{"kind":"state","name":"Assam–Meghalaya","src":"OSM relations 2025886 and 2027521"},"geometry":{"type":"LineString","coordinates":[[92.15017,25.80243],[92.14979,25.80143],[92.14939,25.80119],[92.14968,25.80055],[92.14982,25.79898],[92.15024,25.79858],[92.15063,25.79779],[92.15012,25.79756],[92.1501,25.79724],[92.15057,25.79649],[92.15068,25.79594],[92.1506,25.79523],[92.15027,25.79492],[92.1506,25.79405],[92.14955,25.79189],[92.14925,25.78994],[92.14873,25.78976],[92.14819,25.78898],[92.14806,25.78855],[92.14812,25.78784],[92.1486,25.78729],[92.1485,25.7868],[92.14771,25.78521],[92.14712,25.78469],[92.14702,25.78383],[92.14895,25.78287],[92.14955,25.7829],[92.15029,25.78269],[92.15057,25.78236],[92.15062,25.78204],[92.15175,25.78191],[92.15185,25.78161],[92.15125,25.78146],[92.15086,25.78097],[92.1508,25.7805],[92.15119,25.77972],[92.15261,25.77908],[92.15308,25.77823],[92.15314,25.77766],[92.15262,25.77571],[92.15145,25.77524],[92.15077,25.77474],[92.14904,25.7741],[92.14866,25.77384],[92.14855,25.77347],[92.14861,25.77302],[92.14878,25.77265],[92.14984,25.77197],[92.1499,25.77076],[92.15029,25.76957],[92.15037,25.76867],[92.15065,25.7679],[92.1515,25.76726],[92.15167,25.7669],[92.15128,25.76561],[92.15149,25.76519],[92.15111,25.76416],[92.15125,25.76379],[92.15169,25.76374],[92.15219,25.76347],[92.15246,25.76311],[92.1531,25.76145],[92.15373,25.75893],[92.15553,25.75816],[92.15601,25.75774],[92.15587,25.75528],[92.15531,25.75441],[92.15533,25.75388],[92.15592,25.7527],[92.15647,25.75067],[92.15805,25.74904],[92.15849,25.74815],[92.15997,25.74609],[92.16071,25.74529],[92.16229,25.74438],[92.16256,25.74395],[92.16268,25.74347],[92.16256,25.74284],[92.1627,25.74095],[92.162,25.73826],[92.16177,25.73621],[92.16117,25.73583],[92.16077,25.73529],[92.1598,25.73326],[92.15926,25.73264],[92.15846,25.73091],[92.157,25.72947],[92.15642,25.72822],[92.15528,25.72688],[92.15467,25.72588],[92.15372,25.72493],[92.15178,25.7253],[92.15083,25.72607],[92.14798,25.72576],[92.14729,25.72423],[92.14637,25.72124],[92.14592,25.72041],[92.1451,25.7193],[92.14504,25.71857],[92.14433,25.71793],[92.14418,25.71698],[92.14452,25.71635],[92.14484,25.71395],[92.14523,25.71316],[92.14617,25.71204],[92.14766,25.70966],[92.14972,25.70815],[92.151,25.7083],[92.15227,25.7089],[92.153,25.70796],[92.15379,25.70724],[92.15465,25.70668],[92.15469,25.70479],[92.15506,25.70324],[92.15478,25.70042],[92.15431,25.69937],[92.15444,25.69852],[92.15497,25.69767],[92.15581,25.69717],[92.1569,25.69591],[92.15622,25.69462],[92.1559,25.69338],[92.15594,25.69222],[92.15622,25.69086],[92.16032,25.68412],[92.16038,25.68296],[92.16002,25.6817],[92.16012,25.67887],[92.15935,25.67572],[92.15778,25.67468],[92.15673,25.67309],[92.15717,25.67244],[92.1571,25.6724]]}},
{"type":"Feature","properties":{"kind":"state","name":"Assam–Meghalaya","src":"OSM relations 2025886 and 2027521","river":"811","rlen":108},"geometry":{"type":"LineString","coordinates":[[92.1571,25.6724],[92.15753,25.6717],[92.15944,25.67051],[92.16099,25.66978],[92.16283,25.6686],[92.16406,25.6674],[92.16564,25.66697],[92.16715,25.66702],[92.16766,25.66753],[92.16799,25.66763],[92.16827,25.66761],[92.16894,25.66776],[92.1708,25.66784],[92.17125,25.66802],[92.17198,25.6691],[92.17228,25.67015],[92.17251,25.6716],[92.17255,25.67274],[92.17246,25.67407],[92.17255,25.67437],[92.17288,25.67474],[92.17343,25.67507],[92.17383,25.67515],[92.17421,25.67507],[92.17499,25.67442],[92.17537,25.67429],[92.17592,25.67426],[92.17623,25.67442],[92.17682,25.67517],[92.17765,25.67595],[92.17805,25.67612],[92.17934,25.67637],[92.17961,25.67657],[92.18017,25.67756],[92.1821,25.67984],[92.18416,25.68134],[92.18503,25.68175],[92.18833,25.68454],[92.18925,25.68487],[92.19132,25.68526],[92.1946,25.68625],[92.19618,25.68659],[92.19744,25.68674],[92.19766,25.6869],[92.19754,25.68757],[92.19759,25.68807],[92.19792,25.68883],[92.19898,25.69062],[92.201,25.69232],[92.20194,25.69328],[92.20337,25.694],[92.20415,25.69403],[92.20518,25.6938],[92.20585,25.69377],[92.20641,25.69451],[92.20693,25.69483],[92.20899,25.69579],[92.20922,25.69612],[92.20925,25.69646],[92.20909,25.69676],[92.2093,25.69824],[92.20947,25.69883],[92.20979,25.69912],[92.21067,25.69942],[92.21185,25.70005],[92.21235,25.70045],[92.21276,25.70128],[92.21353,25.70211],[92.21469,25.70307],[92.21542,25.70339],[92.21657,25.70369],[92.21703,25.7039],[92.21793,25.70513],[92.21869,25.70713],[92.21971,25.70856],[92.22037,25.71003],[92.22084,25.71219],[92.22119,25.71306],[92.22188,25.71364],[92.22371,25.71455],[92.22446,25.7153],[92.22506,25.71605],[92.22551,25.71625],[92.22667,25.71617],[92.22998,25.71623],[92.23121,25.71615],[92.23194,25.71597],[92.23237,25.71568],[92.2327,25.71421],[92.23297,25.71372],[92.23313,25.70932],[92.23328,25.70879],[92.23349,25.70818],[92.23473,25.70737],[92.23521,25.7072],[92.2362,25.70716],[92.23671,25.70769],[92.23722,25.70839],[92.2377,25.7098],[92.23797,25.71005],[92.23829,25.71022],[92.24058,25.71013],[92.24216,25.71048],[92.24319,25.71086],[92.24573,25.71101],[92.24636,25.71133],[92.24821,25.71293],[92.24856,25.71301],[92.24879,25.71294],[92.24922,25.71263],[92.25,25.71184],[92.25043,25.71154],[92.25153,25.71114],[92.25197,25.7108],[92.25212,25.71077],[92.25228,25.71078],[92.2525,25.71094],[92.25247,25.7114],[92.25257,25.71169],[92.25284,25.71197],[92.25389,25.71266],[92.25436,25.71272],[92.2545,25.71266],[92.25473,25.71219],[92.25582,25.7123],[92.25621,25.71222],[92.25706,25.71187],[92.25747,25.71148],[92.25823,25.71126],[92.2586,25.71143],[92.25909,25.71135],[92.25935,25.71154],[92.25961,25.71159],[92.26006,25.71164],[92.26059,25.71154],[92.26144,25.71114],[92.26214,25.71063],[92.26352,25.70983],[92.26396,25.70966],[92.26468,25.7096],[92.26635,25.70968],[92.26724,25.71017],[92.2678,25.71071],[92.26853,25.71106],[92.26874,25.71108],[92.2693,25.71088],[92.26953,25.71087],[92.27107,25.71113],[92.27158,25.7113],[92.27202,25.71194],[92.27341,25.71269],[92.27564,25.71497],[92.27612,25.71534],[92.27659,25.71544],[92.27695,25.71598],[92.27737,25.71632],[92.27778,25.71653],[92.2781,25.71659],[92.27881,25.71615],[92.27911,25.71608],[92.27981,25.71602],[92.28032,25.71611],[92.2807,25.71629],[92.28126,25.717],[92.28183,25.71754],[92.28212,25.71761],[92.28286,25.71754],[92.2834,25.71772],[92.28421,25.71766],[92.28445,25.7175],[92.28489,25.71745],[92.28638,25.71758],[92.28757,25.71783],[92.28842,25.7179],[92.28982,25.7178],[92.29068,25.71762],[92.29245,25.7174],[92.29261,25.71749],[92.29278,25.7178],[92.29293,25.71837],[92.29332,25.71881],[92.2937,25.71895],[92.2946,25.71909],[92.2956,25.7195],[92.29605,25.71985],[92.297,25.72105],[92.2973,25.72123],[92.29785,25.72148],[92.29858,25.72159],[92.29916,25.72137],[92.29948,25.72136],[92.29992,25.7216],[92.30051,25.72162],[92.30224,25.72226],[92.30391,25.72361],[92.30596,25.72606],[92.30681,25.72661],[92.30775,25.72692],[92.30812,25.72723],[92.30848,25.72784],[92.30872,25.72802],[92.3107,25.7286],[92.31131,25.72863],[92.31168,25.72849],[92.31223,25.72765],[92.31245,25.7268],[92.31284,25.7262],[92.31512,25.72402],[92.31691,25.72296],[92.31825,25.72292],[92.31901,25.72311],[92.32039,25.7239],[92.32133,25.72428],[92.32196,25.72445],[92.32244,25.72441],[92.3232,25.72478],[92.32398,25.72483],[92.32436,25.72511],[92.32458,25.72515],[92.32526,25.72517],[92.32551,25.72524],[92.32694,25.72524],[92.32798,25.72544],[92.32829,25.72542],[92.32958,25.72505],[92.33043,25.72446],[92.33134,25.72451],[92.33259,25.72443],[92.33282,25.72451],[92.33355,25.72513],[92.33448,25.72567],[92.33574,25.72665],[92.33649,25.72686],[92.33806,25.72696],[92.34074,25.7283],[92.34413,25.72934],[92.34489,25.72964],[92.34529,25.72993],[92.34621,25.73106],[92.34745,25.73349],[92.34823,25.73437],[92.34896,25.73481],[92.34963,25.73572],[92.3515,25.73774],[92.35193,25.73834]]}},
{"type":"Feature","properties":{"kind":"state","name":"Assam–Meghalaya","src":"OSM relations 2025886 and 2027521"},"geometry":{"type":"LineString","coordinates":[[92.35193,25.73834],[92.35174,25.73845],[92.35322,25.73987],[92.35601,25.73894],[92.36114,25.7369],[92.36348,25.73736],[92.36466,25.73836],[92.36479,25.73941],[92.36537,25.74088],[92.36691,25.74422],[92.36837,25.7465],[92.36923,25.7471],[92.37028,25.74724],[92.37109,25.74789],[92.37322,25.75021],[92.37459,25.75035],[92.37605,25.74969],[92.37727,25.74874],[92.37856,25.7483],[92.37972,25.74901],[92.38107,25.75015],[92.38135,25.75178],[92.38315,25.75267],[92.38395,25.75473],[92.38483,25.75423],[92.38541,25.75315],[92.38545,25.75126],[92.38521,25.75054],[92.3836,25.74849],[92.38294,25.74739],[92.38204,25.74525],[92.38152,25.74445],[92.38077,25.74362],[92.38094,25.74267],[92.38159,25.74208],[92.38307,25.74182],[92.3841,25.74231],[92.38644,25.74409],[92.38762,25.7443],[92.38966,25.74376],[92.39159,25.74256],[92.39629,25.74045],[92.4,25.74099],[92.40311,25.74381],[92.40455,25.74467],[92.40607,25.74496],[92.40723,25.74434],[92.40777,25.74362],[92.40779,25.74295],[92.40697,25.74244],[92.4068,25.74215],[92.40779,25.74171],[92.41083,25.74167],[92.41304,25.74182],[92.41435,25.74134],[92.41459,25.74053],[92.41412,25.73974],[92.41244,25.73852],[92.41167,25.73759],[92.41004,25.73514],[92.4097,25.73388],[92.40989,25.73179],[92.41195,25.73019],[92.41395,25.72974],[92.42055,25.7303],[92.4227,25.73106],[92.42427,25.73191],[92.43124,25.73258],[92.43221,25.72872],[92.43315,25.72737],[92.44169,25.7218],[92.44328,25.72046],[92.44416,25.71927],[92.4462,25.71422],[92.44648,25.71165],[92.44686,25.71006],[92.44686,25.70898],[92.44643,25.70869],[92.44527,25.70836],[92.44068,25.70786],[92.43888,25.70724],[92.43778,25.70641],[92.43766,25.70529],[92.43785,25.70392],[92.43894,25.70098],[92.43957,25.69842],[92.43987,25.69317],[92.44038,25.69164],[92.4418,25.69011],[92.44753,25.68754],[92.44926,25.68649],[92.45077,25.6858],[92.45278,25.68553],[92.4545,25.6851],[92.45735,25.68365],[92.4589,25.68263],[92.46165,25.68195],[92.46268,25.68139],[92.46547,25.67795],[92.46639,25.67723],[92.46849,25.67617],[92.47036,25.67588],[92.47197,25.67267],[92.47278,25.6704],[92.47819,25.66162],[92.48212,25.65462],[92.48759,25.64443],[92.48933,25.6406],[92.49018,25.63826],[92.49227,25.63346],[92.49454,25.62926],[92.49705,25.62526],[92.49851,25.62398],[92.49956,25.62328],[92.50181,25.62309],[92.50329,25.6234],[92.50493,25.6229],[92.50591,25.62175],[92.50634,25.62021],[92.50563,25.61754],[92.50566,25.61647],[92.50641,25.61611],[92.50814,25.61574],[92.50969,25.61587],[92.51314,25.61831],[92.51458,25.61812],[92.51548,25.61705],[92.51626,25.61551],[92.52188,25.61589],[92.52336,25.6157],[92.52943,25.61531],[92.5308,25.6151],[92.5319,25.61465],[92.53404,25.61506],[92.53501,25.61371],[92.53613,25.61332],[92.53786,25.61355],[92.53816,25.61193],[92.53947,25.61179],[92.5408,25.61208],[92.54376,25.61303],[92.54743,25.61374],[92.55316,25.61525],[92.5543,25.61423],[92.55563,25.61253],[92.55625,25.61146],[92.5555,25.6102],[92.55494,25.60738],[92.55497,25.6044],[92.55516,25.60314],[92.55421,25.6026],[92.55271,25.60301],[92.55237,25.60221],[92.55258,25.60086],[92.55361,25.60039],[92.55417,25.59906],[92.55331,25.59753],[92.55383,25.59753],[92.55542,25.5972],[92.55567,25.59633],[92.55499,25.59614],[92.55443,25.59455],[92.55439,25.59509]]}},
{"type":"Feature","properties":{"kind":"state","name":"Assam–Meghalaya","src":"OSM relations 2025886 and 2027521","river":"897","rlen":61},"geometry":{"type":"LineString","coordinates":[[92.55439,25.59509],[92.55443,25.5951],[92.55511,25.59507],[92.55596,25.59464],[92.55604,25.59418],[92.55594,25.59323],[92.55556,25.59204],[92.55491,25.59078],[92.55486,25.59044],[92.55496,25.58952],[92.55489,25.58784],[92.5551,25.58528],[92.5554,25.58466],[92.55573,25.58442],[92.55708,25.58386],[92.55765,25.58353],[92.55806,25.58275],[92.5589,25.58201],[92.5599,25.58045],[92.55997,25.58017],[92.55986,25.57974],[92.55968,25.57958],[92.55903,25.57934],[92.55821,25.5789],[92.55696,25.57779],[92.55669,25.57731],[92.55665,25.57653],[92.55723,25.57559],[92.55725,25.57523],[92.55758,25.57497],[92.55758,25.57458],[92.55766,25.57434],[92.55765,25.57414],[92.5573,25.57382],[92.55721,25.57356],[92.55717,25.57255],[92.55695,25.57156],[92.55706,25.57106],[92.55762,25.57103],[92.5578,25.57054],[92.55822,25.56981],[92.55843,25.56968],[92.55892,25.56957],[92.55986,25.56899],[92.56023,25.56887],[92.56283,25.56684],[92.56319,25.56645],[92.56426,25.5658],[92.56475,25.56523],[92.56513,25.56421],[92.56576,25.56342],[92.56632,25.5625],[92.56657,25.5622],[92.56714,25.56204],[92.56728,25.56191],[92.56724,25.56094],[92.56729,25.5607],[92.5675,25.56052],[92.56765,25.5605],[92.56797,25.56064],[92.56814,25.56083],[92.56854,25.56093],[92.56884,25.56094],[92.56906,25.56083],[92.56911,25.56059],[92.56938,25.56033],[92.57051,25.55964],[92.57213,25.55784],[92.57245,25.55764],[92.57292,25.55745],[92.57393,25.55755],[92.57487,25.55784],[92.57547,25.55812],[92.57593,25.55853],[92.57622,25.55852],[92.57802,25.55753],[92.57818,25.55752],[92.57839,25.55764],[92.57858,25.5576],[92.57888,25.5574],[92.58222,25.55795],[92.58289,25.5576],[92.58306,25.55643],[92.5834,25.55574],[92.58337,25.55524],[92.58359,25.55501],[92.58388,25.55418],[92.58381,25.55375],[92.58416,25.55347],[92.58429,25.55257],[92.58422,25.55126],[92.58436,25.55075],[92.58451,25.55072],[92.58504,25.55074],[92.58551,25.55087],[92.58599,25.55118],[92.58653,25.5514],[92.58704,25.55167],[92.58754,25.55225],[92.58783,25.55247],[92.59061,25.55267],[92.59143,25.55245],[92.59221,25.55234],[92.5945,25.55167],[92.59497,25.55161],[92.59547,25.55171],[92.59562,25.55185],[92.5958,25.55216],[92.59587,25.55276],[92.59598,25.55298],[92.59625,25.55314],[92.59738,25.55311],[92.59798,25.55325],[92.59843,25.5532],[92.59854,25.55325],[92.59866,25.55426],[92.59881,25.5544],[92.60017,25.55464],[92.60036,25.55482],[92.60054,25.5553],[92.60075,25.55634],[92.6009,25.55651],[92.60113,25.55654],[92.60164,25.55637],[92.6019,25.5566],[92.60238,25.55667],[92.60249,25.55677],[92.60251,25.5572],[92.60217,25.55832],[92.6023,25.55878],[92.60228,25.559],[92.60184,25.55983],[92.6016,25.5612],[92.60165,25.56132],[92.60187,25.56143],[92.60201,25.56161],[92.6019,25.56228],[92.60195,25.56258],[92.60212,25.5628],[92.60233,25.56286],[92.60253,25.56277],[92.6028,25.56249],[92.60435,25.56248],[92.60541,25.56229],[92.60614,25.56237],[92.60732,25.56227],[92.60855,25.56245],[92.61636,25.56318],[92.61952,25.56462],[92.62264,25.56647],[92.62333,25.56666],[92.62369,25.567],[92.62413,25.56786],[92.62636,25.57037],[92.62737,25.57093],[92.62827,25.57133],[92.62959,25.57172],[92.63073,25.57262],[92.63071,25.57348],[92.63201,25.57604],[92.63258,25.57694],[92.63292,25.57789],[92.63311,25.57811],[92.63351,25.57832],[92.63352,25.57916],[92.63372,25.57966],[92.63405,25.57995],[92.63415,25.58063],[92.63491,25.58207],[92.63561,25.5827],[92.63681,25.58343],[92.63781,25.5846],[92.63946,25.58609],[92.63982,25.58673],[92.64132,25.58835],[92.64192,25.58879],[92.64308,25.58946],[92.6468,25.59138],[92.64711,25.59152],[92.64812,25.59165],[92.64924,25.59218],[92.64986,25.59214],[92.65043,25.59187],[92.65123,25.5917],[92.65174,25.59117],[92.65191,25.59111],[92.65225,25.59122],[92.65313,25.59178],[92.65371,25.5919],[92.654,25.59193],[92.6546,25.59173],[92.65491,25.59151],[92.65482,25.59057],[92.6552,25.59004],[92.65529,25.58929],[92.65506,25.58856],[92.65491,25.58664],[92.65579,25.58656],[92.65596,25.58624],[92.65629,25.58504],[92.65635,25.58426],[92.6566,25.58352],[92.65668,25.5829],[92.65692,25.58228],[92.65737,25.58034],[92.65793,25.57893],[92.65821,25.57683],[92.65815,25.57596],[92.65791,25.57487],[92.65804,25.57412],[92.65816,25.574]]}},
{"type":"Feature","properties":{"kind":"state","name":"Assam–Meghalaya","src":"OSM relations 2025886 and 2027521"},"geometry":{"type":"LineString","coordinates":[[92.65816,25.574],[92.65964,25.57182]]}},
{"type":"Feature","properties":{"kind":"state","name":"Assam–Meghalaya","src":"OSM relations 2025886 and 2027521","river":"380","rlen":333},"geometry":{"type":"LineString","coordinates":[[92.65964,25.57182],[92.65855,25.57126],[92.65795,25.57082],[92.65729,25.57026],[92.65721,25.56987],[92.6574,25.56739],[92.65732,25.56677],[92.65733,25.56553],[92.6572,25.56432],[92.65712,25.56223],[92.65686,25.56149],[92.65666,25.5613],[92.65579,25.56118],[92.65508,25.56067],[92.65407,25.56041],[92.65323,25.56006],[92.65194,25.55913],[92.65084,25.55862],[92.65059,25.55862],[92.65008,25.55882],[92.64962,25.55882],[92.64896,25.55857],[92.64779,25.55793],[92.64748,25.55767],[92.6465,25.55731],[92.6452,25.5559],[92.6452,25.55563],[92.64577,25.55526],[92.64597,25.55493],[92.64612,25.55462],[92.6461,25.55441],[92.64575,25.55369],[92.64489,25.5524],[92.64422,25.55094],[92.6436,25.54993],[92.6429,25.54798],[92.64281,25.54762],[92.64281,25.54705],[92.64301,25.5465],[92.64301,25.54601],[92.64288,25.54537],[92.64292,25.54479],[92.64334,25.54371],[92.64332,25.54329],[92.64234,25.54227],[92.64212,25.54183],[92.6421,25.54138],[92.64221,25.54077],[92.64281,25.5395],[92.64299,25.53893],[92.64314,25.53798],[92.64329,25.53596],[92.64327,25.53517],[92.64309,25.53468],[92.64281,25.5344],[92.64221,25.53422],[92.64059,25.53336],[92.63995,25.53289],[92.6388,25.53187],[92.63856,25.5315],[92.63796,25.53004],[92.6375,25.52975],[92.63668,25.52942],[92.63608,25.52931],[92.63509,25.52875],[92.63467,25.52867],[92.63341,25.52869],[92.63277,25.52858],[92.63087,25.52756],[92.62828,25.52538],[92.62781,25.52327],[92.62449,25.52163],[92.62217,25.51943],[92.61565,25.51471],[92.60794,25.51128],[92.59879,25.50654],[92.58875,25.50005],[92.58662,25.49892],[92.58466,25.49756],[92.58174,25.49585],[92.57862,25.4945],[92.5761,25.49254],[92.57321,25.48842],[92.5723,25.48609],[92.57169,25.48489],[92.57085,25.48416],[92.56961,25.48343],[92.56897,25.48294],[92.56837,25.48183],[92.56714,25.47777],[92.56654,25.4764],[92.56582,25.47554],[92.56526,25.47506],[92.56494,25.47458],[92.56479,25.47367],[92.56475,25.46839],[92.56462,25.46701],[92.56482,25.466],[92.56581,25.46361],[92.56657,25.46379],[92.56739,25.46372],[92.56852,25.46379],[92.57297,25.46628],[92.57468,25.46684],[92.57491,25.46795],[92.57644,25.4697],[92.57825,25.47122],[92.57984,25.47228],[92.58085,25.47236],[92.58176,25.47196],[92.58228,25.47102],[92.58242,25.47027],[92.58248,25.46885],[92.58242,25.46773],[92.58284,25.46681],[92.5834,25.46613],[92.58393,25.46584],[92.58449,25.46581],[92.58497,25.4661],[92.58551,25.46665],[92.58678,25.46822],[92.5892,25.46996],[92.59182,25.47076],[92.59605,25.47037],[92.59708,25.46986],[92.5978,25.46915],[92.59866,25.46797],[92.59969,25.46619],[92.60005,25.46533],[92.6002,25.46456],[92.6002,25.46409],[92.5991,25.46134],[92.59833,25.45806],[92.59762,25.45389],[92.59724,25.45217],[92.59718,25.45126],[92.59759,25.45075],[92.59804,25.45052],[92.60267,25.4493],[92.60395,25.44881],[92.60451,25.44809],[92.60451,25.44777],[92.60428,25.44697],[92.60395,25.44623],[92.60327,25.44531],[92.60306,25.44472],[92.60292,25.44345],[92.603,25.44164],[92.60295,25.43827],[92.60289,25.436],[92.60274,25.43461],[92.60298,25.43342],[92.60357,25.43236],[92.60564,25.42964],[92.60626,25.42825],[92.60694,25.42709],[92.60709,25.4265],[92.60709,25.42603],[92.60697,25.42541],[92.60581,25.42361],[92.60546,25.42278],[92.60451,25.42139],[92.60431,25.42044],[92.60448,25.41828],[92.60508,25.41562],[92.60567,25.4142],[92.60608,25.41355],[92.60655,25.41328],[92.60744,25.41311],[92.60809,25.41311],[92.60869,25.41321],[92.61175,25.4154],[92.61314,25.41695],[92.61383,25.4185],[92.61394,25.41957],[92.61482,25.42127],[92.6172,25.42269],[92.61914,25.42248],[92.62062,25.42191],[92.62241,25.42139],[92.62323,25.42106],[92.62391,25.42094],[92.6247,25.421],[92.62661,25.42203],[92.6274,25.42288],[92.6274,25.42406],[92.62588,25.42779],[92.62451,25.43193],[92.62447,25.43387],[92.6248,25.43486],[92.62555,25.43523],[92.62682,25.43497],[92.62792,25.43365],[92.62865,25.43298],[92.62921,25.43227],[92.63051,25.43118],[92.63196,25.43014],[92.63317,25.42911],[92.63477,25.42739],[92.63521,25.4268],[92.63542,25.42618],[92.63548,25.42476],[92.63542,25.42381],[92.6361,25.42032],[92.63696,25.41867],[92.63778,25.41775],[92.63855,25.41745],[92.63917,25.41742],[92.63985,25.41754],[92.6403,25.41778],[92.64072,25.41818],[92.6408,25.42012],[92.64101,25.42166],[92.64121,25.42245],[92.6442,25.42457],[92.64504,25.42703],[92.64822,25.43053],[92.65081,25.43269],[92.65239,25.43374],[92.65332,25.43361],[92.65381,25.43309],[92.65359,25.43214],[92.65266,25.43114],[92.65219,25.42973],[92.65189,25.42912],[92.65105,25.4269],[92.65069,25.42421],[92.65069,25.42176],[92.65094,25.42049],[92.65207,25.41725],[92.65271,25.41607],[92.65322,25.41552],[92.65433,25.41469],[92.65485,25.41416],[92.6568,25.41107],[92.65791,25.40976],[92.65954,25.40842],[92.66049,25.40749],[92.66143,25.40638],[92.66198,25.40605],[92.66243,25.40591],[92.66274,25.40589],[92.66359,25.40669],[92.66421,25.40853],[92.66437,25.41008],[92.66503,25.41196],[92.66584,25.41302],[92.66723,25.41447],[92.66873,25.41472],[92.67055,25.41457],[92.67367,25.41402],[92.67533,25.41137],[92.67639,25.40863],[92.67674,25.4081],[92.67766,25.40722],[92.67836,25.40679],[92.68082,25.40601],[92.68157,25.40562],[92.68246,25.40502],[92.6836,25.40447],[92.68469,25.40416],[92.68745,25.40285],[92.68774,25.40257],[92.68848,25.40127],[92.68916,25.40046],[92.69028,25.39968],[92.69129,25.39931],[92.69211,25.39888],[92.69274,25.39816],[92.69383,25.39664],[92.69456,25.39544],[92.69495,25.39439],[92.69581,25.39099],[92.69647,25.38931],[92.69684,25.38808],[92.69749,25.38699],[92.69846,25.38628],[92.69956,25.38593],[92.70001,25.38542],[92.70063,25.38503],[92.70163,25.38478],[92.70286,25.3847],[92.70594,25.38538],[92.70801,25.38602],[92.70926,25.38543],[92.71002,25.38445],[92.71031,25.38379],[92.71165,25.38196],[92.71265,25.38076],[92.71367,25.37887],[92.71439,25.37799],[92.71466,25.37733],[92.71492,25.37619],[92.71571,25.37454],[92.71626,25.37277],[92.71665,25.37252],[92.71764,25.37244],[92.71837,25.37272],[92.71885,25.3731],[92.72036,25.37511],[92.721,25.37683],[92.72177,25.37801],[92.72468,25.37874],[92.72684,25.37904],[92.7282,25.37904],[92.72938,25.37959],[92.73061,25.38002],[92.73567,25.37971],[92.73647,25.38008],[92.73764,25.37993],[92.73835,25.37943],[92.73834,25.3788],[92.73767,25.3774],[92.73723,25.37684],[92.73635,25.376],[92.7348,25.37502],[92.73324,25.37384],[92.73287,25.37333],[92.73267,25.37279],[92.73252,25.37108],[92.73222,25.36957],[92.73221,25.36906],[92.73229,25.36877],[92.73255,25.36846],[92.73303,25.36818],[92.73377,25.3678],[92.73427,25.36764],[92.73664,25.36739],[92.73811,25.36742],[92.739,25.36699],[92.73919,25.36647],[92.73919,25.36609],[92.73875,25.36366],[92.73875,25.3633],[92.73911,25.36168],[92.73969,25.36061],[92.74002,25.36036],[92.74042,25.36026],[92.74129,25.36024],[92.74226,25.35983],[92.74352,25.35971],[92.7448,25.35902],[92.74564,25.35811],[92.7467,25.35592],[92.74765,25.35455],[92.74824,25.35285],[92.7492,25.35141],[92.74946,25.3507],[92.74966,25.34884],[92.74949,25.34712],[92.74931,25.34628],[92.74928,25.34572],[92.74944,25.34419],[92.75,25.34365],[92.7503,25.34347],[92.75071,25.3433],[92.75161,25.34321],[92.75281,25.34295],[92.75381,25.34255],[92.75467,25.34203],[92.7556,25.3411],[92.75685,25.33927],[92.75741,25.33871],[92.75926,25.33703],[92.76051,25.33611],[92.76201,25.33468],[92.76294,25.33414],[92.76334,25.334],[92.76428,25.33392],[92.76565,25.33397],[92.76788,25.33556],[92.76999,25.33721],[92.77125,25.33797],[92.77173,25.33804],[92.77261,25.33796],[92.77342,25.33779],[92.77453,25.33717],[92.77549,25.33653],[92.77628,25.33582],[92.77662,25.33566],[92.77779,25.33473],[92.77947,25.33433],[92.7804,25.3342],[92.78108,25.33447],[92.78191,25.33451],[92.78247,25.33425],[92.78311,25.33355],[92.78401,25.33043],[92.78406,25.3294],[92.78423,25.32824],[92.78459,25.3274],[92.78485,25.32645],[92.78473,25.32498],[92.7848,25.32429],[92.78523,25.32312],[92.78536,25.32205],[92.78542,25.32029],[92.78574,25.31937],[92.78589,25.31852],[92.78605,25.31817],[92.7866,25.31745],[92.78709,25.3165],[92.78756,25.31544],[92.78763,25.31491],[92.78757,25.3146],[92.78714,25.31387],[92.7864,25.31302],[92.78568,25.31204],[92.78493,25.31136],[92.78416,25.31053],[92.78339,25.30998],[92.78304,25.30943],[92.7825,25.30905],[92.78226,25.30872],[92.7821,25.30847],[92.78184,25.30698],[92.78189,25.30607],[92.78215,25.30504],[92.78306,25.30392],[92.7833,25.30344],[92.78379,25.30177],[92.78388,25.30054],[92.78421,25.30013],[92.78527,25.29987],[92.78579,25.29956],[92.78605,25.2992],[92.78628,25.2983],[92.78691,25.29721],[92.78769,25.29686],[92.7879,25.29665],[92.78803,25.29634],[92.7881,25.29596],[92.78809,25.29543],[92.78763,25.2945],[92.78715,25.29203],[92.78711,25.29165],[92.78738,25.2909],[92.78781,25.29011],[92.78862,25.28928],[92.7889,25.28873],[92.7905,25.28743],[92.79112,25.28679],[92.79141,25.28617],[92.79175,25.28584],[92.79244,25.28442],[92.79253,25.28394],[92.79247,25.28364],[92.7922,25.28322],[92.79085,25.28183],[92.79035,25.28141],[92.7901,25.28104],[92.78981,25.27969],[92.7887,25.27775],[92.78812,25.27692],[92.7878,25.27518],[92.78768,25.27489],[92.78742,25.27462],[92.78693,25.27442],[92.78561,25.27434],[92.78428,25.27445],[92.78238,25.27446],[92.78176,25.27424],[92.77926,25.27398],[92.77858,25.2735],[92.77832,25.27323],[92.77682,25.27097],[92.77621,25.27018],[92.77589,25.26992],[92.77494,25.26966],[92.77357,25.26944],[92.77228,25.2696],[92.77171,25.26942],[92.77144,25.26922],[92.77012,25.269],[92.76917,25.26908],[92.76895,25.26904],[92.76845,25.26867],[92.76817,25.26815],[92.76812,25.26792],[92.76817,25.26749],[92.76831,25.26665],[92.76895,25.2656],[92.76934,25.26519],[92.77069,25.26426],[92.77214,25.26376],[92.77287,25.26341],[92.77332,25.26311],[92.77391,25.26243],[92.77446,25.26199],[92.77512,25.26104],[92.77527,25.26096],[92.77554,25.26097],[92.77677,25.25954],[92.77739,25.25845],[92.77738,25.25783],[92.77726,25.25751],[92.77689,25.25693],[92.77632,25.25624],[92.77598,25.25568],[92.7755,25.25472],[92.77529,25.25379],[92.77501,25.25297],[92.77403,25.25152],[92.77353,25.2512],[92.77182,25.25069],[92.76984,25.25104],[92.76936,25.25136],[92.76891,25.25154],[92.76738,25.25167],[92.76613,25.25095],[92.76543,25.25065],[92.76453,25.24999],[92.7645,25.24964],[92.76428,25.24899],[92.76338,25.24767],[92.76322,25.2473],[92.76315,25.24631],[92.7632,25.24597],[92.76345,25.24554],[92.76461,25.24396],[92.76561,25.24311],[92.76706,25.24242],[92.7673,25.24195],[92.76761,25.24084],[92.76799,25.24035],[92.76879,25.23948],[92.76937,25.23906],[92.77111,25.23741],[92.7714,25.23684],[92.77153,25.23639],[92.77217,25.23326],[92.77242,25.23137],[92.77282,25.2309],[92.77318,25.23068],[92.77435,25.23043],[92.77542,25.23037],[92.77637,25.23044],[92.77868,25.23028],[92.78097,25.23077],[92.78206,25.23065],[92.78333,25.23033],[92.7845,25.22955],[92.78535,25.22849],[92.78677,25.22729],[92.78807,25.22639],[92.78897,25.22556],[92.78954,25.22526],[92.79021,25.22477],[92.79063,25.22461],[92.79306,25.22443],[92.79394,25.22422],[92.79553,25.22327],[92.79624,25.22256],[92.79662,25.2223],[92.79851,25.22162],[92.79889,25.22161],[92.79986,25.22118],[92.80101,25.22051],[92.80197,25.21953],[92.80222,25.21919],[92.80262,25.21812],[92.80255,25.21721],[92.80079,25.21497],[92.79899,25.21319],[92.79794,25.21256],[92.79685,25.21168],[92.79483,25.21061],[92.79428,25.21048]]}},
{"type":"Feature","properties":{"kind":"state","name":"Assam–Meghalaya","src":"OSM relations 2025886 and 2027521"},"geometry":{"type":"LineString","coordinates":[[92.79428,25.21048],[92.7942,25.21058],[92.79157,25.21092],[92.78641,25.21012],[92.78555,25.20941],[92.78247,25.20617],[92.78106,25.20409],[92.77929,25.20276],[92.7778,25.20095],[92.77674,25.20041],[92.77583,25.20026],[92.77497,25.20038],[92.77414,25.20069],[92.77265,25.20181],[92.77065,25.20279],[92.76966,25.20356],[92.76837,25.20379],[92.76646,25.20348],[92.76504,25.2029],[92.76308,25.2024],[92.75677,25.20176],[92.75557,25.20199],[92.7545,25.20239],[92.75291,25.20352],[92.75162,25.20398],[92.7507,25.20413],[92.74983,25.2048],[92.74954,25.20515],[92.74907,25.20533],[92.7471,25.20671],[92.74327,25.20693],[92.74215,25.20669],[92.74087,25.20533],[92.7394,25.20218],[92.73728,25.1999],[92.73344,25.19957],[92.73106,25.1995],[92.72878,25.19876],[92.72607,25.19863],[92.72418,25.19819],[92.71767,25.19571],[92.71607,25.19498],[92.71535,25.19448],[92.71521,25.19383],[92.71482,25.19333],[92.71441,25.19314],[92.71369,25.19305],[92.71326,25.19283],[92.71239,25.19201],[92.71032,25.19042],[92.71021,25.18986],[92.7098,25.18969],[92.70725,25.18942],[92.70243,25.18852],[92.69988,25.18829],[92.69899,25.18774],[92.69844,25.18698],[92.69692,25.18544],[92.69544,25.1832],[92.69489,25.18257],[92.69424,25.18056],[92.69283,25.17911],[92.69188,25.17873],[92.69002,25.17917],[92.68841,25.17992],[92.68681,25.18025],[92.68461,25.17956],[92.68335,25.1796],[92.68234,25.17982],[92.68166,25.18018],[92.68056,25.18122],[92.68001,25.18158],[92.6774,25.18245],[92.67669,25.18237],[92.67511,25.18117],[92.6731,25.18035],[92.67144,25.17823],[92.66936,25.17697],[92.66871,25.17625],[92.66844,25.17576],[92.6683,25.17451],[92.66813,25.1741],[92.66766,25.17399],[92.66716,25.17417],[92.66554,25.17629],[92.66447,25.17659],[92.66348,25.17647],[92.66296,25.17623],[92.66188,25.17535],[92.66099,25.17387],[92.65946,25.17242],[92.65908,25.17138],[92.65899,25.16857],[92.65838,25.16724],[92.65833,25.16671],[92.65875,25.16516],[92.65907,25.16449],[92.65916,25.16359],[92.65899,25.16221],[92.65901,25.15996],[92.65862,25.15836],[92.65779,25.15703],[92.65734,25.15651],[92.65588,25.15563],[92.65456,25.15447],[92.65395,25.15356],[92.65334,25.15289],[92.65272,25.15243],[92.65171,25.15204],[92.64961,25.15181],[92.64914,25.15162],[92.64828,25.15081],[92.64665,25.1502],[92.64584,25.15013],[92.6447,25.15067],[92.64385,25.15053],[92.64345,25.15004],[92.64239,25.14919],[92.63998,25.1479],[92.63812,25.14728],[92.6377,25.1467],[92.63661,25.14442],[92.63611,25.14383],[92.6329,25.14179],[92.63128,25.14023],[92.62908,25.13784],[92.62838,25.1366],[92.62817,25.13572],[92.62814,25.13335],[92.62796,25.13201],[92.62807,25.13022],[92.62861,25.12942],[92.62883,25.12863],[92.6289,25.12647],[92.62865,25.12576],[92.6281,25.12644]]}},
{"type":"Feature","properties":{"kind":"state","name":"Assam–Meghalaya","src":"OSM relations 2025886 and 2027521","river":"18545","rlen":29},"geometry":{"type":"LineString","coordinates":[[92.6281,25.12644],[92.62795,25.12634],[92.62742,25.12576],[92.62692,25.12509],[92.6259,25.12338],[92.62514,25.12181],[92.62431,25.11903],[92.62371,25.11761],[92.62336,25.11693],[92.62292,25.11635],[92.62212,25.11557],[92.62097,25.11486],[92.61966,25.1147],[92.61848,25.11473],[92.61771,25.11487],[92.6165,25.11565],[92.61233,25.11991],[92.6098,25.12219],[92.60876,25.12283],[92.60763,25.12301],[92.6047,25.12299],[92.59987,25.12278],[92.59635,25.12282],[92.59488,25.12271],[92.59421,25.12276],[92.59386,25.12294],[92.59309,25.12435],[92.59235,25.12502],[92.59133,25.12554],[92.59126,25.12599],[92.59105,25.12644],[92.59035,25.12736],[92.5896,25.12792],[92.58832,25.12855],[92.58754,25.12882],[92.58656,25.12887],[92.5856,25.12871],[92.58457,25.12825],[92.58401,25.12811],[92.5828,25.12804],[92.58183,25.12816],[92.58114,25.1284],[92.5805,25.12888],[92.57982,25.12913],[92.57881,25.12991],[92.57804,25.13071],[92.57743,25.13109],[92.57672,25.13126],[92.57578,25.13108],[92.57491,25.13042],[92.57432,25.13013],[92.57371,25.13015],[92.57226,25.13056],[92.5715,25.13058],[92.5708,25.13042],[92.57025,25.12977],[92.57001,25.12935],[92.5698,25.12889],[92.56975,25.12838],[92.56944,25.12787],[92.56905,25.12781],[92.56605,25.12839],[92.56455,25.12913],[92.56381,25.12941],[92.56271,25.12972],[92.56094,25.13009],[92.56045,25.13009],[92.55897,25.12977],[92.55851,25.12955],[92.55701,25.12774],[92.55568,25.12667],[92.55482,25.12645],[92.55373,25.12654],[92.55116,25.12786],[92.54883,25.12971],[92.54818,25.13039],[92.545,25.13018],[92.54267,25.13072],[92.54132,25.13142],[92.54012,25.13228],[92.53766,25.13353],[92.5335,25.13381],[92.532,25.13435],[92.5265,25.13479],[92.52511,25.13502],[92.52431,25.13609],[92.52458,25.13753],[92.52443,25.1386],[92.52404,25.13928],[92.52208,25.13931],[92.52148,25.13909],[92.52076,25.13895]]}},
{"type":"Feature","properties":{"kind":"state","name":"Assam–Meghalaya","src":"OSM relations 2025886 and 2027521"},"geometry":{"type":"LineString","coordinates":[[92.52076,25.13895],[92.5208,25.13876],[92.52055,25.13832],[92.52051,25.13784],[92.52061,25.13606],[92.5221,25.13383],[92.52289,25.13205],[92.52288,25.13058],[92.52306,25.12947],[92.5234,25.12856],[92.52512,25.12143],[92.5302,25.11397],[92.53095,25.11249],[92.53376,25.10839],[92.53589,25.10495],[92.53924,25.09862],[92.53522,25.09691],[92.53256,25.09738],[92.53061,25.09841],[92.52911,25.10008],[92.5281,25.10161],[92.52617,25.10216],[92.52462,25.10299],[92.52203,25.10357],[92.52012,25.10375],[92.51714,25.10348],[92.5142,25.10216],[92.51076,25.10132],[92.50827,25.10173],[92.50473,25.10359],[92.50222,25.10538],[92.49754,25.1066],[92.49514,25.1061],[92.49315,25.10583],[92.49094,25.10583],[92.48699,25.10651],[92.48216,25.10659],[92.48091,25.10554],[92.47832,25.10216],[92.4777,25.09508],[92.47774,25.09246],[92.47761,25.09007],[92.4786,25.08678],[92.47894,25.08461],[92.47699,25.0807],[92.47334,25.07514],[92.47227,25.07094],[92.47274,25.07042]]}},
{"type":"Feature","properties":{"kind":"state","name":"Assam–Meghalaya","src":"OSM relations 2025886 and 2027521","river":"16838","rlen":25},"geometry":{"type":"LineString","coordinates":[[92.47274,25.07042],[92.47255,25.07028],[92.47212,25.07005],[92.47197,25.06973],[92.4719,25.06945],[92.47195,25.06908],[92.47222,25.06861],[92.4722,25.06796],[92.47207,25.06661],[92.47175,25.0662],[92.47135,25.06582],[92.46953,25.06571],[92.46808,25.06576],[92.46791,25.06563],[92.46774,25.06428],[92.46735,25.06365],[92.46746,25.06309],[92.46708,25.06254],[92.46655,25.06247],[92.4662,25.06213],[92.46616,25.06173],[92.46633,25.06018],[92.46627,25.05912],[92.4661,25.05866],[92.4654,25.05809],[92.465,25.05765],[92.46426,25.05756],[92.46366,25.05761],[92.46325,25.05753],[92.46337,25.05704],[92.46398,25.05674],[92.46439,25.05641],[92.46437,25.05582],[92.46389,25.05498],[92.46329,25.05463],[92.46284,25.05452],[92.46216,25.05461],[92.46186,25.05485],[92.46165,25.05601],[92.46152,25.05628],[92.46121,25.05645],[92.46011,25.05665],[92.45957,25.05651],[92.45908,25.05603],[92.4588,25.05525],[92.45834,25.05463],[92.45783,25.05434],[92.45725,25.05416],[92.45685,25.05383],[92.45676,25.05365],[92.45683,25.05317],[92.45704,25.05286],[92.45716,25.05197],[92.45707,25.05008],[92.45712,25.04902],[92.45679,25.04694],[92.45692,25.04664],[92.45725,25.04639],[92.45766,25.04651],[92.45795,25.0467],[92.45857,25.04756],[92.45949,25.04827],[92.46012,25.04861],[92.46069,25.04868],[92.46111,25.04865],[92.46168,25.04841],[92.4621,25.04805],[92.46213,25.04747],[92.46187,25.04622],[92.46202,25.04557],[92.46228,25.04516],[92.46273,25.04483],[92.46353,25.04476],[92.46392,25.04387],[92.46403,25.04319],[92.46428,25.04252],[92.46427,25.04187],[92.46398,25.04145],[92.46368,25.04058],[92.46327,25.03981],[92.46325,25.03918],[92.46333,25.03864],[92.46432,25.038],[92.46446,25.03777],[92.46451,25.0372],[92.46444,25.03672],[92.46423,25.03622],[92.46376,25.03579],[92.46232,25.03567],[92.4612,25.03517],[92.4609,25.03498]]}},
{"type":"Feature","properties":{"kind":"state","name":"Assam–Meghalaya","src":"OSM relations 2025886 and 2027521"},"geometry":{"type":"LineString","coordinates":[[92.4609,25.03498],[92.46008,25.03407],[92.45815,25.03603],[92.45609,25.03662],[92.45368,25.03753],[92.45152,25.03771],[92.45025,25.038],[92.44896,25.03887],[92.44564,25.04264],[92.44358,25.04286],[92.44195,25.04247],[92.4401,25.04152],[92.43914,25.03693],[92.43858,25.03267],[92.43763,25.03222],[92.43609,25.03218],[92.43452,25.03261],[92.43261,25.03261],[92.4313,25.0315],[92.42701,25.03261],[92.42382,25.03165]]}},
{"type":"Feature","properties":{"kind":"state","name":"Mizoram–Tripura","src":"OSM relations 2029046 and 2026458","river":"17785","rlen":196},"geometry":{"type":"LineString","coordinates":[[92.29869,24.25267],[92.2986,24.25231],[92.2979,24.25173],[92.29658,24.2513],[92.29535,24.25066],[92.29489,24.25031],[92.29371,24.24967],[92.29325,24.24931],[92.29236,24.24841],[92.29199,24.2479],[92.29185,24.24757],[92.29169,24.24668],[92.29183,24.24612],[92.29212,24.24576],[92.29339,24.24474],[92.29431,24.24363],[92.29478,24.24217],[92.2953,24.24118],[92.29564,24.2403],[92.29566,24.23959],[92.29525,24.23844],[92.29484,24.23763],[92.29436,24.23468],[92.2946,24.23441],[92.29483,24.2343],[92.29539,24.23425],[92.29667,24.23454],[92.29773,24.23443],[92.29801,24.23433],[92.29818,24.23417],[92.29848,24.23371],[92.29851,24.23341],[92.29835,24.23233],[92.29811,24.23142],[92.29819,24.23079],[92.29817,24.22951],[92.29804,24.22936],[92.29703,24.22927],[92.29651,24.22931],[92.29599,24.22922],[92.29539,24.229],[92.295,24.22879],[92.2948,24.22852],[92.29466,24.2281],[92.2947,24.22788],[92.29498,24.22744],[92.29552,24.22722],[92.29645,24.22722],[92.29754,24.2277],[92.29963,24.22787],[92.30104,24.22781],[92.30146,24.2277],[92.30165,24.22749],[92.30165,24.22693],[92.30154,24.22662],[92.3012,24.22606],[92.30093,24.22577],[92.30025,24.22524],[92.29923,24.22515],[92.29897,24.22501],[92.2988,24.22476],[92.29875,24.22379],[92.29896,24.22321],[92.29892,24.22214],[92.29905,24.22176],[92.29955,24.22174],[92.30003,24.22184],[92.30066,24.2222],[92.30131,24.2228],[92.30165,24.22332],[92.302,24.22364],[92.30234,24.22387],[92.3027,24.22401],[92.30306,24.22402],[92.30386,24.22381],[92.30513,24.22313],[92.30684,24.22267],[92.30722,24.22269],[92.30759,24.22284],[92.30861,24.22354],[92.30978,24.22411],[92.31053,24.22421],[92.31161,24.22454],[92.3122,24.22464],[92.31263,24.2246],[92.31333,24.2244],[92.31379,24.2239],[92.31375,24.22356],[92.31359,24.22328],[92.31281,24.22263],[92.31147,24.2209],[92.31096,24.21938],[92.31035,24.21811],[92.31002,24.21799],[92.30889,24.21815],[92.30859,24.21803],[92.30852,24.21703],[92.3089,24.21573],[92.30893,24.21535],[92.30867,24.21397],[92.30878,24.2136],[92.30969,24.21252],[92.31013,24.2122],[92.31102,24.21179],[92.31148,24.21186],[92.31181,24.21207],[92.31229,24.2126],[92.31302,24.21364],[92.31376,24.21417],[92.3143,24.2143],[92.315,24.2142],[92.31534,24.21402],[92.31636,24.2131],[92.31721,24.21174],[92.31781,24.21044],[92.31836,24.20981],[92.32195,24.2083],[92.32246,24.20779],[92.32379,24.20693],[92.32399,24.20645],[92.32392,24.20606],[92.32356,24.20592],[92.32283,24.20603],[92.32263,24.20624],[92.32148,24.20702],[92.32124,24.20708],[92.32092,24.20704],[92.32003,24.20681],[92.31965,24.20651],[92.31854,24.20439],[92.31855,24.20309],[92.31868,24.2025],[92.31903,24.20208],[92.32051,24.20157],[92.32161,24.20141],[92.32282,24.20105],[92.32351,24.20067],[92.32421,24.20007],[92.32469,24.19942],[92.32471,24.19896],[92.32458,24.19861],[92.32426,24.19839],[92.32298,24.19791],[92.32276,24.19774],[92.32253,24.19739],[92.32222,24.19593],[92.32247,24.19544],[92.32328,24.19477],[92.32395,24.19451],[92.32436,24.1942],[92.3248,24.194],[92.3253,24.19385],[92.32617,24.19375],[92.32719,24.19397],[92.32762,24.19384],[92.32797,24.19347],[92.32812,24.19318],[92.32822,24.19268],[92.32805,24.19218],[92.3277,24.19206],[92.32701,24.19221],[92.32638,24.19219],[92.32589,24.1918],[92.32579,24.19155],[92.32587,24.19102],[92.32636,24.19064],[92.32674,24.19058],[92.32843,24.19098],[92.32889,24.19096],[92.32917,24.19084],[92.32949,24.19051],[92.32962,24.18961],[92.32954,24.18908],[92.32939,24.18878],[92.3292,24.18868],[92.32843,24.18878],[92.32744,24.18921],[92.32687,24.18933],[92.32627,24.18917],[92.32591,24.18886],[92.325,24.18752],[92.32474,24.18676],[92.32468,24.18603],[92.32485,24.18573],[92.32504,24.18558],[92.32562,24.18549],[92.32608,24.1857],[92.32713,24.18699],[92.32748,24.18728],[92.32783,24.18738],[92.32821,24.18737],[92.32879,24.18731],[92.32915,24.18714],[92.3295,24.18679],[92.32963,24.18646],[92.3296,24.18601],[92.32901,24.18503],[92.32892,24.18466],[92.32905,24.18417],[92.32932,24.18394],[92.33004,24.18377],[92.33016,24.18364],[92.33028,24.18329],[92.3302,24.1826],[92.33025,24.1821],[92.33043,24.18196],[92.33143,24.18172],[92.33181,24.18114],[92.33184,24.18085],[92.3318,24.18065],[92.33153,24.18032],[92.33115,24.18026],[92.33009,24.18033],[92.32974,24.18014],[92.32936,24.17953],[92.32932,24.17905],[92.32942,24.17874],[92.32997,24.17784],[92.33001,24.17725],[92.32992,24.17702],[92.32952,24.17659],[92.32881,24.17606],[92.32801,24.17386],[92.32785,24.17304],[92.32789,24.17266],[92.32869,24.17181],[92.32875,24.17127],[92.32847,24.1708],[92.32719,24.16945],[92.32675,24.16875],[92.32657,24.16788],[92.3263,24.16713],[92.32635,24.16658],[92.32714,24.16618],[92.32789,24.16597],[92.32979,24.16492],[92.33075,24.16406],[92.33122,24.16342],[92.33145,24.16268],[92.33143,24.1623],[92.33107,24.16173],[92.33085,24.16117],[92.33079,24.15988],[92.33084,24.15928],[92.33097,24.15907],[92.33159,24.15862],[92.33225,24.15737],[92.33216,24.15671],[92.33263,24.15571],[92.33239,24.15385],[92.33247,24.15261],[92.33261,24.1524],[92.33289,24.15225],[92.33324,24.1519],[92.33359,24.15172],[92.33434,24.15093],[92.33481,24.15061],[92.33574,24.14943],[92.33604,24.14883],[92.3359,24.14822],[92.33554,24.1478],[92.33535,24.14744],[92.33537,24.14699],[92.33571,24.14628],[92.33594,24.14465],[92.3358,24.14401],[92.33553,24.14363],[92.33466,24.14331],[92.33368,24.14342],[92.33282,24.14413],[92.33246,24.14431],[92.33192,24.14429],[92.33174,24.14421],[92.33155,24.14396],[92.33153,24.14367],[92.33173,24.14309],[92.33284,24.14181],[92.33317,24.14094],[92.33332,24.14007],[92.33321,24.13979],[92.33298,24.13955],[92.3325,24.13936],[92.3318,24.13932],[92.33094,24.14005],[92.32985,24.14074],[92.3287,24.14083],[92.32758,24.14102],[92.32722,24.14102],[92.32663,24.14079],[92.3264,24.14012],[92.32638,24.13924],[92.32652,24.1387],[92.32622,24.13622],[92.32621,24.13526],[92.327,24.13383],[92.32716,24.13331],[92.32717,24.133],[92.32711,24.13287],[92.32583,24.13219],[92.32561,24.13197],[92.32544,24.13158],[92.32533,24.13105],[92.32536,24.13069],[92.32569,24.13042],[92.3261,24.13037],[92.32634,24.13019],[92.32647,24.13],[92.32676,24.12914],[92.32711,24.12886],[92.32728,24.12877],[92.32773,24.12874],[92.32893,24.12883],[92.32957,24.12869],[92.32981,24.1285],[92.32986,24.12818],[92.32945,24.12783],[92.32893,24.12788],[92.32829,24.12776],[92.32794,24.12761],[92.32776,24.12723],[92.32776,24.1267],[92.32809,24.12631],[92.32842,24.12611],[92.32851,24.12593],[92.32837,24.1256],[92.32809,24.12548],[92.32686,24.12552],[92.32623,24.1253],[92.32584,24.12504],[92.32505,24.12421],[92.32477,24.12377],[92.32473,24.12345],[92.32484,24.12327],[92.32509,24.12322],[92.32578,24.1233],[92.326,24.12341],[92.32636,24.12338],[92.32681,24.12317],[92.32743,24.12228],[92.32772,24.12155],[92.32769,24.12098],[92.32674,24.11919],[92.32665,24.11886],[92.32641,24.11723],[92.32635,24.11652],[92.32643,24.11632],[92.32677,24.11611],[92.32758,24.11637],[92.32781,24.11636],[92.32826,24.11608],[92.32904,24.11507],[92.3295,24.11495],[92.33138,24.11527],[92.33161,24.1152],[92.33181,24.11499],[92.33185,24.11463],[92.33168,24.11338],[92.33149,24.11313],[92.33093,24.11278],[92.32894,24.11247],[92.3285,24.11233],[92.3277,24.11181],[92.32725,24.11127],[92.32731,24.11015],[92.32746,24.10991],[92.32797,24.10969],[92.32849,24.10959],[92.33057,24.10946],[92.33117,24.10906],[92.33148,24.10827],[92.33128,24.10776],[92.33071,24.10734],[92.33042,24.10703],[92.33043,24.10666],[92.33063,24.10611],[92.33082,24.10586],[92.33122,24.10557],[92.33131,24.10518],[92.33122,24.10489],[92.33042,24.10486],[92.32957,24.10527],[92.3286,24.10535],[92.32832,24.10491],[92.32837,24.10424],[92.3285,24.10383],[92.32837,24.10346],[92.32817,24.10325],[92.32733,24.10299],[92.32682,24.10273],[92.32637,24.10219],[92.32638,24.10188],[92.32653,24.10162],[92.32668,24.10148],[92.32756,24.10114],[92.32818,24.10078],[92.32941,24.09942],[92.32974,24.09922],[92.32983,24.09896],[92.32965,24.09817],[92.32916,24.09764],[92.32889,24.09755],[92.32866,24.09734],[92.32706,24.09679],[92.32582,24.09614],[92.32544,24.09557],[92.3255,24.0941],[92.32568,24.09379],[92.32625,24.09329],[92.32701,24.09309],[92.32867,24.09206],[92.32881,24.09167],[92.32869,24.09137],[92.3277,24.09024],[92.32756,24.0899],[92.32764,24.08951],[92.32821,24.08852],[92.32824,24.0882],[92.32812,24.08799],[92.32784,24.08778],[92.32662,24.08735],[92.32602,24.08696],[92.32571,24.08665],[92.3252,24.08582],[92.32524,24.08563],[92.32545,24.0854],[92.32635,24.08486],[92.32669,24.08452],[92.32687,24.08403],[92.3268,24.0833],[92.32466,24.0814],[92.32417,24.08051],[92.32376,24.08001],[92.32321,24.0797],[92.32269,24.07978],[92.32248,24.07968],[92.32192,24.07858],[92.32157,24.07814],[92.32149,24.07769],[92.32167,24.07684],[92.32186,24.07659],[92.32219,24.07646],[92.32252,24.07647],[92.32291,24.0766],[92.32377,24.07723],[92.3246,24.0776],[92.32584,24.07831],[92.32632,24.07837],[92.32722,24.07774],[92.32746,24.07738],[92.32746,24.07707],[92.32724,24.07677],[92.32661,24.07626],[92.32631,24.0758],[92.32608,24.07566],[92.32463,24.07587],[92.32383,24.07588],[92.32225,24.07556],[92.32186,24.07531],[92.32165,24.07505],[92.32163,24.07473],[92.32175,24.07423],[92.32217,24.07327],[92.32427,24.07004],[92.3243,24.06957],[92.32395,24.06893],[92.32326,24.06866],[92.32246,24.06877],[92.32224,24.06901],[92.32186,24.06972],[92.32144,24.07016],[92.32116,24.07033],[92.3205,24.07052],[92.31976,24.07092],[92.31942,24.07119],[92.31903,24.0717],[92.3185,24.07206],[92.31758,24.07253],[92.31719,24.07255],[92.3168,24.07229],[92.31648,24.07188],[92.31639,24.07124],[92.31665,24.07088],[92.3176,24.07028],[92.3179,24.0697],[92.31817,24.06943],[92.31821,24.06917],[92.31788,24.06887],[92.317,24.06857],[92.31652,24.06828],[92.31615,24.0679],[92.31563,24.06754],[92.31537,24.06704],[92.31542,24.06677],[92.31569,24.06656],[92.31673,24.06643],[92.31733,24.06615],[92.3187,24.06518],[92.319,24.06481],[92.31934,24.06411],[92.31938,24.06377],[92.31915,24.06332],[92.31837,24.06262],[92.31839,24.0623],[92.31871,24.06183],[92.31898,24.06159]]}},
{"type":"Feature","properties":{"kind":"state","name":"Mizoram–Tripura","src":"OSM relations 2029046 and 2026458"},"geometry":{"type":"LineString","coordinates":[[92.31898,24.06159],[92.31856,24.05783]]}},
{"type":"Feature","properties":{"kind":"state","name":"Mizoram–Tripura","src":"OSM relations 2029046 and 2026458","river":"17785","rlen":196},"geometry":{"type":"LineString","coordinates":[[92.31856,24.05783],[92.31856,24.05769],[92.31871,24.05712],[92.31896,24.0568],[92.31978,24.05615],[92.32051,24.05535],[92.32095,24.05469],[92.32158,24.05326],[92.32168,24.05282],[92.32171,24.05204],[92.32149,24.05165],[92.32077,24.05117],[92.32034,24.05068],[92.31953,24.05002],[92.3193,24.05013],[92.31919,24.05089],[92.31891,24.05116],[92.31872,24.0512],[92.31823,24.05108],[92.3178,24.05106],[92.31748,24.05117],[92.31705,24.05145],[92.31668,24.05148],[92.31648,24.05126],[92.31641,24.05066],[92.31629,24.05042],[92.31603,24.05021],[92.3155,24.05],[92.31517,24.04975],[92.31491,24.04938],[92.31486,24.04912],[92.31491,24.0489],[92.31522,24.04849],[92.31534,24.04819],[92.31538,24.04773],[92.31526,24.04692],[92.31554,24.04608],[92.31586,24.04561],[92.31642,24.04526],[92.31681,24.0449],[92.3181,24.04293],[92.31864,24.0416],[92.31881,24.04054],[92.31846,24.03908],[92.31803,24.03842],[92.31781,24.0378],[92.31779,24.03659],[92.31759,24.03603],[92.31748,24.03517],[92.31724,24.03509],[92.31703,24.03528],[92.31668,24.03645],[92.31645,24.03656],[92.3162,24.03651],[92.31572,24.03609],[92.31506,24.0352],[92.31502,24.03436],[92.31507,24.03386],[92.31521,24.03369],[92.31564,24.03355],[92.31666,24.03348],[92.31717,24.03375],[92.31779,24.03429],[92.31842,24.03451],[92.31905,24.03436],[92.3197,24.03389],[92.32022,24.03337],[92.32036,24.03298],[92.32,24.03177],[92.31982,24.02965],[92.31965,24.02951],[92.31947,24.0295],[92.31866,24.03003],[92.31834,24.03009],[92.31806,24.03005],[92.31755,24.02963],[92.31723,24.02906],[92.31722,24.0288],[92.31736,24.02863],[92.31759,24.02857],[92.3188,24.02879],[92.32046,24.0287],[92.32115,24.0284],[92.32145,24.02814],[92.32158,24.02789],[92.32153,24.02742],[92.32084,24.02533],[92.32046,24.0247],[92.32017,24.02441],[92.31981,24.02421],[92.31936,24.02412],[92.31883,24.02416],[92.3185,24.02405],[92.31823,24.02376],[92.31819,24.02334],[92.3183,24.02314],[92.31846,24.02306],[92.31997,24.02296],[92.32049,24.02282],[92.32073,24.02268],[92.32103,24.02216],[92.32105,24.02108],[92.32115,24.02039],[92.32143,24.01996],[92.32161,24.0199],[92.32178,24.01993],[92.32281,24.02086],[92.32321,24.02091],[92.32345,24.02074],[92.32375,24.02033],[92.32398,24.01934],[92.32395,24.01909],[92.3238,24.01881],[92.32268,24.01734],[92.32233,24.01712],[92.32197,24.01714],[92.32112,24.01801],[92.32025,24.01933],[92.31999,24.02136],[92.31983,24.02174],[92.31923,24.02227],[92.31855,24.02237],[92.31834,24.02219],[92.3183,24.02168],[92.31849,24.02107],[92.319,24.01995],[92.31917,24.01905],[92.31898,24.01883],[92.31757,24.0182],[92.31746,24.01804],[92.31747,24.01782],[92.31761,24.01761],[92.318,24.01741],[92.31855,24.01732],[92.31988,24.0173],[92.32117,24.01704],[92.32146,24.01691],[92.32204,24.01635],[92.3222,24.01601],[92.32216,24.01562],[92.32124,24.01469],[92.32088,24.01406],[92.32089,24.01341],[92.32127,24.01302],[92.32166,24.01293],[92.32266,24.01322],[92.32403,24.01349],[92.32458,24.01344],[92.32484,24.01327],[92.32488,24.01302],[92.32473,24.01282],[92.32372,24.01243],[92.32359,24.01228],[92.32355,24.01208],[92.32427,24.01017],[92.32448,24.00902],[92.3251,24.00811],[92.32521,24.00769],[92.3251,24.00686],[92.32517,24.00671],[92.32541,24.00649],[92.32565,24.00647],[92.32627,24.00697],[92.32675,24.00715],[92.32721,24.00717],[92.32819,24.00701],[92.32867,24.00658],[92.32881,24.00635],[92.32887,24.00559],[92.32903,24.00517],[92.3292,24.00488],[92.32975,24.00443],[92.32985,24.00392],[92.32975,24.00366],[92.32926,24.00333],[92.32884,24.00333],[92.32843,24.00364],[92.32804,24.00367],[92.32789,24.00359],[92.32768,24.00289],[92.32774,24.00212],[92.32784,24.00187],[92.32857,24.00086],[92.32927,24],[92.32981,23.99966],[92.33053,23.99948],[92.33108,23.99924],[92.33117,23.99895],[92.3309,23.99807],[92.33019,23.99718],[92.33019,23.99691],[92.33063,23.99537],[92.33056,23.99483],[92.32975,23.99366],[92.3295,23.99343],[92.3292,23.99289],[92.32918,23.9927],[92.32927,23.99223],[92.33062,23.9915],[92.33085,23.99098],[92.33003,23.98802],[92.32959,23.98764],[92.32938,23.98732],[92.32914,23.9872],[92.32878,23.9872],[92.32803,23.9875],[92.32774,23.98799],[92.3276,23.98805],[92.32727,23.98802],[92.32702,23.98764],[92.32693,23.98696],[92.32692,23.98657],[92.32714,23.98639],[92.32741,23.98634],[92.32796,23.98641],[92.32831,23.98637],[92.32869,23.98623],[92.32897,23.98599],[92.3292,23.98522],[92.32959,23.98441],[92.32958,23.98393],[92.32948,23.98377],[92.32918,23.98371],[92.32836,23.98395],[92.32714,23.98395],[92.32632,23.9837],[92.3261,23.98346],[92.32603,23.98282],[92.32607,23.98259],[92.32632,23.98213],[92.32634,23.98191],[92.32616,23.98151],[92.32579,23.97986],[92.32578,23.97841],[92.32566,23.97808],[92.32548,23.97787],[92.32507,23.97796],[92.32444,23.97849],[92.32411,23.97865],[92.32318,23.97886],[92.32295,23.97882],[92.32286,23.97863],[92.32276,23.97772],[92.32283,23.97713],[92.32357,23.97574],[92.32362,23.97473],[92.32357,23.97422],[92.3231,23.97338],[92.32235,23.97305],[92.32193,23.97312],[92.3218,23.97328],[92.32166,23.97414],[92.32152,23.97438],[92.32096,23.97434],[92.32041,23.97396],[92.31959,23.97408],[92.31909,23.97406],[92.31872,23.9733],[92.31887,23.97255],[92.31915,23.97224],[92.31919,23.97151],[92.31909,23.9709],[92.31888,23.97082],[92.31778,23.97071],[92.31669,23.97091],[92.31605,23.97116],[92.31532,23.97131],[92.31514,23.9711],[92.31507,23.96956],[92.31463,23.96832],[92.31453,23.96825],[92.31426,23.96825],[92.31393,23.9688],[92.31363,23.96899],[92.3135,23.96898],[92.31337,23.96885],[92.31324,23.96843],[92.31324,23.96751],[92.31387,23.96603],[92.31402,23.96549],[92.31411,23.96456],[92.31385,23.96282],[92.31376,23.96152],[92.31401,23.96073],[92.31418,23.95948],[92.31403,23.95919],[92.31376,23.9591],[92.31337,23.95917],[92.31274,23.9596],[92.31239,23.95965],[92.31185,23.95957],[92.31148,23.95933],[92.31125,23.95884],[92.31122,23.95846],[92.31132,23.95804],[92.31146,23.95786],[92.3124,23.95729],[92.31269,23.95624],[92.31323,23.95522],[92.31349,23.95441],[92.31345,23.95415],[92.31324,23.95408],[92.31273,23.95419],[92.31216,23.95446],[92.31161,23.95444],[92.31122,23.95368],[92.31117,23.95315],[92.31132,23.95279],[92.31155,23.95263],[92.31173,23.95261],[92.31293,23.9531],[92.31362,23.953],[92.31409,23.9525],[92.31439,23.95139],[92.31426,23.95086],[92.31389,23.9503],[92.3137,23.94984],[92.31365,23.94894],[92.31377,23.94808],[92.31372,23.94754],[92.31352,23.94688],[92.3136,23.94619],[92.31315,23.94545],[92.31277,23.94447],[92.31238,23.9431],[92.3123,23.94258],[92.31242,23.94175],[92.3126,23.94156],[92.3129,23.9415],[92.31309,23.94158],[92.31361,23.94244],[92.31379,23.94251],[92.31403,23.94243],[92.3141,23.94231],[92.31433,23.94149],[92.3142,23.94116],[92.31327,23.94065],[92.31277,23.94018],[92.31229,23.93936],[92.3121,23.93882],[92.31213,23.93872],[92.31233,23.93865],[92.31286,23.93904],[92.31329,23.93916],[92.31385,23.93883],[92.31399,23.93859],[92.31403,23.93817],[92.31371,23.93784],[92.31365,23.93744],[92.31377,23.93683],[92.31411,23.93634],[92.31428,23.93586],[92.31414,23.93482],[92.31428,23.93463],[92.31443,23.93402],[92.31489,23.93291],[92.31478,23.93253],[92.31462,23.93238],[92.31363,23.93207],[92.31284,23.93209],[92.31266,23.932],[92.3126,23.93165],[92.31296,23.93114],[92.31342,23.93081],[92.31392,23.93067],[92.31486,23.93073],[92.31558,23.93062],[92.31593,23.93026],[92.31586,23.92955],[92.31596,23.9293],[92.31624,23.92894],[92.31678,23.92866],[92.31745,23.92846],[92.31802,23.92847],[92.31891,23.92875],[92.31975,23.92953],[92.31998,23.92961],[92.32008,23.92956],[92.32023,23.92923],[92.32005,23.92802],[92.31954,23.92732],[92.31941,23.92701],[92.31942,23.92638],[92.31967,23.92601],[92.31997,23.92591],[92.32043,23.92606],[92.32062,23.926],[92.32079,23.92569],[92.32084,23.92531],[92.32106,23.925],[92.32209,23.92532],[92.32252,23.92525],[92.32277,23.92496],[92.32291,23.92436],[92.32304,23.92413],[92.32346,23.92377],[92.32389,23.92354],[92.32486,23.9235],[92.32563,23.92359],[92.326,23.92354],[92.32641,23.92335],[92.32668,23.92307],[92.32676,23.92287],[92.32673,23.92173],[92.32699,23.92157],[92.32752,23.92144],[92.32938,23.92127],[92.32952,23.9211],[92.32953,23.92039],[92.32977,23.92012],[92.33009,23.92025],[92.33029,23.92045],[92.33012,23.92114],[92.33021,23.92138],[92.33044,23.92144],[92.33101,23.92118],[92.33111,23.92105],[92.33109,23.92076],[92.33061,23.92016],[92.33058,23.9199],[92.33073,23.91942],[92.33107,23.91914],[92.33116,23.91892],[92.33036,23.91776],[92.33006,23.91768],[92.32958,23.91779],[92.32939,23.91777],[92.3293,23.91766],[92.32912,23.91705],[92.32899,23.91591],[92.32901,23.9141],[92.32878,23.91357],[92.32871,23.91287],[92.32914,23.91226],[92.33012,23.91125],[92.33029,23.91081],[92.33061,23.91058],[92.33176,23.91026],[92.33198,23.91002],[92.33195,23.90922],[92.33184,23.90901],[92.33158,23.90902],[92.33086,23.90954],[92.33057,23.90955],[92.33023,23.90936],[92.33027,23.90909],[92.33094,23.90848],[92.33124,23.908],[92.33143,23.90737],[92.33123,23.90655],[92.33077,23.90649],[92.3303,23.90682],[92.33017,23.90681],[92.33005,23.90667],[92.33014,23.90495],[92.33005,23.90451],[92.32971,23.90444],[92.32911,23.90449],[92.32806,23.9044],[92.32606,23.90455],[92.32597,23.90449],[92.32593,23.90426],[92.32602,23.90397],[92.32602,23.90318],[92.32561,23.90256],[92.32502,23.90212],[92.3242,23.90216],[92.323,23.90262],[92.32269,23.90265],[92.32228,23.90257],[92.3218,23.90226],[92.32168,23.90211],[92.32184,23.90183],[92.32251,23.9016],[92.32278,23.90109],[92.32344,23.90049],[92.32351,23.90031],[92.32345,23.89997],[92.32325,23.89954],[92.32324,23.89923],[92.32331,23.89912],[92.32359,23.89902],[92.32401,23.8991],[92.32421,23.89897],[92.32435,23.89871],[92.32413,23.89838],[92.32357,23.89801],[92.32312,23.89785],[92.32265,23.89785],[92.32257,23.89778],[92.32257,23.89745],[92.32286,23.89667],[92.32287,23.89548],[92.32269,23.89516],[92.32191,23.89483],[92.32154,23.89458],[92.32141,23.8944],[92.32148,23.89415],[92.32169,23.89392],[92.32185,23.8936],[92.32199,23.89295],[92.32193,23.89261],[92.32164,23.89198],[92.32145,23.89184],[92.3212,23.8918],[92.32051,23.89199],[92.32019,23.89187],[92.32006,23.89168],[92.32009,23.89148],[92.32083,23.89087],[92.32128,23.88974],[92.32163,23.88939],[92.32174,23.88907],[92.32153,23.88895],[92.32002,23.88894],[92.31807,23.88909],[92.31734,23.88886],[92.31735,23.88852],[92.31777,23.88816],[92.31829,23.88804],[92.31913,23.88764],[92.31922,23.88741],[92.3192,23.8872],[92.31868,23.88664],[92.31824,23.88649],[92.31713,23.88632],[92.3167,23.88606],[92.3165,23.88577],[92.31655,23.88531],[92.31688,23.88503],[92.31819,23.88448],[92.319,23.88404],[92.31959,23.88398],[92.32007,23.88403],[92.3204,23.88394],[92.32066,23.88371],[92.32076,23.88347],[92.32066,23.88314],[92.32031,23.88299],[92.31939,23.88309],[92.31861,23.88293],[92.31839,23.88253],[92.31838,23.88183],[92.31828,23.88145],[92.31809,23.88122],[92.31787,23.8811],[92.3169,23.88108],[92.31623,23.88128],[92.31573,23.88176],[92.31544,23.88176],[92.31531,23.88165],[92.31528,23.88123],[92.31561,23.88056],[92.31601,23.87998],[92.31669,23.87932],[92.31679,23.87896],[92.3168,23.87826],[92.31707,23.87725],[92.31709,23.8763],[92.31735,23.87572],[92.31791,23.87535],[92.31854,23.87531],[92.31925,23.8759],[92.3202,23.87698],[92.32052,23.87717],[92.3207,23.87718],[92.32099,23.87702],[92.32116,23.87657],[92.32111,23.87636],[92.32089,23.87608],[92.32049,23.87582],[92.32047,23.8756],[92.32058,23.87546],[92.32153,23.87536],[92.32268,23.87491],[92.32299,23.87488],[92.32318,23.8749],[92.32337,23.87515],[92.32353,23.87522],[92.32377,23.87521],[92.3243,23.87488],[92.3251,23.87465],[92.32549,23.87417],[92.32556,23.874],[92.3255,23.87354],[92.32508,23.87306],[92.32489,23.87269],[92.32476,23.87206],[92.32539,23.87057],[92.32529,23.86979],[92.32505,23.86922],[92.32443,23.86862],[92.32341,23.86725],[92.32306,23.86705],[92.32228,23.86636],[92.32175,23.86632],[92.32118,23.86655],[92.3209,23.86657],[92.32061,23.86651],[92.31985,23.86607],[92.31965,23.86604],[92.31876,23.86615],[92.31826,23.86605],[92.31786,23.86589],[92.31774,23.86552],[92.31774,23.8652],[92.31783,23.86503],[92.31822,23.86487],[92.31998,23.8647],[92.32046,23.86452],[92.3205,23.86438],[92.32042,23.86415],[92.32026,23.86408],[92.31939,23.86388],[92.31847,23.86399],[92.31814,23.86388],[92.31799,23.86369],[92.31789,23.86367]]}},
{"type":"Feature","properties":{"kind":"state","name":"Mizoram–Tripura","src":"OSM relations 2029046 and 2026458"},"geometry":{"type":"LineString","coordinates":[[92.31789,23.86367],[92.31737,23.86362],[92.31695,23.86343],[92.31629,23.86219],[92.31571,23.862],[92.31449,23.86225],[92.31378,23.86225],[92.31206,23.86133],[92.31123,23.86131],[92.3097,23.86082],[92.30887,23.86068],[92.30818,23.86106],[92.30745,23.86194],[92.30554,23.86245],[92.30428,23.86241],[92.30342,23.86266],[92.3,23.86524],[92.29859,23.86498],[92.29805,23.86512],[92.29657,23.86586],[92.29548,23.8669],[92.29488,23.86714],[92.29445,23.86777],[92.2949,23.8691],[92.29492,23.86963],[92.29434,23.8702],[92.29222,23.87032],[92.2911,23.86994],[92.28968,23.8692],[92.28958,23.86859],[92.28962,23.86698],[92.28842,23.86643],[92.2884,23.86514],[92.2879,23.86304],[92.28743,23.86274],[92.28734,23.86178],[92.28584,23.86145],[92.28537,23.86115],[92.2855,23.86076],[92.28586,23.86045],[92.28599,23.86002],[92.28561,23.85966],[92.28464,23.85982],[92.28494,23.85937],[92.2858,23.85874],[92.28539,23.85841],[92.28408,23.85839],[92.28383,23.85821],[92.28353,23.85741],[92.28277,23.85684],[92.28207,23.85587],[92.28187,23.85517],[92.28149,23.85472],[92.28095,23.8547],[92.28039,23.85405],[92.27941,23.85383],[92.27823,23.8526],[92.27722,23.85222],[92.27617,23.85105],[92.27559,23.85012],[92.27462,23.84802],[92.27363,23.84465],[92.27368,23.84245],[92.27453,23.8397],[92.27569,23.83764],[92.27569,23.83676],[92.27602,23.8357],[92.27653,23.83519],[92.27842,23.83378],[92.27958,23.83224],[92.27956,23.8316],[92.28224,23.83042],[92.28258,23.82903],[92.28155,23.8285],[92.28162,23.82816],[92.2823,23.82789],[92.28224,23.8273],[92.28189,23.82624],[92.28192,23.82518],[92.28258,23.82404],[92.28323,23.82255],[92.28417,23.82251],[92.28488,23.82261],[92.28539,23.82251],[92.28612,23.82166],[92.28657,23.81978],[92.28657,23.81923],[92.28574,23.81807],[92.28541,23.81735],[92.28539,23.81678],[92.28597,23.81568],[92.28561,23.81534],[92.2841,23.81527],[92.28305,23.81497],[92.28211,23.81448],[92.28138,23.81434],[92.28074,23.81515],[92.28024,23.81556],[92.2793,23.81578],[92.27835,23.81566],[92.27786,23.8154],[92.27685,23.81513],[92.27529,23.81517],[92.27447,23.8156],[92.27402,23.81672],[92.27271,23.81807],[92.27153,23.81825],[92.26949,23.81756],[92.26881,23.81721],[92.26793,23.81699],[92.26681,23.81746],[92.26582,23.81731],[92.26366,23.81638],[92.26243,23.81566],[92.26042,23.81322],[92.26022,23.81108],[92.26065,23.80678],[92.26093,23.80537],[92.26093,23.80417],[92.26207,23.80066],[92.26245,23.79832],[92.2634,23.79555],[92.26396,23.79222],[92.26374,23.78837],[92.26314,23.78591],[92.26312,23.78507],[92.26494,23.78236],[92.2655,23.78124],[92.26608,23.7759],[92.26625,23.77511],[92.26694,23.77341],[92.26705,23.77129],[92.26855,23.76787],[92.26835,23.767],[92.26707,23.76429],[92.26681,23.76355],[92.26672,23.76268],[92.26672,23.75897],[92.26687,23.75779],[92.26799,23.75557],[92.26823,23.75491],[92.26835,23.75396],[92.26814,23.75302],[92.26778,23.75214],[92.26702,23.74858],[92.2672,23.74448],[92.26655,23.74224],[92.26651,23.7411],[92.26687,23.73986],[92.26698,23.73694],[92.26668,23.73405],[92.26666,23.73246],[92.26632,23.72998],[92.26612,23.72872],[92.26571,23.72847]]}},
{"type":"Feature","properties":{"kind":"state","name":"Arunachal Pradesh–Nagaland","src":"OSM relations 2027346 and 2027973"},"geometry":{"type":"LineString","coordinates":[[95.23393,26.68246],[95.23322,26.68297],[95.23264,26.68384],[95.23258,26.68584],[95.23231,26.68712],[95.23074,26.69108],[95.23017,26.694],[95.231,26.69529],[95.23141,26.69726],[95.23084,26.69798],[95.23083,26.69816],[95.23106,26.69839],[95.23125,26.69839],[95.2314,26.69867],[95.23099,26.70015],[95.2305,26.70097],[95.23104,26.70124],[95.23217,26.70212],[95.23202,26.70302],[95.23282,26.7057],[95.23234,26.7063],[95.23154,26.70697],[95.23149,26.70752],[95.23111,26.70856],[95.23046,26.70953],[95.23009,26.70964],[95.22949,26.70927],[95.22889,26.70913],[95.22801,26.70952],[95.22708,26.70948],[95.22681,26.7099],[95.22609,26.71026],[95.22576,26.71066],[95.22617,26.71218],[95.22635,26.71246],[95.22637,26.71296],[95.22721,26.71431],[95.22742,26.71657],[95.22705,26.71687],[95.22667,26.71687],[95.22623,26.71719],[95.22599,26.71817],[95.2254,26.71873],[95.22435,26.7202],[95.22302,26.72122],[95.22231,26.72213],[95.22185,26.7225],[95.22102,26.72288],[95.2202,26.723],[95.2193,26.72407],[95.21797,26.7245],[95.21735,26.72527],[95.21609,26.72584],[95.21533,26.72648],[95.21268,26.72776],[95.21206,26.72799],[95.21053,26.72829],[95.20998,26.7286],[95.20998,26.72934],[95.21034,26.73113],[95.21064,26.73175],[95.21181,26.73302],[95.21313,26.73419],[95.21565,26.73721],[95.21578,26.7376],[95.21578,26.73958],[95.21943,26.7458],[95.2194,26.74614],[95.2192,26.74632],[95.21858,26.74652],[95.2162,26.74636],[95.21572,26.74649],[95.21504,26.74781],[95.21474,26.74887],[95.21572,26.75097],[95.21574,26.7514],[95.21552,26.75189],[95.21613,26.75332],[95.21608,26.75416],[95.21622,26.75512],[95.21656,26.75562],[95.21715,26.75585],[95.21857,26.75616],[95.21962,26.75599],[95.22014,26.75605],[95.22121,26.75647],[95.22259,26.75768],[95.22284,26.75831],[95.22316,26.76],[95.22417,26.76145],[95.22503,26.76181],[95.2272,26.76213],[95.22767,26.76245],[95.22827,26.76377],[95.22991,26.76476],[95.23092,26.76504],[95.23121,26.76528],[95.23107,26.76625],[95.23149,26.7666],[95.23191,26.76672],[95.23205,26.76693],[95.2319,26.76741],[95.2323,26.76758],[95.2325,26.76797],[95.23236,26.76873],[95.23143,26.76862],[95.23077,26.76925],[95.23074,26.76989],[95.23089,26.77047],[95.23066,26.7709],[95.23035,26.77099],[95.23018,26.77092],[95.22986,26.77019],[95.22956,26.77003],[95.22854,26.77084],[95.22792,26.77092],[95.22755,26.77226],[95.2279,26.77312],[95.22859,26.77388],[95.22832,26.77453],[95.22842,26.77498],[95.22824,26.77527],[95.22833,26.77545],[95.22911,26.7754],[95.23011,26.77571],[95.23223,26.77615],[95.23241,26.77627],[95.23248,26.77654],[95.23229,26.77681],[95.23155,26.77699],[95.23137,26.77719],[95.23142,26.77741],[95.23254,26.77771],[95.23285,26.77764],[95.23333,26.777],[95.23417,26.77646],[95.23525,26.77647],[95.23561,26.77745],[95.23516,26.77862],[95.23563,26.77934],[95.2368,26.77941],[95.23926,26.78032],[95.24218,26.78101],[95.24215,26.78129],[95.24152,26.78182],[95.24158,26.7821],[95.24186,26.78227],[95.24232,26.78235],[95.24222,26.78333],[95.24083,26.78379],[95.23974,26.78284],[95.23869,26.78308],[95.23839,26.78278],[95.23793,26.78256],[95.23764,26.78284],[95.23743,26.78415],[95.23764,26.78432],[95.238,26.7844],[95.23929,26.78442],[95.23922,26.78524],[95.23793,26.78587],[95.23746,26.78598],[95.23554,26.78587],[95.23443,26.78605],[95.23295,26.78664],[95.23221,26.78638],[95.23049,26.78632],[95.22903,26.7857],[95.22834,26.78609],[95.22717,26.78623],[95.22642,26.78616],[95.22613,26.7863],[95.22522,26.78729],[95.22476,26.78808],[95.22431,26.78828],[95.22366,26.78827],[95.22292,26.78795],[95.22018,26.78909],[95.21831,26.7894],[95.2173,26.78927],[95.217,26.78935],[95.21483,26.79014],[95.21387,26.79179],[95.21141,26.79247],[95.21053,26.79341],[95.20824,26.79512],[95.20754,26.79704],[95.20754,26.79788],[95.20866,26.79815],[95.21134,26.7979],[95.21186,26.79805],[95.21201,26.79859],[95.21198,26.79915],[95.21163,26.79966],[95.20977,26.80116],[95.2094,26.80178],[95.20872,26.80362],[95.20825,26.80394],[95.20757,26.80399],[95.20685,26.80386],[95.20625,26.80359],[95.20574,26.80362],[95.20489,26.80425],[95.20406,26.80684],[95.20319,26.80776],[95.2019,26.81154],[95.20023,26.81395],[95.19973,26.81684],[95.19997,26.8187],[95.1996,26.81966],[95.19928,26.82032],[95.1975,26.82208],[95.19723,26.82283],[95.19728,26.82382],[95.19755,26.82467],[95.1976,26.82534],[95.1987,26.82629],[95.19961,26.82786],[95.19959,26.82821],[95.19887,26.82911],[95.19838,26.83041],[95.19806,26.83071],[95.19755,26.83066],[95.19679,26.83082],[95.19678,26.83122],[95.1978,26.8321],[95.19802,26.83292],[95.19784,26.83352],[95.19706,26.83345],[95.19691,26.83378],[95.19705,26.83457],[95.19756,26.83464],[95.19766,26.83504],[95.19673,26.83548],[95.19651,26.83591],[95.19707,26.83661],[95.19735,26.83773],[95.19829,26.83933],[95.20063,26.84084],[95.20088,26.84239],[95.20133,26.84271],[95.20273,26.84308],[95.20317,26.84341],[95.2034,26.84411],[95.20288,26.84477],[95.20295,26.84498],[95.20275,26.84568],[95.20209,26.84659],[95.20178,26.84654],[95.20129,26.84532],[95.19948,26.84457],[95.19892,26.84461],[95.19856,26.84475],[95.1977,26.84552],[95.19683,26.84565],[95.19625,26.84587],[95.19558,26.84656],[95.19383,26.84727],[95.19295,26.84816],[95.19262,26.84821],[95.19246,26.84801],[95.19245,26.84754],[95.19265,26.84702],[95.1933,26.84624],[95.19386,26.84595],[95.19381,26.84556],[95.19319,26.84524],[95.19226,26.84532],[95.19182,26.84542],[95.19139,26.8462],[95.18995,26.847],[95.18957,26.84697],[95.18918,26.84671],[95.18868,26.84678],[95.18847,26.84724],[95.18806,26.84743],[95.18631,26.84787],[95.18595,26.84812],[95.18573,26.84863],[95.18576,26.84925],[95.18545,26.85048],[95.18476,26.85085],[95.1845,26.85159],[95.1846,26.85273],[95.18496,26.85382],[95.18481,26.85427],[95.18307,26.8558],[95.18131,26.85594],[95.18099,26.85618],[95.18162,26.8575],[95.18173,26.85854],[95.18112,26.86015],[95.18121,26.86056],[95.18152,26.86132],[95.18232,26.86178],[95.18323,26.86323],[95.18389,26.86386],[95.18465,26.86413],[95.1851,26.86487],[95.1862,26.86586],[95.18767,26.86608],[95.18886,26.86669],[95.18902,26.86743],[95.18936,26.86774],[95.18985,26.86793],[95.19039,26.86784],[95.19103,26.86752],[95.1913,26.86755],[95.19189,26.86872],[95.19263,26.86909],[95.19352,26.86914],[95.19402,26.86995],[95.19412,26.87034],[95.1946,26.87067],[95.19557,26.87043],[95.1962,26.87083],[95.19964,26.87101],[95.20025,26.87184],[95.20048,26.873],[95.2017,26.8732],[95.20235,26.87417],[95.20353,26.8749],[95.20389,26.87557],[95.20479,26.87584],[95.20582,26.8767],[95.20675,26.87794],[95.20773,26.87873],[95.20829,26.87968],[95.20849,26.88131],[95.20825,26.8821],[95.2084,26.88225],[95.21027,26.88227],[95.21179,26.88288],[95.21286,26.88315],[95.21404,26.88336],[95.21533,26.88344],[95.21741,26.88305],[95.21921,26.88177],[95.22136,26.88066],[95.22361,26.88012],[95.22451,26.88014],[95.22539,26.88041],[95.22617,26.88093],[95.22808,26.88085],[95.22872,26.88223],[95.23023,26.88365],[95.23026,26.88401],[95.22978,26.88623],[95.22958,26.89107],[95.22941,26.89171],[95.22853,26.89214],[95.22799,26.89361],[95.22723,26.89431],[95.22692,26.89478],[95.22729,26.89527],[95.22842,26.89565],[95.22872,26.89592],[95.22915,26.89801],[95.23002,26.89849],[95.23031,26.8992],[95.22988,26.90043],[95.22998,26.90071],[95.23222,26.90259],[95.23207,26.90296],[95.23172,26.90322],[95.2316,26.90363],[95.2317,26.90424],[95.23157,26.90473],[95.23093,26.90531],[95.23069,26.9059],[95.23067,26.90663],[95.23046,26.9072],[95.22915,26.90801],[95.2289,26.90863],[95.22906,26.90917],[95.22951,26.90959],[95.22928,26.91071],[95.22985,26.91159],[95.23009,26.91176],[95.2302,26.91211],[95.22981,26.91244],[95.22911,26.91234],[95.22857,26.91318],[95.2287,26.91346],[95.22982,26.91398],[95.22975,26.9142],[95.23003,26.9145],[95.23087,26.91464],[95.23111,26.9148],[95.2305,26.91547],[95.23048,26.91575],[95.23081,26.91593],[95.23213,26.91573],[95.2324,26.91614],[95.23211,26.9165],[95.23206,26.91717],[95.23221,26.91843],[95.23153,26.9189],[95.23135,26.91921],[95.23183,26.92017],[95.23147,26.9203],[95.23016,26.92012],[95.22961,26.92057],[95.22934,26.92116],[95.22932,26.92154],[95.23014,26.92271],[95.22994,26.92298],[95.22854,26.92342],[95.22817,26.92402],[95.22635,26.92451],[95.22566,26.92487],[95.22557,26.92566],[95.2259,26.92663],[95.22363,26.92716],[95.22237,26.9281],[95.22102,26.92867],[95.21593,26.92905],[95.21366,26.92953],[95.21222,26.93014],[95.20994,26.93424],[95.20973,26.93548],[95.20936,26.93569],[95.20947,26.93648],[95.20939,26.93755],[95.20889,26.9382],[95.20889,26.93925],[95.20846,26.94066],[95.20667,26.94197],[95.20665,26.94227],[95.20723,26.94324],[95.20758,26.94414],[95.20761,26.94446],[95.20744,26.94493],[95.20695,26.94567],[95.2076,26.94745],[95.20769,26.94761],[95.20807,26.94777],[95.2092,26.94758],[95.20945,26.94772],[95.20952,26.94801],[95.20881,26.94947],[95.20892,26.94986],[95.20949,26.95044],[95.20938,26.95074],[95.20868,26.95141],[95.20763,26.9512],[95.20716,26.95136],[95.20711,26.95154],[95.20752,26.95228],[95.20783,26.95249],[95.20832,26.95257],[95.20911,26.95232],[95.20949,26.95249],[95.20948,26.95279],[95.20866,26.95392],[95.2076,26.95402],[95.20684,26.95424],[95.20622,26.95402],[95.20547,26.95409],[95.20501,26.95475],[95.20431,26.95482],[95.20403,26.95503],[95.20367,26.95591],[95.20341,26.95598],[95.20248,26.9559],[95.20192,26.95869],[95.20226,26.95901],[95.20256,26.95894],[95.20301,26.95776],[95.20315,26.95761],[95.20352,26.95773],[95.20347,26.95884],[95.20368,26.95933],[95.20447,26.95982],[95.20485,26.96029],[95.20484,26.96118],[95.20548,26.96144],[95.20712,26.96099],[95.20824,26.96151],[95.20865,26.96191],[95.20854,26.96301],[95.20869,26.96364],[95.20868,26.96452],[95.20994,26.9641],[95.21102,26.96403],[95.21147,26.96418],[95.21162,26.96447],[95.21149,26.96607],[95.21136,26.96632],[95.2106,26.966],[95.21035,26.96616],[95.20957,26.9674],[95.20915,26.9676],[95.20792,26.96787],[95.20666,26.96849],[95.20615,26.96903],[95.20644,26.96989],[95.20618,26.9701],[95.20593,26.97009],[95.20572,26.96993],[95.20527,26.96939],[95.20499,26.96924],[95.20479,26.96935],[95.20493,26.96984],[95.20544,26.9704],[95.20547,26.97064],[95.20407,26.97096],[95.20339,26.97122],[95.20306,26.97142],[95.20298,26.97166],[95.20336,26.97277],[95.20394,26.97376],[95.20387,26.97409],[95.20291,26.97421],[95.20104,26.97411],[95.20096,26.9743],[95.20181,26.9754],[95.20097,26.9766],[95.20091,26.97724],[95.20106,26.97745],[95.20187,26.97794],[95.20266,26.97819],[95.20287,26.97816],[95.20281,26.97755],[95.20325,26.97737],[95.20373,26.97746],[95.20394,26.97773],[95.20341,26.97823],[95.20394,26.97868],[95.20445,26.97881],[95.20459,26.97898],[95.20438,26.97926],[95.20288,26.97965],[95.20233,26.97993],[95.20225,26.98005],[95.20268,26.98082],[95.20272,26.98133],[95.20234,26.98184],[95.20124,26.98256],[95.20074,26.98267],[95.20082,26.98206],[95.2006,26.98151],[95.20003,26.98099],[95.19968,26.981],[95.19888,26.98148],[95.19761,26.98268],[95.19672,26.98308],[95.19653,26.98306],[95.1956,26.98186],[95.19526,26.98179],[95.19463,26.9821],[95.19454,26.98234],[95.19462,26.98271],[95.19443,26.9831],[95.19399,26.9834],[95.19271,26.98364],[95.19265,26.98377],[95.1928,26.98434],[95.19272,26.98465],[95.19237,26.98458],[95.19183,26.9842],[95.19167,26.9842],[95.1916,26.98434],[95.19168,26.98493],[95.19139,26.98563],[95.19154,26.98576],[95.19253,26.98586],[95.19264,26.98598],[95.19254,26.98667],[95.19218,26.98688],[95.1914,26.98657],[95.19108,26.98677],[95.19121,26.98833],[95.19105,26.98918],[95.19178,26.99108],[95.19134,26.99178],[95.19047,26.99195],[95.19025,26.99272],[95.1903,26.99304],[95.19119,26.99339],[95.19278,26.99346],[95.19271,26.9943],[95.19463,26.99444],[95.19508,26.99466],[95.19555,26.99522],[95.19616,26.99634],[95.19678,26.99645],[95.19704,26.99754],[95.19688,26.99837],[95.19698,27.00004],[95.1972,27.001],[95.19488,27.03263]]}},
{"type":"Feature","properties":{"kind":"state","name":"Manipur–Mizoram","src":"OSM relations 2027869 and 2029046","river":"19186","rlen":542},"geometry":{"type":"LineString","coordinates":[[93.00849,24.41186],[93.00829,24.41054],[93.00851,24.40911],[93.0094,24.40796],[93.01227,24.40559],[93.01529,24.40263],[93.0187,24.3985],[93.01886,24.39791],[93.01944,24.39677],[93.02041,24.39541],[93.02092,24.39483],[93.02191,24.39415],[93.02365,24.39339],[93.02459,24.39275],[93.02539,24.39176],[93.02581,24.39034],[93.02577,24.3897],[93.02558,24.38936],[93.02504,24.38903],[93.02448,24.3884],[93.02386,24.38735],[93.02289,24.38597],[93.01947,24.38485],[93.01885,24.38442],[93.01864,24.38401],[93.01855,24.38333],[93.01875,24.38134],[93.01926,24.37871],[93.01968,24.37719],[93.01954,24.37644],[93.01956,24.37601],[93.01974,24.37562],[93.02027,24.37516],[93.02069,24.37495],[93.02114,24.37446],[93.02135,24.37339],[93.02117,24.37244],[93.02046,24.37076],[93.01783,24.3657],[93.01754,24.36477],[93.01732,24.36271],[93.01744,24.36075],[93.01865,24.35735],[93.01833,24.35629],[93.01724,24.35441],[93.01691,24.35316],[93.01692,24.35235],[93.01722,24.35199],[93.01744,24.35146],[93.01751,24.35006],[93.01772,24.34929],[93.01798,24.34877],[93.01829,24.34842],[93.01913,24.34802],[93.02068,24.34758],[93.02133,24.34755],[93.0258,24.34618],[93.02655,24.3457],[93.02982,24.34447],[93.03084,24.34444],[93.03126,24.3445],[93.03181,24.34471],[93.03238,24.34505],[93.03305,24.34582],[93.03398,24.34629],[93.03511,24.3465],[93.03585,24.34642],[93.03632,24.34621],[93.03702,24.34527],[93.0382,24.34448],[93.03991,24.34366],[93.04046,24.34295],[93.04057,24.34183],[93.04044,24.33949],[93.04033,24.33916],[93.03984,24.33832],[93.03904,24.33727],[93.03842,24.33613],[93.03783,24.33538],[93.03754,24.33472],[93.03752,24.33439],[93.03716,24.33362],[93.03617,24.33227],[93.03598,24.33187],[93.03589,24.33087],[93.03596,24.3296],[93.03522,24.3252],[93.03352,24.3208],[93.03185,24.31824],[93.03072,24.31583],[93.02135,24.30003],[93.01967,24.29773],[93.0183,24.29619],[93.01397,24.29247],[93.00937,24.28889],[93.00865,24.28803],[93.00798,24.28682],[93.00727,24.2844],[93.00694,24.28205],[93.00694,24.27935],[93.00736,24.27733],[93.00802,24.2755],[93.00824,24.27506],[93.00911,24.27385],[93.00957,24.27351],[93.01143,24.27273],[93.01189,24.2724],[93.01215,24.27185],[93.01216,24.27122],[93.01177,24.27029],[93.00974,24.26703],[93.00619,24.26428],[93.00488,24.26277],[93.00383,24.26067],[93.00362,24.25954],[93.00341,24.25895],[93.00345,24.25804],[93.00362,24.25737],[93.00393,24.25662],[93.00449,24.25614],[93.00521,24.25593],[93.00547,24.2556],[93.00573,24.25501],[93.00617,24.25434],[93.00646,24.25152],[93.00726,24.24861],[93.00832,24.24623],[93.00928,24.24326],[93.00972,24.24258],[93.01109,24.24145],[93.01266,24.23982],[93.01496,24.23691],[93.01742,24.23524],[93.01885,24.23472],[93.02024,24.23461],[93.02126,24.23485],[93.0219,24.23554]]}},
{"type":"Feature","properties":{"kind":"state","name":"Manipur–Mizoram","src":"OSM relations 2027869 and 2029046"},"geometry":{"type":"LineString","coordinates":[[93.0219,24.23554],[93.0226,24.23603]]}},
{"type":"Feature","properties":{"kind":"state","name":"Manipur–Mizoram","src":"OSM relations 2027869 and 2029046","river":"18912","rlen":248},"geometry":{"type":"LineString","coordinates":[[93.0226,24.23603],[93.02297,24.23585],[93.0232,24.23556],[93.02352,24.23545],[93.0238,24.23523],[93.02401,24.23439],[93.02433,24.23373],[93.02428,24.23313],[93.02407,24.23293],[93.02365,24.23277],[93.02261,24.23279],[93.02177,24.23267],[93.02077,24.23243],[93.0202,24.23214],[93.01978,24.23156],[93.01958,24.23108],[93.01891,24.23034],[93.01853,24.22979],[93.01833,24.22932],[93.0178,24.2287],[93.01764,24.22778],[93.01707,24.22642],[93.01622,24.22527],[93.01586,24.22491],[93.01568,24.22457],[93.0157,24.22374],[93.01589,24.22314],[93.01619,24.2229],[93.0172,24.22262],[93.01793,24.22223],[93.01883,24.2212],[93.01933,24.22041],[93.01957,24.22022],[93.02041,24.21997],[93.02126,24.2194],[93.0217,24.2188],[93.02203,24.21849],[93.02226,24.21786],[93.02213,24.2174],[93.02116,24.21618],[93.02034,24.2139],[93.0203,24.21353],[93.02055,24.21282],[93.02047,24.21217],[93.01995,24.2101],[93.01897,24.20843],[93.01753,24.20668],[93.0171,24.2063],[93.01645,24.20554],[93.01623,24.20494],[93.01601,24.20295],[93.01605,24.20192],[93.01598,24.20148],[93.01579,24.20103],[93.01539,24.20043],[93.0147,24.19989],[93.01426,24.19925],[93.0127,24.19837],[93.01188,24.19796],[93.01138,24.19782],[93.01005,24.19766],[93.0083,24.19776],[93.00784,24.19789],[93.00649,24.19854],[93.00576,24.19856],[93.00545,24.1985],[93.00484,24.19816],[93.00426,24.19797],[93.00276,24.19815],[93.00227,24.19794],[93.0003,24.19804],[93.00006,24.19793],[92.99973,24.19744],[92.99946,24.19524],[92.99942,24.19389],[92.99949,24.19347],[92.99975,24.19288],[92.99996,24.19257],[93.00039,24.19215],[93.00107,24.19168],[93.00146,24.19125],[93.00326,24.18851],[93.00368,24.18804],[93.00397,24.18735],[93.00422,24.18633],[93.00446,24.18581],[93.00609,24.18457],[93.00739,24.18298],[93.00763,24.18246],[93.00763,24.18187],[93.00731,24.18017],[93.007,24.17943],[93.00698,24.17911],[93.00715,24.17882],[93.00704,24.17819],[93.00631,24.17712],[93.00599,24.17682],[93.00552,24.17657],[93.00514,24.17651],[93.00481,24.17636],[93.00449,24.17607],[93.00418,24.17538],[93.00337,24.17292],[93.0033,24.17219],[93.00337,24.17142],[93.00348,24.171],[93.00352,24.16962],[93.00408,24.16854],[93.00449,24.16813],[93.00487,24.16696],[93.0053,24.16597],[93.00547,24.16498],[93.00538,24.16391],[93.00547,24.1637],[93.00595,24.1632],[93.00625,24.16258],[93.00635,24.16198],[93.00629,24.16134],[93.00501,24.1593],[93.00465,24.15892],[93.00419,24.15805],[93.00388,24.15762],[93.00256,24.15678],[93.00181,24.15651],[93.00043,24.15582],[93.00018,24.15565],[92.99917,24.1546],[92.99764,24.15363],[92.99642,24.15323],[92.99531,24.15299],[92.99454,24.15275],[92.99377,24.15262],[92.99315,24.15264],[92.99227,24.15242],[92.99123,24.15175],[92.9901,24.15087],[92.98928,24.15011],[92.98856,24.14913],[92.98835,24.14865],[92.98823,24.14808],[92.98826,24.14775],[92.98867,24.14698],[92.98845,24.14588],[92.98852,24.14477],[92.98883,24.14395],[92.98931,24.14315],[92.98976,24.1422],[92.99043,24.14143],[92.99063,24.1411],[92.99112,24.13885],[92.99132,24.13841],[92.99128,24.13805],[92.99103,24.13715],[92.9906,24.13637],[92.98977,24.13536],[92.98895,24.13465],[92.98803,24.1337],[92.98761,24.13307],[92.98723,24.13208],[92.98718,24.1315],[92.98732,24.13022],[92.98724,24.12988],[92.98703,24.12948],[92.98594,24.12832],[92.98558,24.12761],[92.98549,24.12728],[92.98461,24.12623],[92.98412,24.12546],[92.98367,24.12508],[92.98268,24.12484],[92.98133,24.12488],[92.97748,24.12557],[92.97617,24.1257],[92.97518,24.1256],[92.97429,24.12529],[92.97397,24.12475],[92.97342,24.12269],[92.97323,24.12239],[92.97221,24.12157],[92.97202,24.12133],[92.97132,24.12088],[92.97088,24.1202],[92.97076,24.11976],[92.97081,24.11926],[92.97114,24.11798],[92.97141,24.11732],[92.97196,24.11631],[92.9726,24.11444],[92.97267,24.11399],[92.97258,24.11305],[92.97269,24.11271],[92.97288,24.11255],[92.97387,24.11226],[92.97511,24.11218],[92.97742,24.11223],[92.98125,24.11266],[92.98252,24.11289],[92.98343,24.11322],[92.98441,24.11342],[92.98494,24.11361],[92.98532,24.11383],[92.98579,24.11425],[92.98728,24.1149],[92.98898,24.11522],[92.99019,24.11569],[92.99058,24.11576],[92.99139,24.11563],[92.99195,24.11533],[92.99387,24.11465],[92.99524,24.11372],[92.99665,24.11317],[92.99737,24.1126],[92.99859,24.11188],[93.00068,24.11118],[93.00155,24.11075],[93.00278,24.10995],[93.0035,24.10957],[93.00399,24.10914],[93.00449,24.10883],[93.00551,24.10781],[93.00589,24.10762],[93.00755,24.10721],[93.00848,24.10718],[93.00991,24.10739],[93.01034,24.10735],[93.01073,24.10717],[93.01106,24.1066],[93.01096,24.10588],[93.01131,24.10496],[93.01182,24.10406],[93.01206,24.10326],[93.01255,24.1021],[93.01283,24.10169],[93.01342,24.10133],[93.016,24.10076],[93.01782,24.10051],[93.01839,24.10055],[93.0189,24.10076],[93.01944,24.10112],[93.02003,24.10127],[93.0205,24.10116],[93.02107,24.10092],[93.02185,24.10024],[93.02218,24.10007],[93.02297,24.09999],[93.0239,24.10013],[93.02454,24.10053],[93.02582,24.1011],[93.02652,24.10119],[93.02721,24.10106],[93.02768,24.1008],[93.02883,24.09992],[93.03001,24.09946],[93.03093,24.09853],[93.03139,24.09821],[93.03482,24.09718],[93.03557,24.09688],[93.03576,24.09665],[93.03587,24.09623],[93.03599,24.09452],[93.03668,24.0936],[93.03717,24.09264],[93.03761,24.09233],[93.03837,24.09211],[93.0393,24.09204],[93.04014,24.0923],[93.04087,24.09287],[93.04137,24.093],[93.0418,24.09293],[93.04348,24.09189],[93.0453,24.09109],[93.04626,24.09024],[93.04679,24.09009],[93.04749,24.09007],[93.04888,24.09039],[93.04995,24.09079],[93.05049,24.09076],[93.05139,24.09064],[93.05153,24.09048],[93.0518,24.08987],[93.05233,24.08953],[93.05277,24.08952],[93.05317,24.08958],[93.05555,24.09029],[93.05669,24.09045],[93.05876,24.09143],[93.05975,24.09154],[93.06063,24.09153],[93.06155,24.09177],[93.06369,24.09279],[93.06418,24.09309],[93.06528,24.09413],[93.06625,24.09527],[93.06713,24.0967],[93.06773,24.09742],[93.06907,24.09839],[93.06997,24.09884],[93.07079,24.0994],[93.07171,24.09986],[93.07325,24.10018],[93.07386,24.10017],[93.07441,24.09996],[93.07512,24.09991],[93.07548,24.10012],[93.07555,24.10062],[93.07551,24.10142],[93.0756,24.10162],[93.07589,24.10179],[93.07653,24.10178],[93.07772,24.10157],[93.07824,24.10172],[93.07919,24.10156],[93.07966,24.10133],[93.07976,24.1012],[93.07994,24.10073],[93.08015,24.09961],[93.08043,24.09866],[93.08047,24.09773],[93.08038,24.09729],[93.08015,24.09679],[93.08011,24.09629],[93.08016,24.09604],[93.0806,24.09564],[93.08052,24.09461],[93.08058,24.09427],[93.08106,24.09393],[93.08139,24.09381],[93.0821,24.09376],[93.08251,24.09386],[93.08279,24.09381],[93.08289,24.09367],[93.08295,24.09252],[93.08244,24.09173],[93.08235,24.09127],[93.08245,24.09069],[93.08274,24.09001],[93.08302,24.08891],[93.08324,24.08849],[93.08451,24.08737],[93.08532,24.08628],[93.086,24.08504],[93.08653,24.08465],[93.0873,24.08433],[93.0874,24.08393],[93.08756,24.08375],[93.08765,24.08347],[93.08779,24.08279],[93.08785,24.08219],[93.08776,24.0817],[93.08832,24.08089],[93.08863,24.08067],[93.08916,24.08042],[93.08982,24.08036],[93.09077,24.08051],[93.09132,24.08048],[93.09187,24.08031],[93.09275,24.07974],[93.09324,24.07956],[93.09344,24.07932],[93.09355,24.079],[93.09352,24.07838],[93.09365,24.07783],[93.09387,24.07724],[93.09443,24.07629],[93.09527,24.07544],[93.09655,24.07461],[93.0967,24.0744],[93.09681,24.07393],[93.09803,24.07294],[93.09823,24.07247],[93.09834,24.07168],[93.09836,24.06943],[93.0983,24.06883],[93.09842,24.0682],[93.09829,24.0674],[93.09831,24.06605],[93.09868,24.0642],[93.09889,24.06381],[93.09917,24.06363],[93.09993,24.06357],[93.10005,24.06349],[93.10016,24.06308],[93.10009,24.06264],[93.09964,24.06208],[93.09935,24.06187],[93.09816,24.06133],[93.0979,24.06099],[93.09772,24.06046],[93.0977,24.06008],[93.09791,24.05935],[93.09791,24.059],[93.09767,24.05821],[93.09746,24.0579],[93.09728,24.05668],[93.09749,24.0557],[93.09751,24.05508],[93.0976,24.05486],[93.09789,24.05469],[93.09851,24.05454],[93.09944,24.05449],[93.10029,24.05422],[93.10072,24.05365],[93.1014,24.05327],[93.10154,24.0529],[93.10154,24.05268],[93.10136,24.05194],[93.10121,24.05163],[93.10099,24.05143],[93.10048,24.05108],[93.09987,24.05085],[93.09939,24.05054],[93.09868,24.04976],[93.09843,24.04959],[93.09772,24.04943],[93.0974,24.04897],[93.09724,24.0482],[93.09743,24.04752],[93.09764,24.04623],[93.09778,24.04461],[93.09764,24.04436],[93.09742,24.04419]]}},
{"type":"Feature","properties":{"kind":"state","name":"Manipur–Mizoram","src":"OSM relations 2027869 and 2029046"},"geometry":{"type":"LineString","coordinates":[[93.09742,24.04419],[93.09694,24.0447],[93.09702,24.04384],[93.0992,24.04338],[93.10016,24.0435],[93.1006,24.04391],[93.10101,24.0441],[93.10142,24.04454],[93.1009,24.04545],[93.10308,24.04657],[93.10321,24.04697],[93.10314,24.04723],[93.10268,24.04791],[93.10261,24.04826],[93.10383,24.04979],[93.10436,24.05012],[93.10513,24.04985],[93.10565,24.04886],[93.10632,24.04846],[93.10658,24.04857],[93.10689,24.04966],[93.10726,24.04974],[93.10804,24.05016],[93.10891,24.05029],[93.10918,24.05092],[93.11042,24.05219],[93.11048,24.05284],[93.11072,24.05303],[93.11171,24.05319],[93.11202,24.05345],[93.1121,24.05418],[93.11227,24.05442],[93.11279,24.0543],[93.11356,24.05389],[93.11383,24.05388],[93.11408,24.05411],[93.11404,24.05487],[93.11385,24.0556],[93.11445,24.05578],[93.11799,24.05577],[93.11811,24.05625],[93.11701,24.05686],[93.11706,24.05729],[93.11793,24.05778],[93.11874,24.05781],[93.11907,24.05793],[93.11926,24.05816],[93.11925,24.05841],[93.1185,24.05872],[93.1182,24.05894],[93.11818,24.05913],[93.1186,24.05921],[93.12012,24.05867],[93.12113,24.05853],[93.12132,24.05885],[93.12113,24.05918],[93.12031,24.05971],[93.11967,24.06051],[93.12379,24.06055],[93.12542,24.06187],[93.12692,24.06373],[93.12784,24.06453],[93.12825,24.06547],[93.12814,24.06704],[93.12838,24.06772],[93.12876,24.06831],[93.12928,24.0687],[93.12977,24.0689],[93.13007,24.06986],[93.13031,24.07021],[93.13117,24.07056],[93.13168,24.07103],[93.13198,24.07154],[93.13097,24.07262],[93.131,24.07292],[93.13284,24.07548],[93.13316,24.07609],[93.13346,24.07687],[93.13338,24.07773],[93.1337,24.07891],[93.13417,24.07969],[93.13516,24.08038],[93.13591,24.08071],[93.13735,24.08314],[93.13829,24.08369],[93.13876,24.08428],[93.13994,24.0849],[93.13997,24.08606],[93.13979,24.08669],[93.13988,24.08716],[93.14044,24.08792],[93.1411,24.08773],[93.14153,24.0871],[93.14207,24.08659],[93.14288,24.08604],[93.14361,24.08581],[93.14733,24.08534],[93.15007,24.08428],[93.15076,24.08375],[93.15084,24.08275],[93.15117,24.08244],[93.15351,24.08165],[93.1543,24.08101],[93.1546,24.08011],[93.15567,24.07789],[93.15696,24.07717],[93.15803,24.07679],[93.16099,24.07354],[93.16166,24.07339],[93.16254,24.07342],[93.16318,24.07368],[93.16535,24.0738],[93.16567,24.07331],[93.1655,24.07246],[93.16569,24.07215],[93.16651,24.07184],[93.16653,24.07101],[93.16569,24.06874],[93.16477,24.06751],[93.16466,24.06584],[93.1649,24.06494],[93.16492,24.06426],[93.16473,24.06339],[93.16426,24.0623],[93.16329,24.06092],[93.16303,24.06014],[93.16305,24.05926],[93.16381,24.05771],[93.16329,24.05628],[93.16327,24.05536],[93.16468,24.05401],[93.16522,24.05203],[93.16661,24.05213],[93.16662,24.05171]]}},
{"type":"Feature","properties":{"kind":"state","name":"Manipur–Mizoram","src":"OSM relations 2027869 and 2029046","river":"18912","rlen":248},"geometry":{"type":"LineString","coordinates":[[93.16662,24.05171],[93.16715,24.05172],[93.16754,24.0519],[93.16829,24.05207],[93.16923,24.05197],[93.17001,24.05227],[93.17058,24.05265],[93.17097,24.0527],[93.1719,24.05259],[93.17235,24.05264],[93.17288,24.05281],[93.1747,24.05311],[93.17645,24.0535],[93.17797,24.05399],[93.18007,24.05435],[93.18113,24.05436],[93.1832,24.0542],[93.18443,24.05434],[93.18509,24.0543],[93.18577,24.05413],[93.18652,24.05422],[93.18738,24.05419],[93.18928,24.05299],[93.1904,24.05268],[93.19102,24.05228],[93.19221,24.0519],[93.19291,24.05184],[93.19393,24.05194],[93.19543,24.05186],[93.19595,24.05159],[93.19625,24.05112],[93.19675,24.05095],[93.19709,24.05091],[93.1979,24.05108],[93.19861,24.05101],[93.1998,24.05116],[93.20107,24.05104],[93.20147,24.05113],[93.2019,24.05111],[93.20314,24.05062],[93.20372,24.05048],[93.20493,24.04964],[93.20619,24.04947],[93.20688,24.04953],[93.20885,24.04891],[93.20976,24.04873],[93.21033,24.04876],[93.21203,24.04932],[93.21235,24.04947],[93.21293,24.05005],[93.21356,24.05121],[93.214,24.05187],[93.21439,24.05224],[93.21471,24.05276],[93.21484,24.05328],[93.21503,24.05353],[93.21516,24.05365],[93.21579,24.05383],[93.21594,24.05399],[93.21616,24.05481],[93.2166,24.05596],[93.21678,24.05628],[93.21717,24.05666],[93.21734,24.05746],[93.21817,24.05907],[93.21852,24.05949],[93.21921,24.05988],[93.21978,24.06075],[93.22009,24.06141],[93.22032,24.06219],[93.22056,24.06256],[93.22069,24.06306],[93.22069,24.06382],[93.2212,24.06504],[93.22121,24.06579],[93.22142,24.06617],[93.22161,24.06726],[93.22152,24.06882],[93.22231,24.06982],[93.22266,24.07036],[93.22274,24.07061],[93.22273,24.07164],[93.22226,24.07261],[93.22235,24.0734],[93.22213,24.07424],[93.22163,24.07497],[93.22098,24.07564],[93.22026,24.07614],[93.21989,24.07687],[93.21893,24.07831],[93.21855,24.07929],[93.21856,24.07977],[93.21885,24.08139],[93.21932,24.08222],[93.21971,24.08323],[93.22003,24.08358],[93.22112,24.08425],[93.22289,24.08486],[93.22498,24.08466],[93.22637,24.08423],[93.22726,24.08378],[93.22845,24.08364],[93.23056,24.08299],[93.23205,24.08242],[93.23271,24.08245],[93.23364,24.08268],[93.23484,24.08264],[93.23522,24.0827],[93.23576,24.08288],[93.23732,24.08323],[93.23769,24.08338],[93.23818,24.08344],[93.23892,24.0833],[93.24009,24.08272],[93.24128,24.08238],[93.24175,24.08245],[93.24206,24.08266],[93.24254,24.08284],[93.24313,24.08288],[93.24356,24.08254],[93.24399,24.08205],[93.24432,24.0819],[93.24507,24.08177],[93.24586,24.08174],[93.24702,24.08148],[93.24785,24.08141],[93.24869,24.08117],[93.2497,24.08072],[93.25048,24.08064],[93.25084,24.08048],[93.251,24.08025],[93.25124,24.07946],[93.25122,24.07888],[93.2514,24.07831],[93.25194,24.07779],[93.25218,24.07736],[93.25394,24.07662],[93.25484,24.07603],[93.25601,24.07454],[93.25654,24.0731],[93.25694,24.07269],[93.2595,24.07159],[93.26027,24.07134],[93.26065,24.07112],[93.26105,24.07072],[93.26137,24.06956],[93.26144,24.06794],[93.26137,24.06607],[93.26087,24.06428],[93.2608,24.06366],[93.26086,24.06266],[93.26132,24.0613],[93.26176,24.0609],[93.26283,24.05963],[93.26334,24.05874],[93.26338,24.05837],[93.26318,24.05798],[93.2621,24.0572],[93.26067,24.05695],[93.25978,24.05644],[93.2589,24.05564],[93.2587,24.05529],[93.25818,24.05328],[93.25726,24.05207],[93.25677,24.05127],[93.25653,24.05045],[93.25641,24.04969],[93.25633,24.04889],[93.25636,24.0476],[93.25613,24.04692],[93.2557,24.0463],[93.25471,24.04602],[93.25444,24.04564],[93.25402,24.04355],[93.25374,24.0428],[93.25344,24.04103],[93.25243,24.03939],[93.25228,24.0379],[93.25208,24.03707],[93.2517,24.03578],[93.25099,24.03386],[93.2508,24.03241],[93.25091,24.03192],[93.25164,24.03046],[93.25202,24.02992],[93.25306,24.0295],[93.2544,24.02938],[93.25491,24.02926],[93.25517,24.02909],[93.25537,24.0279],[93.25526,24.02644],[93.25514,24.02609],[93.25446,24.02446],[93.25417,24.02397],[93.25361,24.02361],[93.25317,24.02321],[93.25283,24.02255],[93.25272,24.02212],[93.25281,24.02188],[93.25322,24.0216],[93.25352,24.02149],[93.25397,24.02151],[93.25441,24.02188],[93.25485,24.02207],[93.25523,24.02266],[93.25581,24.02438],[93.25707,24.02577],[93.25771,24.02616],[93.25855,24.02652],[93.26004,24.02702],[93.26051,24.02735],[93.26248,24.02828],[93.26308,24.02863],[93.26402,24.0288],[93.26469,24.02916],[93.26515,24.02973],[93.26618,24.03045],[93.26787,24.03133],[93.26964,24.03254],[93.27069,24.03347],[93.27208,24.0353],[93.27257,24.03577],[93.27299,24.0364],[93.27332,24.03664],[93.27348,24.03695],[93.27363,24.03803],[93.27309,24.03888],[93.27318,24.03976],[93.27334,24.04015],[93.27485,24.04037],[93.27733,24.04167],[93.27804,24.04195],[93.2788,24.0425],[93.27939,24.04277],[93.27984,24.04283],[93.28111,24.04269],[93.28205,24.04302],[93.28227,24.04335],[93.28258,24.04457],[93.28271,24.04564],[93.28285,24.04604],[93.2832,24.04659],[93.28353,24.04681],[93.28392,24.04696],[93.28458,24.04694],[93.28546,24.04707],[93.28575,24.04741],[93.28643,24.04781],[93.28664,24.04806],[93.28679,24.04842],[93.28684,24.04896],[93.28663,24.0495],[93.28625,24.04988],[93.28589,24.05008],[93.28569,24.05044],[93.28554,24.05106],[93.28563,24.05196],[93.28574,24.05217],[93.28613,24.0526],[93.28632,24.05268],[93.28679,24.05277],[93.28723,24.05297],[93.28827,24.05295],[93.28879,24.05266],[93.28943,24.05203],[93.28963,24.05161],[93.28972,24.05106],[93.29,24.05067],[93.29177,24.0494],[93.29301,24.04905],[93.29413,24.04899],[93.295,24.0493],[93.29576,24.04937],[93.29675,24.04968],[93.29708,24.04986],[93.2975,24.05043],[93.29779,24.05064],[93.29879,24.05074],[93.29931,24.05089],[93.2999,24.05126],[93.30073,24.05158],[93.30139,24.05204],[93.30195,24.05255],[93.30219,24.05304],[93.30239,24.05322],[93.30274,24.05328],[93.30306,24.05321],[93.30352,24.053],[93.30409,24.05258],[93.30479,24.05247],[93.30604,24.05264],[93.30819,24.05255],[93.30873,24.05265],[93.30982,24.05319],[93.31034,24.05324],[93.31061,24.05312],[93.31082,24.05289],[93.31142,24.05268],[93.31358,24.05262],[93.31454,24.05214],[93.31531,24.05212],[93.31609,24.05271],[93.31626,24.05304],[93.31694,24.0535],[93.31746,24.0536],[93.31783,24.05357],[93.31826,24.05331],[93.31871,24.05276],[93.31896,24.05209],[93.31919,24.05174],[93.32107,24.05057],[93.32141,24.05051],[93.32184,24.05031],[93.32222,24.0499],[93.32239,24.04921],[93.32301,24.04876],[93.32412,24.04842],[93.32458,24.0485],[93.32509,24.04869]]}},
{"type":"Feature","properties":{"kind":"state","name":"Manipur–Mizoram","src":"OSM relations 2027869 and 2029046"},"geometry":{"type":"LineString","coordinates":[[93.32509,24.04869],[93.32513,24.04858]]}},
{"type":"Feature","properties":{"kind":"state","name":"Manipur–Nagaland","src":"OSM relations 2027869 and 2027973"},"geometry":{"type":"LineString","coordinates":[[94.68165,25.45681],[94.66595,25.45544],[94.61048,25.47265],[94.55649,25.51196],[94.55641,25.5126],[94.55616,25.51249]]}},
{"type":"Feature","properties":{"kind":"state","name":"Manipur–Nagaland","src":"OSM relations 2027869 and 2027973","river":"1024","rlen":24},"geometry":{"type":"LineString","coordinates":[[94.55616,25.51249],[94.55575,25.5132],[94.55569,25.51365],[94.55604,25.51418],[94.55724,25.51516],[94.5574,25.5155],[94.55713,25.51755],[94.55691,25.5185],[94.55695,25.51908],[94.5571,25.51946],[94.55735,25.51971],[94.55798,25.52002],[94.5582,25.52006],[94.55876,25.51994],[94.55965,25.52019],[94.55996,25.52057],[94.56009,25.52096],[94.56004,25.52146],[94.55977,25.52197],[94.55932,25.52206],[94.55817,25.52212],[94.55778,25.52224],[94.55682,25.52284],[94.55599,25.52378],[94.55529,25.525],[94.55498,25.52572],[94.55488,25.52615],[94.55486,25.52699],[94.55443,25.52831],[94.5545,25.52926],[94.55473,25.52991],[94.55496,25.53023],[94.55626,25.53143],[94.55697,25.53199],[94.55815,25.53263],[94.55919,25.53294],[94.56063,25.53322],[94.56096,25.53342],[94.56127,25.53389],[94.56133,25.53425],[94.56123,25.53495],[94.56104,25.53528],[94.56052,25.53584],[94.55967,25.53638],[94.55872,25.53663],[94.55836,25.53681],[94.55787,25.53722],[94.55772,25.53812],[94.55813,25.53957],[94.55884,25.54039],[94.55931,25.54149],[94.55999,25.54237],[94.56141,25.5434],[94.56163,25.54342],[94.56221,25.54366],[94.56264,25.54393],[94.56357,25.54669],[94.56376,25.54707],[94.56403,25.54735],[94.56416,25.54745],[94.56479,25.54726],[94.56571,25.54712],[94.56612,25.54712],[94.56636,25.54725],[94.56688,25.54787],[94.56698,25.54814],[94.56693,25.54837],[94.56638,25.54911],[94.56585,25.55027],[94.565,25.55109],[94.56394,25.55186],[94.56326,25.55212],[94.56221,25.55208],[94.56149,25.55217],[94.56134,25.55229],[94.56114,25.55274],[94.56038,25.55336],[94.55886,25.55286],[94.55824,25.55279],[94.55793,25.55282],[94.55743,25.55311],[94.55683,25.5537],[94.55627,25.55431],[94.55589,25.55491],[94.55586,25.55523],[94.55613,25.55583],[94.55751,25.55688],[94.55819,25.5578],[94.56007,25.55887],[94.56055,25.55933],[94.56226,25.56061],[94.56297,25.56137],[94.56408,25.56302],[94.56426,25.56369],[94.5642,25.56456],[94.56399,25.56489],[94.56364,25.56491],[94.56205,25.56445],[94.56029,25.56414],[94.55954,25.5644],[94.55934,25.56455],[94.55899,25.56577],[94.55888,25.56659],[94.55886,25.5677],[94.55915,25.56858],[94.55994,25.57006],[94.56095,25.57171],[94.56136,25.57258],[94.56152,25.57308],[94.56145,25.57347],[94.56117,25.57373],[94.56034,25.57418],[94.55947,25.57445],[94.55898,25.57454],[94.55837,25.57445],[94.5574,25.57445],[94.5562,25.57477],[94.5558,25.57498],[94.55557,25.57529],[94.55533,25.57662],[94.55522,25.57699],[94.55501,25.5773],[94.55454,25.57769],[94.55285,25.57801],[94.55236,25.57823],[94.55108,25.57958],[94.55101,25.58009],[94.5511,25.58029],[94.55136,25.58051],[94.55219,25.58094],[94.55609,25.58165],[94.55714,25.58192],[94.55769,25.58241],[94.55813,25.58313],[94.55816,25.58355],[94.55791,25.58505],[94.55894,25.58679],[94.55958,25.58815],[94.55969,25.58855],[94.55957,25.58871],[94.55938,25.5887],[94.55886,25.58832],[94.55828,25.58824],[94.55764,25.58848],[94.55705,25.58919],[94.55654,25.59021],[94.5564,25.5909],[94.55641,25.59128],[94.55659,25.59177],[94.55702,25.59217],[94.5576,25.59236],[94.5582,25.59236],[94.55861,25.59271],[94.56005,25.59406],[94.56085,25.59511],[94.56083,25.59536],[94.5607,25.59564],[94.55978,25.5964],[94.55943,25.59689],[94.55938,25.59742],[94.55952,25.59809],[94.55966,25.59833],[94.55994,25.59851],[94.56021,25.59849],[94.56082,25.59784],[94.56108,25.59777],[94.56146,25.59779],[94.56266,25.59803],[94.5633,25.59795],[94.56378,25.59782],[94.56497,25.59713],[94.56527,25.59706],[94.56597,25.59708],[94.56637,25.59724],[94.56658,25.5974],[94.56676,25.59791],[94.56646,25.59916],[94.5659,25.60065],[94.56443,25.60229],[94.56442,25.60267],[94.56457,25.60297],[94.56605,25.60396],[94.56722,25.60457],[94.56801,25.60487],[94.56926,25.60515],[94.5718,25.60513],[94.57229,25.60539],[94.57248,25.6056],[94.57261,25.606],[94.57169,25.60612],[94.57109,25.60642],[94.57077,25.60678],[94.5708,25.60708],[94.57122,25.60765],[94.57185,25.60877],[94.57209,25.60943],[94.57246,25.61124],[94.57264,25.61151],[94.57327,25.61199],[94.57449,25.61261],[94.57479,25.61286],[94.57598,25.61491],[94.5767,25.61644],[94.57683,25.61691],[94.57666,25.61738],[94.57606,25.61815],[94.57563,25.61884],[94.57523,25.62004],[94.57514,25.62077],[94.57534,25.62223],[94.57531,25.62343],[94.57596,25.62422],[94.57663,25.62461],[94.57983,25.62543],[94.57984,25.62848],[94.58023,25.629],[94.58148,25.63016],[94.582,25.63034],[94.58389,25.63032],[94.58427,25.6305],[94.58448,25.6307],[94.5844,25.63106],[94.58356,25.63193],[94.5831,25.63276],[94.58284,25.63392],[94.58292,25.63445],[94.58309,25.63474],[94.58362,25.63513],[94.5844,25.63547],[94.58512,25.63543],[94.58569,25.63523],[94.58597,25.63505],[94.58607,25.63474],[94.58573,25.6336],[94.58577,25.63316],[94.58593,25.63288],[94.5861,25.63275],[94.58673,25.63274],[94.58719,25.63296],[94.58797,25.63356],[94.58896,25.63466],[94.58928,25.63529],[94.58935,25.6364],[94.58953,25.63678],[94.59018,25.63685],[94.59046,25.63666],[94.59058,25.6355],[94.59074,25.63526],[94.59104,25.63521],[94.59142,25.63492],[94.59209,25.63463],[94.59241,25.6346],[94.59271,25.63472],[94.59308,25.63505],[94.59326,25.63548],[94.59325,25.63647],[94.59349,25.63729],[94.59344,25.63792]]}},
{"type":"Feature","properties":{"kind":"state","name":"Manipur–Nagaland","src":"OSM relations 2027869 and 2027973"},"geometry":{"type":"LineString","coordinates":[[94.59344,25.63792],[94.59298,25.63791]]}},
{"type":"Feature","properties":{"kind":"state","name":"Manipur–Nagaland","src":"OSM relations 2027869 and 2027973","river":"1044","rlen":198},"geometry":{"type":"LineString","coordinates":[[94.59298,25.63791],[94.59285,25.63791],[94.5915,25.63838],[94.58967,25.64011],[94.58881,25.64051],[94.58801,25.64068],[94.5867,25.64051],[94.58569,25.64011],[94.5853,25.64015],[94.58441,25.6404],[94.58331,25.64048],[94.58025,25.63997],[94.57981,25.6398],[94.57897,25.63922],[94.57648,25.63808],[94.57594,25.63797],[94.57484,25.63789],[94.57413,25.63758],[94.57342,25.63749],[94.57321,25.63758],[94.57309,25.63795],[94.57321,25.63886],[94.57316,25.63942],[94.57285,25.64003],[94.5723,25.64078],[94.57212,25.64152],[94.57222,25.64188],[94.57275,25.64208],[94.57497,25.64236],[94.57561,25.64257],[94.57619,25.64364],[94.57654,25.64488],[94.57651,25.64539],[94.57634,25.6458],[94.57606,25.64605],[94.57571,25.64614],[94.57435,25.64611],[94.57401,25.64632],[94.57378,25.64669],[94.57373,25.6472],[94.57462,25.64892],[94.57519,25.64954],[94.57604,25.65012],[94.57661,25.65026],[94.57838,25.6502],[94.57942,25.6503],[94.58011,25.65066],[94.58044,25.65104],[94.58043,25.65135],[94.5801,25.65169],[94.57738,25.65315],[94.57701,25.65347],[94.57665,25.65393],[94.57618,25.65498],[94.57618,25.65532],[94.5764,25.65563],[94.57661,25.65582],[94.57707,25.65599],[94.57964,25.65594],[94.58308,25.65603],[94.58371,25.65622],[94.58394,25.65646],[94.584,25.65706],[94.58379,25.65743],[94.58314,25.6581],[94.58251,25.65855],[94.58053,25.65954],[94.57938,25.66052],[94.57895,25.6606],[94.57863,25.66078],[94.57846,25.66104],[94.57842,25.66129],[94.57849,25.66167],[94.57868,25.66203],[94.57903,25.66235],[94.58018,25.66285],[94.58154,25.6632],[94.58301,25.66338],[94.58341,25.66341],[94.58398,25.66332],[94.58471,25.66269],[94.58507,25.6627],[94.58622,25.6632],[94.58645,25.6635],[94.58664,25.66394],[94.5867,25.66451],[94.5866,25.66501],[94.58641,25.66535],[94.58591,25.66591],[94.58496,25.6665],[94.58459,25.66649],[94.58347,25.66622],[94.58162,25.66535],[94.58119,25.6653],[94.58099,25.66535],[94.58079,25.6657],[94.58077,25.6659],[94.58093,25.66677],[94.5812,25.66741],[94.58163,25.66802],[94.58195,25.66833],[94.5829,25.66897],[94.58334,25.66938],[94.58395,25.67053],[94.58434,25.67108],[94.58583,25.67252],[94.58722,25.674],[94.58766,25.6743],[94.5888,25.67473],[94.58932,25.67521],[94.58941,25.67543],[94.5894,25.67584],[94.58927,25.67644],[94.58879,25.6778],[94.58873,25.67857],[94.58883,25.67951],[94.58915,25.68064],[94.58977,25.68158],[94.59048,25.68212],[94.59121,25.68251],[94.59214,25.68266],[94.59277,25.68269],[94.59417,25.68257],[94.59495,25.68238],[94.5956,25.68202],[94.59607,25.68192],[94.59637,25.68198],[94.59648,25.68263],[94.59626,25.68333],[94.59578,25.68415],[94.59475,25.6852],[94.59451,25.68535],[94.59416,25.68545],[94.59341,25.68542],[94.59262,25.68557],[94.59152,25.68633],[94.59078,25.68672],[94.58936,25.6872],[94.58896,25.68747],[94.58855,25.68751],[94.58645,25.68601],[94.58516,25.68483],[94.58472,25.68474],[94.58428,25.68478],[94.58326,25.68552],[94.5821,25.68682],[94.5816,25.6872],[94.58005,25.6889],[94.57915,25.68972],[94.57738,25.69074],[94.57675,25.6909],[94.57546,25.69094],[94.57452,25.69118],[94.57244,25.69188],[94.57177,25.69181],[94.56996,25.69145],[94.56935,25.69105],[94.56822,25.68988],[94.56763,25.68942],[94.56711,25.68911],[94.56564,25.68852],[94.56376,25.68762],[94.5633,25.68706],[94.56289,25.68603],[94.5624,25.68567],[94.56092,25.68418],[94.56061,25.68381],[94.56023,25.68299],[94.56011,25.68255],[94.56008,25.68164],[94.56041,25.68082],[94.56099,25.67987],[94.56157,25.67954],[94.56205,25.67914],[94.56267,25.67838],[94.5633,25.67742],[94.56362,25.67657],[94.56356,25.67557],[94.56337,25.67511],[94.56306,25.67471],[94.56252,25.67423],[94.5621,25.67399],[94.56101,25.67418],[94.56058,25.67401],[94.56015,25.67357],[94.55936,25.67245],[94.55902,25.67219],[94.55876,25.67217],[94.55842,25.67229],[94.55819,25.67248],[94.55774,25.67324],[94.55732,25.67349],[94.55686,25.67331],[94.55626,25.67288],[94.55601,25.67259],[94.55565,25.67179],[94.55496,25.6712],[94.55356,25.67091],[94.55296,25.6711],[94.55255,25.67135],[94.55217,25.67131],[94.55161,25.67083],[94.55144,25.67036],[94.55165,25.66992],[94.55273,25.66891],[94.55273,25.66864],[94.55251,25.66834],[94.55187,25.66801],[94.55081,25.66769]]}},
{"type":"Feature","properties":{"kind":"state","name":"Manipur–Nagaland","src":"OSM relations 2027869 and 2027973"},"geometry":{"type":"LineString","coordinates":[[94.55081,25.66769],[94.55127,25.66535]]}},
{"type":"Feature","properties":{"kind":"state","name":"Manipur–Nagaland","src":"OSM relations 2027869 and 2027973","river":"1003","rlen":93},"geometry":{"type":"LineString","coordinates":[[94.55127,25.66535],[94.55117,25.66459],[94.55122,25.66359],[94.55138,25.66295],[94.55131,25.66276],[94.55106,25.66264],[94.54903,25.66242],[94.54869,25.66222],[94.54837,25.66182],[94.54832,25.66133],[94.54859,25.66084],[94.54993,25.66],[94.55038,25.65942],[94.55052,25.65859],[94.55035,25.65817],[94.54959,25.65731],[94.54775,25.65589],[94.54707,25.65564],[94.54556,25.65552],[94.54501,25.65555],[94.54463,25.65548],[94.54396,25.65489],[94.54328,25.65407],[94.54317,25.65355],[94.54321,25.65331],[94.54336,25.65308],[94.54371,25.65293],[94.54397,25.65293],[94.54457,25.65322],[94.54489,25.65328],[94.54526,25.65318],[94.54534,25.65281],[94.54527,25.65228],[94.54438,25.65176],[94.54396,25.6506],[94.54345,25.64979],[94.54326,25.64965],[94.54281,25.64952],[94.54215,25.64956],[94.54174,25.6497],[94.54057,25.65052],[94.54004,25.65065],[94.53927,25.64948],[94.53894,25.64855],[94.53873,25.64762],[94.53675,25.64701],[94.53621,25.64675],[94.53583,25.64638],[94.53566,25.64585],[94.53566,25.64529],[94.53599,25.64398],[94.53597,25.64359],[94.53576,25.64307],[94.53523,25.6425],[94.53358,25.64201],[94.53255,25.64197],[94.53184,25.64216],[94.53055,25.64286],[94.53026,25.64289],[94.52999,25.64279],[94.5299,25.64262],[94.52974,25.64114],[94.52983,25.63879],[94.52966,25.63771],[94.52931,25.6369],[94.52888,25.63682],[94.52536,25.63727],[94.52464,25.63713],[94.52343,25.63728],[94.5229,25.63749],[94.52259,25.63819],[94.52201,25.63879],[94.52159,25.63889],[94.52133,25.63881],[94.52083,25.63814],[94.5201,25.63739],[94.5199,25.63683],[94.51993,25.63651],[94.52011,25.63614],[94.52082,25.63542],[94.52093,25.63516],[94.52094,25.63498],[94.52067,25.63444],[94.52066,25.63348],[94.52059,25.63318],[94.51915,25.6317],[94.5183,25.62995],[94.51783,25.62936],[94.51745,25.6291],[94.51719,25.62903],[94.51591,25.62915],[94.515,25.62904],[94.51445,25.62888],[94.51397,25.62862],[94.51369,25.62828],[94.51367,25.62789],[94.51388,25.62765],[94.51431,25.62755],[94.51453,25.6274],[94.51465,25.62704],[94.51464,25.62667],[94.51456,25.62632],[94.51372,25.62551],[94.51267,25.62522],[94.51123,25.62501],[94.50968,25.62434],[94.5091,25.62386],[94.50873,25.62367],[94.50844,25.62362],[94.50776,25.62397],[94.50734,25.62391],[94.50714,25.62375],[94.50653,25.62186],[94.50647,25.62039],[94.50618,25.6194],[94.50601,25.61846],[94.50633,25.61754],[94.50673,25.61676],[94.50691,25.61584],[94.50654,25.61429],[94.50599,25.61352],[94.50558,25.61316],[94.50474,25.61266],[94.50409,25.61238],[94.50316,25.6122],[94.50175,25.61228],[94.50122,25.61238],[94.50083,25.61252],[94.50039,25.61283],[94.5,25.61298],[94.49954,25.61288],[94.49902,25.61257],[94.49865,25.61252],[94.49736,25.61258],[94.49549,25.61302],[94.4948,25.61295],[94.49456,25.61263],[94.49448,25.61215],[94.49461,25.61035],[94.49435,25.60938],[94.49395,25.60856],[94.4936,25.60822],[94.49287,25.60795],[94.49261,25.60796]]}},
{"type":"Feature","properties":{"kind":"state","name":"Manipur–Nagaland","src":"OSM relations 2027869 and 2027973"},"geometry":{"type":"LineString","coordinates":[[94.49261,25.60796],[94.49195,25.6081]]}},
{"type":"Feature","properties":{"kind":"state","name":"Manipur–Nagaland","src":"OSM relations 2027869 and 2027973","river":"999","rlen":29},"geometry":{"type":"LineString","coordinates":[[94.49195,25.6081],[94.49171,25.60846],[94.49088,25.60896],[94.49026,25.60948],[94.48885,25.61096],[94.48847,25.61115],[94.48789,25.61117],[94.48766,25.61138],[94.48752,25.61164],[94.48745,25.61216],[94.4875,25.61303],[94.48744,25.61344],[94.48714,25.61403],[94.4868,25.61427],[94.48627,25.61423],[94.4859,25.61411],[94.48564,25.61401],[94.48521,25.6137],[94.48468,25.61317],[94.48406,25.61213],[94.48386,25.61206],[94.48335,25.61218],[94.48287,25.61245],[94.48158,25.61368],[94.4807,25.61429],[94.47953,25.6147],[94.47842,25.61475],[94.47763,25.61445],[94.47665,25.61385],[94.4762,25.61374],[94.47552,25.61374],[94.47466,25.6139],[94.47353,25.61435],[94.47326,25.61449],[94.47273,25.615],[94.47243,25.61505],[94.47202,25.61497],[94.47144,25.61472],[94.47123,25.61443],[94.47089,25.61359],[94.47055,25.61334],[94.4703,25.61331],[94.47002,25.61337],[94.46953,25.61363],[94.46911,25.61407],[94.46902,25.61448],[94.46882,25.61486],[94.46856,25.61493],[94.46823,25.61465],[94.46789,25.61385],[94.46721,25.61334],[94.467,25.61302],[94.46663,25.61193],[94.46638,25.61155],[94.46599,25.61137],[94.46486,25.61133],[94.46457,25.61124],[94.46279,25.60959],[94.46105,25.60754],[94.46013,25.60683],[94.46005,25.60659],[94.46021,25.60594],[94.46016,25.6056],[94.45876,25.60438],[94.45685,25.60305],[94.45516,25.60232],[94.45404,25.60198],[94.45332,25.60152],[94.45213,25.60041],[94.45193,25.60016],[94.45177,25.59976],[94.45123,25.59923],[94.45063,25.59896],[94.44977,25.59815],[94.44908,25.59768],[94.44772,25.59762],[94.44699,25.59727],[94.44616,25.59708],[94.4458,25.59685],[94.44547,25.5963],[94.44483,25.59581],[94.44442,25.59431],[94.44443,25.59417],[94.44513,25.59293],[94.4453,25.5925],[94.44532,25.59223],[94.44501,25.59162],[94.44434,25.59099],[94.444,25.59087],[94.44273,25.59085],[94.44214,25.59154],[94.44175,25.59178],[94.44126,25.59184],[94.44018,25.59173],[94.43985,25.59176],[94.43876,25.5923],[94.43821,25.59244],[94.43797,25.59239],[94.43753,25.59215],[94.43736,25.59189],[94.43725,25.59144],[94.43701,25.59117],[94.43673,25.5912],[94.43628,25.59144],[94.43552,25.5913],[94.43491,25.5916],[94.43403,25.59163],[94.4339,25.59157],[94.43375,25.59133],[94.43358,25.59032],[94.43343,25.58989],[94.43322,25.58958],[94.43285,25.58949],[94.43215,25.58951],[94.43167,25.58964],[94.43123,25.58955],[94.43052,25.58905],[94.43,25.58848],[94.42933,25.58793],[94.42914,25.58763],[94.42869,25.58773],[94.42806,25.58823],[94.4274,25.58803],[94.42715,25.58784],[94.42709,25.58767],[94.4271,25.58743],[94.42733,25.58679],[94.42724,25.58659],[94.427,25.58643],[94.42621,25.58632],[94.42585,25.58638],[94.42543,25.58657],[94.42525,25.58651],[94.42513,25.58632],[94.42508,25.58604],[94.42522,25.58514],[94.42518,25.58418],[94.42498,25.58389],[94.42419,25.58353],[94.42382,25.5832],[94.42375,25.58303],[94.42385,25.58254],[94.42333,25.58147],[94.42292,25.58088],[94.42293,25.58069],[94.42322,25.5801],[94.42357,25.57899],[94.4234,25.57881],[94.42267,25.57867],[94.42238,25.57844],[94.42142,25.57683],[94.42109,25.57595],[94.42111,25.57575],[94.42126,25.57546],[94.42297,25.5741],[94.42309,25.57379],[94.42306,25.57357],[94.42276,25.5733],[94.4218,25.57297],[94.42107,25.57291],[94.42052,25.57315],[94.42032,25.57305],[94.42004,25.5724],[94.42008,25.57214],[94.42023,25.57192],[94.42057,25.5717],[94.42171,25.57168],[94.42186,25.57158],[94.42196,25.57132],[94.42183,25.5711],[94.42141,25.57087],[94.42069,25.57088],[94.41996,25.57062],[94.41939,25.56993],[94.41927,25.56957],[94.41921,25.56898],[94.41927,25.56878],[94.41945,25.56867],[94.42012,25.56869],[94.42038,25.56889],[94.42068,25.56951],[94.42109,25.56969],[94.4218,25.56922],[94.42226,25.5685],[94.42229,25.56804],[94.42198,25.56748],[94.42219,25.56667],[94.42185,25.56448],[94.42185,25.56391],[94.42226,25.5629],[94.42238,25.56277],[94.42311,25.56243],[94.42321,25.56229],[94.42322,25.56207],[94.42243,25.56175],[94.42209,25.56139],[94.42202,25.56112],[94.42218,25.56079],[94.42296,25.56048],[94.4233,25.56024],[94.42337,25.55998],[94.4234,25.5591],[94.42315,25.55853],[94.42264,25.558],[94.42219,25.55775],[94.42203,25.55745],[94.42206,25.55715],[94.42234,25.55651],[94.42238,25.55622],[94.42214,25.5551],[94.42179,25.55257],[94.4218,25.55236],[94.42199,25.55203],[94.42201,25.55143],[94.42184,25.55094],[94.42154,25.55046],[94.42102,25.54987],[94.42097,25.54896],[94.42087,25.54854],[94.42018,25.54735],[94.41964,25.54687],[94.4195,25.54661],[94.41948,25.546],[94.41919,25.5453],[94.41908,25.5448],[94.41917,25.5441],[94.4191,25.54372],[94.41846,25.54254],[94.41827,25.54193],[94.41816,25.54046],[94.41838,25.53879],[94.41819,25.53844],[94.41764,25.53785],[94.41692,25.53735],[94.41625,25.53628],[94.4139,25.53604],[94.41167,25.53748],[94.40942,25.53769],[94.4066,25.53692],[94.40351,25.53576],[94.40058,25.53406],[94.39967,25.53373],[94.39723,25.53382],[94.39473,25.53363],[94.39339,25.53371],[94.39269,25.53367],[94.38971,25.53282],[94.3881,25.53273],[94.38608,25.53232],[94.38537,25.53226],[94.38496,25.53213],[94.38312,25.53131],[94.38109,25.5302],[94.37918,25.52853],[94.37794,25.52783],[94.37689,25.52695],[94.37599,25.52588],[94.37572,25.52541],[94.37556,25.52477],[94.37545,25.52467],[94.37386,25.52371],[94.37216,25.52234],[94.37021,25.52114],[94.36962,25.52082],[94.36824,25.52034],[94.36788,25.52004],[94.36682,25.51869],[94.36617,25.51819],[94.36513,25.51759],[94.36472,25.51727],[94.36222,25.51727],[94.3612,25.51623],[94.36074,25.51586],[94.36035,25.51569],[94.35925,25.51556],[94.35883,25.51542],[94.35729,25.51413],[94.35638,25.51375],[94.35505,25.51271],[94.35361,25.51192],[94.35297,25.51165],[94.35219,25.51153],[94.35142,25.51155],[94.35066,25.5117],[94.34961,25.51207],[94.34911,25.51217],[94.34834,25.51221],[94.34759,25.51211],[94.34685,25.51179],[94.34315,25.5093],[94.34108,25.50846],[94.34056,25.50811],[94.33784,25.50812],[94.33664,25.50801],[94.33547,25.50744],[94.33397,25.50711],[94.3328,25.50654],[94.33213,25.50644],[94.33056,25.50644],[94.32909,25.50496],[94.32881,25.5048],[94.32616,25.50478],[94.32521,25.50466],[94.32406,25.50434],[94.32212,25.50362],[94.32054,25.50321],[94.31833,25.50308],[94.31419,25.50314],[94.31315,25.5033],[94.31158,25.50379],[94.3106,25.50392],[94.30985,25.50394]]}},
{"type":"Feature","properties":{"kind":"state","name":"Manipur–Nagaland","src":"OSM relations 2027869 and 2027973"},"geometry":{"type":"LineString","coordinates":[[94.30985,25.50394],[94.30987,25.50468],[94.30425,25.50589],[94.299,25.5091],[94.29239,25.50689],[94.28604,25.5072],[94.28276,25.50912],[94.2772,25.50321],[94.27162,25.50108],[94.26454,25.49976],[94.25522,25.50194],[94.24832,25.49604],[94.23819,25.49771],[94.23068,25.49504],[94.2269,25.49556],[94.22145,25.49244],[94.21701,25.49434],[94.20945,25.49797],[94.2066,25.49965],[94.20751,25.50503],[94.20532,25.50635],[94.19974,25.51626],[94.19352,25.52207],[94.18596,25.52575],[94.18652,25.53311],[94.19163,25.54469],[94.19207,25.5488],[94.18601,25.54836],[94.1835,25.54859],[94.17873,25.55084],[94.1775,25.55031],[94.17671,25.54737],[94.17615,25.54668],[94.17352,25.54572],[94.17278,25.54421],[94.16876,25.54358],[94.16743,25.5432],[94.16557,25.54221],[94.16478,25.54196],[94.16329,25.542],[94.16281,25.54234],[94.16246,25.54326],[94.16148,25.54645],[94.16148,25.54788],[94.15981,25.54956],[94.15709,25.55167],[94.15627,25.55153],[94.15523,25.55048],[94.15432,25.54859],[94.15402,25.5475],[94.15383,25.54614],[94.15302,25.54523],[94.1503,25.5441],[94.15004,25.54368],[94.14951,25.54127],[94.1496,25.53995],[94.14816,25.538],[94.14695,25.5351],[94.14623,25.53303],[94.14558,25.53185],[94.14437,25.53078],[94.14321,25.52908],[94.14356,25.52666],[94.14372,25.52286],[94.14326,25.52204],[94.14063,25.52001],[94.1397,25.51943],[94.13857,25.51907],[94.13755,25.51856],[94.13645,25.51847],[94.13399,25.51892],[94.13304,25.5188],[94.13236,25.51888],[94.12972,25.52042],[94.12843,25.52088],[94.12585,25.52156],[94.12486,25.52213],[94.12321,25.52263],[94.12195,25.52283],[94.12068,25.52281],[94.11942,25.52255],[94.11841,25.52266],[94.11785,25.52305],[94.11506,25.52341],[94.10998,25.52341],[94.1089,25.5228],[94.10839,25.52231],[94.10794,25.52221],[94.10793,25.52299],[94.10752,25.52404],[94.10512,25.52548],[94.10131,25.52702],[94.09817,25.52801],[94.09609,25.52831],[94.09368,25.52922],[94.09319,25.52957],[94.09174,25.52994],[94.09006,25.52981],[94.08954,25.52997],[94.08841,25.53065],[94.08783,25.53076],[94.08719,25.53072],[94.08532,25.53034],[94.08497,25.5306],[94.08523,25.53104],[94.08829,25.53212],[94.09054,25.53254],[94.09105,25.53291],[94.09366,25.53663],[94.09404,25.5374],[94.09359,25.53849],[94.09283,25.54247],[94.092,25.54453],[94.09005,25.54658],[94.08944,25.54738],[94.08759,25.54915],[94.08694,25.55014],[94.08628,25.55231],[94.08518,25.5544],[94.08325,25.55564],[94.08261,25.55629],[94.08088,25.5575],[94.0793,25.55819],[94.078,25.55848],[94.07583,25.55834],[94.07559,25.55816],[94.07523,25.55742],[94.07518,25.55628],[94.07446,25.55575],[94.07343,25.55583],[94.07288,25.55574],[94.07259,25.55554],[94.07225,25.55562],[94.07272,25.55607],[94.07253,25.55649],[94.07171,25.55658],[94.07108,25.55624],[94.06863,25.55426],[94.06744,25.55274],[94.06714,25.5525],[94.06644,25.55293],[94.06596,25.55338],[94.06577,25.55431],[94.06427,25.55407]]}},
{"type":"Feature","properties":{"kind":"state","name":"Manipur–Nagaland","src":"OSM relations 2027869 and 2027973","river":"17262","rlen":66},"geometry":{"type":"LineString","coordinates":[[94.06427,25.55407],[94.06408,25.55481],[94.06429,25.5556],[94.06502,25.55616],[94.06548,25.55634],[94.06563,25.5565],[94.06558,25.5569],[94.06524,25.55717],[94.06501,25.55725],[94.06488,25.55722],[94.06458,25.5569],[94.06443,25.55689],[94.06426,25.55697],[94.06415,25.55753],[94.06399,25.55756],[94.06318,25.5572],[94.06282,25.55717],[94.06225,25.55781],[94.06173,25.55787],[94.06136,25.55783],[94.06069,25.55794],[94.06065,25.5581],[94.06078,25.55876],[94.06044,25.55937],[94.06051,25.56],[94.06115,25.56086],[94.06114,25.56102],[94.06031,25.56122],[94.05984,25.5615],[94.05962,25.56183],[94.0596,25.56221],[94.05973,25.56347],[94.05987,25.56396],[94.05978,25.56415],[94.0595,25.56429],[94.05869,25.56431],[94.05811,25.56467],[94.05757,25.56486],[94.05751,25.56484],[94.05757,25.5644],[94.05748,25.56434],[94.05617,25.5654],[94.0561,25.5657],[94.05631,25.5669],[94.05587,25.56753],[94.05537,25.56766],[94.05458,25.5676],[94.05402,25.56718],[94.05354,25.56713],[94.0534,25.56733],[94.05341,25.56788],[94.05396,25.56881],[94.05394,25.56899],[94.05382,25.56916],[94.05262,25.56933],[94.05252,25.56957],[94.05257,25.56981],[94.05304,25.57052],[94.05311,25.57088],[94.053,25.57123],[94.05279,25.57135],[94.05245,25.57138],[94.05074,25.5712],[94.05044,25.57127],[94.04985,25.57193],[94.04915,25.57236],[94.04912,25.57277],[94.0493,25.5733],[94.04926,25.57355],[94.04914,25.57371],[94.04861,25.57406],[94.04841,25.57431],[94.04837,25.575],[94.04823,25.57537],[94.048,25.57559],[94.0477,25.57566],[94.04699,25.57558],[94.046,25.57566],[94.0455,25.57554],[94.04499,25.57516],[94.04438,25.575],[94.04409,25.57509],[94.04439,25.57581],[94.04443,25.57614],[94.04402,25.57656],[94.04342,25.57665],[94.04292,25.57656],[94.04244,25.57635],[94.04158,25.57539],[94.04081,25.57387],[94.04017,25.57309],[94.03982,25.57205],[94.03916,25.57125],[94.0384,25.57048],[94.03792,25.5703],[94.0378,25.57033],[94.03769,25.57081],[94.03831,25.57263],[94.03824,25.57303],[94.03799,25.57325],[94.03748,25.57341],[94.03663,25.57386],[94.03639,25.57411],[94.03663,25.57574],[94.0374,25.57796],[94.03731,25.57849],[94.03674,25.57917],[94.03639,25.57937],[94.03525,25.57951],[94.03295,25.57905],[94.03185,25.57839],[94.03126,25.57781],[94.03067,25.57737],[94.02985,25.57688],[94.02949,25.57682],[94.02915,25.57718],[94.0294,25.57758],[94.02954,25.5786],[94.02971,25.57916],[94.03068,25.5799],[94.03077,25.58004],[94.03075,25.58023],[94.0305,25.58047],[94.03023,25.58052],[94.02957,25.58042],[94.02874,25.58005],[94.02662,25.57889],[94.0263,25.57879],[94.02612,25.57886],[94.02622,25.57958],[94.02681,25.58063],[94.02677,25.58348],[94.02709,25.58472],[94.02702,25.58526],[94.02671,25.5855],[94.02643,25.58562],[94.0255,25.58561],[94.02424,25.58602],[94.02377,25.58609],[94.02353,25.58591],[94.02316,25.58485],[94.02279,25.58444],[94.02261,25.58433],[94.02233,25.58434],[94.02193,25.58459],[94.02184,25.58492],[94.02208,25.58597],[94.02208,25.58706],[94.02223,25.58794],[94.0219,25.58896],[94.02194,25.59006],[94.02182,25.59033],[94.02136,25.59054],[94.02088,25.59058],[94.02007,25.59019],[94.01978,25.59012],[94.01929,25.59019],[94.01834,25.59087],[94.01708,25.59153],[94.01553,25.59151],[94.01338,25.59106],[94.01292,25.59111],[94.01277,25.5912],[94.01274,25.59192],[94.01257,25.59233],[94.01193,25.59289],[94.01135,25.59287],[94.01069,25.59236],[94.00955,25.59184],[94.00908,25.5914],[94.00837,25.59054],[94.0081,25.5904],[94.00777,25.59032],[94.00664,25.59046],[94.00641,25.59038],[94.00568,25.58951],[94.00522,25.58913],[94.0043,25.58812],[94.00393,25.58761],[94.00354,25.58743],[94.00264,25.58736],[94.00232,25.58721],[94.00195,25.58677],[94.00167,25.5858],[94.00167,25.58521],[94.00198,25.5845],[94.00298,25.58328],[94.00312,25.58275],[94.00318,25.58187],[94.0039,25.58153],[94.00415,25.58105],[94.00476,25.5807],[94.00503,25.58046],[94.00521,25.58022],[94.00546,25.57966],[94.00552,25.57906],[94.00606,25.57865],[94.00674,25.57768],[94.00759,25.57732],[94.00971,25.57481],[94.01017,25.57437],[94.01029,25.57399],[94.0102,25.57333],[94.00908,25.57186],[94.00888,25.57071],[94.00844,25.56943],[94.00795,25.56905],[94.00785,25.56774],[94.00773,25.56754],[94.00743,25.56738],[94.00655,25.5672],[94.00603,25.56689],[94.00565,25.56659],[94.00486,25.56542],[94.00425,25.56531],[94.00335,25.56544],[94.00319,25.56556],[94.00304,25.56605],[94.00275,25.56629],[94.00176,25.56618],[94.00137,25.56627],[94.00062,25.56677],[93.99995,25.56792],[93.9998,25.568],[93.99953,25.56803],[93.99895,25.56777],[93.99846,25.56778],[93.99798,25.56795],[93.99739,25.56831],[93.99677,25.56857],[93.99479,25.56897],[93.99158,25.56996],[93.99118,25.57],[93.99002,25.5699],[93.98904,25.56952],[93.98855,25.5691],[93.98786,25.56885],[93.98722,25.56876],[93.98546,25.5683],[93.98326,25.56799],[93.98135,25.56801],[93.98087,25.56768],[93.98051,25.56727],[93.97985,25.56627],[93.97901,25.56576],[93.97883,25.56554],[93.97758,25.56483],[93.9774,25.56479],[93.97692,25.56486],[93.97586,25.56537],[93.97555,25.56544],[93.97523,25.5654],[93.97426,25.56497],[93.97409,25.56468],[93.97416,25.56413],[93.97404,25.56362],[93.9735,25.56319],[93.97328,25.56293],[93.97326,25.56274],[93.97328,25.56249],[93.97357,25.56215],[93.97423,25.56186],[93.97421,25.56126],[93.97409,25.56098],[93.97329,25.56024],[93.97315,25.55996],[93.97275,25.55912],[93.97253,25.5579],[93.97224,25.55771],[93.97144,25.5574],[93.97119,25.55716],[93.97064,25.55628],[93.9702,25.5561],[93.96986,25.55606],[93.96951,25.55603],[93.96905,25.55611],[93.96736,25.55573],[93.96693,25.55557],[93.96585,25.55581],[93.96553,25.55568],[93.9654,25.55549],[93.96532,25.55401],[93.96517,25.55382],[93.96495,25.55373],[93.96384,25.55344],[93.96378,25.55323],[93.9639,25.55276],[93.96389,25.55248],[93.96374,25.55215],[93.9634,25.55195],[93.96285,25.55177],[93.96126,25.55152],[93.95965,25.55112],[93.9593,25.55115],[93.95883,25.55138],[93.95844,25.55203],[93.95801,25.55229],[93.95769,25.55232],[93.95727,25.55222],[93.95699,25.55203],[93.95629,25.55113],[93.9559,25.55093],[93.95448,25.551],[93.95389,25.55131],[93.95265,25.55234],[93.95174,25.55293],[93.95124,25.55313],[93.9505,25.55326],[93.95014,25.55347],[93.94979,25.55383],[93.94909,25.5548],[93.94839,25.55486],[93.94764,25.55514],[93.94708,25.55556],[93.94594,25.55662],[93.94523,25.55711],[93.94473,25.55725],[93.94289,25.5573],[93.9404,25.55834],[93.93912,25.55865],[93.93703,25.55874],[93.93591,25.55894],[93.93467,25.5594],[93.93222,25.55996],[93.93106,25.56018],[93.93027,25.56025],[93.92948,25.56014],[93.92864,25.55957],[93.928,25.55887],[93.92757,25.55863],[93.92733,25.55861],[93.92712,25.55871],[93.92686,25.55909],[93.92647,25.5594],[93.92448,25.56006],[93.92367,25.56008],[93.9227,25.55987],[93.92218,25.55985],[93.92178,25.5599],[93.92107,25.56016],[93.92084,25.56015],[93.92031,25.56003],[93.91996,25.5596],[93.91957,25.5595],[93.91883,25.55971],[93.91809,25.55971],[93.91734,25.55984],[93.91692,25.56004],[93.91633,25.56055],[93.91612,25.56103],[93.91626,25.56183],[93.9162,25.56201],[93.91543,25.56262],[93.91497,25.56288],[93.91396,25.56291],[93.91357,25.56299],[93.91318,25.56313],[93.91255,25.56353],[93.91065,25.56402],[93.90892,25.56414],[93.9082,25.56427],[93.90797,25.56438],[93.90764,25.56483],[93.90721,25.56498],[93.90691,25.56495],[93.90666,25.56482],[93.90458,25.56294],[93.90408,25.56257],[93.90366,25.56245],[93.90306,25.56246],[93.90226,25.56263],[93.9004,25.56337],[93.90009,25.56349],[93.89924,25.56422],[93.89836,25.56426],[93.89742,25.56383],[93.89716,25.56378],[93.89685,25.56388],[93.8963,25.5644],[93.89537,25.56476],[93.895,25.5648],[93.89347,25.56467],[93.89255,25.56451],[93.8923,25.56456],[93.89141,25.56501],[93.89108,25.565],[93.89057,25.56484],[93.89007,25.56484],[93.88881,25.56529],[93.88636,25.56466],[93.88536,25.56467],[93.88492,25.56435],[93.88419,25.56333],[93.8836,25.56275],[93.88293,25.5617],[93.88249,25.56124],[93.8822,25.56107],[93.88188,25.56099],[93.88044,25.56117],[93.87988,25.56101],[93.8795,25.56067],[93.87937,25.55959],[93.879,25.55913],[93.87834,25.5588],[93.87713,25.55881],[93.87669,25.55871],[93.8764,25.55846],[93.87575,25.55754],[93.87555,25.55736],[93.87523,25.55729],[93.87436,25.55744],[93.87391,25.55738],[93.87344,25.55706],[93.87282,25.55626],[93.87258,25.55607],[93.87026,25.55534],[93.86894,25.55532],[93.86771,25.55518],[93.8667,25.55529],[93.86567,25.55501],[93.86428,25.55488],[93.86322,25.55447],[93.86218,25.55371],[93.86131,25.55352],[93.86072,25.55353],[93.85976,25.55374],[93.85889,25.55375],[93.85804,25.55387],[93.85427,25.55469],[93.85195,25.55469],[93.85116,25.55481],[93.85066,25.55503],[93.84889,25.55635],[93.84823,25.55674],[93.84803,25.55676],[93.84742,25.55632],[93.84716,25.55624],[93.84647,25.55618],[93.84527,25.55631],[93.8446,25.55653],[93.84387,25.55694],[93.84314,25.55694],[93.84204,25.55627],[93.8418,25.55626],[93.84132,25.55649],[93.84088,25.55683],[93.84051,25.5569],[93.83949,25.55672],[93.83903,25.55679],[93.83873,25.55704],[93.83833,25.55766],[93.83743,25.55856],[93.83708,25.55974],[93.83696,25.56079],[93.83682,25.56114],[93.83662,25.56128],[93.83604,25.56141],[93.83555,25.56138],[93.83419,25.56084],[93.83358,25.56049],[93.83291,25.55998],[93.83217,25.55917],[93.83175,25.5589],[93.83137,25.55884],[93.83026,25.55898],[93.82999,25.5589],[93.82974,25.55871],[93.82945,25.55812],[93.82939,25.5575],[93.82954,25.55716],[93.83025,25.55632],[93.83036,25.55596],[93.83032,25.55561],[93.83004,25.55522],[93.82913,25.55459],[93.82797,25.55316],[93.82752,25.5528],[93.82617,25.55239],[93.82539,25.55196],[93.82483,25.55181],[93.82463,25.55186],[93.82444,25.55202],[93.82395,25.5531],[93.82366,25.55343],[93.82283,25.55381],[93.82236,25.55384],[93.82176,25.55364],[93.82113,25.55313],[93.81978,25.55113],[93.81937,25.55023],[93.81909,25.54925],[93.81905,25.54872],[93.81913,25.54833],[93.81967,25.54734],[93.82016,25.5461],[93.82031,25.54553],[93.82028,25.54517],[93.82009,25.54483],[93.81983,25.54466],[93.81949,25.54466],[93.81882,25.54482],[93.81799,25.54478],[93.81733,25.5444],[93.81711,25.54418],[93.81656,25.54336],[93.81642,25.543],[93.81589,25.54234],[93.81586,25.54207],[93.81597,25.54187],[93.81676,25.54099],[93.8169,25.54073],[93.81681,25.54046],[93.81654,25.54032],[93.81429,25.54053],[93.81319,25.54074],[93.81245,25.5414],[93.81146,25.5417],[93.80993,25.54168],[93.80745,25.54133],[93.80689,25.54109],[93.80644,25.54072],[93.80618,25.54062],[93.80585,25.54075],[93.80503,25.54153],[93.80466,25.54166],[93.80437,25.54165],[93.80386,25.5414],[93.8032,25.54055],[93.80275,25.54029],[93.80025,25.54008],[93.79924,25.54007],[93.79805,25.54021],[93.79752,25.54013],[93.79719,25.53993],[93.7966,25.53934],[93.79585,25.53912],[93.79555,25.53895],[93.79462,25.53777],[93.79422,25.53754],[93.79379,25.5375],[93.79311,25.53758],[93.79239,25.53826],[93.79202,25.5384],[93.79153,25.53822],[93.7903,25.53726],[93.78979,25.53713],[93.78888,25.5372],[93.78664,25.53777],[93.78611,25.5378],[93.78582,25.5376],[93.78561,25.53727],[93.78546,25.53626],[93.78521,25.53589],[93.78499,25.53581],[93.78434,25.53577],[93.78072,25.53425],[93.77999,25.53406],[93.77883,25.534],[93.77804,25.53409],[93.77629,25.53443],[93.77553,25.53445],[93.77447,25.53418],[93.77284,25.5334],[93.77215,25.53329],[93.77146,25.53338],[93.77067,25.53377],[93.77034,25.53381],[93.76902,25.53542],[93.76816,25.53742],[93.76777,25.53809],[93.76718,25.5385],[93.76649,25.53862],[93.76594,25.53846],[93.7654,25.53804],[93.76501,25.53738],[93.76491,25.5368],[93.76543,25.53546],[93.76585,25.53509],[93.76605,25.53501],[93.76688,25.53379],[93.76719,25.53302],[93.76724,25.53247],[93.76632,25.53161],[93.76622,25.53133],[93.76611,25.53018],[93.76592,25.52921],[93.76524,25.52802],[93.76499,25.52737],[93.76493,25.52686],[93.76501,25.52577],[93.76488,25.52542],[93.76442,25.52471],[93.76419,25.52393],[93.76425,25.52164],[93.76449,25.52112],[93.76527,25.52059],[93.76628,25.52027],[93.76648,25.52012],[93.76675,25.51956],[93.76679,25.51868],[93.76669,25.51827],[93.76629,25.51762],[93.76569,25.51728],[93.76459,25.51705],[93.76255,25.51689],[93.7623,25.5168],[93.76207,25.5166],[93.76185,25.51607],[93.76185,25.51558],[93.76198,25.51519],[93.76248,25.51436],[93.76248,25.51398],[93.76225,25.51373],[93.76182,25.5135],[93.75997,25.5129],[93.75949,25.51249],[93.75932,25.51219],[93.75928,25.51188],[93.75962,25.51094],[93.7596,25.51042],[93.75935,25.50996],[93.75864,25.50923],[93.75838,25.50856],[93.75826,25.50586],[93.75854,25.50355],[93.75851,25.5014],[93.7587,25.50104],[93.76006,25.49989],[93.76036,25.49944],[93.76048,25.49881],[93.76044,25.49757],[93.76072,25.49656],[93.76099,25.49597],[93.76157,25.49522],[93.76248,25.49466],[93.76348,25.49474],[93.76415,25.49469],[93.76451,25.49455],[93.76495,25.4942],[93.76538,25.49399],[93.76595,25.49384],[93.76646,25.49388],[93.76678,25.49402],[93.76739,25.49451],[93.76801,25.49481],[93.76878,25.49546],[93.76986,25.49569],[93.77048,25.49598],[93.77107,25.49644],[93.77264,25.49816],[93.77293,25.49836],[93.77317,25.49842],[93.77378,25.49834],[93.77466,25.4984],[93.77679,25.49886],[93.77833,25.49957],[93.7791,25.50005],[93.77957,25.50041],[93.78002,25.50097],[93.78032,25.50119],[93.78093,25.50133],[93.78199,25.50126],[93.783,25.50167],[93.78392,25.50183],[93.78425,25.50199],[93.78486,25.50253],[93.78541,25.50285],[93.78705,25.50365],[93.78746,25.50375],[93.78771,25.50371],[93.78835,25.50344],[93.78899,25.5028],[93.78969,25.50233],[93.78986,25.50196],[93.78969,25.50143],[93.78974,25.50105],[93.78999,25.50063],[93.79041,25.50032],[93.79097,25.50024],[93.79205,25.50054],[93.79245,25.50053],[93.79273,25.50031],[93.79301,25.49967],[93.79327,25.49934],[93.79494,25.49854],[93.79607,25.49777],[93.79663,25.49762],[93.79958,25.4973],[93.8004,25.49711],[93.80084,25.49687],[93.80136,25.49631],[93.80156,25.49502],[93.80185,25.49439],[93.80275,25.49338],[93.80425,25.49221],[93.8046,25.49173],[93.80469,25.49125],[93.80467,25.49051],[93.80437,25.48866],[93.80455,25.4881],[93.80652,25.48583],[93.80691,25.48559],[93.80856,25.48495],[93.80921,25.48448],[93.80957,25.48385],[93.8099,25.48255],[93.80987,25.48197],[93.80968,25.48144],[93.80836,25.47936],[93.80767,25.47715],[93.80745,25.47612],[93.80741,25.47549],[93.80749,25.4748],[93.80788,25.47341],[93.80835,25.47239],[93.80839,25.47184],[93.80818,25.47142],[93.80757,25.47093],[93.80728,25.47058],[93.80632,25.46873],[93.80613,25.46805],[93.80602,25.46681],[93.80562,25.46527],[93.80538,25.46334]]}},
{"type":"Feature","properties":{"kind":"state","name":"Manipur–Nagaland","src":"OSM relations 2027869 and 2027973"},"geometry":{"type":"LineString","coordinates":[[93.80538,25.46334],[93.80531,25.46298]]}},
{"type":"Feature","properties":{"kind":"state","name":"Manipur–Nagaland","src":"OSM relations 2027869 and 2027973","river":"19186","rlen":542},"geometry":{"type":"LineString","coordinates":[[93.80531,25.46298],[93.80511,25.46311],[93.80392,25.4632],[93.8029,25.46309],[93.80218,25.46283],[93.80139,25.46229],[93.80022,25.46103],[93.79847,25.45878],[93.79754,25.45781],[93.79578,25.45649],[93.79371,25.45524],[93.79287,25.45456],[93.79202,25.45373],[93.7909,25.45229],[93.79061,25.45171],[93.79017,25.4504],[93.78944,25.44937],[93.7886,25.44871],[93.78649,25.44742],[93.78595,25.44697],[93.7857,25.44667],[93.78537,25.44564],[93.78537,25.44373],[93.78513,25.4429],[93.78487,25.44235],[93.7845,25.44184],[93.78398,25.44141],[93.78255,25.44081],[93.7819,25.44041],[93.78155,25.43991],[93.78137,25.43941],[93.78117,25.43836],[93.78129,25.43755],[93.78161,25.43699],[93.78231,25.43632],[93.78286,25.43565],[93.78323,25.43485],[93.78321,25.43454],[93.78299,25.43396],[93.78246,25.43311],[93.78187,25.43247],[93.77965,25.43035],[93.77832,25.42934],[93.77739,25.42881],[93.77651,25.42842],[93.77439,25.42792],[93.77337,25.42756],[93.77251,25.42707],[93.77191,25.42646],[93.77175,25.4261],[93.77172,25.42567],[93.77205,25.4249],[93.77247,25.42447],[93.77385,25.42353],[93.77436,25.42292],[93.77462,25.42247],[93.77475,25.42193],[93.7747,25.42137],[93.77451,25.42081],[93.77413,25.42022],[93.77377,25.41991],[93.77334,25.41966],[93.77282,25.41953],[93.77232,25.41952],[93.77112,25.41986],[93.76977,25.42058],[93.76914,25.42083],[93.76828,25.42098],[93.7676,25.42083],[93.76721,25.42052],[93.76704,25.42009],[93.76709,25.4196],[93.76743,25.41869],[93.76714,25.41757],[93.76677,25.41693],[93.76634,25.41639],[93.76522,25.41544],[93.76449,25.41502],[93.76398,25.41499],[93.76319,25.4153],[93.76211,25.416],[93.76144,25.41611],[93.76098,25.41601],[93.76008,25.41537],[93.75887,25.41398],[93.75792,25.41344],[93.75746,25.41306],[93.75689,25.41234],[93.7565,25.41148],[93.75598,25.41093],[93.75526,25.41052],[93.75393,25.41019],[93.75329,25.40983],[93.7531,25.40956],[93.75272,25.40858],[93.75194,25.40786],[93.75068,25.40736],[93.7488,25.40702],[93.74703,25.40626],[93.7442,25.40538],[93.74262,25.40461],[93.74132,25.40367],[93.74091,25.40317],[93.74043,25.40237],[93.73969,25.40037],[93.73915,25.39938],[93.73842,25.39872],[93.73669,25.39776],[93.73567,25.39697],[93.7347,25.39578],[93.73399,25.39437],[93.73373,25.39356],[93.73373,25.39323],[93.73395,25.39255],[93.73482,25.39121],[93.73517,25.39031],[93.73538,25.38879],[93.73534,25.38702],[93.73511,25.3858],[93.73422,25.3845],[93.73366,25.3831],[93.73339,25.38262],[93.73219,25.38138],[93.73037,25.38004],[93.72906,25.37956],[93.72693,25.37927],[93.72564,25.37877],[93.72363,25.37751],[93.72111,25.37572],[93.71993,25.37517],[93.71843,25.37473],[93.71748,25.37431],[93.71601,25.37324],[93.71522,25.37254],[93.71446,25.37157],[93.71326,25.36963],[93.71241,25.36806],[93.71152,25.36614],[93.71081,25.36439],[93.71033,25.36296],[93.70979,25.35994],[93.70956,25.35907],[93.70913,25.35808],[93.70863,25.35754],[93.70826,25.35734],[93.70773,25.3572],[93.70664,25.35723],[93.70547,25.35759],[93.70421,25.35837],[93.70379,25.35855],[93.70303,25.3587],[93.70202,25.35867],[93.70134,25.35859],[93.70041,25.3583],[93.69844,25.35728],[93.69779,25.35704],[93.69673,25.35685],[93.69568,25.35689],[93.69396,25.35732],[93.69235,25.358],[93.69068,25.35907],[93.68925,25.36024],[93.6882,25.36082],[93.6875,25.36102],[93.68684,25.36108],[93.68628,25.36096],[93.68584,25.36068],[93.68564,25.3604],[93.6855,25.35997],[93.68547,25.35907],[93.68562,25.35847],[93.68623,25.35687],[93.68639,25.35588],[93.68637,25.355],[93.68614,25.3544],[93.68573,25.35389],[93.6845,25.35303],[93.68419,25.35272],[93.6839,25.35217],[93.68382,25.35157],[93.68394,25.35095],[93.68463,25.34901],[93.68589,25.34681],[93.68609,25.34614],[93.6861,25.34555],[93.68574,25.34473],[93.68502,25.34388],[93.68399,25.34297],[93.6824,25.34192],[93.68185,25.34131],[93.6816,25.34086],[93.68149,25.34005],[93.68153,25.33848],[93.68142,25.33771],[93.681,25.33679],[93.68012,25.33556],[93.6798,25.33451],[93.67998,25.33303],[93.68064,25.33045],[93.68069,25.32939],[93.6806,25.32896],[93.68001,25.32832],[93.6793,25.32783],[93.67794,25.32715],[93.67705,25.32697],[93.67632,25.32698],[93.6757,25.32713],[93.67514,25.32745],[93.67443,25.32812],[93.67407,25.32832],[93.67359,25.32841],[93.67312,25.32833],[93.67264,25.32811],[93.67194,25.32762],[93.67039,25.32599],[93.66974,25.32556],[93.66908,25.32532],[93.66861,25.32528],[93.66794,25.32539],[93.66656,25.32614],[93.66543,25.32641],[93.66482,25.32639],[93.66431,25.32627],[93.66386,25.32604],[93.66352,25.32567],[93.66337,25.32505],[93.6636,25.32424],[93.66391,25.32375],[93.66516,25.32227],[93.66578,25.32102],[93.66618,25.31987],[93.66641,25.31862],[93.66628,25.31698],[93.66636,25.31617],[93.66674,25.31523],[93.66743,25.31411],[93.6676,25.3135],[93.66756,25.31283],[93.66722,25.31199],[93.66657,25.31089],[93.66595,25.31004],[93.66526,25.30931],[93.66445,25.30861],[93.66351,25.30796],[93.66265,25.30748],[93.66051,25.3067],[93.65925,25.30604],[93.65829,25.30533],[93.65772,25.30476],[93.65751,25.30445],[93.65734,25.30377],[93.65757,25.30304],[93.65814,25.3023],[93.65922,25.30136],[93.65955,25.30079],[93.6597,25.30028],[93.65972,25.29946],[93.65953,25.29796],[93.6594,25.29735],[93.65886,25.29619],[93.65772,25.29466],[93.65751,25.29455],[93.6574,25.29422],[93.65693,25.2934],[93.65624,25.29278],[93.65501,25.29211],[93.65458,25.29172],[93.65435,25.29125],[93.65395,25.28978],[93.65274,25.28762],[93.65218,25.28588],[93.65155,25.28465],[93.65105,25.28402],[93.64953,25.28249],[93.64797,25.28053],[93.64636,25.279],[93.6452,25.27772],[93.64437,25.2765],[93.64378,25.27514],[93.64337,25.2733],[93.64336,25.27206],[93.64353,25.27122],[93.64386,25.27029],[93.64466,25.2686],[93.64478,25.26844],[93.64494,25.26837],[93.64516,25.2677],[93.64529,25.26692],[93.64524,25.26629],[93.64483,25.26532],[93.64447,25.26509],[93.64415,25.26504],[93.64371,25.26517],[93.64294,25.26559],[93.64249,25.26573],[93.64175,25.26581],[93.64108,25.26575],[93.63943,25.26517],[93.63834,25.26469],[93.63757,25.26415],[93.63695,25.2635],[93.63664,25.26294],[93.6364,25.26216],[93.63646,25.26028],[93.63623,25.25908],[93.63542,25.25723],[93.63458,25.25569],[93.63339,25.25411],[93.63161,25.25271],[93.63004,25.25094],[93.6285,25.24965],[93.6278,25.24872],[93.62766,25.24825],[93.6276,25.24753],[93.62793,25.24618],[93.62793,25.24524],[93.62773,25.24343],[93.62726,25.24227],[93.62638,25.24106],[93.6256,25.24025],[93.62476,25.23965],[93.6234,25.239],[93.6229,25.23865],[93.62267,25.23837],[93.62217,25.23742],[93.6214,25.23686],[93.62108,25.23643],[93.62096,25.23592],[93.62105,25.23536],[93.62185,25.23427],[93.62225,25.23329],[93.62228,25.23252],[93.62202,25.23171],[93.62143,25.23107],[93.62121,25.23097],[93.62059,25.23102],[93.62017,25.23097],[93.61961,25.23044],[93.61827,25.22787],[93.61726,25.22545],[93.61677,25.22451],[93.61525,25.22221],[93.613,25.21917],[93.61261,25.218],[93.61241,25.21666],[93.61196,25.21578],[93.61149,25.21531],[93.61087,25.21501],[93.61048,25.21498],[93.60955,25.21506],[93.60885,25.21487],[93.60824,25.21435],[93.60783,25.21376],[93.60754,25.2131],[93.60736,25.21232],[93.60739,25.2115],[93.60759,25.21058],[93.60778,25.20997],[93.60803,25.20957],[93.60843,25.20928],[93.60954,25.20873],[93.60992,25.20801],[93.61005,25.20697],[93.61031,25.20592],[93.61014,25.20427],[93.60997,25.20392],[93.60976,25.20371],[93.60939,25.20358],[93.60851,25.20341],[93.60677,25.20342],[93.60605,25.20321],[93.60537,25.2029],[93.605,25.20247],[93.60498,25.20208],[93.60529,25.20093],[93.60523,25.20013],[93.60519,25.2]]}},
{"type":"Feature","properties":{"kind":"state","name":"Manipur–Nagaland","src":"OSM relations 2027869 and 2027973"},"geometry":{"type":"LineString","coordinates":[[93.60519,25.2],[93.60418,25.19967]]}},
{"type":"Feature","properties":{"kind":"state","name":"Manipur–Nagaland","src":"OSM relations 2027869 and 2027973","river":"18602","rlen":36},"geometry":{"type":"LineString","coordinates":[[93.60418,25.19967],[93.6041,25.19975],[93.60351,25.20005],[93.60159,25.20031],[93.60061,25.20066],[93.6001,25.20092],[93.59976,25.2012],[93.59929,25.20191],[93.5991,25.20204],[93.59884,25.20207],[93.59844,25.20199],[93.59812,25.20174],[93.59648,25.19917],[93.59605,25.19872],[93.59577,25.19857],[93.5954,25.19853],[93.59462,25.19875],[93.59399,25.19977],[93.59396,25.20076],[93.59434,25.20153],[93.59465,25.2025],[93.59499,25.2031],[93.59486,25.20329],[93.59471,25.20336],[93.59399,25.20356],[93.59371,25.20359],[93.59283,25.20344],[93.59257,25.20328],[93.59215,25.20281],[93.59198,25.20225],[93.59144,25.20162],[93.59118,25.2014],[93.59029,25.20101],[93.58837,25.20121],[93.58798,25.20144],[93.58779,25.20166],[93.58794,25.20304],[93.58826,25.20377],[93.58861,25.20411],[93.58887,25.20449],[93.58887,25.20475],[93.5885,25.20506],[93.58832,25.20543],[93.58844,25.20593],[93.5889,25.2062],[93.5894,25.20636],[93.5906,25.2065],[93.59132,25.20678],[93.59169,25.20741],[93.59178,25.20808],[93.59168,25.20844],[93.59136,25.20899],[93.59111,25.2098],[93.59084,25.21103],[93.59079,25.21246],[93.59072,25.21272],[93.59048,25.2131],[93.5901,25.21352],[93.58959,25.2139],[93.58914,25.21412],[93.58817,25.21425],[93.58691,25.21405],[93.58647,25.21434],[93.58633,25.21487],[93.58637,25.21682],[93.58654,25.21717],[93.58712,25.21748],[93.58715,25.21799],[93.5869,25.21829],[93.58647,25.21855],[93.58548,25.21879],[93.58489,25.21928],[93.5844,25.2206]]}},
{"type":"Feature","properties":{"kind":"state","name":"Manipur–Nagaland","src":"OSM relations 2027869 and 2027973"},"geometry":{"type":"LineString","coordinates":[[93.5844,25.2206],[93.58417,25.22171],[93.58381,25.22192],[93.58161,25.22123],[93.58056,25.22129],[93.57989,25.22183],[93.57961,25.22276],[93.57888,25.22338],[93.57813,25.22367],[93.57545,25.2242],[93.57352,25.22499],[93.57199,25.22426],[93.57061,25.22566],[93.56912,25.22641],[93.56925,25.22858],[93.56854,25.22971],[93.56732,25.23027],[93.56607,25.23016],[93.56491,25.23077],[93.56429,25.2315],[93.56468,25.23375],[93.56385,25.23637],[93.564,25.23861],[93.56356,25.23965],[93.5618,25.24225],[93.55564,25.24607],[93.55353,25.247],[93.55049,25.24798],[93.5464,25.24815],[93.5427,25.2477],[93.53522,25.24369],[93.53466,25.24398],[93.53376,25.24545],[93.53296,25.24609],[93.52959,25.24491],[93.52817,25.24531],[93.52678,25.24466],[93.52575,25.24506],[93.52481,25.246],[93.52389,25.24652],[93.52245,25.24681],[93.52097,25.24741],[93.52009,25.24718],[93.51721,25.24685],[93.51477,25.24388],[93.51301,25.24307],[93.51101,25.24285],[93.5096,25.24357],[93.50859,25.2447],[93.50513,25.24248],[93.5023,25.24188],[93.50114,25.24264],[93.50084,25.24417],[93.5006,25.25252],[93.50108,25.25617],[93.50638,25.26916],[93.50417,25.27041],[93.50078,25.27088],[93.49822,25.27254],[93.49513,25.27315],[93.49312,25.27435],[93.49149,25.27478],[93.48867,25.27483],[93.48758,25.27463],[93.48651,25.27392],[93.48548,25.27293],[93.48434,25.27155],[93.48341,25.27093],[93.48116,25.27005],[93.48026,25.26989],[93.47936,25.26999],[93.47873,25.27029],[93.47811,25.27088],[93.47761,25.27101],[93.4752,25.27079],[93.47424,25.27085],[93.47307,25.271],[93.47163,25.27163],[93.47068,25.2731],[93.47051,25.27375],[93.47056,25.27458],[93.47111,25.27565],[93.47095,25.27656],[93.47091,25.27851],[93.46996,25.28258],[93.47,25.28306],[93.47093,25.28436],[93.47089,25.28642],[93.47164,25.2881],[93.47145,25.2891],[93.4717,25.28985],[93.47351,25.29271],[93.47355,25.29465],[93.47292,25.29733],[93.47226,25.29948],[93.47206,25.30309],[93.4715,25.30435],[93.47058,25.3052]]}}
]}
