{"type":"FeatureCollection","features":[
{"type":"Feature","properties":{"kind":"state","name":"Andhra Pradesh–Karnataka","src":"OSM relations 2022095 and 2019939"},"geometry":{"type":"LineString","coordinates":[[77.51334,15.92807],[77.51271,15.92701]]}},
{"type":"Feature","properties":{"kind":"state","name":"Andhra Pradesh–Karnataka","src":"OSM relations 2022095 and 2019939","river":"2912","rlen":552},"geometry":{"type":"LineString","coordinates":[[77.51271,15.92701],[77.51005,15.92848],[77.50633,15.93027],[77.50084,15.93207],[77.49877,15.93296],[77.49719,15.93349],[77.49449,15.93362],[77.49221,15.93343],[77.48977,15.93361],[77.48695,15.93431],[77.48372,15.93543],[77.4825,15.93544],[77.48108,15.93484],[77.48051,15.93471],[77.47977,15.9348],[77.47789,15.93544],[77.47703,15.9355],[77.47456,15.93519],[77.47363,15.93498],[77.47188,15.93419],[77.4702,15.93365],[77.46956,15.93352],[77.46705,15.93344],[77.46649,15.93372],[77.46569,15.93392],[77.46539,15.93422],[77.46424,15.9349],[77.46336,15.93555],[77.46054,15.93732],[77.45928,15.93823],[77.45493,15.94079],[77.4508,15.94333],[77.44784,15.94527],[77.44711,15.94559],[77.44632,15.94579],[77.44296,15.94613],[77.44163,15.94642],[77.43736,15.94783],[77.43334,15.94855],[77.43037,15.94856],[77.42732,15.94824],[77.42655,15.9481],[77.42565,15.94755],[77.42518,15.9471],[77.42423,15.94652],[77.42367,15.94633],[77.42279,15.94633],[77.42119,15.946],[77.41701,15.94347],[77.41445,15.94156],[77.41372,15.94114],[77.41315,15.94095],[77.41084,15.94097],[77.40958,15.94115],[77.40537,15.94265],[77.40257,15.94399],[77.40063,15.94421],[77.39937,15.94426],[77.39767,15.94414],[77.39656,15.94375],[77.39279,15.94148],[77.39002,15.94059],[77.38601,15.93953],[77.38487,15.93908],[77.38433,15.93895],[77.383,15.93918],[77.38275,15.93933],[77.38222,15.93984],[77.38193,15.93995],[77.38033,15.94003],[77.37963,15.94024],[77.37913,15.94058],[77.3782,15.94181],[77.3765,15.94311],[77.37523,15.94347],[77.37274,15.94472],[77.3718,15.94587],[77.37066,15.94808],[77.37043,15.9484],[77.36998,15.94872],[77.36903,15.94904],[77.36659,15.94943],[77.36568,15.94949],[77.36495,15.94941],[77.36345,15.94895],[77.36267,15.94886],[77.36168,15.94894],[77.36097,15.9491],[77.35767,15.95009],[77.35651,15.95024],[77.35517,15.95027],[77.3542,15.9504],[77.35209,15.95118],[77.35112,15.95143],[77.35013,15.95143],[77.34889,15.95125],[77.34778,15.9509],[77.34496,15.95022],[77.34356,15.95],[77.34265,15.94993],[77.34093,15.95003],[77.338,15.94991],[77.33356,15.94871],[77.33278,15.94861],[77.32854,15.949],[77.3248,15.95022],[77.3231,15.95094],[77.32176,15.95165],[77.31976,15.95323],[77.31717,15.95487],[77.31586,15.95557],[77.31479,15.95576],[77.31328,15.95586],[77.31239,15.95618],[77.3116,15.95658],[77.31055,15.95724],[77.30968,15.9575],[77.30785,15.95838],[77.30636,15.95884],[77.30342,15.95923],[77.30017,15.96023],[77.29876,15.96024],[77.29719,15.96006],[77.29495,15.95927],[77.29353,15.95844],[77.2909,15.95671],[77.28952,15.95562],[77.28837,15.95448],[77.28688,15.9535],[77.28545,15.95341],[77.28403,15.95382],[77.27971,15.95531],[77.27797,15.95584],[77.27508,15.9564],[77.26955,15.95711],[77.26666,15.95717],[77.26387,15.95782],[77.25989,15.95906],[77.25951,15.95912],[77.25783,15.95998],[77.25637,15.96035],[77.25568,15.96063],[77.25514,15.96093],[77.25482,15.96164],[77.25364,15.96252],[77.25297,15.96281],[77.25229,15.96298],[77.25084,15.96306],[77.248,15.96307],[77.24755,15.96297],[77.24293,15.96067],[77.24104,15.9595],[77.23832,15.95796],[77.23531,15.95676],[77.23477,15.95657],[77.2304,15.95615],[77.22935,15.95631],[77.22294,15.95883],[77.22053,15.95921],[77.21573,15.95913],[77.21242,15.95894],[77.21154,15.95857],[77.21025,15.95831],[77.20906,15.95831],[77.20798,15.95848],[77.20662,15.95856],[77.20526,15.95833],[77.20407,15.95782],[77.20205,15.95766],[77.19383,15.95756],[77.19219,15.95743],[77.18751,15.95735],[77.18538,15.95722],[77.17862,15.95464],[77.17589,15.95343],[77.17211,15.95149],[77.16806,15.95005],[77.15785,15.94773],[77.15467,15.94672],[77.15399,15.94644],[77.15083,15.94576],[77.14963,15.94529],[77.14551,15.94293],[77.14358,15.94143],[77.14213,15.93974],[77.1414,15.9391],[77.14095,15.93883],[77.13939,15.93812],[77.13431,15.93555],[77.13079,15.93428],[77.12714,15.93368],[77.12663,15.93381],[77.12425,15.93481],[77.12264,15.93604]]}},
{"type":"Feature","properties":{"kind":"state","name":"Andhra Pradesh–Karnataka","src":"OSM relations 2022095 and 2019939"},"geometry":{"type":"LineString","coordinates":[[77.12264,15.93604],[77.12128,15.93436],[77.11962,15.93414],[77.11409,15.93282],[77.10986,15.93127],[77.10505,15.92976],[77.10239,15.92877],[77.09759,15.92609],[77.09235,15.92271],[77.08892,15.92089],[77.08729,15.92018],[77.08573,15.92183]]}},
{"type":"Feature","properties":{"kind":"state","name":"Andhra Pradesh–Karnataka","src":"OSM relations 2022095 and 2019939","river":"2912","rlen":552},"geometry":{"type":"LineString","coordinates":[[77.08573,15.92183],[77.08569,15.92179],[77.08251,15.91974],[77.08069,15.91826],[77.08007,15.91755],[77.07966,15.91688],[77.079,15.91482],[77.07801,15.91289],[77.07674,15.91091],[77.07568,15.90978],[77.07522,15.90893],[77.07486,15.90859],[77.07482,15.90732],[77.07464,15.90696],[77.0728,15.90445],[77.07175,15.90311],[77.07104,15.90238],[77.07024,15.90186],[77.06924,15.90104],[77.06768,15.90017],[77.066,15.89863],[77.06556,15.89779],[77.06478,15.89588],[77.06369,15.89449],[77.06198,15.89147],[77.06156,15.89111],[77.05981,15.89014],[77.05687,15.88677],[77.0542,15.88448],[77.05367,15.88393],[77.05325,15.88321],[77.05173,15.87869],[77.05056,15.87758],[77.04902,15.87641],[77.04796,15.87573],[77.04401,15.87434],[77.04144,15.87277],[77.04064,15.87219],[77.04015,15.87168],[77.03736,15.86801],[77.03724,15.86776],[77.03708,15.86709],[77.03708,15.86607],[77.03636,15.86434],[77.03587,15.86259],[77.03508,15.85778],[77.03404,15.85473],[77.03419,15.85367],[77.03371,15.85118],[77.03377,15.85125],[77.03378,15.85076],[77.03307,15.84933],[77.03244,15.84769],[77.03159,15.8458],[77.03145,15.84476],[77.0317,15.84405],[77.03174,15.84375],[77.03163,15.84348],[77.03152,15.84326],[77.03016,15.84169],[77.02902,15.8413],[77.02874,15.84109],[77.02846,15.84071],[77.02811,15.83971],[77.02806,15.83926],[77.02769,15.83804],[77.02744,15.83756],[77.0269,15.83706]]}},
{"type":"Feature","properties":{"kind":"state","name":"Andhra Pradesh–Karnataka","src":"OSM relations 2022095 and 2019939"},"geometry":{"type":"LineString","coordinates":[[77.0269,15.83706],[77.02787,15.83539],[77.02816,15.83508]]}},
{"type":"Feature","properties":{"kind":"state","name":"Andhra Pradesh–Karnataka","src":"OSM relations 2022095 and 2019939","river":"2480","rlen":37},"geometry":{"type":"LineString","coordinates":[[77.02816,15.83508],[77.02893,15.83411],[77.02952,15.83354],[77.03031,15.83307],[77.03187,15.83268],[77.03233,15.83245],[77.03271,15.83212],[77.03295,15.83171],[77.03326,15.82995],[77.03368,15.82914],[77.03447,15.82828],[77.03565,15.82776],[77.03619,15.82783],[77.03655,15.82807],[77.0373,15.82892],[77.03773,15.82977],[77.03856,15.83039],[77.03947,15.8303],[77.04092,15.82964],[77.04166,15.82951],[77.04249,15.82957],[77.04322,15.82972],[77.04432,15.83011],[77.04626,15.83153],[77.04834,15.83186],[77.04948,15.83179],[77.05197,15.83057],[77.05282,15.83031],[77.05344,15.83021],[77.05507,15.83019],[77.05681,15.83031],[77.06004,15.83019],[77.06166,15.82959],[77.06264,15.82931],[77.06406,15.82849],[77.06463,15.82795],[77.06486,15.82726],[77.06511,15.82689],[77.06552,15.82649],[77.06615,15.82621],[77.06653,15.82598]]}},
{"type":"Feature","properties":{"kind":"state","name":"Andhra Pradesh–Karnataka","src":"OSM relations 2022095 and 2019939"},"geometry":{"type":"LineString","coordinates":[[77.06653,15.82598],[77.06542,15.8243],[77.06523,15.81837],[77.06405,15.80945],[77.06356,15.80309],[77.0669,15.8027],[77.06802,15.79589],[77.0675,15.79006],[77.06622,15.78511],[77.06081,15.78618],[77.06002,15.78257],[77.05937,15.78212],[77.05841,15.77873],[77.05684,15.76863],[77.05223,15.76981],[77.05087,15.76456],[77.05637,15.76268],[77.05414,15.75612],[77.04776,15.75616],[77.04695,15.75161],[77.04669,15.74653],[77.04609,15.74034],[77.0495,15.74007],[77.04909,15.73693],[77.04909,15.73026],[77.05693,15.73014],[77.05974,15.72995],[77.06714,15.72881],[77.07961,15.72747],[77.07956,15.7253],[77.07879,15.71828],[77.07886,15.71624],[77.08418,15.71557],[77.08752,15.71528],[77.08574,15.70894],[77.08454,15.70386],[77.08285,15.6988],[77.08059,15.69857],[77.07858,15.69523],[77.08313,15.69417],[77.08727,15.69265],[77.09173,15.69122],[77.09379,15.69037],[77.09413,15.68876],[77.09583,15.68822],[77.09879,15.68647],[77.10387,15.6838],[77.10905,15.68139],[77.10954,15.67973],[77.11422,15.67804],[77.11329,15.67566],[77.11655,15.67399],[77.12108,15.67132],[77.11999,15.66818],[77.12024,15.66748],[77.124,15.66688],[77.12894,15.66585],[77.12692,15.65566],[77.1254,15.65081],[77.1249,15.64785],[77.12198,15.63444],[77.12138,15.63099],[77.11525,15.63258],[77.10834,15.63781],[77.10739,15.63703],[77.10628,15.63738],[77.10643,15.63829],[77.10711,15.63893],[77.10757,15.63961],[77.10746,15.64011],[77.10681,15.64081],[77.10661,15.64142],[77.10673,15.64175],[77.10637,15.64193],[77.10546,15.64195],[77.10464,15.64298],[77.10239,15.64294]]}},
{"type":"Feature","properties":{"kind":"state","name":"Andhra Pradesh–Karnataka","src":"OSM relations 2022095 and 2019939","river":"2497","rlen":67},"geometry":{"type":"LineString","coordinates":[[77.10239,15.64294],[77.10238,15.64348],[77.10247,15.64454],[77.10184,15.64562],[77.10087,15.64668],[77.10011,15.64735],[77.09968,15.64768],[77.0989,15.64812],[77.09825,15.64866],[77.09793,15.64883],[77.09714,15.64886],[77.0965,15.64905],[77.09601,15.64937],[77.09547,15.64995],[77.09499,15.65005],[77.09403,15.6501],[77.09359,15.65032],[77.09201,15.6516],[77.09124,15.65246],[77.09013,15.65288],[77.08927,15.65328],[77.08895,15.65352],[77.08838,15.65411],[77.08794,15.65469],[77.08724,15.65585],[77.08722,15.65619],[77.08666,15.65735],[77.08667,15.65785],[77.08644,15.65821],[77.08585,15.65875],[77.08577,15.659],[77.0852,15.65996],[77.08481,15.66029]]}},
{"type":"Feature","properties":{"kind":"state","name":"Andhra Pradesh–Karnataka","src":"OSM relations 2022095 and 2019939"},"geometry":{"type":"LineString","coordinates":[[77.08481,15.66029],[77.08319,15.65898],[77.08211,15.65786],[77.07592,15.65066],[77.07222,15.64684],[77.06619,15.64471],[77.05504,15.6413],[77.04652,15.63884],[77.0427,15.63794],[77.03864,15.63717],[77.03431,15.6368],[77.03412,15.63465],[77.0304,15.63451],[77.03004,15.6268],[77.03141,15.62676],[77.03118,15.62097],[77.03264,15.62066],[77.03156,15.61411],[77.03128,15.61099],[77.03253,15.61049],[77.03275,15.60762],[77.03185,15.60751],[77.03176,15.60533],[77.03299,15.60517],[77.03257,15.60322],[77.03024,15.59783],[77.02813,15.59018],[77.02776,15.58768],[77.02613,15.58102],[77.02637,15.57647],[77.02837,15.56649],[77.0304,15.55365],[77.03135,15.54247],[77.03122,15.53786],[77.03124,15.5269],[77.03105,15.51795],[77.03135,15.51427],[77.03124,15.51042],[77.03137,15.50705],[77.02978,15.50215],[77.02922,15.501],[77.02693,15.50102],[77.02485,15.50224],[77.02281,15.50246],[77.02049,15.5023],[77.01725,15.50244],[77.01483,15.5023],[77.01341,15.50281],[77.01242,15.50387],[77.01146,15.50463],[77.00959,15.50492],[77.00648,15.50505],[77,15.5061],[76.99637,15.50627],[76.99219,15.50614],[76.98991,15.50695],[76.98747,15.50831],[76.98502,15.50867],[76.98019,15.50964],[76.97747,15.51046],[76.97615,15.5106],[76.97396,15.51032]]}},
{"type":"Feature","properties":{"kind":"state","name":"Andhra Pradesh–Karnataka","src":"OSM relations 2022095 and 2019939","river":"3037","rlen":403},"geometry":{"type":"LineString","coordinates":[[76.97396,15.51032],[76.97404,15.50974],[76.97436,15.50921],[76.9744,15.50893],[76.97425,15.50773],[76.9747,15.50629],[76.97481,15.50551],[76.97491,15.50522],[76.97509,15.50508],[76.97486,15.50236],[76.97488,15.50186],[76.97507,15.50141],[76.97544,15.50087],[76.97531,15.497],[76.97542,15.49631],[76.97669,15.49367],[76.97674,15.49345],[76.97654,15.49263],[76.97652,15.49225],[76.97685,15.49132],[76.97693,15.49052],[76.97702,15.49039],[76.97772,15.49008],[76.97791,15.48987],[76.97806,15.48965],[76.9781,15.48925],[76.97843,15.48876],[76.97957,15.48817],[76.98028,15.4875],[76.98268,15.48596],[76.9837,15.48563],[76.98506,15.48572],[76.98651,15.48542],[76.99225,15.48311],[76.99275,15.48281],[76.99353,15.48088],[76.9936,15.48053],[76.99394,15.47999],[76.99548,15.47848],[76.99628,15.47713],[76.99639,15.47681],[76.9968,15.47657],[76.99719,15.47651],[76.99783,15.47616],[76.99822,15.47554],[76.9984,15.47474],[76.99892,15.47396],[76.99926,15.47323],[76.99938,15.4728],[76.99955,15.47256],[76.99952,15.47223],[76.99935,15.47181],[76.99949,15.47156],[76.9995,15.47118],[77.00042,15.47028],[77.00076,15.46954],[77.00156,15.46857],[77.00193,15.46832],[77.00253,15.46817],[77.00262,15.46804],[77.00274,15.4674],[77.0031,15.4671],[77.00401,15.46589],[77.00414,15.46543],[77.0045,15.46476],[77.0047,15.46395],[77.00544,15.46253],[77.00545,15.46198],[77.00512,15.46136],[77.0053,15.46072],[77.0053,15.45833],[77.00522,15.45792],[77.00489,15.45742],[77.00494,15.45673],[77.00483,15.45647],[77.00494,15.45597],[77.00487,15.45508],[77.00557,15.45248],[77.00595,15.45128],[77.00611,15.45105],[77.00689,15.4507],[77.00756,15.45055],[77.00814,15.45054],[77.00922,15.45072],[77.00987,15.45065],[77.01072,15.45031],[77.01135,15.45028],[77.01268,15.44963],[77.01317,15.44946],[77.015,15.44934],[77.01655,15.44883],[77.01741,15.44878],[77.01832,15.44807],[77.01843,15.44765],[77.0187,15.4471],[77.01899,15.4467],[77.01976,15.4461],[77.02026,15.44555],[77.02102,15.44339],[77.02171,15.4427],[77.02286,15.44184],[77.02326,15.44169],[77.02342,15.44166],[77.02381,15.44183],[77.02495,15.44179],[77.02605,15.44135],[77.02698,15.44113],[77.02732,15.44084],[77.02769,15.44014],[77.02844,15.43965],[77.02856,15.43949],[77.0288,15.43852],[77.02968,15.43688],[77.02922,15.43503],[77.02923,15.43473],[77.02942,15.43414],[77.02977,15.4337],[77.03033,15.43339],[77.03113,15.43224],[77.03175,15.43157],[77.03194,15.43123],[77.03265,15.42963],[77.03262,15.42877],[77.03285,15.42801],[77.03298,15.42716],[77.03367,15.42595],[77.03433,15.42391],[77.03473,15.42332],[77.03478,15.4231],[77.03467,15.42244],[77.0341,15.4217],[77.0339,15.42059],[77.03407,15.41949],[77.03402,15.41882],[77.03362,15.41676],[77.0334,15.41623],[77.03311,15.41577],[77.03232,15.41527],[77.03154,15.4146],[77.03109,15.41382],[77.03062,15.41324],[77.02941,15.41224],[77.02897,15.41155],[77.02868,15.41079],[77.02829,15.40875],[77.02831,15.4069],[77.02844,15.40534],[77.02936,15.40409],[77.02996,15.40343],[77.03051,15.40302],[77.03117,15.40237],[77.03199,15.4019],[77.03441,15.40087],[77.03512,15.40013],[77.03664,15.39918],[77.03844,15.39878],[77.04051,15.39788],[77.0426,15.39655],[77.04334,15.39583],[77.04395,15.39544],[77.04411,15.39522],[77.04433,15.39471],[77.04577,15.39298],[77.04592,15.39217],[77.04616,15.39176],[77.04611,15.39134],[77.04625,15.3906],[77.04621,15.39011],[77.04649,15.38916],[77.04651,15.38817],[77.04665,15.3874],[77.0466,15.38622],[77.04645,15.38551],[77.04616,15.38462],[77.04553,15.38333],[77.04496,15.38187],[77.0448,15.37965],[77.04483,15.37923],[77.045,15.37885],[77.04501,15.37856],[77.04454,15.37782],[77.04406,15.37739],[77.04352,15.37587],[77.04293,15.37467],[77.04268,15.37434],[77.04227,15.37397],[77.04144,15.37359],[77.0411,15.37322],[77.0407,15.37294],[77.03999,15.37258],[77.03942,15.3713],[77.03934,15.37054],[77.03946,15.3702],[77.03996,15.36938],[77.04008,15.36897],[77.04014,15.36839],[77.04003,15.36725],[77.04006,15.36677],[77.04064,15.3661],[77.04082,15.3657],[77.04085,15.36532],[77.04063,15.36459],[77.04068,15.36383],[77.04093,15.36329],[77.04156,15.36229],[77.04188,15.3619],[77.04248,15.36147],[77.04261,15.36127],[77.04285,15.36038],[77.04321,15.35988],[77.0434,15.35922],[77.04383,15.35882],[77.04415,15.35821],[77.04432,15.35807],[77.04548,15.35762],[77.04632,15.35716],[77.04701,15.35701],[77.04736,15.3568],[77.04764,15.35639],[77.04785,15.3558],[77.04783,15.35529],[77.04805,15.35498],[77.04855,15.35469],[77.04926,15.35443],[77.04967,15.35406],[77.05022,15.35392],[77.05084,15.35346],[77.05188,15.35322],[77.05265,15.35284],[77.05316,15.35219],[77.05338,15.35211],[77.05493,15.35197],[77.05572,15.35204],[77.05678,15.35196],[77.05857,15.35047],[77.05888,15.35041],[77.05937,15.35043],[77.06012,15.35023],[77.06074,15.34996],[77.06179,15.34918],[77.06207,15.34882],[77.06243,15.34816],[77.06297,15.34663],[77.06446,15.34545],[77.06511,15.34433],[77.06562,15.34366],[77.06581,15.34281],[77.06573,15.34236],[77.06554,15.34203],[77.06491,15.34126],[77.06482,15.341],[77.06498,15.3397],[77.06547,15.33787],[77.06556,15.33682],[77.06558,15.3356],[77.06543,15.33414],[77.06536,15.33387],[77.06505,15.33352],[77.06447,15.33315],[77.06386,15.33259],[77.06333,15.33181],[77.06279,15.33078],[77.06265,15.33006],[77.06246,15.32761]]}},
{"type":"Feature","properties":{"kind":"state","name":"Andhra Pradesh–Karnataka","src":"OSM relations 2022095 and 2019939"},"geometry":{"type":"LineString","coordinates":[[77.06246,15.32761],[77.06469,15.32745],[77.06922,15.32672],[77.07505,15.32604],[77.07975,15.32753],[77.08303,15.32842],[77.09108,15.33047],[77.09509,15.33125],[77.09844,15.33214],[77.10129,15.33359],[77.10323,15.33378],[77.11106,15.33353],[77.11335,15.33382],[77.11322,15.3307],[77.1128,15.32734],[77.1137,15.3272],[77.11361,15.32623],[77.11717,15.32565],[77.11702,15.32312],[77.11713,15.31906],[77.11732,15.31757],[77.11698,15.31344],[77.11861,15.31339],[77.11874,15.31226],[77.11844,15.30398],[77.11852,15.29816],[77.11831,15.29481],[77.11928,15.29454],[77.11962,15.29541],[77.12595,15.29452],[77.12885,15.2939],[77.13309,15.29328],[77.13324,15.29251],[77.13861,15.29255],[77.14788,15.29286],[77.15168,15.29224],[77.15178,15.28359],[77.15206,15.27564],[77.14741,15.2751],[77.1476,15.27276],[77.15329,15.27382],[77.15344,15.27285],[77.15436,15.27231],[77.15687,15.2704],[77.15848,15.26887],[77.1594,15.26879],[77.15979,15.26749],[77.16715,15.26836],[77.16773,15.26469],[77.1679,15.26202],[77.16779,15.25809],[77.16101,15.25873],[77.15811,15.25807],[77.15573,15.25639],[77.14803,15.25678],[77.14369,15.25718],[77.14303,15.25171],[77.14069,15.25175],[77.14018,15.24734],[77.13878,15.24591],[77.13797,15.24422],[77.1361,15.24101],[77.13282,15.24165],[77.13249,15.23958],[77.12827,15.23968],[77.12612,15.24024],[77.12614,15.23801],[77.12582,15.23391],[77.12501,15.22691],[77.13052,15.22616],[77.13541,15.22525],[77.1361,15.22606],[77.13951,15.22469],[77.14387,15.22382],[77.14528,15.22494],[77.14749,15.2238],[77.14693,15.22064],[77.15187,15.21747],[77.15155,15.21453],[77.15462,15.21465],[77.1561,15.20985],[77.15919,15.20099],[77.16181,15.20101],[77.16515,15.1908],[77.16612,15.18858],[77.16659,15.182],[77.16816,15.17597],[77.16904,15.17131],[77.16732,15.17129],[77.1673,15.16818],[77.16477,15.1682],[77.16453,15.16363],[77.16329,15.16344],[77.16277,15.15735],[77.15487,15.15787],[77.14869,15.15804],[77.14069,15.15853],[77.1403,15.15659],[77.13904,15.15422],[77.13629,15.15141],[77.1344,15.14826],[77.13704,15.1476],[77.13672,15.14534],[77.13784,15.14513],[77.13762,15.14347],[77.13921,15.143],[77.14288,15.14223],[77.14899,15.1414],[77.14878,15.13968],[77.15316,15.13927],[77.15322,15.14075],[77.15717,15.1404],[77.15681,15.13912],[77.15642,15.13359],[77.15743,15.13121],[77.15688,15.12613],[77.15627,15.12298],[77.15535,15.12286],[77.15482,15.12027],[77.15409,15.11839],[77.15299,15.11845],[77.15185,15.11478],[77.15012,15.11169],[77.14537,15.10792],[77.14239,15.10467],[77.13713,15.1043],[77.13707,15.10239],[77.13454,15.10216],[77.1308,15.10103],[77.13001,15.1004],[77.13065,15.09825],[77.13035,15.09375],[77.12956,15.08868],[77.12969,15.08667],[77.12943,15.0801],[77.1287,15.07689],[77.12857,15.07266],[77.12733,15.06941],[77.12585,15.06676],[77.12372,15.06187],[77.12087,15.05424],[77.12016,15.0502],[77.11956,15.04585],[77.11523,15.04635],[77.11284,15.03393],[77.09381,15.03601],[77.09102,15.02942],[77.08478,15.0307],[77.08373,15.02249],[77.08448,15.02212],[77.08383,15.01433],[77.08304,15.01398],[77.08257,15.00607],[77.07263,15.00587],[77.07197,15.00457],[77.06501,15.00542],[77.05566,15.00691],[77.0504,15.00786],[77.04843,15.0079],[77.04593,15.00907],[77.04374,15.00907]]}},
{"type":"Feature","properties":{"kind":"state","name":"Andhra Pradesh–Karnataka","src":"OSM relations 2022095 and 2019939","river":"3037","rlen":403},"geometry":{"type":"LineString","coordinates":[[77.04374,15.00907],[77.04374,15.00914],[77.04359,15.00943],[77.04337,15.00956],[77.04323,15.01106],[77.04436,15.01299],[77.04572,15.01566],[77.04665,15.01708],[77.0479,15.01997],[77.04943,15.02625],[77.04951,15.02917],[77.05023,15.03218],[77.0503,15.03277]]}},
{"type":"Feature","properties":{"kind":"state","name":"Andhra Pradesh–Karnataka","src":"OSM relations 2022095 and 2019939"},"geometry":{"type":"LineString","coordinates":[[77.0503,15.03277],[77.0482,15.03301],[77.04313,15.03275],[77.04218,15.03325],[77.03967,15.03308],[77.03858,15.03186],[77.03641,15.03182],[77.03613,15.03132],[77.01451,15.03266],[77.00951,15.03328],[77.0055,15.03357],[77.00412,15.0338],[77.00305,15.03082],[76.99931,15.03045],[76.9944,15.02888],[76.98608,15.02654],[76.98557,15.02296],[76.98522,15.01923],[76.98531,15.01555],[76.98151,15.01584],[76.97855,15.01594],[76.97611,15.01627],[76.97244,15.01683],[76.96632,15.0183],[76.95853,15.02404],[76.95066,15.03011],[76.94965,15.03077],[76.94757,15.03089],[76.94579,15.03127],[76.94434,15.03131],[76.9372,15.02978],[76.93442,15.02974],[76.93052,15.03023],[76.92468,15.03134],[76.92247,15.03159],[76.92095,15.03363],[76.91966,15.03488],[76.91838,15.03582],[76.91542,15.03479],[76.91102,15.03381],[76.90754,15.03285],[76.90563,15.03356],[76.8978,15.03694],[76.89509,15.03738],[76.89437,15.0373],[76.88465,15.03331],[76.88031,15.03187],[76.87728,15.03065],[76.87795,15.03432],[76.87795,15.03563],[76.87772,15.03641],[76.87578,15.03987],[76.87379,15.04267],[76.87315,15.04392],[76.87215,15.04638],[76.87,15.05003],[76.86948,15.05148],[76.86953,15.05227],[76.86888,15.05345],[76.86825,15.05401],[76.86536,15.05535],[76.8661,15.06001],[76.86426,15.0585],[76.86337,15.05893],[76.86205,15.05933],[76.86175,15.06009],[76.86116,15.06004],[76.8616,15.06247],[76.85831,15.06339],[76.8528,15.06673],[76.85023,15.0685],[76.84641,15.0714],[76.84373,15.07376],[76.84133,15.07548],[76.83609,15.07961],[76.83286,15.07963],[76.82402,15.08037],[76.81988,15.08296],[76.81187,15.08666],[76.80289,15.09453],[76.80036,15.09618],[76.79715,15.09471],[76.79464,15.09281],[76.79326,15.0912],[76.79246,15.08773],[76.79014,15.08716],[76.78619,15.08806],[76.78551,15.08717],[76.78541,15.08262],[76.78234,15.07759],[76.77789,15.07989],[76.77675,15.07841],[76.7799,15.07605],[76.77525,15.07232],[76.77437,15.06743],[76.77368,15.06436],[76.77322,15.06116],[76.77341,15.05911],[76.77552,15.05646],[76.77645,15.05493],[76.77698,15.05335],[76.77737,15.05107],[76.77768,15.05014],[76.77912,15.04809],[76.77918,15.04738],[76.77891,15.04624],[76.78036,15.0427],[76.78343,15.04261],[76.78358,15.04007],[76.78574,15.03726],[76.78566,15.02871],[76.78574,15.02773],[76.78693,15.02607],[76.78955,15.022],[76.79018,15.02073],[76.78881,15.01647],[76.78873,15.01296],[76.78792,15.00947],[76.7873,15.00823],[76.78559,15.00591],[76.78452,15.00508],[76.78331,15.00473],[76.77964,15.00475],[76.77877,15.00459],[76.77748,15.00171],[76.7765,14.99778],[76.77486,14.99315],[76.77214,14.99049],[76.76848,14.99058],[76.76658,14.98947],[76.76407,14.99007],[76.76306,14.98996],[76.76171,14.99],[76.76008,14.9896],[76.76109,14.98774],[76.76308,14.98513],[76.76452,14.98118],[76.76586,14.97677],[76.76669,14.97454],[76.76991,14.97462],[76.77454,14.975],[76.77773,14.975],[76.78262,14.97291],[76.78799,14.9712],[76.79097,14.97012],[76.79506,14.969],[76.8016,14.96843],[76.81415,14.96992],[76.81545,14.96976],[76.81737,14.96925],[76.8185,14.96881],[76.81936,14.96756],[76.82101,14.96641],[76.82193,14.96542],[76.8235,14.96319],[76.82455,14.96125],[76.82825,14.95649],[76.82887,14.95612],[76.83401,14.95622],[76.83407,14.95701],[76.8346,14.9587],[76.83556,14.96011],[76.84159,14.96608],[76.84309,14.96605],[76.85336,14.96787],[76.85762,14.96837],[76.86146,14.9693],[76.86309,14.96957],[76.86725,14.96952],[76.86646,14.96399],[76.86606,14.95701],[76.86677,14.95598],[76.86789,14.94985],[76.86836,14.94381],[76.86869,14.94133],[76.86918,14.93888],[76.86956,14.93777],[76.86722,14.92666],[76.86734,14.92539],[76.8676,14.92415],[76.86751,14.92149],[76.86711,14.91777],[76.86577,14.90753],[76.86382,14.89546],[76.84741,14.89585],[76.84579,14.89176],[76.8454,14.88717],[76.85256,14.88692],[76.85134,14.88334],[76.85329,14.88316],[76.85303,14.88195],[76.85282,14.87982],[76.85281,14.87719],[76.85313,14.87223],[76.85444,14.87231],[76.85399,14.87073],[76.85388,14.86906],[76.85711,14.86915],[76.85695,14.86709],[76.85487,14.85913],[76.85447,14.85491],[76.85539,14.84883],[76.85535,14.84696],[76.85365,14.8427],[76.85204,14.84256],[76.85011,14.8419],[76.84779,14.84051],[76.84488,14.83848],[76.84253,14.83722],[76.84196,14.83678],[76.8421,14.83607],[76.84306,14.83525],[76.84419,14.83446],[76.84547,14.83407],[76.84682,14.82798],[76.84657,14.82699],[76.84537,14.82554],[76.84614,14.82207],[76.84959,14.82128],[76.85458,14.81782],[76.8546,14.81549],[76.85427,14.80984],[76.85265,14.80919],[76.84567,14.80953],[76.84242,14.81],[76.8373,14.81103],[76.83736,14.80904],[76.83708,14.80336],[76.83715,14.79871],[76.83664,14.7909],[76.83286,14.79057],[76.83244,14.79299],[76.81911,14.79322],[76.82044,14.78912],[76.81628,14.7877],[76.81008,14.78731],[76.8066,14.78679],[76.80458,14.78617],[76.80274,14.78598],[76.79905,14.78584],[76.79458,14.78598],[76.78969,14.78748],[76.78785,14.78777],[76.78922,14.78671],[76.78864,14.78625],[76.78703,14.78714],[76.78396,14.7875],[76.78231,14.78609],[76.78435,14.78177],[76.78888,14.77335],[76.78885,14.77156],[76.78911,14.76961],[76.78986,14.7684],[76.79003,14.76753],[76.78999,14.76475],[76.79059,14.7577],[76.79347,14.75272],[76.79639,14.74861],[76.80355,14.74246],[76.80133,14.73864],[76.79744,14.73021],[76.78699,14.70972],[76.78645,14.70761],[76.78626,14.70448],[76.78647,14.69817],[76.78563,14.69548],[76.78083,14.68907],[76.7771,14.68356],[76.77526,14.68104],[76.77413,14.67135],[76.77405,14.66575],[76.77343,14.6553],[76.77287,14.64212],[76.77233,14.6379],[76.7716,14.63485],[76.77019,14.63014],[76.76877,14.62596],[76.76671,14.6176],[76.76579,14.60879],[76.76549,14.60393],[76.76504,14.60204],[76.76886,14.60103],[76.77169,14.59889],[76.7786,14.59403],[76.78014,14.59309],[76.78034,14.59698],[76.78199,14.59646],[76.78218,14.59411],[76.78276,14.59058],[76.78274,14.58759],[76.78252,14.58385],[76.78478,14.57488],[76.78574,14.5737],[76.78941,14.56373],[76.79061,14.55868],[76.79134,14.55432],[76.79375,14.55314],[76.79849,14.54838],[76.79857,14.54714],[76.79937,14.54591],[76.80162,14.54365],[76.80323,14.54159],[76.80381,14.53955],[76.80418,14.53874],[76.80501,14.53812],[76.80566,14.53621],[76.80611,14.53372],[76.80619,14.53143],[76.80651,14.53106],[76.80761,14.53073],[76.80969,14.53123],[76.81156,14.53195],[76.81336,14.5315],[76.81448,14.53037],[76.81589,14.53],[76.81791,14.53027],[76.81941,14.52996],[76.82033,14.5294],[76.82177,14.52772],[76.82344,14.52659],[76.8255,14.52726],[76.8278,14.5284],[76.8293,14.53012],[76.83121,14.53071],[76.83286,14.52884],[76.83304,14.52582],[76.83561,14.52109],[76.83692,14.5208],[76.83952,14.52061],[76.84278,14.51895],[76.84417,14.51783],[76.84649,14.51633],[76.84791,14.51398],[76.84928,14.51261],[76.85057,14.51214],[76.85145,14.51232],[76.85585,14.50935],[76.85726,14.50514],[76.85941,14.49705],[76.86134,14.49581],[76.86306,14.49063],[76.86512,14.48191],[76.86494,14.47856],[76.86623,14.47568],[76.86801,14.47397],[76.88444,14.47693],[76.88364,14.47937],[76.88621,14.48357],[76.8875,14.48346],[76.88872,14.48353],[76.89649,14.48761],[76.90071,14.48926],[76.90252,14.48924],[76.90533,14.48949],[76.91056,14.4896],[76.91807,14.49009],[76.92121,14.49051],[76.92621,14.49047],[76.92957,14.48995],[76.9352,14.48947],[76.93872,14.48889],[76.94086,14.48889],[76.94322,14.48949],[76.94869,14.48914],[76.94889,14.48791],[76.95011,14.48665],[76.9517,14.48692],[76.95522,14.48712],[76.95968,14.48662],[76.96461,14.48534],[76.96858,14.4855],[76.97185,14.4855],[76.97479,14.4853],[76.97541,14.47782],[76.97337,14.47237],[76.97142,14.46774],[76.96837,14.4651],[76.96841,14.46209],[76.96764,14.46045],[76.96504,14.45677],[76.96303,14.45573],[76.95985,14.45054],[76.95642,14.45184],[76.94595,14.45251],[76.9447,14.45081],[76.94573,14.44603],[76.94584,14.44289],[76.94571,14.44087],[76.94573,14.43732],[76.94657,14.42816],[76.94644,14.42651],[76.9462,14.4256],[76.9467,14.42452],[76.94715,14.42184],[76.94758,14.41764],[76.94783,14.4134],[76.94766,14.41109],[76.94695,14.40698],[76.94453,14.40369],[76.94256,14.40031],[76.93805,14.40502],[76.93608,14.40746],[76.93395,14.40914],[76.92914,14.41255],[76.92556,14.41415],[76.92033,14.41752],[76.91567,14.42072],[76.90925,14.41074],[76.90531,14.40494],[76.90333,14.40247],[76.899,14.39827],[76.89655,14.39721],[76.8931,14.39627],[76.88812,14.39565],[76.8858,14.39559],[76.88529,14.3921],[76.88514,14.38538],[76.88488,14.3822],[76.88404,14.3762],[76.88365,14.3715],[76.8837,14.36661],[76.88355,14.36402],[76.88262,14.36177],[76.88211,14.3598],[76.88209,14.35815],[76.8823,14.35539],[76.88496,14.34737],[76.88681,14.34639],[76.88859,14.34562],[76.89041,14.34362],[76.89267,14.34036],[76.89782,14.33219],[76.89925,14.32905],[76.90342,14.32248],[76.90833,14.32285],[76.91556,14.31953],[76.91912,14.31818],[76.92686,14.31467],[76.94123,14.31336],[76.9432,14.31307],[76.94568,14.31302],[76.94629,14.31019],[76.94818,14.30702],[76.95037,14.30383],[76.95162,14.30071],[76.95384,14.29805],[76.95654,14.29431],[76.94701,14.2863],[76.93853,14.28329],[76.93683,14.28039],[76.928,14.27942],[76.92477,14.27366],[76.9355,14.2607],[76.93685,14.2569],[76.93801,14.25051],[76.9394,14.2475],[76.93955,14.24504],[76.94015,14.24454],[76.94247,14.24392],[76.94571,14.24221],[76.94893,14.24192],[76.95247,14.24192],[76.95517,14.2429],[76.95867,14.24461],[76.96015,14.24506],[76.96215,14.24496],[76.96569,14.24367],[76.96815,14.24336],[76.97011,14.24338],[76.97236,14.24471],[76.97682,14.24621],[76.98352,14.24716],[76.98575,14.24718],[76.98699,14.24648],[76.98869,14.24515],[76.99075,14.24242],[76.99193,14.24159],[76.99682,14.24107],[76.9986,14.24105],[77.00292,14.2377],[77.00568,14.23583],[77.00841,14.23795],[77.01304,14.2381],[77.01712,14.23947],[77.02036,14.24097],[77.02581,14.24178],[77.03045,14.24232],[77.03051,14.24417],[77.0363,14.24492],[77.0362,14.24673],[77.04045,14.24631],[77.05077,14.24565],[77.05429,14.24519],[77.05405,14.2445],[77.05772,14.24371],[77.05684,14.24074],[77.05845,14.23818],[77.06032,14.23643],[77.06012,14.232],[77.0619,14.22963],[77.06639,14.22878],[77.06888,14.22763],[77.076,14.2232],[77.08128,14.21418],[77.09707,14.21636],[77.10091,14.21728],[77.10963,14.22073],[77.11469,14.22306],[77.11673,14.22632],[77.11617,14.23254],[77.11557,14.23768],[77.11836,14.24477],[77.11542,14.2527],[77.11512,14.25463],[77.11746,14.25534],[77.11868,14.25706],[77.1192,14.25912],[77.12042,14.26293],[77.1107,14.26153],[77.11175,14.26538],[77.10999,14.26815],[77.11297,14.27083],[77.11535,14.27393],[77.11553,14.27857],[77.11557,14.28605],[77.11531,14.29212],[77.11591,14.29306],[77.11776,14.29443],[77.12462,14.29911],[77.12615,14.30096],[77.12761,14.30302],[77.12919,14.30481],[77.13089,14.30768],[77.13286,14.31323],[77.13411,14.31747],[77.13617,14.32304],[77.136,14.32583],[77.13668,14.32959],[77.13701,14.33288],[77.13623,14.33435],[77.13561,14.3367],[77.13703,14.33712],[77.13857,14.33905],[77.13958,14.34005],[77.14535,14.3405],[77.14638,14.34048],[77.14829,14.33951],[77.15115,14.33905],[77.15299,14.33915],[77.15439,14.33955],[77.156,14.3403],[77.1572,14.34213],[77.16323,14.34233],[77.16677,14.34221],[77.16842,14.33728],[77.16932,14.33543],[77.17132,14.33618],[77.17372,14.33624],[77.17649,14.33556],[77.17863,14.33554],[77.17769,14.33425],[77.17868,14.33339],[77.18086,14.33213],[77.18091,14.33036],[77.18211,14.33088],[77.18378,14.33229],[77.18614,14.33075],[77.19372,14.32418],[77.19724,14.3214],[77.19825,14.32092],[77.21011,14.31903],[77.21256,14.31886],[77.21595,14.31892],[77.22449,14.3203],[77.22839,14.32121],[77.23223,14.31942],[77.23378,14.31805],[77.23442,14.31803],[77.23775,14.31743],[77.24339,14.31761],[77.24575,14.31734],[77.24725,14.31786],[77.24871,14.31951],[77.24957,14.3198],[77.25406,14.32242],[77.25354,14.32525],[77.25841,14.32749],[77.25785,14.33055],[77.26333,14.33271],[77.26603,14.3319],[77.26858,14.33198],[77.27401,14.33439],[77.27485,14.33572],[77.27717,14.33747],[77.28397,14.33759],[77.28481,14.34017],[77.28661,14.34023],[77.28697,14.33525],[77.28736,14.32726],[77.28875,14.3271],[77.28863,14.32088],[77.28895,14.31082],[77.28893,14.30483],[77.28815,14.29955],[77.2862,14.29454],[77.28324,14.28634],[77.28354,14.28289],[77.28768,14.28204],[77.28957,14.28131],[77.30165,14.28329],[77.30193,14.28214],[77.30532,14.28333],[77.30826,14.2826],[77.31137,14.28133],[77.31452,14.2804],[77.31489,14.28035],[77.31648,14.28081],[77.31873,14.28069],[77.32201,14.28075],[77.32821,14.2799],[77.32991,14.27992],[77.33564,14.27848],[77.33912,14.27678],[77.34238,14.27715],[77.34978,14.27711],[77.35296,14.27651],[77.35731,14.27661],[77.36384,14.27581],[77.36227,14.27118],[77.36188,14.26954],[77.36207,14.26813],[77.36315,14.26569],[77.36261,14.26183],[77.36164,14.26008]]}},
{"type":"Feature","properties":{"kind":"state","name":"Andhra Pradesh–Karnataka","src":"OSM relations 2022095 and 2019939","river":"20880","rlen":603},"geometry":{"type":"LineString","coordinates":[[77.36164,14.26008],[77.36219,14.25979],[77.36262,14.25943],[77.3631,14.25874],[77.3638,14.25717],[77.36424,14.25502],[77.36424,14.25436],[77.3641,14.25354],[77.36251,14.24974],[77.36085,14.24518],[77.3601,14.24162],[77.3596,14.23857],[77.35948,14.23655],[77.3596,14.23399]]}},
{"type":"Feature","properties":{"kind":"state","name":"Andhra Pradesh–Karnataka","src":"OSM relations 2022095 and 2019939"},"geometry":{"type":"LineString","coordinates":[[77.3596,14.23399],[77.36199,14.23402],[77.36654,14.23267],[77.3698,14.23119],[77.37407,14.2289],[77.37806,14.22782],[77.38149,14.22379],[77.38415,14.22096],[77.3842,14.21723],[77.38345,14.2123],[77.38317,14.20829],[77.3833,14.20748],[77.38699,14.20317],[77.38703,14.19989],[77.38842,14.20013],[77.39061,14.19928],[77.39269,14.19895],[77.39956,14.20274],[77.4013,14.20342],[77.40349,14.20363],[77.40733,14.20498],[77.41042,14.20592],[77.41465,14.20477],[77.41653,14.20762],[77.41705,14.20893],[77.41851,14.20912],[77.41975,14.21162],[77.41834,14.2122],[77.41827,14.21488],[77.41902,14.21555],[77.41767,14.2204],[77.4172,14.22116],[77.41739,14.22327],[77.41774,14.22472],[77.41786,14.22584],[77.414,14.22701],[77.41199,14.22795],[77.4113,14.23227],[77.40954,14.23194],[77.40892,14.24298],[77.40907,14.24762],[77.40958,14.25159],[77.4084,14.25405],[77.40881,14.25744],[77.40862,14.25972],[77.40677,14.25958],[77.40606,14.2618],[77.4051,14.26661],[77.4001,14.26586],[77.39778,14.2659],[77.39566,14.26621],[77.39396,14.26713],[77.38827,14.2695],[77.38671,14.27187],[77.38703,14.27376],[77.38832,14.27547],[77.38907,14.27701],[77.38918,14.27863],[77.38804,14.28139],[77.38658,14.28144],[77.38621,14.28451],[77.38533,14.28564],[77.38523,14.28595],[77.38551,14.28659],[77.3851,14.28898],[77.38514,14.29011],[77.38418,14.29395],[77.38323,14.29639],[77.38162,14.29859],[77.38027,14.29899],[77.37759,14.3015],[77.3777,14.30306],[77.37695,14.30393],[77.37656,14.30566],[77.37671,14.30745],[77.37737,14.31036],[77.37815,14.31262],[77.37789,14.31408],[77.37823,14.32019],[77.37896,14.32263],[77.38375,14.32658],[77.38617,14.32882],[77.38772,14.33159],[77.38892,14.33279],[77.39179,14.33458],[77.39304,14.33581],[77.3957,14.33685],[77.39847,14.33655],[77.40465,14.33774],[77.40729,14.33776],[77.41035,14.33712],[77.41179,14.33653],[77.41452,14.33497],[77.41617,14.33263],[77.41778,14.33154],[77.42003,14.33044],[77.42394,14.32805],[77.42651,14.32874],[77.42769,14.3287],[77.42851,14.32809],[77.42889,14.32703],[77.42874,14.32601],[77.42834,14.32483],[77.42829,14.32383],[77.42872,14.32225],[77.43003,14.31959],[77.43046,14.31805],[77.43063,14.31344],[77.43151,14.31271],[77.43353,14.31358],[77.43771,14.31618],[77.44168,14.31682],[77.44606,14.31732],[77.44632,14.31063],[77.44636,14.30414],[77.44529,14.29483],[77.44559,14.29362],[77.44679,14.29283],[77.44745,14.2857],[77.44801,14.2852],[77.44812,14.28264],[77.45076,14.28275],[77.45042,14.28058],[77.45657,14.27998],[77.45966,14.28044],[77.46308,14.28196],[77.4669,14.28347],[77.46966,14.28603],[77.47125,14.28703],[77.47413,14.28938],[77.47621,14.29073],[77.479,14.2921],[77.48198,14.29137],[77.48312,14.29077],[77.48477,14.28805],[77.48711,14.28179],[77.49086,14.28141],[77.49262,14.27854],[77.49327,14.27807],[77.49857,14.27875],[77.49928,14.27526],[77.50007,14.27262],[77.50144,14.26917],[77.50352,14.2651],[77.5039,14.26364],[77.50218,14.26135],[77.50312,14.26019],[77.5034,14.25943],[77.50235,14.25604],[77.50198,14.2534],[77.50126,14.25104],[77.49789,14.2436],[77.49648,14.23871],[77.49619,14.23684],[77.49232,14.23491],[77.49372,14.23297],[77.49236,14.2324],[77.49244,14.23076],[77.4937,14.23203],[77.49593,14.23202],[77.49552,14.23047],[77.49587,14.2302],[77.49443,14.22434],[77.49485,14.22293],[77.49564,14.22104],[77.49674,14.21911],[77.4983,14.21688],[77.50029,14.21462],[77.50336,14.2105],[77.50161,14.20598],[77.50144,14.20457],[77.50227,14.20067],[77.50351,14.19613],[77.50467,14.19401],[77.50547,14.19305],[77.51243,14.18859],[77.5133,14.18844],[77.51394,14.18757],[77.5146,14.18714],[77.51568,14.18707],[77.51699,14.18603],[77.51704,14.18286],[77.51519,14.18291],[77.515,14.18006],[77.51367,14.17962],[77.51322,14.17785],[77.51419,14.17677],[77.51279,14.17442],[77.51133,14.17415],[77.50906,14.1698],[77.50739,14.16612],[77.50576,14.16167],[77.5043,14.15838],[77.50365,14.15728],[77.49792,14.15978],[77.4947,14.16134],[77.4902,14.1629],[77.48816,14.16206],[77.48406,14.1636],[77.48078,14.16512],[77.46823,14.16521],[77.46685,14.16629],[77.46698,14.17218],[77.46595,14.17172],[77.46434,14.17128],[77.462,14.17101],[77.45713,14.17001],[77.44795,14.17151],[77.446,14.17213],[77.44239,14.17207],[77.43027,14.17091],[77.42761,14.17178],[77.42583,14.17207],[77.42576,14.17272],[77.42336,14.17286],[77.42342,14.17319],[77.42256,14.17334],[77.4225,14.17698],[77.42003,14.17706],[77.41892,14.17632],[77.41626,14.17634],[77.41439,14.1754],[77.41203,14.17457],[77.40787,14.17342],[77.40334,14.17322],[77.4022,14.17342],[77.39999,14.17432],[77.39368,14.17426],[77.39169,14.17272],[77.39396,14.17024],[77.39497,14.16751],[77.39529,14.16543],[77.39484,14.16065],[77.39263,14.15975],[77.3893,14.15965],[77.38928,14.15703],[77.38907,14.15636],[77.38817,14.15526],[77.3881,14.15362],[77.38495,14.15312],[77.38437,14.1486],[77.3833,14.1438],[77.3824,14.14294],[77.38104,14.13938],[77.381,14.13847],[77.37888,14.13597],[77.3728,14.13441],[77.36497,14.13185],[77.36019,14.1306],[77.35725,14.13008],[77.35555,14.13019],[77.35199,14.1311],[77.35122,14.12819],[77.35117,14.12149],[77.35152,14.11987],[77.35087,14.11793],[77.34991,14.11591],[77.34954,14.11416],[77.34935,14.11052],[77.34748,14.10534],[77.34742,14.10347],[77.34969,14.10314],[77.35272,14.10721],[77.35356,14.10986],[77.35757,14.11258],[77.36135,14.11444],[77.36205,14.11548],[77.36547,14.11629],[77.36877,14.11776],[77.37149,14.11841],[77.37355,14.11862],[77.37519,14.11845],[77.37677,14.11926],[77.37847,14.12107],[77.38044,14.12261],[77.38347,14.12397],[77.38667,14.12501],[77.39111,14.12671],[77.39729,14.12528],[77.39727,14.1233],[77.40139,14.11982],[77.39993,14.11493],[77.39879,14.11283],[77.39784,14.11019],[77.39671,14.10859],[77.38978,14.10026],[77.38761,14.09847],[77.38594,14.09754],[77.38119,14.09791],[77.38046,14.094],[77.37943,14.09069],[77.378,14.08701],[77.37802,14.08366],[77.37679,14.08112],[77.37426,14.07764],[77.37353,14.077],[77.37128,14.07625],[77.36641,14.07423],[77.36377,14.07298],[77.36242,14.06936],[77.36117,14.06505],[77.3601,14.06211],[77.35641,14.06278],[77.35296,14.06197],[77.34514,14.0593],[77.34042,14.06014],[77.33972,14.05762],[77.33849,14.05485],[77.33523,14.04644],[77.33433,14.0419],[77.33326,14.0373],[77.33231,14.03068],[77.3356,14.02922],[77.33892,14.02841],[77.34896,14.02652],[77.35336,14.02481],[77.35714,14.02308],[77.36162,14.02204],[77.37484,14.0185],[77.37971,14.01757],[77.38209,14.0169],[77.38518,14.01584],[77.38699,14.01563],[77.38827,14.01575],[77.39029,14.01661],[77.38832,14.00659],[77.38707,14.0042],[77.386,14.00166],[77.38214,13.994],[77.37986,13.99106],[77.37937,13.99],[77.37993,13.98619],[77.37982,13.98234],[77.38061,13.98042],[77.38149,13.97619],[77.38377,13.9773],[77.38611,13.97888],[77.3866,13.97959],[77.39025,13.98094],[77.39602,13.98377],[77.40048,13.98377],[77.40647,13.984],[77.41029,13.98394],[77.41192,13.98454],[77.42505,13.98602],[77.42705,13.98602]]}},
{"type":"Feature","properties":{"kind":"state","name":"Andhra Pradesh–Karnataka","src":"OSM relations 2022095 and 2019939","river":"20880","rlen":603},"geometry":{"type":"LineString","coordinates":[[77.42705,13.98602],[77.42705,13.98599],[77.42717,13.98545],[77.42736,13.98519],[77.42757,13.98457],[77.42767,13.98396],[77.42802,13.98319],[77.42849,13.98259],[77.42889,13.98228],[77.42985,13.98205],[77.43114,13.98195],[77.43175,13.98214],[77.43217,13.98214],[77.43357,13.98243],[77.43489,13.9825],[77.43643,13.98178],[77.43695,13.98145],[77.43722,13.98113],[77.43796,13.97914],[77.43876,13.97729],[77.43888,13.97669],[77.43888,13.9761],[77.43874,13.97474],[77.43838,13.97349],[77.43794,13.97063],[77.43746,13.96921],[77.43739,13.96745],[77.43714,13.96648],[77.43739,13.96543],[77.43832,13.96446],[77.43875,13.96408]]}},
{"type":"Feature","properties":{"kind":"state","name":"Andhra Pradesh–Karnataka","src":"OSM relations 2022095 and 2019939"},"geometry":{"type":"LineString","coordinates":[[77.43875,13.96408],[77.43726,13.96249],[77.43548,13.9601],[77.43516,13.95816],[77.43535,13.95731],[77.43636,13.95623],[77.43746,13.9556],[77.43658,13.95154],[77.43576,13.94879],[77.43507,13.94737],[77.43323,13.94631],[77.43149,13.94571],[77.43057,13.94558],[77.42922,13.94563],[77.42613,13.94629],[77.42407,13.94646],[77.42078,13.94544],[77.41892,13.94515],[77.41527,13.94573],[77.41199,13.94592],[77.41271,13.94234],[77.41349,13.93942],[77.41462,13.93684],[77.41533,13.93434],[77.41512,13.9308],[77.41591,13.92399],[77.41844,13.92376],[77.42089,13.9233],[77.42229,13.92276],[77.42495,13.92132],[77.42671,13.92122],[77.43201,13.92005],[77.43488,13.91957],[77.43516,13.91703],[77.43464,13.91476],[77.43316,13.91234],[77.43145,13.91012],[77.43033,13.90976],[77.42838,13.90947],[77.42849,13.90612],[77.42291,13.90337],[77.4207,13.89981],[77.41905,13.8992],[77.41031,13.89662],[77.40913,13.89435],[77.40568,13.88993],[77.4039,13.88939],[77.39895,13.88849],[77.39986,13.89204],[77.4001,13.89458],[77.39988,13.89774],[77.39827,13.90326],[77.39761,13.90653],[77.39012,13.90662],[77.38662,13.9063],[77.38109,13.9057],[77.37351,13.90464],[77.36986,13.90353],[77.36808,13.90337],[77.36662,13.9036],[77.36071,13.90344],[77.35843,13.90354],[77.35455,13.90462],[77.35434,13.90702],[77.35283,13.91368],[77.35019,13.91351],[77.34772,13.91603],[77.34911,13.91949],[77.35193,13.92536],[77.35394,13.92907],[77.35639,13.93253],[77.3592,13.93571],[77.36529,13.94444],[77.36587,13.94712],[77.36757,13.94994],[77.36911,13.95129],[77.3716,13.95316],[77.36484,13.9551],[77.34959,13.95852],[77.35081,13.95995],[77.35278,13.96137],[77.35394,13.96283],[77.35381,13.96366],[77.35268,13.96555],[77.3518,13.96745],[77.35199,13.96932],[77.35338,13.97072],[77.35381,13.97163],[77.35471,13.97572],[77.35617,13.97965],[77.3583,13.98282],[77.35931,13.98384],[77.36008,13.98885],[77.36083,13.99114],[77.35641,13.99177],[77.35265,13.99316],[77.34791,13.99464],[77.34291,13.99566],[77.33972,13.9961],[77.33633,13.99598],[77.33545,13.99781],[77.3354,13.99941],[77.33718,14.00289],[77.33718,14.0043],[77.33626,14.0063],[77.33482,14.00847],[77.32995,14.01342],[77.32485,14.02042],[77.3218,14.02518],[77.32158,14.02718],[77.3221,14.03006],[77.30993,14.03282],[77.30757,14.03255],[77.30562,14.03185],[77.30144,14.02781],[77.30116,14.02523],[77.29839,14.02371],[77.29832,14.02198],[77.29577,14.02237],[77.29564,14.02094],[77.29487,14.02065],[77.29212,14.02036],[77.2903,14.01869],[77.2836,14.01413],[77.28056,14.01301],[77.27498,14.01157],[77.27936,14.02679],[77.27884,14.03243],[77.2768,14.03197],[77.2774,14.03497],[77.27009,14.03449],[77.2682,14.03224],[77.26622,14.0316],[77.26393,14.02937],[77.2629,14.02864],[77.26022,14.02862],[77.25949,14.02616],[77.2582,14.0246],[77.25648,14.02181],[77.24801,14.01754],[77.24546,14.01189],[77.24197,14.01235],[77.2202,14.01367],[77.21614,14.01081],[77.20866,14.01122],[77.20558,14.00848],[77.19335,14.0097],[77.18747,14.01163],[77.18307,14.0123],[77.17484,14.01311],[77.17104,14.01207],[77.17286,14.00072],[77.16754,14.00087],[77.15977,14.00078],[77.15891,14.00191],[77.15818,14.00164],[77.15784,14.0007],[77.15385,14.0007],[77.15196,14.00047],[77.14409,14.00303],[77.14093,14.00382],[77.14168,14.01315],[77.14005,14.01892],[77.13827,14.02031],[77.1366,14.02208],[77.13467,14.03095],[77.13241,14.04003],[77.13194,14.04386],[77.12683,14.04715],[77.12424,14.04713],[77.1136,14.04584],[77.10589,14.04517],[77.10237,14.04536],[77.10038,14.04452],[77.09832,14.04344],[77.09606,14.0428],[77.09358,14.0424],[77.08993,14.0429],[77.08516,14.04282],[77.07935,14.04255],[77.07817,14.04303],[77.07544,14.04346],[77.07553,14.04831],[77.0757,14.05044],[77.07613,14.05314],[77.0725,14.05254],[77.06881,14.0521],[77.06656,14.05206],[77.06066,14.05391],[77.05783,14.05391],[77.05401,14.05447],[77.05132,14.05556],[77.048,14.05622],[77.04263,14.05695],[77.03517,14.05608],[77.03156,14.05693],[77.02549,14.06601],[77.02641,14.06865],[77.02751,14.073],[77.02879,14.07735],[77.02914,14.08003],[77.02929,14.08505],[77.02972,14.08813],[77.02901,14.08902],[77.02414,14.09144],[77.02298,14.09279],[77.01845,14.09466],[77.01895,14.09633],[77.01468,14.1001],[77.01491,14.10184],[77.01607,14.10388],[77.01946,14.10778],[77.02167,14.11061],[77.02407,14.1125],[77.02349,14.11396],[77.0224,14.11872],[77.02182,14.12324],[77.02628,14.12494],[77.02598,14.12994],[77.02238,14.1305],[77.02023,14.13133],[77.02064,14.14802],[77.02096,14.15043],[77.02176,14.15187],[77.02178,14.15291],[77.02047,14.15703],[77.02401,14.16878],[77.02595,14.17476],[77.02214,14.1774],[77.01646,14.17908],[77.0121,14.18075],[77.00684,14.18308],[77.00549,14.18395],[76.998,14.1807],[76.99253,14.17958],[76.99019,14.17948],[76.98845,14.1791],[76.98663,14.17966],[76.98547,14.17971],[76.98395,14.17875],[76.983,14.17858],[76.98086,14.17896],[76.97916,14.17948],[76.97599,14.18133],[76.97451,14.18116],[76.97311,14.18127],[76.972,14.18204],[76.97073,14.18243],[76.96712,14.18262],[76.96358,14.18166],[76.96133,14.18152],[76.95904,14.18243],[76.95972,14.18376],[76.95861,14.18555],[76.95749,14.18647],[76.95704,14.18859],[76.95459,14.18936],[76.94994,14.19344],[76.94749,14.19808],[76.94477,14.19672],[76.94275,14.19552],[76.94258,14.19271],[76.94264,14.19077],[76.9438,14.18811],[76.94474,14.18638],[76.94303,14.18408],[76.94185,14.18066],[76.94189,14.17731],[76.94215,14.17326],[76.93683,14.17238],[76.92925,14.17078],[76.92575,14.17041],[76.92206,14.16943],[76.91977,14.16454],[76.91271,14.16729],[76.9088,14.1681],[76.90485,14.16826],[76.90378,14.16764],[76.90061,14.16764],[76.89973,14.1693],[76.89831,14.16774],[76.89453,14.16788],[76.8934,14.16467],[76.89266,14.1606],[76.89174,14.15187],[76.89141,14.14697],[76.89067,14.14303],[76.88843,14.14056],[76.88601,14.13837],[76.88857,14.1362],[76.88941,14.13562],[76.89704,14.13526],[76.9017,14.13437],[76.90563,14.13331],[76.90891,14.13071],[76.91157,14.1294],[76.91288,14.12892],[76.91762,14.12877],[76.91957,14.13179],[76.92309,14.1346],[76.92492,14.13705],[76.93138,14.13087],[76.93595,14.12884],[76.93653,14.12451],[76.93822,14.12351],[76.94371,14.12107],[76.9458,14.1187],[76.94687,14.113],[76.95026,14.1088],[76.95241,14.10403],[76.95361,14.09949],[76.95024,14.09377],[76.9482,14.09194],[76.95929,14.09179],[76.97352,14.08355],[76.975,14.08103],[76.97504,14.07437],[76.9756,14.07342],[76.9774,14.0715],[76.97667,14.06569],[76.97511,14.0644],[76.97313,14.06195],[76.97178,14.05837],[76.96867,14.0581],[76.96146,14.05803],[76.95852,14.05745],[76.95161,14.0542],[76.94863,14.05375],[76.94211,14.05333],[76.93889,14.05412],[76.93258,14.05512],[76.93284,14.05256],[76.93367,14.04767],[76.9346,14.04509],[76.9335,14.04238],[76.93254,14.03897],[76.93112,14.03024],[76.93185,14.03031],[76.93277,14.03095],[76.93397,14.03255],[76.93475,14.03291],[76.93706,14.03185],[76.94028,14.02937],[76.94146,14.02947],[76.94301,14.02983],[76.94371,14.02956],[76.94412,14.02879],[76.94391,14.02789],[76.94301,14.02675],[76.94386,14.02344],[76.94449,14.02306],[76.94541,14.02067],[76.94635,14.02033],[76.94683,14.01834],[76.94796,14.01834],[76.94964,14.01544],[76.95172,14.0144],[76.95541,14.01307],[76.96159,14.01174],[76.96378,14.01184],[76.96534,14.01136],[76.96779,14.01017],[76.97348,14.00643],[76.978,14.00405],[76.98257,14.00099],[76.9871,13.99709],[76.99061,13.99424],[76.99287,13.9931],[76.99663,13.99041],[76.99787,13.99018],[76.99917,13.99041],[76.99967,13.98951],[77.00023,13.98946],[76.99759,13.98178],[76.99626,13.97706],[76.99573,13.97452],[76.99544,13.97039],[76.99426,13.96496],[76.99385,13.96255],[76.99785,13.96104],[76.99978,13.95994],[77.00278,13.95879],[77.00491,13.95747],[77.00622,13.95645],[77.00792,13.95593],[77.01425,13.95486],[77.01539,13.95188],[77.01693,13.94963],[77.02155,13.94349],[77.02256,13.94288],[77.02318,13.94217],[77.02464,13.93952],[77.02816,13.93895],[77.03144,13.93819],[77.03271,13.93762],[77.03419,13.93728],[77.03618,13.93711],[77.03682,13.93688],[77.03994,13.93441],[77.0415,13.93345],[77.0416,13.92941],[77.04177,13.92769],[77.04214,13.92582],[77.04297,13.92344],[77.04422,13.91801],[77.04418,13.91476],[77.04697,13.90787],[77.04723,13.9066],[77.04364,13.90562],[77.03667,13.9056],[77.0327,13.90524],[77.03083,13.90478],[77.02862,13.90364],[77.02721,13.90328],[77.02298,13.90262],[77.02332,13.89883],[77.02326,13.89574],[77.02208,13.89449],[77.02058,13.89252],[77.0206,13.88883],[77.018,13.88508],[77.01631,13.88437],[77.01731,13.87945],[77.01843,13.87262],[77.01579,13.87241],[77.01401,13.87208],[77.01324,13.87152],[77.013,13.86333],[77.01416,13.86023],[77.01193,13.85841],[77.00853,13.85458],[77.00656,13.852],[77.00394,13.85158],[77.00364,13.85065],[77.00158,13.85016],[76.99875,13.84931],[76.99649,13.84891],[76.99311,13.84891],[76.99191,13.84902],[76.99184,13.84604],[76.99137,13.84231],[76.99036,13.8375],[76.9873,13.83275],[76.98433,13.83056],[76.9833,13.82916],[76.97813,13.82695],[76.97642,13.81724],[76.98157,13.81637],[76.98442,13.81522],[76.98672,13.81412],[76.9882,13.81312],[76.98991,13.81287],[76.98989,13.81016],[76.99101,13.80728],[76.99193,13.80378],[76.99152,13.80172],[76.98976,13.79778],[76.99013,13.7967],[76.98903,13.7943],[76.98792,13.79266],[76.98678,13.79313],[76.98513,13.79074],[76.98618,13.78728],[76.9886,13.78092],[76.99021,13.77832],[76.9909,13.77609],[76.99142,13.7738],[76.99242,13.77207],[76.9933,13.769],[76.99397,13.76546],[76.99435,13.76248],[76.99453,13.75996],[76.99508,13.75902],[76.99845,13.755],[76.99768,13.7541],[76.99732,13.75245],[76.99747,13.74991],[76.99725,13.74901],[76.99667,13.74781],[76.99869,13.7453],[77.00019,13.74526],[77.00152,13.74499],[77.00358,13.74382],[77.00635,13.74253],[77.00989,13.74109],[77.0131,13.73958],[77.01635,13.7384],[77.01663,13.73876],[77.01653,13.74583],[77.01696,13.74676],[77.01784,13.74753],[77.01863,13.74845],[77.01873,13.75112],[77.01748,13.75571],[77.01741,13.75643],[77.02058,13.76103],[77.02186,13.76325],[77.02378,13.76754],[77.02401,13.76852],[77.02443,13.77922],[77.0274,13.77906],[77.03618,13.77909],[77.03856,13.7788],[77.04343,13.7778],[77.04407,13.77086],[77.0471,13.77107],[77.048,13.77025],[77.04876,13.77018],[77.05081,13.77052]]}},
{"type":"Feature","properties":{"kind":"state","name":"Andhra Pradesh–Karnataka","src":"OSM relations 2022095 and 2019939","river":"6841","rlen":96},"geometry":{"type":"LineString","coordinates":[[77.05081,13.77052],[77.05122,13.76914],[77.05119,13.76774],[77.05134,13.76719],[77.05131,13.76674],[77.05109,13.76655],[77.05028,13.76645],[77.05011,13.76623],[77.04993,13.76543],[77.04994,13.76502],[77.05011,13.76435],[77.0506,13.76375],[77.05162,13.76322],[77.05436,13.76304],[77.05509,13.76272],[77.05667,13.76118],[77.05789,13.7604],[77.05852,13.75974],[77.05874,13.7586],[77.05872,13.75684],[77.05832,13.75554],[77.05792,13.75517],[77.05746,13.75451],[77.05721,13.75369],[77.05706,13.75255],[77.05691,13.75235],[77.05692,13.75196],[77.05708,13.7517],[77.05749,13.75139],[77.05902,13.7505],[77.05946,13.75007],[77.05975,13.74966],[77.06001,13.74887],[77.05999,13.74745],[77.06032,13.7466],[77.06054,13.74621],[77.0615,13.74511],[77.06235,13.74325]]}},
{"type":"Feature","properties":{"kind":"state","name":"Andhra Pradesh–Karnataka","src":"OSM relations 2022095 and 2019939"},"geometry":{"type":"LineString","coordinates":[[77.06235,13.74325],[77.06435,13.74396],[77.06499,13.74389],[77.06894,13.74512],[77.07012,13.74519],[77.07268,13.74437],[77.07577,13.74272],[77.08564,13.74234],[77.08501,13.74332],[77.08375,13.74672],[77.08366,13.75049],[77.08375,13.75639],[77.08553,13.76235],[77.09018,13.76233],[77.09057,13.76385],[77.09042,13.76725],[77.09244,13.76675],[77.0954,13.76654],[77.09795,13.76696],[77.10111,13.76809],[77.10302,13.76817],[77.10607,13.76771],[77.11773,13.7645],[77.11782,13.76402],[77.12003,13.76231],[77.12147,13.76161],[77.12558,13.76044],[77.12903,13.75959],[77.13247,13.75915],[77.13672,13.75831],[77.13984,13.76102],[77.1409,13.76503],[77.14779,13.76568],[77.15052,13.76618],[77.15213,13.76616],[77.15366,13.76584],[77.15744,13.76419],[77.15916,13.76378],[77.16149,13.76372],[77.16421,13.76341],[77.17295,13.76208],[77.17471,13.76596],[77.17518,13.76988],[77.17591,13.77242],[77.1779,13.77819],[77.1787,13.7809],[77.1788,13.78157],[77.17848,13.78305],[77.1775,13.78336],[77.17565,13.78361],[77.1684,13.79055],[77.16578,13.79363],[77.16275,13.79841],[77.16222,13.80485],[77.15748,13.80601],[77.16269,13.80872],[77.16286,13.81231],[77.16044,13.81524],[77.15949,13.81683],[77.16263,13.81689],[77.1652,13.81889],[77.16797,13.82164],[77.16876,13.82381],[77.16868,13.82954],[77.16529,13.83316],[77.1616,13.83308],[77.15836,13.83329],[77.15366,13.8341],[77.15432,13.84139],[77.15591,13.84206],[77.156,13.84429],[77.14595,13.84608],[77.14312,13.84639],[77.13995,13.84627],[77.13795,13.84581],[77.13233,13.84614],[77.12819,13.85652],[77.136,13.85654],[77.14763,13.86841],[77.15241,13.86725],[77.16042,13.86571],[77.16846,13.86452],[77.17144,13.87143],[77.17035,13.877],[77.17003,13.88008],[77.1687,13.88089],[77.16904,13.88993],[77.16393,13.89529],[77.16228,13.89868],[77.16206,13.90676],[77.16481,13.9112],[77.16755,13.91635],[77.17,13.92058],[77.18221,13.92449],[77.18473,13.92514],[77.18811,13.91373],[77.19078,13.91195],[77.18963,13.9076],[77.18886,13.90413],[77.18825,13.89971],[77.18616,13.89445],[77.18526,13.88681],[77.18653,13.8866],[77.18537,13.87995],[77.18571,13.87966],[77.18571,13.87627],[77.18144,13.86987],[77.20043,13.8631],[77.20473,13.87037],[77.20814,13.87489],[77.20822,13.87633],[77.20996,13.87823],[77.2105,13.87973],[77.21022,13.88235],[77.21014,13.88486],[77.21072,13.88537],[77.21169,13.88579],[77.21265,13.88561],[77.21356,13.88622],[77.21548,13.8862],[77.21637,13.88532],[77.21692,13.88395],[77.21697,13.88203],[77.21661,13.87993],[77.21588,13.87756],[77.21526,13.86798],[77.21625,13.86829],[77.21842,13.86827],[77.21994,13.86768],[77.22043,13.87071],[77.22185,13.87348],[77.2226,13.87529],[77.2241,13.88152],[77.22477,13.88283],[77.22678,13.88231],[77.2276,13.88631],[77.23002,13.89204],[77.22966,13.89833],[77.23082,13.90322],[77.23584,13.9041],[77.23663,13.90103],[77.24483,13.90285],[77.24841,13.90131],[77.24828,13.89706],[77.24717,13.89339],[77.24758,13.89077],[77.24786,13.88789],[77.24556,13.88481],[77.24459,13.88295],[77.2447,13.88133],[77.24689,13.88037],[77.24725,13.87737],[77.2485,13.87364],[77.24788,13.87152],[77.24813,13.87048],[77.24758,13.86908],[77.24659,13.86877],[77.24618,13.86789],[77.25017,13.86739],[77.25135,13.86666],[77.25303,13.86529],[77.25627,13.86387],[77.25914,13.86327],[77.2588,13.85927],[77.25824,13.85652],[77.25751,13.85427],[77.25635,13.85185],[77.2559,13.85052],[77.25685,13.84658],[77.25996,13.84673],[77.26697,13.84766],[77.2724,13.84866],[77.28002,13.85079],[77.28414,13.84893],[77.28848,13.84743],[77.28983,13.8481],[77.29161,13.85168],[77.29481,13.85735],[77.29669,13.85693],[77.30152,13.86066],[77.30375,13.8621],[77.31064,13.86283],[77.31107,13.86652],[77.31639,13.86321],[77.31787,13.86018],[77.3191,13.85721],[77.32141,13.85596],[77.32116,13.85283],[77.32169,13.84864],[77.32176,13.84679],[77.32515,13.84541],[77.323,13.84008],[77.32463,13.83981],[77.32472,13.83689],[77.32564,13.83687],[77.32564,13.83302],[77.33697,13.83283],[77.34431,13.83996],[77.34665,13.84193],[77.35156,13.84456],[77.35328,13.84527],[77.3548,13.84837],[77.35695,13.85127],[77.35997,13.85306],[77.36272,13.85423],[77.36542,13.85373],[77.36913,13.85281],[77.37293,13.85279],[77.37579,13.85164],[77.38117,13.84733],[77.37939,13.84039],[77.38083,13.83979],[77.3828,13.83927],[77.38722,13.83908],[77.3898,13.83954],[77.39364,13.84048],[77.39784,13.84096],[77.40063,13.841],[77.40574,13.8401],[77.41059,13.83958],[77.41565,13.83968],[77.4196,13.84164],[77.42259,13.84127],[77.42694,13.84114],[77.42915,13.84473],[77.43082,13.84398],[77.43284,13.84335]]}},
{"type":"Feature","properties":{"kind":"state","name":"Andhra Pradesh–Karnataka","src":"OSM relations 2022095 and 2019939","river":"20754","rlen":84},"geometry":{"type":"LineString","coordinates":[[77.43284,13.84335],[77.43265,13.84263],[77.43199,13.83794],[77.43166,13.8371],[77.4315,13.83634],[77.431,13.83543],[77.42821,13.83295],[77.42766,13.83236],[77.42753,13.83214],[77.42747,13.8317],[77.42803,13.83079],[77.42824,13.82982],[77.42803,13.82847],[77.42718,13.82694],[77.42571,13.82527],[77.42393,13.82382],[77.42343,13.8233],[77.42302,13.82264],[77.4225,13.82126],[77.42181,13.81992],[77.42032,13.81766],[77.41984,13.81647],[77.41921,13.81556],[77.41892,13.81475],[77.41845,13.81394],[77.41774,13.81187],[77.4175,13.81142],[77.41692,13.80922],[77.41667,13.80779]]}},
{"type":"Feature","properties":{"kind":"state","name":"Andhra Pradesh–Karnataka","src":"OSM relations 2022095 and 2019939"},"geometry":{"type":"LineString","coordinates":[[77.41667,13.80779],[77.41892,13.80742],[77.41967,13.80981],[77.42546,13.80835],[77.42795,13.80726],[77.42874,13.80672],[77.42825,13.80362],[77.42499,13.80285],[77.42334,13.80103],[77.42267,13.79893],[77.42522,13.79807],[77.42836,13.7972],[77.43216,13.79657],[77.43578,13.79649],[77.43701,13.79672],[77.43748,13.79851],[77.44055,13.80655],[77.44529,13.81099],[77.44855,13.81058],[77.45265,13.80922],[77.45481,13.81003],[77.45567,13.80762],[77.45735,13.80714],[77.45973,13.80826],[77.46454,13.80808],[77.46478,13.80322],[77.46083,13.80298],[77.45984,13.80004],[77.45712,13.79068],[77.45662,13.79071],[77.45635,13.78886],[77.4613,13.78833],[77.46103,13.78375],[77.46053,13.78034],[77.46196,13.77734],[77.46287,13.77464],[77.46399,13.77012],[77.4644,13.76801],[77.46478,13.76391],[77.46509,13.75872],[77.46858,13.75871],[77.4704,13.75796],[77.46892,13.75531],[77.46785,13.75379],[77.4676,13.75318],[77.46815,13.7521],[77.46813,13.75105],[77.46747,13.74929],[77.46673,13.74299],[77.46675,13.74083],[77.46647,13.73989],[77.46536,13.73788],[77.46506,13.73658],[77.46436,13.73223],[77.46348,13.72399],[77.46322,13.72269],[77.46342,13.72127],[77.46366,13.72054],[77.46433,13.71934],[77.46461,13.71814],[77.46487,13.71082],[77.46143,13.70946],[77.4584,13.71066],[77.45401,13.71047],[77.44991,13.71096],[77.4505,13.70575],[77.45051,13.70481],[77.45241,13.70409],[77.45225,13.70238],[77.45262,13.69775],[77.45284,13.69636],[77.45448,13.69604],[77.45454,13.69106],[77.4559,13.69098],[77.45547,13.6876],[77.45549,13.68573],[77.4553,13.68225],[77.46185,13.68383],[77.46421,13.68389],[77.46649,13.68425],[77.47483,13.68635],[77.48052,13.68654],[77.48189,13.68623],[77.48419,13.68658],[77.4876,13.68681],[77.48777,13.6894],[77.49131,13.68994]]}},
{"type":"Feature","properties":{"kind":"state","name":"Andhra Pradesh–Karnataka","src":"OSM relations 2022095 and 2019939","river":"20880","rlen":603},"geometry":{"type":"LineString","coordinates":[[77.49131,13.68994],[77.49116,13.69092],[77.49098,13.69383],[77.49037,13.69522],[77.48738,13.6992],[77.48604,13.70147],[77.4848,13.70467],[77.48427,13.70652],[77.48387,13.70814],[77.48386,13.70968],[77.48372,13.71113],[77.48325,13.71418],[77.48323,13.71466]]}},
{"type":"Feature","properties":{"kind":"state","name":"Andhra Pradesh–Karnataka","src":"OSM relations 2022095 and 2019939"},"geometry":{"type":"LineString","coordinates":[[77.48323,13.71466],[77.48534,13.71474],[77.48844,13.71443],[77.49258,13.71485],[77.49762,13.71429],[77.50749,13.71404],[77.51436,13.71309],[77.51386,13.70826],[77.51451,13.70748],[77.51446,13.70527],[77.51231,13.69714],[77.51559,13.69661],[77.51983,13.69617],[77.52074,13.69465],[77.52118,13.69368],[77.52134,13.69207],[77.52498,13.69116],[77.52834,13.69305],[77.53065,13.69879],[77.53226,13.70231],[77.53395,13.70538],[77.53465,13.70851],[77.53471,13.71063],[77.53544,13.7166],[77.53571,13.72082],[77.53575,13.7281],[77.5367,13.73075],[77.53396,13.73355],[77.53215,13.7365],[77.52648,13.74211],[77.52484,13.74339],[77.52208,13.74453],[77.52263,13.74637],[77.52398,13.74958],[77.52527,13.75319],[77.52803,13.75392],[77.53379,13.75507],[77.5401,13.75589],[77.54188,13.75581],[77.54269,13.75551],[77.54511,13.75443],[77.54732,13.75312],[77.54805,13.75225],[77.54828,13.7507],[77.54925,13.74899],[77.54964,13.74257],[77.54916,13.74074],[77.55251,13.73801],[77.55335,13.73701],[77.55442,13.73476],[77.5553,13.73188],[77.5561,13.7304],[77.55736,13.72757],[77.55903,13.72327],[77.56041,13.72248],[77.56129,13.7225],[77.56311,13.72486],[77.56453,13.72584],[77.56528,13.727],[77.568,13.73215],[77.57025,13.73602],[77.57127,13.73761],[77.57192,13.73823],[77.57692,13.73842],[77.57888,13.73652],[77.58058,13.73507],[77.58284,13.73427],[77.58682,13.73342],[77.58724,13.73431],[77.58874,13.73628],[77.59247,13.74219],[77.59384,13.74372],[77.59489,13.74517],[77.59553,13.74637],[77.59606,13.74823],[77.59715,13.74872],[77.59979,13.75062],[77.60038,13.75065],[77.60221,13.75032],[77.60377,13.75049],[77.60448,13.75083],[77.60567,13.75094],[77.60721,13.75092],[77.6091,13.75198],[77.61351,13.75206],[77.61451,13.75052],[77.61495,13.74933],[77.61617,13.74806],[77.61844,13.74601],[77.61976,13.74272],[77.6245,13.73517],[77.62611,13.73502],[77.62688,13.73474],[77.62788,13.73459],[77.62918,13.73572],[77.63068,13.73601],[77.63244,13.73888],[77.6337,13.73959],[77.63472,13.73968],[77.63703,13.73951],[77.6374,13.73961],[77.63944,13.74066],[77.64107,13.74177],[77.64182,13.74262],[77.64185,13.74495],[77.64247,13.74523],[77.64231,13.74712],[77.64195,13.74827],[77.64039,13.74948],[77.63745,13.74933],[77.63636,13.74964],[77.6316,13.75341],[77.62933,13.75464],[77.62594,13.7536],[77.6246,13.7535],[77.62319,13.75385],[77.619,13.75531],[77.61766,13.76202],[77.61773,13.7628],[77.62117,13.76846],[77.62556,13.77003],[77.62772,13.77131],[77.63033,13.77263],[77.63416,13.77417],[77.63818,13.77541],[77.64488,13.77803],[77.64663,13.77918],[77.65028,13.78323],[77.65161,13.78411],[77.66191,13.78561],[77.66935,13.78394],[77.67045,13.78415],[77.67319,13.78565],[77.67538,13.78593],[77.67829,13.78664],[77.68017,13.78676],[77.68,13.7855],[77.68157,13.77879],[77.68047,13.77537],[77.67976,13.772],[77.67878,13.76922],[77.67803,13.76745],[77.67491,13.76369],[77.67335,13.7624],[77.67141,13.76048],[77.67435,13.76041],[77.67735,13.76134],[77.67979,13.76239],[77.68216,13.76406],[77.68383,13.765],[77.69218,13.76881],[77.69516,13.77071],[77.69769,13.77071],[77.70057,13.77015],[77.70338,13.76979],[77.70383,13.76544],[77.70583,13.75712],[77.70645,13.7522],[77.70739,13.74954],[77.70859,13.74091],[77.71512,13.74387],[77.71737,13.74103],[77.71825,13.75156],[77.71965,13.753],[77.72018,13.75754],[77.72005,13.75923],[77.71954,13.76125],[77.71999,13.7626],[77.71997,13.76567],[77.72177,13.76754],[77.72244,13.76863],[77.72213,13.76988],[77.72071,13.77218],[77.71972,13.7748],[77.71965,13.77597],[77.72015,13.77817],[77.72024,13.7793],[77.71983,13.78065],[77.719,13.78214],[77.71871,13.78443],[77.71878,13.78561],[77.71946,13.78671],[77.71932,13.788],[77.72139,13.78916],[77.72202,13.79012],[77.72245,13.79328],[77.72237,13.7944],[77.72157,13.79688],[77.71938,13.80023],[77.72321,13.80076],[77.72642,13.80074],[77.72914,13.80202],[77.73042,13.8039],[77.7316,13.80626],[77.73159,13.80763],[77.73278,13.80844],[77.74066,13.81245],[77.74196,13.81186],[77.74519,13.81009],[77.74786,13.81036],[77.74941,13.81127],[77.7595,13.81551],[77.76268,13.81703],[77.76383,13.81727],[77.76757,13.81731],[77.77016,13.81717],[77.77439,13.81791],[77.77732,13.81822],[77.78157,13.8182],[77.78171,13.81913],[77.78309,13.81978],[77.78878,13.82316],[77.78858,13.82786],[77.78914,13.83027],[77.78903,13.83075],[77.78657,13.83271],[77.78427,13.83434],[77.78394,13.8363],[77.78365,13.83726],[77.78307,13.83805],[77.78234,13.83857],[77.78219,13.83984],[77.78227,13.84411],[77.78436,13.84541],[77.78888,13.84779],[77.7905,13.84847],[77.79231,13.84885],[77.79731,13.84946],[77.80059,13.85018],[77.80458,13.84993],[77.80821,13.85053],[77.80905,13.8504],[77.80981,13.84992],[77.81197,13.84905],[77.81305,13.85213],[77.81365,13.85528],[77.8149,13.85776],[77.8176,13.86077],[77.82131,13.86448],[77.82228,13.86473],[77.82657,13.86456],[77.82968,13.86529],[77.83474,13.86779],[77.83584,13.86864],[77.83704,13.86993],[77.83333,13.87239],[77.82743,13.87435],[77.82753,13.87583],[77.8282,13.87677],[77.8305,13.8775],[77.83264,13.87862],[77.83571,13.88104],[77.83337,13.88918],[77.83275,13.89368],[77.83204,13.89537],[77.83116,13.89687],[77.82985,13.89804],[77.82543,13.89962],[77.82365,13.8997],[77.82191,13.89964],[77.82013,13.89976],[77.81674,13.90299],[77.81629,13.90378],[77.81636,13.90583],[77.81711,13.9077],[77.81693,13.9083],[77.81423,13.91305],[77.81354,13.91524],[77.81322,13.91905],[77.81334,13.92113],[77.8139,13.92505],[77.81421,13.92942],[77.81492,13.9318],[77.81588,13.93342],[77.81987,13.9369],[77.82496,13.94192],[77.82599,13.9435],[77.82655,13.94477],[77.82814,13.94415],[77.82876,13.94367],[77.82959,13.94188],[77.83097,13.94011],[77.83408,13.93867],[77.83713,13.93665],[77.83824,13.93605],[77.84146,13.93573],[77.84796,13.9368],[77.85176,13.93763],[77.85498,13.93813],[77.85764,13.93773],[77.86157,13.93665],[77.865,13.936],[77.86853,13.93605],[77.86996,13.93634],[77.87195,13.93717],[77.8726,13.93724],[77.87543,13.93667],[77.8806,13.93775],[77.88446,13.93836],[77.89581,13.94102],[77.89771,13.93536],[77.89853,13.93258],[77.89886,13.93035],[77.89539,13.92579],[77.8958,13.92029],[77.89957,13.91669],[77.90273,13.91643],[77.90549,13.91636],[77.90857,13.91291],[77.91521,13.90795],[77.91641,13.90732],[77.92261,13.90597],[77.92673,13.90539],[77.92744,13.90585],[77.93023,13.90993],[77.93497,13.91576],[77.93723,13.91878],[77.94195,13.92607],[77.94472,13.93105],[77.94615,13.93542],[77.95491,13.93857],[77.95632,13.93732],[77.95695,13.9365],[77.95772,13.93734],[77.96008,13.9404],[77.96016,13.94323],[77.96203,13.95139],[77.96197,13.95489],[77.96424,13.95539],[77.96757,13.96031],[77.97205,13.96016],[77.97225,13.95954],[77.97692,13.95843],[77.97853,13.95866],[77.98027,13.95847],[77.98289,13.95772],[77.98398,13.9562],[77.98744,13.95558],[77.98614,13.9515],[77.98456,13.94538],[77.98025,13.92757],[77.98265,13.92301],[77.98304,13.92011],[77.9839,13.9153],[77.984,13.91201],[77.98385,13.90918],[77.98293,13.90474],[77.98669,13.90293],[77.9845,13.89772],[77.98252,13.8972],[77.97461,13.89587],[77.9722,13.89499],[77.97102,13.89474],[77.96634,13.89424],[77.96111,13.89279],[77.95452,13.89068],[77.9522,13.8902],[77.95173,13.88797],[77.94939,13.88727],[77.94875,13.88443],[77.94823,13.88106],[77.94896,13.87541],[77.94911,13.87312],[77.94903,13.87073],[77.94924,13.86966],[77.95038,13.86641],[77.95162,13.86214],[77.9525,13.85756],[77.95295,13.85664],[77.95403,13.85523],[77.95401,13.85333],[77.95362,13.84881],[77.95373,13.84718],[77.95431,13.84414],[77.95484,13.84223],[77.95362,13.83864],[77.95615,13.836],[77.95617,13.83137],[77.95238,13.82945],[77.95295,13.82718],[77.95647,13.82852],[77.96074,13.82952],[77.97053,13.82895],[77.97424,13.82931],[77.97621,13.82962],[77.97701,13.83164],[77.9786,13.83829],[77.97937,13.84004],[77.98319,13.84752],[77.98701,13.85402],[77.98898,13.85381],[77.98933,13.85887],[77.98943,13.86262],[77.99081,13.86346],[77.99216,13.86891],[77.99686,13.86881],[77.99881,13.86925],[77.99917,13.86985],[77.99963,13.87121],[78.00035,13.87254],[78.00089,13.87323],[78.00533,13.87198],[78.00746,13.87152],[78.01117,13.87193],[78.01203,13.87129],[78.01301,13.87114],[78.01377,13.87027],[78.01413,13.86827],[78.0151,13.86679],[78.01636,13.86587],[78.01658,13.86498],[78.01862,13.86477],[78.02044,13.86414],[78.02256,13.86383],[78.02501,13.86391],[78.02767,13.86421],[78.02964,13.86406],[78.03188,13.86427],[78.0328,13.86312],[78.03413,13.86314],[78.03812,13.86158],[78.03951,13.86079],[78.04104,13.86035],[78.04597,13.86216],[78.0458,13.86281],[78.04621,13.8635],[78.04677,13.86402],[78.04692,13.86491],[78.04627,13.86637],[78.04703,13.86716],[78.04748,13.86783],[78.04784,13.86881],[78.04866,13.869],[78.04876,13.87012],[78.05014,13.87198],[78.05029,13.87383],[78.05082,13.87654],[78.05054,13.8785],[78.05104,13.88075],[78.0511,13.88175],[78.05061,13.88456],[78.05016,13.88947],[78.04934,13.89112],[78.04868,13.89347],[78.04896,13.89622],[78.05222,13.89547],[78.05632,13.89381],[78.05681,13.89322],[78.06054,13.89208],[78.06177,13.89097],[78.06254,13.89064],[78.06194,13.88827],[78.06554,13.88647],[78.06876,13.88535],[78.0723,13.88439],[78.07898,13.8812],[78.0793,13.87681],[78.08033,13.87604],[78.08071,13.87425],[78.08114,13.873],[78.08005,13.87004],[78.08046,13.86775],[78.08112,13.86627],[78.08177,13.86577],[78.08213,13.86525],[78.08273,13.86379],[78.0828,13.86304],[78.0835,13.86118]]}},
{"type":"Feature","properties":{"kind":"state","name":"Andhra Pradesh–Karnataka","src":"OSM relations 2022095 and 2019939","river":"20938","rlen":37},"geometry":{"type":"LineString","coordinates":[[78.0835,13.86118],[78.08422,13.86144],[78.0851,13.86162],[78.08573,13.86186],[78.08628,13.86212],[78.08773,13.86311],[78.08818,13.86355],[78.08935,13.86406],[78.09036,13.86436],[78.09109,13.86444],[78.09237,13.86444],[78.09419,13.86427],[78.09823,13.862],[78.09897,13.86166],[78.09955,13.86158],[78.1009,13.86148],[78.10188,13.86148],[78.10333,13.86191],[78.1062,13.86212],[78.10671,13.86212],[78.10869,13.86178],[78.10968,13.86178],[78.11028,13.8619],[78.1118,13.86265],[78.11219,13.86276],[78.11511,13.86261],[78.11558,13.86269]]}},
{"type":"Feature","properties":{"kind":"state","name":"Andhra Pradesh–Karnataka","src":"OSM relations 2022095 and 2019939"},"geometry":{"type":"LineString","coordinates":[[78.11558,13.86269],[78.1159,13.86086],[78.11689,13.8587],[78.11657,13.85186],[78.12193,13.84639],[78.12359,13.84518],[78.12228,13.83889],[78.12543,13.83187],[78.1152,13.81322],[78.11402,13.80912],[78.11372,13.80741],[78.11487,13.80747],[78.11608,13.80647],[78.1191,13.80351],[78.11987,13.80153],[78.12275,13.79868],[78.12348,13.79603],[78.12661,13.78845],[78.12659,13.78657],[78.12567,13.78559],[78.12487,13.78447],[78.12399,13.78372],[78.12208,13.78119],[78.12024,13.7768],[78.11972,13.77392],[78.11826,13.77048],[78.11706,13.76844],[78.11558,13.76686],[78.1138,13.76363],[78.1067,13.76194],[78.10352,13.7605],[78.10015,13.75844],[78.09934,13.75725],[78.09801,13.7542],[78.09539,13.74897],[78.09393,13.74566],[78.09179,13.7423],[78.09434,13.74001],[78.09857,13.73791],[78.10455,13.73634],[78.10829,13.73151],[78.10912,13.73013],[78.1099,13.72771],[78.11136,13.72534],[78.112,13.72459],[78.11449,13.72354],[78.11573,13.72258],[78.11672,13.72165],[78.1196,13.71764],[78.12007,13.71627],[78.12108,13.71548],[78.11698,13.70714],[78.11487,13.70311],[78.1143,13.70076],[78.11406,13.69596],[78.11342,13.6925],[78.10867,13.69273],[78.10552,13.69232],[78.10275,13.69175],[78.09958,13.69196],[78.09857,13.6909],[78.09743,13.69077],[78.09232,13.69104],[78.09299,13.69236],[78.0917,13.69209],[78.08992,13.69152],[78.08614,13.69194],[78.08406,13.69338],[78.08031,13.69646],[78.07917,13.6964],[78.07537,13.69771],[78.07258,13.69847],[78.07076,13.69847],[78.06947,13.69765],[78.06951,13.6929],[78.06966,13.69073],[78.07153,13.68835],[78.07368,13.68777],[78.07277,13.68452],[78.07093,13.68181],[78.07011,13.68104],[78.06793,13.68008],[78.06718,13.67901],[78.06602,13.6767],[78.07232,13.67413],[78.07337,13.67383],[78.07476,13.67354],[78.07553,13.6735],[78.07695,13.67368],[78.07736,13.67253],[78.07783,13.67011],[78.07784,13.6683],[78.078,13.6671],[78.08018,13.66569],[78.08332,13.66336],[78.08595,13.66173],[78.08708,13.66078],[78.08907,13.65989],[78.08944,13.65954],[78.08966,13.65887],[78.08935,13.65758],[78.08845,13.65474],[78.08717,13.65163],[78.08707,13.65],[78.08729,13.64345],[78.08899,13.64329],[78.09343,13.64347],[78.09632,13.64298],[78.09935,13.64319],[78.10175,13.64653],[78.10233,13.65117],[78.10431,13.65076],[78.10521,13.65274],[78.10628,13.65252],[78.10717,13.65247],[78.10857,13.65303],[78.10863,13.65401],[78.11196,13.65614],[78.11399,13.65725],[78.11518,13.65749],[78.11743,13.65754],[78.1213,13.65606],[78.12559,13.65588],[78.12782,13.65713],[78.12927,13.65757],[78.12984,13.65811],[78.13067,13.6593],[78.13281,13.65924],[78.13531,13.65934],[78.1385,13.65792],[78.1408,13.65813],[78.14235,13.65814],[78.14407,13.65718],[78.1472,13.65648],[78.14727,13.6576],[78.15018,13.6579],[78.15323,13.65769],[78.1556,13.65816],[78.15628,13.65849],[78.1576,13.65756],[78.16133,13.65676],[78.16633,13.65589],[78.16775,13.6555],[78.16925,13.65386],[78.16898,13.65264],[78.16877,13.65047],[78.16825,13.64816],[78.16791,13.64553],[78.16824,13.64329],[78.16832,13.6415],[78.1687,13.63991],[78.16838,13.63814],[78.16752,13.63725],[78.16821,13.63493],[78.16845,13.63264],[78.17254,13.63132],[78.17554,13.63055],[78.1778,13.63039],[78.1833,13.63073],[78.18795,13.6305],[78.18914,13.63059],[78.19219,13.62933],[78.19621,13.62835],[78.20412,13.6284],[78.20319,13.62399],[78.20327,13.62109],[78.20196,13.61971],[78.2022,13.61902],[78.20394,13.61811],[78.20351,13.6172],[78.2035,13.60703],[78.20245,13.6041],[78.19984,13.59978],[78.19704,13.59644],[78.19042,13.59029],[78.19007,13.5893],[78.18974,13.58206],[78.18938,13.57695],[78.1898,13.57159],[78.19033,13.56973],[78.19065,13.56798],[78.19208,13.56576],[78.19312,13.56439],[78.19608,13.56587],[78.19751,13.56601],[78.2002,13.56699],[78.20203,13.56831],[78.20486,13.57205],[78.20842,13.57711],[78.21008,13.57782],[78.21145,13.57882],[78.21187,13.57976],[78.21354,13.58223],[78.21425,13.58498],[78.2152,13.58729],[78.21584,13.59022],[78.21625,13.59061],[78.21831,13.59175],[78.21911,13.5927],[78.22037,13.59203],[78.22141,13.59119],[78.22208,13.5894],[78.22358,13.5889],[78.22497,13.58805],[78.22857,13.58629],[78.23023,13.58604],[78.23173,13.58619],[78.23257,13.58697],[78.23394,13.58954],[78.23523,13.59111],[78.23478,13.59285],[78.23527,13.59484],[78.23424,13.59679],[78.23482,13.59719],[78.23549,13.59833],[78.23712,13.59885],[78.23849,13.59849],[78.23949,13.59796],[78.24019,13.59724],[78.24226,13.59558],[78.24355,13.59709],[78.24956,13.59089],[78.25244,13.58938],[78.25796,13.58571],[78.25878,13.58453],[78.25852,13.58272],[78.26191,13.58536],[78.26522,13.58642],[78.26711,13.5867],[78.27066,13.58816],[78.27399,13.58816],[78.27521,13.58855],[78.27619,13.58855],[78.27701,13.58903],[78.28062,13.58921],[78.28322,13.58914],[78.28689,13.58962],[78.29116,13.58982],[78.2962,13.59026],[78.30321,13.59135],[78.30737,13.59213],[78.31238,13.59203],[78.31456,13.59153],[78.32066,13.59331],[78.32501,13.59494],[78.32865,13.59455],[78.33107,13.59402],[78.33289,13.59376],[78.33582,13.59294],[78.34085,13.5918],[78.34517,13.59093],[78.34675,13.59076],[78.34729,13.58833],[78.34812,13.58801],[78.34866,13.58689],[78.34931,13.58694],[78.34972,13.58733],[78.35061,13.58724],[78.35116,13.58738],[78.3519,13.58705],[78.35286,13.58749],[78.35478,13.58711],[78.35768,13.58812],[78.36129,13.58897],[78.36368,13.58795],[78.36477,13.58816],[78.3652,13.58953],[78.3709,13.58999],[78.37348,13.59045],[78.37749,13.59094],[78.38275,13.59186],[78.38432,13.59198],[78.38494,13.5914],[78.3899,13.59063],[78.39365,13.59063],[78.39594,13.58838],[78.39679,13.58822],[78.39939,13.58854],[78.40143,13.58826],[78.40199,13.58792],[78.40117,13.58037],[78.40156,13.57855],[78.40331,13.57814],[78.40629,13.57715],[78.40671,13.5769],[78.40468,13.57407],[78.40315,13.57138],[78.40169,13.56761],[78.40081,13.56491],[78.39988,13.56444],[78.39906,13.56373],[78.39625,13.55691],[78.39309,13.55267],[78.39323,13.54744],[78.39361,13.54101],[78.39054,13.53578],[78.38757,13.53101],[78.38479,13.52606],[78.38402,13.52488],[78.38447,13.52093],[78.38527,13.51721],[78.38625,13.51526]]}},
{"type":"Feature","properties":{"kind":"state","name":"Andhra Pradesh–Karnataka","src":"OSM relations 2022095 and 2019939","river":"20673","rlen":113},"geometry":{"type":"LineString","coordinates":[[78.38625,13.51526],[78.38533,13.51482],[78.38472,13.51437],[78.38409,13.51414],[78.38214,13.5141],[78.38189,13.51403],[78.38148,13.51375],[78.38074,13.51277],[78.38021,13.51161],[78.38001,13.51095],[78.37914,13.50957],[78.37907,13.50938],[78.37891,13.50802],[78.37768,13.50549],[78.37746,13.504],[78.37704,13.50297],[78.37703,13.50198],[78.37684,13.50138],[78.37579,13.49962],[78.37565,13.49895],[78.37562,13.49804]]}},
{"type":"Feature","properties":{"kind":"state","name":"Andhra Pradesh–Karnataka","src":"OSM relations 2022095 and 2019939"},"geometry":{"type":"LineString","coordinates":[[78.37562,13.49804],[78.3779,13.49789],[78.37773,13.49546],[78.37872,13.48558],[78.37881,13.48211],[78.37503,13.47746],[78.3708,13.46954],[78.37261,13.46273],[78.37464,13.4619],[78.37299,13.4518],[78.3746,13.44906],[78.37524,13.447],[78.37559,13.44397],[78.37837,13.44395],[78.37902,13.44013],[78.37644,13.43957],[78.37649,13.43788],[78.37567,13.43723],[78.37767,13.43189],[78.37747,13.42869],[78.37741,13.42446],[78.37878,13.42156],[78.38063,13.4189],[78.37915,13.41542],[78.38041,13.41166],[78.38106,13.40851],[78.38157,13.40442],[78.38176,13.3972],[78.38123,13.39308],[78.37891,13.38384],[78.37801,13.38279],[78.37243,13.37855],[78.37116,13.37544],[78.37022,13.37437],[78.36916,13.37343],[78.36843,13.37164],[78.36505,13.36197],[78.36576,13.3586],[78.36974,13.3584],[78.37081,13.36153],[78.3745,13.36194],[78.37621,13.36109],[78.37763,13.36321],[78.39483,13.35445],[78.39432,13.35316],[78.39315,13.35087],[78.39871,13.34941],[78.39996,13.34925],[78.40277,13.34721],[78.40441,13.34799],[78.40843,13.34574],[78.40868,13.34283],[78.40728,13.34002],[78.4072,13.33745],[78.4042,13.33626],[78.39913,13.33579],[78.39892,13.33547],[78.39769,13.33478],[78.39452,13.33382],[78.39254,13.33381],[78.38508,13.33483],[78.38616,13.33764],[78.38836,13.33914],[78.38765,13.34285],[78.38296,13.34361],[78.3809,13.34057],[78.37828,13.33732],[78.37713,13.33206],[78.38254,13.33173],[78.38722,13.33172],[78.39228,13.32528],[78.39925,13.32071],[78.40113,13.31537],[78.40674,13.31711],[78.41676,13.31987],[78.41891,13.3207],[78.42082,13.32534],[78.42168,13.32824],[78.42811,13.33123],[78.43069,13.331],[78.435,13.33022],[78.43863,13.32853],[78.44024,13.32837],[78.44125,13.32515],[78.43987,13.32194],[78.442,13.31632],[78.44416,13.30824],[78.44828,13.30863],[78.45271,13.31014],[78.45769,13.3138],[78.46375,13.31446],[78.46424,13.31534],[78.46671,13.31515],[78.46799,13.31616],[78.46946,13.31694],[78.46974,13.31939],[78.46998,13.31983],[78.47586,13.32223],[78.47707,13.32259],[78.47927,13.32184],[78.48341,13.32119],[78.48353,13.31972],[78.48345,13.31781],[78.48367,13.31593],[78.4836,13.31323],[78.48288,13.31176],[78.48121,13.3103],[78.47955,13.30247],[78.47946,13.30126],[78.48412,13.30051],[78.48885,13.29995],[78.49676,13.2986],[78.49869,13.29948],[78.4995,13.29806],[78.50043,13.29609],[78.50195,13.29503],[78.50332,13.29283],[78.50427,13.29155],[78.50525,13.29079],[78.50729,13.291],[78.50857,13.291],[78.51361,13.29038],[78.51325,13.28827],[78.51353,13.28718],[78.51321,13.28521],[78.51493,13.28484],[78.51989,13.28251],[78.51996,13.28095],[78.51958,13.27793],[78.51987,13.27703],[78.5217,13.27585],[78.52173,13.27305],[78.52283,13.27256],[78.52522,13.27206],[78.5262,13.27149],[78.52653,13.27099],[78.52634,13.26843],[78.52858,13.26795],[78.53197,13.26687],[78.53234,13.26857],[78.53357,13.26952],[78.53375,13.27027],[78.53532,13.27138],[78.53599,13.27207],[78.53665,13.27375],[78.53693,13.27608],[78.53787,13.28031],[78.53916,13.28766],[78.5411,13.28804],[78.54326,13.28808],[78.54592,13.2875],[78.54741,13.28657],[78.55037,13.28523],[78.55359,13.28305],[78.55529,13.28346],[78.55607,13.28394],[78.55779,13.28633],[78.55929,13.28603],[78.56082,13.28851],[78.56153,13.28847],[78.56301,13.29059],[78.56264,13.29112],[78.56271,13.29145],[78.5635,13.29269],[78.56353,13.29347],[78.56461,13.2943],[78.5649,13.29978],[78.5649,13.30224],[78.56419,13.30522],[78.56486,13.30735],[78.56303,13.30922],[78.5655,13.31178],[78.56797,13.30961],[78.56939,13.30909],[78.56987,13.30688],[78.57043,13.30541],[78.57217,13.30189],[78.57359,13.2999],[78.5755,13.29666],[78.5761,13.29604],[78.5775,13.29514],[78.57731,13.29301],[78.57736,13.29176],[78.57624,13.2853],[78.57655,13.28452],[78.57739,13.28367],[78.57808,13.28205],[78.57861,13.28017],[78.58361,13.28047],[78.58727,13.28039],[78.58709,13.27453],[78.58758,13.27194],[78.58752,13.27042],[78.58705,13.26838],[78.58654,13.26719],[78.58494,13.26552],[78.58568,13.26463],[78.58566,13.26334],[78.58529,13.26226],[78.58457,13.26094],[78.58343,13.25932],[78.57908,13.25352],[78.57022,13.24748],[78.5705,13.24238],[78.57173,13.24254],[78.57177,13.24127],[78.57046,13.24127],[78.56922,13.23861],[78.56708,13.22527],[78.56654,13.22072],[78.57331,13.21966],[78.57753,13.21857],[78.57885,13.21762],[78.57933,13.21699],[78.57937,13.21555],[78.57899,13.21309],[78.57872,13.21274],[78.57712,13.21176],[78.57544,13.21108],[78.57298,13.21145],[78.57096,13.2119],[78.57093,13.20943],[78.56942,13.20883],[78.5693,13.20832],[78.56927,13.20742],[78.56977,13.20641],[78.56972,13.20499],[78.56879,13.20295],[78.56792,13.20141],[78.56419,13.20038],[78.56064,13.19867],[78.55831,13.19838],[78.55581,13.19884],[78.5502,13.20023],[78.55012,13.18942],[78.55511,13.18832],[78.55668,13.18945],[78.55855,13.18946],[78.55977,13.19047],[78.56116,13.19022],[78.56213,13.1906],[78.56418,13.19087],[78.56558,13.19143],[78.56736,13.19156],[78.56725,13.19229],[78.56984,13.19077],[78.57616,13.18658],[78.57556,13.18256],[78.57576,13.17949],[78.5766,13.17751],[78.57663,13.17472],[78.57731,13.17217],[78.57819,13.17155],[78.57921,13.17147],[78.57991,13.16741],[78.57802,13.16788],[78.57598,13.16721],[78.5731,13.16823],[78.56892,13.16532],[78.56851,13.16121],[78.56227,13.16267],[78.55883,13.16271],[78.55396,13.16334],[78.55004,13.16365],[78.54896,13.16138],[78.5451,13.15764],[78.54319,13.15609],[78.54184,13.15576],[78.5409,13.1536],[78.54841,13.14844],[78.54577,13.14286],[78.5427,13.14138],[78.5348,13.14107],[78.5312,13.14159],[78.52705,13.13923],[78.52678,13.13482],[78.52392,13.13198],[78.52379,13.13093],[78.52182,13.13076],[78.52182,13.13189],[78.51759,13.13241],[78.51686,13.13093],[78.5177,13.12882],[78.51774,13.12815],[78.51845,13.12725],[78.51892,13.12608],[78.5192,13.1242],[78.51935,13.11946],[78.52214,13.11898],[78.52366,13.11797],[78.52328,13.11474],[78.52418,13.11446],[78.52583,13.11428],[78.52731,13.11171],[78.53087,13.11168],[78.53107,13.11054],[78.53197,13.11037],[78.5319,13.10966],[78.5374,13.10849],[78.53853,13.10757],[78.53858,13.10567],[78.53403,13.10604],[78.53141,13.10544],[78.53057,13.10391],[78.52911,13.10379],[78.52836,13.10297],[78.5271,13.10268],[78.52645,13.10201],[78.52508,13.10151],[78.52369,13.09908],[78.52364,13.09802],[78.52405,13.09442],[78.52241,13.09488],[78.52066,13.0961],[78.51727,13.09686],[78.51607,13.09634],[78.51302,13.09412],[78.51089,13.09275],[78.51021,13.09202],[78.50977,13.09043],[78.50958,13.08794],[78.50981,13.08465],[78.50923,13.08294],[78.50916,13.07877],[78.51111,13.07821],[78.51264,13.07471],[78.51402,13.07263],[78.51502,13.07168],[78.51625,13.06717],[78.51608,13.06589],[78.51614,13.06288],[78.51419,13.0634],[78.5142,13.06264],[78.51069,13.06234],[78.50823,13.06227],[78.5046,13.06161],[78.50114,13.06118],[78.49883,13.06129],[78.49757,13.06106],[78.49645,13.06041],[78.49318,13.05706],[78.49209,13.0568],[78.48964,13.05405],[78.48749,13.0524],[78.48273,13.05326],[78.47859,13.05445],[78.47821,13.05066],[78.47763,13.04926],[78.47573,13.04577],[78.47441,13.04377],[78.4728,13.04279],[78.46924,13.04291],[78.46787,13.04369],[78.46615,13.04439],[78.46406,13.04447],[78.46227,13.04337],[78.46168,13.03295],[78.4615,13.02711],[78.4618,13.02587],[78.46314,13.02437],[78.46323,13.02312],[78.46449,13.02187],[78.46469,13.02122],[78.46478,13.01978],[78.46436,13.01835],[78.46336,13.01642],[78.4646,13.01158],[78.46354,13.006],[78.46821,13.0051],[78.46805,13.0007],[78.46762,12.99886],[78.46824,12.99766],[78.47027,12.99676],[78.47064,12.99549],[78.47169,12.99297],[78.47243,12.99236],[78.4747,12.9914],[78.47092,12.98577],[78.46909,12.98265],[78.46839,12.97821],[78.46754,12.97501],[78.46643,12.97534],[78.46166,12.97628],[78.46,12.97709],[78.45799,12.97741],[78.45338,12.97682],[78.45144,12.97708],[78.44979,12.97793],[78.44758,12.97835],[78.44232,12.97895],[78.43979,12.9796],[78.43628,12.98114],[78.43537,12.98113],[78.43237,12.97793],[78.43444,12.9738],[78.4347,12.97153],[78.43371,12.97144],[78.43297,12.97032],[78.43245,12.96927],[78.43259,12.96815],[78.43302,12.9674],[78.43491,12.96624],[78.43605,12.96458],[78.43749,12.96387],[78.43672,12.96232],[78.43425,12.96077],[78.42979,12.95895],[78.42938,12.95751],[78.42359,12.95774],[78.41908,12.9587],[78.41878,12.95806],[78.42142,12.95463],[78.42123,12.9522],[78.42015,12.94777],[78.41393,12.94839],[78.41112,12.94545],[78.41236,12.94317],[78.41307,12.94009],[78.41372,12.93871],[78.41357,12.93585],[78.41305,12.93332],[78.41505,12.93344],[78.41492,12.93164],[78.41573,12.93169],[78.41563,12.92957],[78.41708,12.92886],[78.41788,12.92765],[78.41835,12.92284],[78.4197,12.92259],[78.42193,12.9233],[78.42429,12.92692],[78.42601,12.93037],[78.4276,12.93307],[78.42973,12.93099],[78.43477,12.92972],[78.43795,12.92909],[78.43966,12.9253],[78.44213,12.92272],[78.44446,12.92053],[78.44452,12.9196],[78.44577,12.919],[78.44781,12.91834],[78.45061,12.91834],[78.45214,12.91776],[78.45343,12.91533],[78.45482,12.91314],[78.45685,12.91106],[78.45911,12.90966],[78.45923,12.90868],[78.46163,12.90798],[78.46149,12.90712],[78.46276,12.90635],[78.46452,12.90568],[78.46655,12.90531],[78.46705,12.9036],[78.46819,12.90112],[78.46857,12.89802],[78.46877,12.89367],[78.46843,12.89153],[78.4694,12.89004],[78.4679,12.87879],[78.46708,12.87707],[78.4658,12.87508],[78.46537,12.87375],[78.46498,12.87195],[78.46474,12.86848],[78.46475,12.8667],[78.46176,12.87107],[78.46418,12.87743],[78.46049,12.88178],[78.45923,12.88406],[78.4574,12.88619],[78.45567,12.88743],[78.45221,12.88885],[78.44895,12.88998],[78.44717,12.89211],[78.44918,12.8981],[78.44386,12.90305],[78.44423,12.90475],[78.44597,12.90573],[78.44661,12.90811],[78.44592,12.91094],[78.44491,12.91205],[78.43899,12.9138],[78.43474,12.91175],[78.43582,12.91042],[78.43363,12.90435],[78.4314,12.90498],[78.42989,12.90443],[78.42856,12.90176],[78.42384,12.90284],[78.41698,12.90289],[78.41208,12.90305],[78.40895,12.90966],[78.39835,12.91753],[78.39724,12.91652],[78.39754,12.91447],[78.39689,12.91255],[78.39715,12.90991],[78.39642,12.90761],[78.39565,12.90709],[78.3935,12.90757],[78.38964,12.90646],[78.38837,12.9069],[78.38556,12.90945],[78.3855,12.91154],[78.38322,12.91282],[78.37962,12.91328],[78.37825,12.91393],[78.37707,12.91497],[78.37674,12.91792],[78.37383,12.92039],[78.37076,12.92353],[78.36632,12.92901],[78.36245,12.93415],[78.35968,12.9376],[78.3585,12.93834],[78.35722,12.93846],[78.35632,12.93884],[78.35578,12.94068],[78.35366,12.93934],[78.35273,12.93888],[78.35134,12.93729],[78.34977,12.93593],[78.35076,12.93465],[78.35142,12.93338],[78.35256,12.93238],[78.35344,12.93122],[78.35383,12.93024],[78.35282,12.92938],[78.34917,12.92897],[78.34923,12.92629],[78.349,12.92359],[78.34797,12.92359],[78.34795,12.91943],[78.34702,12.91878],[78.34649,12.91412],[78.34192,12.91188],[78.34411,12.90797],[78.34237,12.90745],[78.33982,12.90418],[78.33958,12.90301],[78.33211,12.90266],[78.33106,12.90169],[78.32984,12.90201],[78.3263,12.90443],[78.32344,12.9019],[78.32258,12.89759],[78.32417,12.89416],[78.32404,12.89274],[78.32301,12.89071],[78.32228,12.88994],[78.32076,12.8891],[78.32037,12.88728],[78.32164,12.88567],[78.3269,12.88481],[78.32902,12.8846],[78.33076,12.88515],[78.33085,12.88776],[78.33252,12.88925],[78.3343,12.88919],[78.33535,12.88868],[78.33784,12.88632],[78.33694,12.88232],[78.33226,12.88071],[78.33104,12.87561],[78.32821,12.87502],[78.32533,12.87486],[78.32308,12.87563],[78.31368,12.87617],[78.31469,12.87109],[78.31563,12.86745],[78.3146,12.8641],[78.31428,12.86168],[78.31237,12.85835],[78.30992,12.85816],[78.30827,12.85775],[78.30508,12.85808],[78.29978,12.85946],[78.29937,12.85887],[78.29589,12.85938],[78.29428,12.85921],[78.29177,12.85927],[78.28967,12.85913],[78.28651,12.8595],[78.28224,12.85938],[78.27945,12.86118],[78.27212,12.86693],[78.26836,12.86762],[78.26624,12.86308],[78.26523,12.86195],[78.2642,12.86174],[78.26235,12.86176],[78.25825,12.86038],[78.25733,12.8612],[78.25564,12.86195],[78.25409,12.86224],[78.25313,12.86176],[78.25227,12.86032],[78.25161,12.85756],[78.25181,12.84],[78.25205,12.83397],[78.25139,12.82331],[78.25112,12.82221],[78.25081,12.81511],[78.25003,12.81171],[78.24652,12.80176],[78.24555,12.78807],[78.2405,12.77206],[78.23887,12.76791],[78.23614,12.76499],[78.23138,12.76212]]}},
{"type":"Feature","properties":{"kind":"state","name":"Andhra Pradesh–Puducherry","src":"OSM relations 2022095 and 107001"},"geometry":{"type":"LineString","coordinates":[[82.19284,16.72739],[82.19227,16.72535],[82.19776,16.72119],[82.19702,16.71919]]}},
{"type":"Feature","properties":{"kind":"state","name":"Andhra Pradesh–Puducherry","src":"OSM relations 2022095 and 107001","river":"4946","rlen":1661},"geometry":{"type":"LineString","coordinates":[[82.19702,16.71919],[82.20134,16.71769],[82.20368,16.71722],[82.21036,16.71699],[82.21993,16.71621],[82.23211,16.71503],[82.23934,16.71413],[82.25112,16.71244],[82.2562,16.71055],[82.26164,16.70851],[82.2676,16.70665],[82.27264,16.70546],[82.2793,16.70491],[82.2833,16.70374],[82.28366,16.70368],[82.29316,16.70384]]}},
{"type":"Feature","properties":{"kind":"state","name":"Andhra Pradesh–Puducherry","src":"OSM relations 2022095 and 107001"},"geometry":{"type":"LineString","coordinates":[[82.29316,16.70384],[82.29312,16.70608],[82.29628,16.70684],[82.29974,16.71284],[82.30689,16.71798],[82.31371,16.72807],[82.31236,16.73138],[82.31103,16.73609],[82.3085,16.74163],[82.30575,16.74834],[82.30522,16.7481],[82.30433,16.74703],[82.30298,16.74626],[82.30271,16.74576],[82.30265,16.74485],[82.30173,16.74333],[82.30112,16.74299],[82.3005,16.74303],[82.29987,16.7429],[82.29857,16.74201],[82.29854,16.7401],[82.29832,16.73993],[82.29828,16.73961],[82.29789,16.73959],[82.29761,16.73941],[82.29729,16.73805],[82.29674,16.73678],[82.29679,16.73486],[82.29578,16.73327],[82.29518,16.73293],[82.29495,16.7317],[82.29398,16.73133],[82.29354,16.73057],[82.29288,16.72987],[82.29283,16.72952],[82.29236,16.72899],[82.29214,16.72828],[82.29184,16.72806],[82.29115,16.72792],[82.29089,16.72717],[82.28937,16.72613],[82.28825,16.72585],[82.28611,16.72578],[82.2845,16.72627],[82.28181,16.7269],[82.27938,16.72715],[82.27739,16.72723],[82.27622,16.72713],[82.2745,16.72653],[82.27419,16.72632],[82.27285,16.72482],[82.27224,16.72359],[82.27153,16.72257],[82.27003,16.72144],[82.26752,16.72135],[82.26423,16.72186],[82.26359,16.72183],[82.26244,16.72135],[82.26119,16.72064],[82.26008,16.72029],[82.25864,16.72006],[82.25721,16.72008],[82.25526,16.72078],[82.25254,16.72105],[82.24941,16.72197],[82.24846,16.72208],[82.2461,16.72207],[82.2422,16.72161],[82.23908,16.72164],[82.23653,16.72272],[82.23371,16.72435],[82.23291,16.72452],[82.2328,16.72558],[82.23293,16.72609],[82.23279,16.72672],[82.23169,16.72787],[82.22969,16.72825],[82.22045,16.73187],[82.21695,16.73345],[82.2182,16.73686],[82.21823,16.73761],[82.21783,16.73982],[82.21789,16.74063],[82.21874,16.74259],[82.22019,16.74423],[82.22144,16.74532],[82.22192,16.74596],[82.22223,16.74665],[82.22239,16.74783],[82.22262,16.74826],[82.22325,16.74866],[82.22464,16.74897],[82.22503,16.74929],[82.22526,16.74974],[82.22513,16.75056],[82.22409,16.75196],[82.22384,16.75263],[82.22389,16.75371],[82.22556,16.75448],[82.22768,16.75517],[82.23112,16.75499],[82.23161,16.75511],[82.23214,16.75549],[82.23241,16.75584],[82.23244,16.7563],[82.23224,16.75696],[82.23121,16.75878],[82.23025,16.76016],[82.22893,16.76144],[82.22832,16.7617],[82.22766,16.76171],[82.22679,16.7614],[82.2262,16.76097],[82.22594,16.76032],[82.22594,16.75793],[82.22572,16.75698],[82.22533,16.75633],[82.22485,16.75607],[82.22414,16.75612],[82.22338,16.75671],[82.22305,16.75719],[82.22142,16.75848],[82.22122,16.75817],[82.22087,16.75805],[82.22046,16.7576],[82.21976,16.75634],[82.22004,16.75581],[82.22048,16.75574],[82.221,16.75615],[82.22192,16.75638],[82.2225,16.75635],[82.22306,16.75613],[82.22298,16.75557],[82.22252,16.75493],[82.22161,16.75297],[82.22101,16.75261],[82.22039,16.75207],[82.22026,16.75182],[82.22016,16.75135],[82.22029,16.75085],[82.22017,16.75012],[82.21932,16.74995],[82.21773,16.75113],[82.21587,16.75155],[82.2155,16.75186],[82.2155,16.75248],[82.21505,16.7527],[82.21428,16.75258],[82.2139,16.75188],[82.21285,16.75143],[82.21127,16.75005],[82.21126,16.74941],[82.21174,16.74857],[82.21121,16.74669],[82.21096,16.7462],[82.21009,16.74526],[82.20857,16.74415],[82.20703,16.74284],[82.20767,16.7413],[82.20888,16.74035],[82.20756,16.73818],[82.20706,16.7384],[82.20625,16.73624],[82.20547,16.73491],[82.20539,16.73439],[82.20249,16.73476],[82.20247,16.73443],[82.20198,16.73443],[82.2014,16.73486],[82.20098,16.73439],[82.2007,16.73461],[82.20054,16.73444],[82.20027,16.73464],[82.2,16.73437],[82.19982,16.73452],[82.19718,16.73471],[82.19539,16.7354],[82.1942,16.736],[82.19287,16.73629],[82.19231,16.73688],[82.19117,16.73749],[82.18942,16.73657],[82.18862,16.73736],[82.18627,16.73656],[82.18613,16.73338],[82.18623,16.73303],[82.18648,16.73277],[82.18662,16.73205],[82.18658,16.73094],[82.18615,16.73088],[82.18644,16.73002],[82.18934,16.73041],[82.18935,16.73021],[82.19102,16.73025],[82.19376,16.73063],[82.19284,16.72739]]}},
{"type":"Feature","properties":{"kind":"state","name":"Andhra Pradesh–Tamil Nadu","src":"OSM relations 2022095 and 96905"},"geometry":{"type":"LineString","coordinates":[[78.23138,12.76212],[78.23151,12.75737],[78.2322,12.75303],[78.23388,12.75102],[78.23577,12.74564],[78.23485,12.74376],[78.23625,12.73794],[78.23872,12.73615],[78.24093,12.73275],[78.24093,12.72986],[78.23754,12.72415],[78.23299,12.716],[78.23077,12.7125],[78.22951,12.71332],[78.22849,12.71363],[78.22715,12.71489],[78.22484,12.71376],[78.22079,12.71104],[78.21805,12.70848],[78.21545,12.70979],[78.21239,12.71066],[78.21218,12.70654],[78.21093,12.70651],[78.21024,12.70812],[78.20899,12.70823],[78.20655,12.70755],[78.20577,12.70532],[78.20729,12.70248],[78.20958,12.70126],[78.20797,12.69957],[78.20203,12.69639],[78.19946,12.69456],[78.20011,12.69255],[78.20126,12.69166],[78.2018,12.69268],[78.2026,12.69324],[78.20449,12.69289],[78.20795,12.69141],[78.21106,12.6889],[78.2105,12.68469],[78.2152,12.68506],[78.2158,12.68707],[78.23321,12.68693],[78.23753,12.68609],[78.23781,12.69026],[78.23788,12.695],[78.23857,12.6994],[78.23993,12.7028],[78.24204,12.70319],[78.24452,12.70647],[78.24682,12.70551],[78.25253,12.70622],[78.26182,12.70472],[78.26786,12.70568],[78.27207,12.7045],[78.27563,12.70206],[78.27844,12.69765],[78.28804,12.68681],[78.29452,12.67722],[78.29684,12.67082],[78.29998,12.66942],[78.30046,12.66525],[78.30593,12.66664],[78.30973,12.6644],[78.31602,12.66295],[78.31927,12.66135],[78.32483,12.65556],[78.32587,12.6552],[78.32788,12.65481],[78.32863,12.65482],[78.33018,12.65392],[78.33191,12.65188],[78.33226,12.64935],[78.3433,12.64879],[78.3517,12.64186],[78.35554,12.63644],[78.36286,12.63441],[78.36773,12.63052],[78.37053,12.6278],[78.37261,12.62681],[78.37931,12.62484],[78.38387,12.62625],[78.39076,12.62731],[78.39897,12.62669],[78.40296,12.62763],[78.41161,12.62767],[78.41241,12.62683],[78.41575,12.62949],[78.41756,12.63046],[78.42105,12.63127],[78.42434,12.6333],[78.4271,12.63527],[78.43045,12.63339],[78.43348,12.62972],[78.43483,12.62962],[78.43678,12.62997],[78.44103,12.62943],[78.44373,12.62964],[78.44543,12.63052],[78.45238,12.62999],[78.45811,12.62972],[78.46491,12.62386],[78.46732,12.62725],[78.46901,12.62868],[78.47174,12.6319],[78.47071,12.63747],[78.47023,12.64082],[78.47116,12.64296],[78.47058,12.64335],[78.47047,12.64484],[78.47311,12.64675],[78.4745,12.6476],[78.47044,12.65059],[78.4679,12.67581],[78.47851,12.67316],[78.48022,12.6742]]}},
{"type":"Feature","properties":{"kind":"state","name":"Andhra Pradesh–Tamil Nadu","src":"OSM relations 2022095 and 96905","river":"6829","rlen":379},"geometry":{"type":"LineString","coordinates":[[78.48022,12.6742],[78.48095,12.67305],[78.48129,12.6726],[78.48192,12.67205],[78.48229,12.67197],[78.48284,12.672],[78.48322,12.67232],[78.48405,12.67435],[78.48503,12.67593],[78.48518,12.67655],[78.48552,12.67688],[78.48588,12.67706],[78.48644,12.67711],[78.48683,12.67706],[78.48754,12.6767],[78.48839,12.67668],[78.48938,12.67644],[78.48998,12.67646],[78.49033,12.67672],[78.49111,12.67778],[78.4918,12.67819],[78.4921,12.67826],[78.49263,12.67823],[78.49376,12.67786],[78.49434,12.67776],[78.49499,12.67785],[78.49583,12.67845],[78.49702,12.67984],[78.49752,12.68087],[78.49783,12.68127],[78.4984,12.68173],[78.49892,12.68197],[78.49979,12.68202],[78.50151,12.68158],[78.50229,12.68129],[78.50282,12.68126]]}},
{"type":"Feature","properties":{"kind":"state","name":"Andhra Pradesh–Tamil Nadu","src":"OSM relations 2022095 and 96905"},"geometry":{"type":"LineString","coordinates":[[78.50282,12.68126],[78.50292,12.68325],[78.50253,12.68386],[78.50256,12.68437],[78.5034,12.68373],[78.50402,12.68347],[78.50414,12.68529],[78.50316,12.6856],[78.50362,12.68696],[78.50414,12.68805],[78.50397,12.68881],[78.50334,12.68956],[78.5034,12.68987],[78.50378,12.68996],[78.50506,12.68981],[78.50734,12.69026],[78.50737,12.69167],[78.50684,12.69197],[78.50569,12.69197],[78.50445,12.69155],[78.50372,12.69158],[78.50294,12.69191],[78.50287,12.695],[78.50303,12.6972],[78.50401,12.69865],[78.49945,12.69923],[78.49945,12.70164],[78.49649,12.70283],[78.49657,12.7044],[78.49861,12.70421],[78.50168,12.70439],[78.50154,12.70569],[78.50266,12.70761],[78.50393,12.71122],[78.50334,12.71198],[78.5037,12.71455],[78.50308,12.71587],[78.50295,12.71663],[78.50332,12.71701],[78.50385,12.71653],[78.50444,12.71546],[78.50579,12.7144],[78.50641,12.71358],[78.5073,12.71178],[78.50824,12.71115],[78.50968,12.70914],[78.5105,12.70883],[78.51153,12.70782],[78.51225,12.70761],[78.51303,12.70845],[78.51379,12.70843],[78.5143,12.70778],[78.51461,12.70798],[78.5146,12.70881],[78.51433,12.70961],[78.51443,12.71031],[78.51491,12.7105],[78.51622,12.71055],[78.51894,12.7104],[78.51928,12.71071],[78.51931,12.71153],[78.51978,12.71189],[78.51987,12.71241],[78.51888,12.71333],[78.5178,12.71409],[78.51736,12.71474],[78.5177,12.71496],[78.51884,12.71492],[78.51973,12.7155],[78.52044,12.71693],[78.5206,12.71802],[78.52037,12.71862],[78.51776,12.72007],[78.51712,12.71976],[78.51667,12.71854],[78.51521,12.71955],[78.51374,12.72027],[78.51331,12.7211],[78.51121,12.72179],[78.51062,12.72303],[78.50964,12.72409],[78.50884,12.72429],[78.50768,12.72405],[78.50711,12.72323],[78.50691,12.72251],[78.50599,12.72252],[78.50573,12.72315],[78.50636,12.72439],[78.50444,12.72489],[78.50375,12.72679],[78.50139,12.73126],[78.49783,12.7311],[78.49679,12.73147],[78.49295,12.73539],[78.48916,12.74196],[78.49319,12.74708],[78.49721,12.74477],[78.49802,12.7454],[78.50021,12.74354],[78.50506,12.743],[78.50616,12.74159],[78.50648,12.73948],[78.50701,12.73741],[78.50843,12.73607],[78.50976,12.73527],[78.51103,12.73488],[78.51216,12.73402],[78.51377,12.73454],[78.51281,12.73261],[78.51321,12.73123],[78.51319,12.72979],[78.51233,12.72868],[78.51188,12.72673],[78.51367,12.72541],[78.51476,12.725],[78.51714,12.72443],[78.5183,12.72506],[78.5192,12.73142],[78.51909,12.73615],[78.52103,12.73609],[78.5218,12.73234],[78.52175,12.73035],[78.52186,12.72828],[78.52199,12.72634],[78.52255,12.72299],[78.52261,12.71899],[78.5239,12.71945],[78.52705,12.72158],[78.52688,12.71867],[78.52652,12.71738],[78.52499,12.71646],[78.52502,12.71558],[78.52581,12.71533],[78.52929,12.71566],[78.5306,12.71505],[78.53208,12.71386],[78.53384,12.71405],[78.53491,12.71461],[78.53587,12.71545],[78.53688,12.71704],[78.53776,12.71696],[78.5371,12.71518],[78.53714,12.71304],[78.53877,12.71311],[78.54074,12.71189],[78.54259,12.71137],[78.54446,12.71053],[78.54439,12.7102],[78.5427,12.71032],[78.54122,12.70953],[78.54029,12.70884],[78.53997,12.70804],[78.53881,12.71018],[78.53781,12.7106],[78.53686,12.71003],[78.53594,12.70867],[78.53519,12.70723],[78.53465,12.70777],[78.53416,12.71074],[78.5322,12.71168],[78.53107,12.71135],[78.53008,12.71045],[78.52959,12.7093],[78.52982,12.70798],[78.52948,12.70662],[78.52959,12.70595],[78.53029,12.70429],[78.53105,12.70203],[78.53124,12.69965],[78.5312,12.69768],[78.53163,12.69642],[78.53263,12.69536],[78.53459,12.69148],[78.53525,12.69098],[78.53583,12.69155],[78.53617,12.69037],[78.53765,12.69136],[78.53856,12.69127],[78.53959,12.69171],[78.54053,12.69033],[78.54195,12.69104],[78.54233,12.69232],[78.54418,12.6937],[78.54643,12.69519],[78.55396,12.69904],[78.55602,12.7003],[78.55671,12.70222],[78.55675,12.70344],[78.55512,12.70591],[78.55491,12.70716],[78.55534,12.70783],[78.55791,12.70783],[78.55993,12.70863],[78.56169,12.70959],[78.56169,12.7106],[78.55941,12.7121],[78.55396,12.71742],[78.55525,12.72123],[78.55782,12.72454],[78.56057,12.72705],[78.56413,12.7363],[78.56379,12.73768],[78.55521,12.73923],[78.55619,12.74258],[78.5574,12.74304],[78.55946,12.74291],[78.56036,12.74417],[78.55946,12.74538],[78.55941,12.74714],[78.55958,12.74823],[78.5604,12.74911],[78.56345,12.74986],[78.56328,12.75216],[78.5595,12.75024],[78.5582,12.75009],[78.55847,12.75348],[78.55733,12.75478],[78.55546,12.75576],[78.55602,12.75687],[78.5571,12.75708],[78.55901,12.75869],[78.56147,12.76141],[78.56321,12.76148],[78.56559,12.75926],[78.56823,12.76687],[78.57649,12.7675],[78.57615,12.76941],[78.57576,12.7707],[78.57579,12.77177],[78.58053,12.77449],[78.59252,12.78261],[78.59297,12.79816],[78.60111,12.80362],[78.60035,12.81839],[78.60765,12.82189],[78.60321,12.84423],[78.60293,12.84486],[78.60162,12.85076],[78.60355,12.85383],[78.61312,12.86783],[78.61482,12.88264],[78.61928,12.89544],[78.62288,12.90435],[78.62464,12.90523],[78.6267,12.9073],[78.62711,12.91044],[78.63063,12.91889],[78.63331,12.92474],[78.63373,12.92742],[78.63371,12.93162],[78.63546,12.93154],[78.63675,12.93164],[78.63743,12.93127],[78.64057,12.93112],[78.64323,12.92984],[78.64501,12.92972],[78.64702,12.92991],[78.6511,12.92913],[78.65254,12.92911],[78.65464,12.93093],[78.65692,12.93206],[78.65376,12.93614],[78.65106,12.93873],[78.64625,12.9458],[78.64312,12.95199],[78.63801,12.96475],[78.64237,12.96548],[78.643,12.96748]]}},
{"type":"Feature","properties":{"kind":"state","name":"Andhra Pradesh–Tamil Nadu","src":"OSM relations 2022095 and 96905","river":"3855","rlen":26},"geometry":{"type":"LineString","coordinates":[[78.643,12.96748],[78.6427,12.96757],[78.64226,12.968],[78.64063,12.96963],[78.63574,12.97509],[78.63267,12.97891],[78.63178,12.98014],[78.6294,12.98229],[78.62747,12.9847],[78.62621,12.98641],[78.62548,12.98724],[78.62308,12.98935],[78.62208,12.99037]]}},
{"type":"Feature","properties":{"kind":"state","name":"Andhra Pradesh–Tamil Nadu","src":"OSM relations 2022095 and 96905"},"geometry":{"type":"LineString","coordinates":[[78.62208,12.99037],[78.62364,12.99186],[78.62452,12.99208],[78.62806,12.99341],[78.63235,12.99659],[78.63575,12.99979],[78.63846,13.00198],[78.64119,13.00378],[78.64175,13.00487],[78.6431,13.00496],[78.64619,13.00671],[78.64687,13.00886],[78.65187,13.01328],[78.6537,13.01434],[78.65539,13.01516],[78.65554,13.02546],[78.65582,13.03069],[78.65625,13.03115],[78.66157,13.02967],[78.67561,13.02402],[78.6852,13.02076],[78.69415,13.01846],[78.69827,13.01702],[78.70477,13.01547],[78.7061,13.02799],[78.70766,13.03537],[78.71103,13.05628],[78.7141,13.06867],[78.71841,13.06773],[78.72376,13.06598],[78.73095,13.06545],[78.73446,13.06485],[78.73755,13.06403],[78.74041,13.06366],[78.74856,13.05814],[78.75146,13.05488],[78.7588,13.05718],[78.76268,13.05791],[78.77753,13.06194],[78.78242,13.06288],[78.7865,13.06389],[78.79347,13.06606],[78.79498,13.0671],[78.79575,13.06965],[78.79776,13.07496],[78.8,13.07657],[78.80603,13.08251],[78.81318,13.08918],[78.82032,13.0879],[78.82846,13.08389],[78.84202,13.07887],[78.85555,13.08251],[78.85904,13.08295],[78.86113,13.08357],[78.86517,13.08273],[78.87028,13.08213],[78.87089,13.08215],[78.86981,13.08533],[78.8695,13.08739],[78.86992,13.08991],[78.87081,13.09161],[78.87205,13.09352],[78.87512,13.09699],[78.87704,13.0973],[78.88007,13.09806],[78.88173,13.09816],[78.88458,13.09803],[78.89019,13.09723],[78.89212,13.09685],[78.89578,13.09505],[78.89362,13.09279],[78.89337,13.09169],[78.89225,13.08975],[78.89233,13.0884],[78.89044,13.08201],[78.88896,13.07329],[78.89115,13.06901],[78.89136,13.06322],[78.89145,13.05101],[78.89145,13.04363],[78.89119,13.03767],[78.89166,13.03314],[78.89469,13.03295],[78.90473,13.03335],[78.9066,13.0337],[78.91621,13.0336],[78.92771,13.03642],[78.92921,13.03642],[78.93153,13.03458],[78.93402,13.03481],[78.93561,13.03477],[78.93617,13.03422],[78.93584,13.03148],[78.93642,13.03048],[78.93713,13.03044],[78.93924,13.0345],[78.93958,13.03571],[78.94084,13.03648],[78.93451,13.0388],[78.93136,13.04183],[78.92919,13.04564],[78.9217,13.04716],[78.92016,13.04562],[78.91917,13.04396],[78.91716,13.04374],[78.91325,13.04495],[78.90781,13.04491],[78.90635,13.04501],[78.90524,13.04637],[78.90384,13.04762],[78.90393,13.04921],[78.90712,13.05383],[78.90862,13.05743],[78.9104,13.06343],[78.91312,13.06629],[78.9163,13.06727],[78.91934,13.06483],[78.92132,13.06504],[78.92194,13.06675],[78.92207,13.07018],[78.92265,13.07553],[78.92353,13.08002],[78.92404,13.08094],[78.92748,13.08192],[78.9373,13.07923],[78.94172,13.07852],[78.94715,13.08163],[78.94763,13.08332],[78.94928,13.08403],[78.94932,13.08194],[78.94971,13.08013],[78.95211,13.07772],[78.95501,13.07605],[78.95597,13.0758],[78.96046,13.07611],[78.96204,13.07873],[78.96393,13.07776],[78.96883,13.07787],[78.97007,13.07482],[78.97028,13.07461],[78.97151,13.07655],[78.97153,13.07743],[78.97046,13.07831],[78.97039,13.0795],[78.9711,13.08144],[78.97243,13.0838],[78.98224,13.08629],[78.98535,13.08598],[78.99526,13.08658],[78.99805,13.0855],[79.00041,13.08475],[79.00404,13.08458],[79.00376,13.08305],[79.00824,13.08065],[79.00959,13.07695],[79.01217,13.0771],[79.0123,13.07624],[79.0141,13.07641],[79.0156,13.07693],[79.01687,13.07624],[79.01616,13.07507],[79.01646,13.07457],[79.01708,13.07463],[79.01867,13.07509],[79.0209,13.07417],[79.02333,13.07386],[79.02434,13.07304],[79.02447,13.07185],[79.02603,13.07181],[79.02723,13.07225],[79.02886,13.0725],[79.02964,13.07093],[79.03122,13.07197],[79.03213,13.07181],[79.03279,13.07114],[79.03459,13.06976],[79.03692,13.07031],[79.0362,13.06577],[79.03736,13.06345],[79.03884,13.06104],[79.04642,13.05849],[79.0559,13.05649],[79.05869,13.05482],[79.06321,13.05332],[79.06453,13.05168],[79.0642,13.04718],[79.06266,13.04183],[79.06298,13.04031],[79.06543,13.03828],[79.07013,13.03504],[79.07435,13.03268],[79.07845,13.02879],[79.08086,13.02557],[79.08689,13.02797],[79.09101,13.0262],[79.09369,13.02595],[79.09858,13.02609],[79.0997,13.02912],[79.10594,13.03454],[79.10697,13.03753],[79.10781,13.0384],[79.10867,13.03872],[79.11465,13.03939],[79.11776,13.03805],[79.11989,13.03751],[79.12263,13.03732],[79.12469,13.03638],[79.1286,13.03544],[79.13027,13.03529],[79.13351,13.03554],[79.13572,13.0355],[79.13806,13.03445],[79.13999,13.03228],[79.14107,13.0308],[79.14493,13.02789],[79.14658,13.02735],[79.1471,13.02523],[79.15016,13.02352],[79.1572,13.02145],[79.15924,13.02059],[79.1619,13.02009],[79.16327,13.02024],[79.16651,13.02321],[79.1681,13.02402],[79.16958,13.02452],[79.17128,13.02398],[79.17188,13.0272],[79.17563,13.02716],[79.17632,13.02893],[79.17847,13.02858],[79.17928,13.02954],[79.18027,13.02925],[79.18038,13.02975],[79.18126,13.02981],[79.18211,13.03186],[79.18293,13.03199],[79.18312,13.03075],[79.18488,13.0299],[79.18574,13.03418],[79.18598,13.03627],[79.18864,13.04227],[79.18986,13.04424],[79.19319,13.04672],[79.19216,13.04831],[79.18909,13.04829],[79.18795,13.04731],[79.18238,13.04732],[79.18093,13.04821],[79.18027,13.0495],[79.18027,13.05045],[79.18055,13.05235],[79.17975,13.05306],[79.1796,13.05437],[79.18081,13.05465],[79.18259,13.05546],[79.18505,13.05529],[79.18778,13.0555],[79.189,13.05611],[79.19207,13.05596],[79.19151,13.05847],[79.18894,13.0573],[79.18533,13.05693],[79.18334,13.05688],[79.18066,13.05741],[79.1787,13.05872],[79.17834,13.05983],[79.17875,13.06157],[79.17988,13.06407],[79.18042,13.0646],[79.18297,13.06376],[79.18465,13.06276],[79.18638,13.06085],[79.18754,13.06062],[79.1878,13.06437],[79.18834,13.06579],[79.18928,13.06614],[79.19061,13.06581],[79.19211,13.06721],[79.19096,13.07331],[79.18789,13.07279],[79.18626,13.07266],[79.18407,13.07269],[79.18452,13.07377],[79.1854,13.07455],[79.18574,13.07524],[79.18544,13.07645],[79.18548,13.08036],[79.18396,13.08046],[79.18349,13.08186],[79.18226,13.0818],[79.18244,13.08027],[79.18104,13.08008],[79.18121,13.08065],[79.18179,13.08086],[79.18053,13.08433],[79.18257,13.08422],[79.18643,13.08351],[79.18804,13.08351],[79.18881,13.08452],[79.18883,13.08635],[79.18855,13.08805],[79.19078,13.08857],[79.19166,13.08704],[79.19218,13.08439],[79.19284,13.08253],[79.1958,13.08151],[79.19598,13.08228],[79.19739,13.08224],[79.19765,13.08144],[79.1984,13.08142],[79.19977,13.08786],[79.20151,13.08941],[79.2098,13.09283],[79.21239,13.09271],[79.21437,13.09363],[79.22342,13.10023],[79.23441,13.10512],[79.23428,13.11484],[79.23582,13.1168],[79.23838,13.1186],[79.23031,13.12648],[79.22943,13.13181],[79.232,13.13758],[79.2329,13.13927],[79.23035,13.13935],[79.22808,13.13994],[79.22645,13.14178],[79.22346,13.1433],[79.22278,13.14418],[79.22198,13.14627],[79.21926,13.1457],[79.21921,13.14637],[79.2166,13.14754],[79.21331,13.14817],[79.20992,13.14846],[79.21035,13.14961],[79.21125,13.15087],[79.21138,13.15179],[79.21252,13.15279],[79.21284,13.15423],[79.21413,13.15573],[79.21492,13.15703],[79.2181,13.1569],[79.21808,13.1553],[79.22719,13.15558],[79.22715,13.1564],[79.2257,13.15883],[79.22688,13.15897],[79.22795,13.15996],[79.22887,13.16133],[79.23076,13.16355],[79.23151,13.16535],[79.23187,13.1676],[79.23312,13.16921],[79.23462,13.17065],[79.23657,13.17159],[79.23932,13.17197],[79.24037,13.17191],[79.2416,13.17166],[79.24256,13.17111],[79.24239,13.16702],[79.24181,13.16491],[79.24207,13.16221],[79.24102,13.16223],[79.24114,13.15956],[79.24162,13.15954],[79.24202,13.15881],[79.24299,13.15885],[79.24256,13.15728],[79.24372,13.1572],[79.24387,13.15565],[79.24366,13.1539],[79.24419,13.15264],[79.2431,13.15243],[79.2423,13.15141],[79.24192,13.14942],[79.24338,13.1497],[79.24342,13.15105],[79.24471,13.15059],[79.24496,13.14857],[79.2437,13.14848],[79.2428,13.14798],[79.24213,13.14796],[79.24022,13.1443],[79.24288,13.14165],[79.24516,13.13847],[79.24638,13.13849],[79.24728,13.13937],[79.24848,13.14107],[79.25016,13.14301],[79.25177,13.14416],[79.25329,13.14502],[79.25385,13.14577],[79.25453,13.14834],[79.25456,13.14917],[79.25217,13.15565],[79.2522,13.15784],[79.25271,13.1577],[79.25327,13.16046],[79.25559,13.1601],[79.25709,13.16079],[79.25797,13.16046],[79.25917,13.15904],[79.26031,13.1596],[79.26044,13.15845],[79.26016,13.15227],[79.26144,13.15218],[79.26153,13.15103],[79.26209,13.14886],[79.26533,13.14911],[79.26749,13.14959],[79.26818,13.15059],[79.26983,13.15373],[79.27104,13.15381],[79.27184,13.15444],[79.27333,13.15514],[79.27537,13.15579],[79.27749,13.15626],[79.28063,13.15262],[79.2799,13.15024],[79.27998,13.148],[79.28041,13.1447],[79.28245,13.14261],[79.28224,13.13503],[79.28324,13.1315],[79.28335,13.12934],[79.28382,13.12801],[79.28363,13.12383],[79.28408,13.12278],[79.2858,13.12367],[79.28685,13.12261],[79.28889,13.12203],[79.28983,13.12289],[79.29271,13.12366],[79.29749,13.12443],[79.3002,13.12504],[79.30389,13.12604],[79.30432,13.12663],[79.30646,13.1261],[79.30841,13.12619],[79.30923,13.12671],[79.31123,13.12608],[79.31277,13.1261],[79.31232,13.12514],[79.30923,13.12491],[79.30788,13.12458],[79.30837,13.12301],[79.30586,13.12226],[79.29917,13.11866],[79.29891,13.11566],[79.30133,13.11375],[79.30097,13.11265],[79.29597,13.11237],[79.29548,13.11087],[79.29432,13.10949],[79.29693,13.1075],[79.29824,13.10692],[79.30183,13.10784],[79.30387,13.10602],[79.30526,13.1069],[79.30721,13.10548],[79.30934,13.10786],[79.30934,13.11033],[79.30996,13.11204],[79.3132,13.11277],[79.31449,13.1116],[79.31607,13.11166],[79.3168,13.11306],[79.31901,13.11329],[79.31916,13.11428],[79.31683,13.114],[79.31599,13.11497],[79.31223,13.11586],[79.3118,13.11639],[79.31236,13.11666],[79.32065,13.11697],[79.32206,13.11724],[79.3241,13.11831],[79.32386,13.11973],[79.32219,13.11992],[79.31927,13.12188],[79.31878,13.12353],[79.32687,13.12604],[79.32895,13.13056],[79.33273,13.1307],[79.33309,13.12993],[79.33504,13.12991],[79.33584,13.13093],[79.33858,13.13095],[79.3388,13.13037],[79.33955,13.13041],[79.34015,13.13183],[79.33979,13.13267],[79.34127,13.13695],[79.34474,13.13676],[79.34423,13.13346],[79.34365,13.13085],[79.34496,13.12893],[79.34569,13.12479],[79.34528,13.12151],[79.34779,13.12182],[79.34865,13.12021],[79.34942,13.12027],[79.3497,13.12121],[79.3506,13.12107],[79.35051,13.12042],[79.35354,13.12061],[79.35365,13.12165],[79.35822,13.12165],[79.35824,13.12259],[79.35931,13.12259],[79.35978,13.12351],[79.36075,13.12358],[79.36159,13.12828],[79.36229,13.12872],[79.36249,13.12941],[79.36508,13.13072],[79.36551,13.13361],[79.36466,13.13363],[79.36498,13.13691],[79.36384,13.13699],[79.3635,13.13891],[79.36122,13.13854],[79.36111,13.14157],[79.36021,13.1437],[79.36051,13.14644],[79.35959,13.14744],[79.35998,13.14957],[79.35959,13.15139],[79.36,13.15189],[79.35923,13.15268],[79.35843,13.15385],[79.35811,13.1549],[79.3574,13.15617],[79.35779,13.15797],[79.35738,13.16223],[79.35644,13.16353],[79.35622,13.16453],[79.36354,13.16593],[79.36515,13.16457],[79.36935,13.16326],[79.37004,13.16286],[79.37483,13.16282],[79.37968,13.16292],[79.38025,13.16539],[79.38077,13.16589],[79.38053,13.16909],[79.37998,13.17067],[79.37918,13.17145],[79.3736,13.17257],[79.36948,13.17289],[79.37264,13.17888],[79.37493,13.1778],[79.37588,13.17794],[79.37744,13.17884],[79.38103,13.17957],[79.38259,13.17945],[79.38384,13.1783],[79.38498,13.17763],[79.38581,13.17734],[79.38779,13.17734],[79.38761,13.1802],[79.38588,13.18043],[79.38502,13.18173],[79.38564,13.1831],[79.3838,13.18434],[79.38051,13.18392],[79.37826,13.18476],[79.3745,13.18724],[79.37289,13.18774],[79.37423,13.18943],[79.38525,13.18883],[79.38759,13.18916],[79.38875,13.18985],[79.38918,13.19119],[79.39212,13.19246],[79.39347,13.19157],[79.39583,13.1918],[79.39624,13.18864],[79.39944,13.18762],[79.39937,13.18856],[79.3986,13.18883],[79.39888,13.1895],[79.40045,13.18929],[79.40092,13.19173],[79.40397,13.19297],[79.40742,13.19305],[79.40903,13.19395],[79.41027,13.19395],[79.41021,13.1906],[79.41431,13.19027],[79.41538,13.19054],[79.41744,13.18998],[79.41841,13.19044],[79.41993,13.18941],[79.4213,13.18937],[79.42158,13.19067],[79.42422,13.19031],[79.42424,13.18948],[79.42527,13.18941],[79.42547,13.1905],[79.43113,13.18948],[79.43392,13.18966],[79.43568,13.18889],[79.43628,13.18835],[79.43761,13.18791],[79.43871,13.18833],[79.43783,13.19079],[79.43725,13.19132],[79.43328,13.19261],[79.43242,13.19518],[79.43235,13.19698],[79.4357,13.19727],[79.43611,13.20042],[79.43768,13.20235],[79.43956,13.20602],[79.44371,13.20759],[79.44177,13.20809],[79.44102,13.20853],[79.43615,13.21292],[79.43611,13.21465],[79.43722,13.2162],[79.4374,13.21962],[79.43922,13.21977],[79.43984,13.2177],[79.44188,13.21699],[79.44579,13.21655],[79.44645,13.21691],[79.44838,13.21559],[79.45098,13.21628],[79.45392,13.21688],[79.4533,13.22403],[79.45336,13.22814],[79.45302,13.23121],[79.45315,13.23374],[79.45353,13.23637],[79.4531,13.23848],[79.45113,13.23798],[79.44862,13.23759],[79.44699,13.23815],[79.44482,13.23832],[79.44261,13.23827],[79.44104,13.23777],[79.44087,13.23619],[79.44027,13.23603],[79.43932,13.2344],[79.43867,13.23367],[79.43879,13.23274],[79.4396,13.23189],[79.44004,13.23079],[79.43886,13.23063],[79.4369,13.23089],[79.43328,13.23027],[79.43235,13.22984],[79.43111,13.22977],[79.43045,13.23019],[79.42996,13.23107],[79.42994,13.23119],[79.43048,13.23157],[79.4318,13.23182],[79.43454,13.23199],[79.43533,13.23251],[79.43599,13.23367],[79.43698,13.23402],[79.4381,13.23472],[79.43925,13.23518],[79.4396,13.23608],[79.43142,13.23622],[79.43147,13.23834],[79.43339,13.23853],[79.43809,13.24],[79.4372,13.24122],[79.43788,13.24163],[79.43788,13.24296],[79.43542,13.24293],[79.43225,13.24316],[79.42806,13.24137],[79.42527,13.24235],[79.42452,13.24333],[79.42169,13.24222],[79.41858,13.243],[79.41879,13.24456],[79.41961,13.24573],[79.41712,13.24598],[79.41976,13.24757],[79.42351,13.2501],[79.42152,13.25248],[79.41682,13.25185],[79.41714,13.25853],[79.4157,13.26083],[79.4145,13.26169],[79.41289,13.26313],[79.40858,13.2638],[79.40845,13.26541],[79.41152,13.26474],[79.41396,13.26672],[79.41416,13.26793],[79.41733,13.27038],[79.41751,13.2718],[79.42032,13.2713],[79.42705,13.27263],[79.43362,13.27489],[79.43386,13.28738],[79.43579,13.29122],[79.44072,13.29059],[79.44388,13.2918],[79.44611,13.29162],[79.44553,13.29487],[79.44546,13.29744],[79.44568,13.30045],[79.4451,13.30164],[79.43544,13.30099],[79.43042,13.30016],[79.42926,13.29775],[79.4254,13.29598],[79.42002,13.28965],[79.41881,13.28969],[79.41845,13.29337],[79.41954,13.29517],[79.41856,13.29759],[79.41583,13.29947],[79.41427,13.30009],[79.41171,13.29899],[79.40871,13.29815],[79.40523,13.29769],[79.40233,13.29978],[79.39819,13.29951],[79.39375,13.29993],[79.39214,13.29867],[79.38989,13.29755],[79.38929,13.30481],[79.3886,13.30953],[79.38354,13.3074],[79.38191,13.30776],[79.38262,13.31049],[79.38294,13.31273],[79.38641,13.31653],[79.38759,13.31824],[79.38856,13.31818],[79.39021,13.31784],[79.39328,13.31772],[79.39429,13.31672],[79.3957,13.31582],[79.39809,13.31743],[79.39993,13.31703],[79.40214,13.31755],[79.40191,13.32139],[79.39884,13.32162],[79.39819,13.33029],[79.40242,13.3301],[79.40534,13.33511],[79.40817,13.33505],[79.40832,13.33423],[79.4089,13.33428],[79.40939,13.33338],[79.41302,13.33246],[79.41308,13.32989],[79.41463,13.33008],[79.41654,13.33252],[79.41967,13.33388],[79.42008,13.33528],[79.42085,13.33626],[79.43162,13.3368],[79.43147,13.34031],[79.43229,13.34087],[79.43244,13.3448],[79.43289,13.34689],[79.43559,13.34816],[79.43611,13.34997],[79.43563,13.35173],[79.43712,13.35144],[79.43759,13.3497],[79.44622,13.34716],[79.44817,13.34581],[79.45048,13.34361],[79.45238,13.34197],[79.45325,13.33991],[79.45487,13.33898],[79.45645,13.33849],[79.45746,13.3387],[79.4587,13.3392],[79.46217,13.34011],[79.46412,13.34174],[79.46468,13.34128],[79.46494,13.33975],[79.46549,13.33876],[79.47012,13.3389],[79.47288,13.33936],[79.47468,13.34106],[79.48026,13.33998],[79.48774,13.34236],[79.492,13.34427],[79.49589,13.34545],[79.49965,13.3478],[79.49868,13.34482],[79.49778,13.33868],[79.49728,13.33624],[79.49735,13.33242],[79.50053,13.33325],[79.50289,13.33363],[79.50535,13.3339],[79.51005,13.33419],[79.51052,13.33519],[79.51061,13.3362],[79.51042,13.33739],[79.51048,13.33935],[79.5111,13.34196],[79.52218,13.3419],[79.52608,13.34446],[79.53151,13.34144],[79.5341,13.33954],[79.53574,13.33808],[79.53728,13.33853],[79.54052,13.33229],[79.54084,13.33108],[79.54097,13.32853],[79.54181,13.32743],[79.54035,13.32352],[79.53943,13.32369],[79.53936,13.32173],[79.54378,13.3172],[79.54378,13.31536],[79.54284,13.31187],[79.54211,13.31028],[79.53951,13.30688],[79.53868,13.30653],[79.53698,13.30462],[79.53627,13.3031],[79.5358,13.30275],[79.53533,13.30141],[79.53484,13.29934],[79.53499,13.29786],[79.5358,13.29782],[79.53608,13.29686],[79.5372,13.29665],[79.53724,13.29583],[79.53818,13.29588],[79.53812,13.29537],[79.53726,13.29496],[79.5372,13.2942],[79.53835,13.2937],[79.54097,13.29285],[79.54102,13.29201],[79.54065,13.29111],[79.53975,13.29093],[79.53973,13.29023],[79.53878,13.28784],[79.53636,13.28663],[79.53502,13.28463],[79.53486,13.28308],[79.53427,13.2822],[79.53424,13.28091],[79.53378,13.27931],[79.53373,13.27816],[79.53412,13.27654],[79.53477,13.27522],[79.53647,13.27422],[79.53989,13.27245],[79.54215,13.27237],[79.55325,13.27241],[79.55813,13.27281],[79.55947,13.27179],[79.5645,13.26841],[79.566,13.26706],[79.56701,13.26519],[79.56819,13.26402],[79.57145,13.26135],[79.57394,13.25897],[79.57561,13.25875],[79.57776,13.25823],[79.57896,13.25792],[79.5805,13.25732],[79.58254,13.25745],[79.58379,13.25772],[79.58934,13.2601],[79.59075,13.26083],[79.59131,13.26147],[79.59346,13.26511],[79.59394,13.26694],[79.59433,13.26919],[79.5945,13.2711],[79.59478,13.27173],[79.59268,13.27513],[79.59492,13.27611],[79.59554,13.27875],[79.59576,13.28091],[79.59573,13.28465],[79.59874,13.2858],[79.60591,13.28827],[79.60641,13.28814],[79.60721,13.28761],[79.60876,13.28751],[79.60873,13.28708],[79.60759,13.28597],[79.60661,13.28347],[79.60616,13.28079],[79.60617,13.27959],[79.60833,13.2808],[79.61271,13.28237],[79.61372,13.28272],[79.61442,13.28253],[79.61582,13.28074],[79.61928,13.27975],[79.62238,13.27608],[79.6237,13.27401],[79.62434,13.27427],[79.62494,13.27327],[79.62641,13.27211],[79.62769,13.27149],[79.62778,13.27101],[79.62758,13.27022],[79.62858,13.27013],[79.62881,13.26976],[79.63185,13.26979],[79.63199,13.27139],[79.63401,13.27147],[79.63297,13.27511],[79.63254,13.27513],[79.63225,13.2764],[79.63171,13.2765],[79.63165,13.27733],[79.6326,13.27769],[79.63338,13.27726],[79.63437,13.27734],[79.63433,13.27839],[79.6347,13.27904],[79.63465,13.2806],[79.63383,13.28142],[79.63322,13.28241],[79.63372,13.28249],[79.63499,13.28312],[79.63557,13.28369],[79.63635,13.28369],[79.63727,13.28393],[79.63804,13.28448],[79.63815,13.28754],[79.63878,13.28769],[79.63913,13.28316],[79.63957,13.28131],[79.63971,13.27973],[79.63956,13.27683],[79.64131,13.27574],[79.64139,13.27944],[79.64104,13.27983],[79.64135,13.28141],[79.6409,13.28228],[79.64133,13.28402],[79.64179,13.28497],[79.6426,13.28516],[79.64239,13.28791],[79.64247,13.29022],[79.64914,13.29145],[79.64959,13.29222],[79.65202,13.29187],[79.65197,13.2912],[79.65272,13.29084],[79.65268,13.28988],[79.65337,13.28957],[79.65354,13.28827],[79.65438,13.28685],[79.65463,13.28564],[79.65511,13.28523],[79.65626,13.285],[79.65714,13.28456],[79.65772,13.28399],[79.65807,13.28387],[79.65878,13.2847],[79.6585,13.286],[79.65863,13.28677],[79.66092,13.28771],[79.66341,13.2898],[79.66408,13.28978],[79.66474,13.28884],[79.6653,13.2875],[79.6662,13.2875],[79.66669,13.2856],[79.6665,13.28472],[79.66461,13.28197],[79.6645,13.28117],[79.66461,13.27931],[79.6653,13.27867],[79.66611,13.27994],[79.66772,13.28005],[79.66882,13.28134],[79.67056,13.28126],[79.67079,13.28023],[79.67144,13.28009],[79.67225,13.28078],[79.6733,13.28115],[79.67358,13.28167],[79.6741,13.28157],[79.67446,13.28238],[79.67504,13.28297],[79.67532,13.28464],[79.67592,13.28564],[79.67549,13.28696],[79.67618,13.29101],[79.67843,13.29744],[79.68069,13.29633],[79.683,13.29564],[79.68284,13.29482],[79.68205,13.29451],[79.68117,13.2879],[79.68161,13.28781],[79.68204,13.28854],[79.68322,13.28823],[79.68311,13.28742],[79.68391,13.28715],[79.68492,13.2866],[79.68487,13.28584],[79.68499,13.28523],[79.68569,13.28505],[79.68653,13.28532],[79.68743,13.28467],[79.68753,13.28417],[79.68839,13.28332],[79.68947,13.28316],[79.68976,13.2819],[79.69034,13.28167],[79.69007,13.28091],[79.69047,13.28036],[79.69119,13.28036],[79.69181,13.27974],[79.69402,13.27988],[79.6939,13.27547],[79.69368,13.27371],[79.69191,13.27272],[79.69182,13.27211],[79.68997,13.27157],[79.68876,13.27077],[79.69044,13.26996],[79.69052,13.26787],[79.691,13.26763],[79.69132,13.26812],[79.69191,13.26819],[79.69201,13.26929],[79.69319,13.26939],[79.69353,13.27063],[79.69429,13.27061],[79.69472,13.26925],[79.69553,13.26917],[79.69543,13.26863],[79.69491,13.26746],[79.69574,13.26736],[79.69578,13.26709],[79.69565,13.26681],[79.69476,13.26667],[79.69396,13.26385],[79.69348,13.26322],[79.69215,13.26291],[79.69207,13.26345],[79.69165,13.26339],[79.69121,13.26091],[79.68906,13.26093],[79.68904,13.2624],[79.68944,13.26273],[79.68923,13.26328],[79.68951,13.26396],[79.68845,13.2649],[79.68847,13.26568],[79.68772,13.26663],[79.6862,13.26596],[79.68427,13.26585],[79.68288,13.26474],[79.68048,13.26466],[79.68034,13.26225],[79.67836,13.2618],[79.67889,13.25804],[79.68022,13.25287],[79.68112,13.25149],[79.68241,13.24824],[79.68416,13.24591],[79.68429,13.24433],[79.6879,13.24115],[79.68905,13.23985],[79.69213,13.23974],[79.69242,13.24036],[79.69269,13.24066],[79.69332,13.24006],[79.69426,13.23945],[79.69534,13.23842],[79.69566,13.23842],[79.69617,13.23886],[79.69512,13.24016],[79.69399,13.24126],[79.69314,13.24327],[79.69638,13.24318],[79.69618,13.24494],[79.69738,13.24716],[79.69818,13.25102],[79.69978,13.25092],[79.69981,13.25206],[79.70047,13.25245],[79.70095,13.25307],[79.70348,13.25181],[79.70331,13.25111],[79.70636,13.25089],[79.70908,13.25103],[79.70833,13.25012],[79.70917,13.24791],[79.71108,13.24577],[79.71225,13.24495],[79.7126,13.24447],[79.71229,13.24387],[79.7114,13.24297],[79.71133,13.24243],[79.7117,13.24106],[79.71189,13.23908],[79.71278,13.2382],[79.71356,13.23695],[79.71413,13.23572],[79.70767,13.23511],[79.70711,13.23425],[79.7061,13.23422],[79.70467,13.23161],[79.70417,13.23037],[79.70394,13.22883],[79.70384,13.22674],[79.70342,13.22622],[79.70329,13.22572],[79.70224,13.22525],[79.70219,13.22451],[79.70256,13.22238],[79.7061,13.22196],[79.70793,13.22151],[79.71195,13.21931],[79.71178,13.21756],[79.7126,13.21752],[79.7126,13.21824],[79.71391,13.21801],[79.71502,13.21756],[79.71652,13.21646],[79.71663,13.21718],[79.7184,13.21635],[79.71852,13.21825],[79.71947,13.218],[79.72165,13.22346],[79.72437,13.2222],[79.72481,13.22291],[79.72594,13.22257],[79.72593,13.22162],[79.72833,13.22139],[79.72844,13.22223],[79.7315,13.22238],[79.73146,13.2235],[79.73083,13.22345],[79.73098,13.22656],[79.73137,13.229],[79.73125,13.23075],[79.73026,13.23247],[79.73277,13.23331],[79.73275,13.23682],[79.73512,13.23658],[79.73712,13.23623],[79.73853,13.23259],[79.73912,13.22953],[79.74034,13.22893],[79.74262,13.22829],[79.74248,13.22521],[79.74643,13.22334],[79.74655,13.22171],[79.74805,13.22167],[79.74844,13.22025],[79.74932,13.21991],[79.74967,13.21936],[79.74972,13.21688],[79.75112,13.21637],[79.75097,13.21273],[79.75078,13.21124],[79.75007,13.2101],[79.74994,13.20884],[79.75089,13.20764],[79.7525,13.20648],[79.75436,13.20626],[79.7567,13.20721],[79.75971,13.20729],[79.75976,13.21197],[79.76098,13.21179],[79.76106,13.21296],[79.76086,13.21342],[79.76065,13.2145],[79.76124,13.21577],[79.76147,13.21672],[79.76296,13.2171],[79.76366,13.21786],[79.76448,13.21916],[79.76684,13.2185],[79.76763,13.21815],[79.76797,13.21941],[79.77009,13.21905],[79.76983,13.21767],[79.77066,13.21778],[79.77148,13.21854],[79.77266,13.21851],[79.77345,13.21929],[79.77408,13.21931],[79.77423,13.21801],[79.77414,13.21716],[79.7738,13.21663],[79.77289,13.21599],[79.77282,13.21558],[79.77346,13.21552],[79.77411,13.21565],[79.77458,13.21528],[79.77554,13.21525],[79.77605,13.2171],[79.77704,13.21893],[79.77745,13.22239],[79.77825,13.22271],[79.77798,13.2236],[79.78121,13.22337],[79.7823,13.2246],[79.78342,13.22496],[79.78396,13.22683],[79.78442,13.22757],[79.78554,13.22841],[79.78756,13.22838],[79.78765,13.22927],[79.79095,13.22885],[79.79138,13.22935],[79.7929,13.22924],[79.79289,13.22867],[79.79349,13.22778],[79.79332,13.22647],[79.79449,13.22632],[79.79428,13.22862],[79.79473,13.23508],[79.79434,13.23571],[79.79439,13.23788],[79.79477,13.23997],[79.79473,13.24193],[79.79308,13.2422],[79.79226,13.24283],[79.79151,13.24394],[79.78997,13.24465],[79.78776,13.24496],[79.78686,13.24548],[79.78439,13.2484],[79.78295,13.24872],[79.7825,13.24928],[79.78214,13.25035],[79.78188,13.25162],[79.78018,13.25168],[79.77722,13.25246],[79.77499,13.25319],[79.77353,13.25317],[79.77192,13.25333],[79.77136,13.25459],[79.77031,13.2553],[79.76733,13.25576],[79.7646,13.25734],[79.76124,13.25741],[79.7575,13.26056],[79.75418,13.26286],[79.74993,13.26766],[79.74806,13.27096],[79.74175,13.2709],[79.74036,13.27378],[79.73495,13.27576],[79.73467,13.27869],[79.7327,13.28224],[79.73053,13.28272],[79.73113,13.28481],[79.73353,13.28878],[79.73909,13.29143],[79.74411,13.28852],[79.74921,13.29159],[79.75016,13.29186],[79.75097,13.29167],[79.75243,13.29176],[79.75397,13.2927],[79.7559,13.29448],[79.75787,13.29696],[79.75881,13.29865],[79.76025,13.30166],[79.7604,13.30582],[79.76119,13.3068],[79.76201,13.3126],[79.76006,13.31731],[79.76067,13.31848],[79.76117,13.31846],[79.76165,13.31817],[79.76584,13.31527],[79.76764,13.31416],[79.76877,13.31329],[79.76918,13.31274],[79.77022,13.30976],[79.7707,13.30912],[79.77176,13.30887],[79.77293,13.30837],[79.77514,13.30611],[79.77649,13.30575],[79.77893,13.30621],[79.77981,13.30627],[79.78078,13.30572],[79.78112,13.30502],[79.7812,13.30299],[79.78156,13.30243],[79.78244,13.30237],[79.78359,13.30208],[79.78493,13.29756],[79.7854,13.297],[79.78632,13.2963],[79.79165,13.29357],[79.79399,13.29505],[79.79765,13.29704],[79.79871,13.29873],[79.79971,13.29948],[79.80175,13.30053],[79.80163,13.30171],[79.80204,13.30259],[79.80341,13.30443],[79.80382,13.30592],[79.80434,13.30644],[79.80471,13.30737],[79.80344,13.31011],[79.80368,13.311],[79.80433,13.31178],[79.80695,13.31299],[79.80747,13.3135],[79.80795,13.3147],[79.80884,13.31641],[79.80906,13.3173],[79.81063,13.31727],[79.81295,13.31756],[79.81446,13.31781],[79.81618,13.31834],[79.81742,13.31859],[79.81935,13.31805],[79.82554,13.31749],[79.82768,13.31736],[79.82899,13.31746],[79.83121,13.31633],[79.83288,13.31521],[79.83525,13.31433],[79.83613,13.31427],[79.83641,13.31451],[79.8367,13.3153],[79.84023,13.31467],[79.84146,13.31524],[79.84542,13.31514],[79.84649,13.31546],[79.84796,13.31652],[79.84878,13.31654],[79.84938,13.31609],[79.85012,13.31598],[79.85056,13.31635],[79.85109,13.3161],[79.85325,13.31602],[79.8534,13.32065],[79.85622,13.3202],[79.85714,13.31982],[79.85844,13.31903],[79.85877,13.31819],[79.8601,13.31736],[79.86184,13.31703],[79.86298,13.31709],[79.8634,13.31809],[79.86437,13.3216],[79.86673,13.32722],[79.86811,13.331],[79.87166,13.32889],[79.87735,13.32437],[79.8802,13.32425],[79.8808,13.32486],[79.88291,13.32325],[79.88288,13.32594],[79.8826,13.32889],[79.88337,13.33135],[79.88336,13.33287],[79.88659,13.33494],[79.89011,13.33494],[79.89178,13.33534],[79.89342,13.3363],[79.89421,13.33691],[79.89537,13.33682],[79.89741,13.33745],[79.89927,13.33885],[79.90071,13.3396],[79.90221,13.34012],[79.90356,13.34037],[79.90537,13.34394],[79.90726,13.34486],[79.91022,13.34699],[79.91468,13.34816],[79.91504,13.35056],[79.91442,13.35062],[79.91515,13.35163],[79.91328,13.35229],[79.915,13.35465],[79.91685,13.35801],[79.91569,13.35837],[79.91599,13.36],[79.91869,13.35954],[79.92075,13.35952],[79.92504,13.35843],[79.92629,13.35728],[79.92766,13.35697],[79.92749,13.35593],[79.92921,13.35553],[79.93005,13.35436],[79.93124,13.35158],[79.93318,13.35183],[79.93382,13.35442],[79.93506,13.35434],[79.93575,13.35639],[79.93811,13.35572],[79.94116,13.35998],[79.94107,13.3614],[79.94305,13.36127],[79.94225,13.36355],[79.94409,13.36343],[79.94543,13.36351],[79.94619,13.36562],[79.94527,13.36711],[79.94536,13.36816],[79.94649,13.36819],[79.9481,13.37432],[79.94915,13.37488],[79.94939,13.37547],[79.9486,13.37563],[79.94912,13.37732],[79.94889,13.3777],[79.94804,13.37737],[79.94783,13.37777],[79.94831,13.37811],[79.94826,13.37884],[79.94706,13.37891],[79.94502,13.3818],[79.94561,13.38186],[79.94635,13.38131],[79.94826,13.38194],[79.948,13.38301],[79.94838,13.38324],[79.94909,13.38112],[79.94969,13.38077],[79.95007,13.37979],[79.95221,13.37814],[79.95389,13.37718],[79.95567,13.37815],[79.95788,13.37895],[79.95814,13.37946],[79.95838,13.38115],[79.9593,13.38198],[79.96057,13.38462],[79.96086,13.38605],[79.96139,13.38639],[79.96137,13.38819],[79.96249,13.38842],[79.96271,13.39176],[79.96256,13.39422],[79.96163,13.39472],[79.96136,13.39559],[79.95867,13.39617],[79.95628,13.39709],[79.9486,13.39655],[79.94725,13.39673],[79.94645,13.3963],[79.94434,13.39682],[79.94436,13.39815],[79.94341,13.39861],[79.94294,13.39965],[79.94174,13.40006],[79.94125,13.40055],[79.94171,13.40077],[79.94211,13.40127],[79.94353,13.40335],[79.94414,13.40533],[79.94466,13.40652],[79.94577,13.40776],[79.94373,13.40772],[79.94375,13.40889],[79.94242,13.40906],[79.94251,13.41004],[79.94142,13.41013],[79.94127,13.41084],[79.94251,13.41114],[79.9421,13.41277],[79.93843,13.41274],[79.93799,13.41402],[79.93765,13.41467],[79.93671,13.41536],[79.9356,13.41591],[79.93446,13.41618],[79.93445,13.41662],[79.9374,13.41679],[79.93851,13.41614],[79.94026,13.41688],[79.94186,13.41695],[79.94207,13.41974],[79.94125,13.42076],[79.94103,13.42271],[79.93987,13.42363],[79.93996,13.42503],[79.94617,13.42479],[79.94822,13.42499],[79.94939,13.42375],[79.95072,13.42384],[79.95166,13.42408],[79.95243,13.42591],[79.95581,13.42535],[79.95511,13.42353],[79.95491,13.42235],[79.95662,13.42208],[79.9575,13.42362],[79.95851,13.4234],[79.96029,13.42326],[79.96197,13.42341],[79.96294,13.42474],[79.96548,13.42513],[79.96557,13.42575],[79.96593,13.42645],[79.96639,13.42672],[79.96804,13.42676],[79.9694,13.42716],[79.9706,13.42721],[79.97062,13.42828],[79.97206,13.42855],[79.97322,13.42951],[79.97283,13.4302],[79.97229,13.43191],[79.97259,13.43372],[79.97354,13.43558],[79.97244,13.43723],[79.97277,13.43967],[79.97096,13.44017],[79.97195,13.44266],[79.97277,13.45856],[79.97206,13.45979],[79.97257,13.46125],[79.97283,13.46398],[79.97201,13.46511],[79.97238,13.46899],[79.9824,13.47052],[79.98394,13.47961],[79.98901,13.47884],[80.00757,13.47851],[80.00748,13.48132],[80.00959,13.48291],[80.01216,13.48554],[80.01287,13.48512],[80.01354,13.4851],[80.01411,13.48719],[80.0159,13.48896],[80.01519,13.49005],[80.01489,13.49082],[80.01465,13.49424],[80.01426,13.49626],[80.01579,13.49791],[80.01821,13.49812],[80.02214,13.49827],[80.02761,13.49823],[80.03089,13.49806],[80.03392,13.49758],[80.04179,13.49505],[80.04667,13.49366],[80.0466,13.4996],[80.04716,13.50513],[80.04853,13.5126],[80.04486,13.51437],[80.04085,13.51661],[80.03544,13.51859],[80.03293,13.51755],[80.03042,13.51621],[80.02695,13.51364],[80.02263,13.51742],[80.01948,13.51909],[80.01862,13.52068],[80.01785,13.52424],[80.01742,13.52988],[80.01585,13.52937],[80.00996,13.52651],[80.00667,13.5256],[80.00319,13.52531],[80.0006,13.52567],[80.0003,13.5276],[80.00025,13.5302],[80.00038,13.53645],[80.00024,13.53958],[80.00046,13.54533],[80.00183,13.5464],[80.00695,13.546],[80.01401,13.5475],[80.01933,13.54715],[80.02152,13.54538],[80.02271,13.54603],[80.02358,13.54634],[80.02695,13.54143],[80.02817,13.53887],[80.0303,13.53869],[80.03398,13.53816],[80.0411,13.53832],[80.04344,13.53772],[80.04579,13.53751],[80.04785,13.53758],[80.05007,13.53701],[80.05216,13.53679],[80.05419,13.53694],[80.057,13.53671],[80.05723,13.53685],[80.05923,13.5396],[80.06032,13.54031],[80.0604,13.54181],[80.06084,13.54297],[80.06283,13.54507],[80.06438,13.54596],[80.06546,13.54599],[80.06656,13.54499],[80.069,13.5449],[80.08149,13.54888],[80.08795,13.53762],[80.08342,13.53584],[80.07832,13.52965],[80.07703,13.52278],[80.07673,13.51371],[80.07662,13.50753],[80.07666,13.4956],[80.07761,13.49226],[80.07748,13.48938],[80.09876,13.48844],[80.10164,13.48992],[80.10104,13.49073],[80.10469,13.49453],[80.10503,13.49391],[80.10578,13.49088],[80.10724,13.48961],[80.10982,13.49174],[80.11104,13.49359],[80.1114,13.4962],[80.11155,13.50073],[80.1119,13.50373],[80.11226,13.50517],[80.11269,13.50592],[80.11668,13.50378],[80.12355,13.50311],[80.12627,13.50436],[80.12833,13.5035],[80.13072,13.50171],[80.13451,13.50198],[80.13602,13.50292],[80.13747,13.50426],[80.13827,13.50455],[80.13926,13.50432],[80.1426,13.50273],[80.14685,13.49981],[80.14936,13.49785],[80.1511,13.49013],[80.15717,13.48863],[80.16086,13.48798],[80.16483,13.48796],[80.17067,13.48884],[80.17286,13.48934],[80.17344,13.48967],[80.17466,13.48975],[80.17661,13.49111],[80.17919,13.49032],[80.18391,13.49013],[80.18678,13.49028],[80.19944,13.48827],[80.20294,13.4879],[80.20584,13.48731],[80.20871,13.48656],[80.20998,13.49071],[80.21427,13.48963],[80.21376,13.48652],[80.22324,13.48558],[80.22436,13.4851],[80.22569,13.484],[80.22869,13.48293],[80.23011,13.48176],[80.23242,13.47705],[80.23459,13.475],[80.23657,13.47517],[80.23948,13.47479],[80.24064,13.47433],[80.24178,13.47254],[80.24785,13.49057],[80.25079,13.50062],[80.25275,13.50953],[80.25704,13.53052],[80.26204,13.55261],[80.26397,13.56209],[80.26798,13.56391]]}},
{"type":"Feature","properties":{"kind":"state","name":"Andhra Pradesh–Telangana","src":"OSM relations 2022095 and 3250963"},"geometry":{"type":"LineString","coordinates":[[81.08574,17.79807],[81.08819,17.79444],[81.08973,17.79121],[81.09188,17.78428],[81.09623,17.77413],[81.10026,17.77362],[81.10394,17.77338],[81.10451,17.77201],[81.10048,17.76692],[81.09634,17.763],[81.09271,17.76023],[81.08814,17.7572],[81.0834,17.75366],[81.07829,17.74922],[81.07373,17.74591],[81.0706,17.74191],[81.06649,17.73854],[81.06162,17.73549],[81.05846,17.73329],[81.0504,17.73413],[81.04645,17.73748],[81.04431,17.74006],[81.04046,17.74769],[81.03786,17.74733],[81.02877,17.74724],[81.02621,17.74861],[81.02523,17.74949],[81.02475,17.74936],[81.02223,17.74931],[81.01706,17.74504],[81.01659,17.74477],[81.01559,17.7448],[81.01115,17.74573],[81.00363,17.74762],[80.99794,17.74888],[80.99417,17.74996],[80.99146,17.75018],[80.98922,17.75275],[80.9874,17.75401],[80.98464,17.75542],[80.98407,17.75626],[80.98259,17.75973],[80.98116,17.76264],[80.98082,17.76437],[80.98005,17.76653],[80.97798,17.77345],[80.97766,17.77498],[80.97743,17.77696]]}},
{"type":"Feature","properties":{"kind":"state","name":"Andhra Pradesh–Telangana","src":"OSM relations 2022095 and 3250963","river":"6441","rlen":18},"geometry":{"type":"LineString","coordinates":[[80.97743,17.77696],[80.97714,17.77697],[80.9762,17.77765],[80.97518,17.77772],[80.97374,17.77915],[80.97337,17.77924],[80.97295,17.77919],[80.97269,17.77908],[80.9725,17.77888],[80.97243,17.77865],[80.97251,17.77759],[80.97239,17.7772],[80.97227,17.77699],[80.97203,17.77683],[80.97156,17.77675],[80.97023,17.77747],[80.9694,17.77758],[80.96854,17.77761],[80.96824,17.77769],[80.96764,17.77811],[80.96702,17.7784],[80.96584,17.77926],[80.96551,17.77937],[80.96516,17.77936],[80.96494,17.77924],[80.96483,17.77847],[80.96454,17.778],[80.96423,17.77758],[80.96317,17.77659],[80.96262,17.77637],[80.96093,17.77635],[80.96048,17.77625],[80.96008,17.77595],[80.95927,17.77506],[80.95839,17.77478],[80.95745,17.77466],[80.9567,17.77465],[80.95569,17.77442],[80.95506,17.77405],[80.95499,17.77382],[80.95499,17.773],[80.9545,17.77246],[80.95423,17.7723],[80.95384,17.77219],[80.95332,17.77216]]}},
{"type":"Feature","properties":{"kind":"state","name":"Andhra Pradesh–Telangana","src":"OSM relations 2022095 and 3250963"},"geometry":{"type":"LineString","coordinates":[[80.95332,17.77216],[80.95346,17.76993],[80.95134,17.76689],[80.95112,17.76622],[80.94631,17.7603],[80.94312,17.76071],[80.93994,17.76082],[80.92993,17.76147],[80.92838,17.76299]]}},
{"type":"Feature","properties":{"kind":"state","name":"Andhra Pradesh–Telangana","src":"OSM relations 2022095 and 3250963","river":"6441","rlen":18},"geometry":{"type":"LineString","coordinates":[[80.92838,17.76299],[80.92795,17.76259],[80.92769,17.76199],[80.92767,17.76118],[80.92752,17.76077],[80.92694,17.76005],[80.92603,17.75914],[80.92579,17.75899],[80.92548,17.75892],[80.9243,17.75891],[80.92411,17.75878],[80.9239,17.75849],[80.92416,17.75761],[80.92412,17.75742],[80.92397,17.75734],[80.92307,17.7575],[80.92206,17.75741],[80.91967,17.75674],[80.91946,17.75656],[80.91897,17.75541],[80.91857,17.75478],[80.91779,17.75255],[80.91771,17.75207],[80.91754,17.75172],[80.91733,17.7501],[80.91739,17.74982],[80.91785,17.74941],[80.91806,17.74903],[80.91798,17.74868],[80.91766,17.74823],[80.91724,17.7481],[80.9165,17.74806],[80.91562,17.74826],[80.91526,17.74844],[80.91509,17.74869],[80.91511,17.74962],[80.91489,17.75036],[80.91471,17.75049],[80.91449,17.75049],[80.91421,17.75035],[80.91332,17.74974],[80.91235,17.74927],[80.91201,17.74899],[80.91177,17.74865],[80.91111,17.74828],[80.91032,17.74825],[80.90805,17.74846],[80.90674,17.74836],[80.90658,17.74825],[80.90646,17.748],[80.90646,17.74695],[80.90631,17.74663],[80.90608,17.74648],[80.90566,17.74648],[80.90546,17.74658],[80.90445,17.74767],[80.90382,17.74795],[80.90249,17.7483],[80.90128,17.74889],[80.90094,17.74898],[80.90055,17.74893],[80.90004,17.74875],[80.8999,17.74862],[80.8999,17.7484],[80.90015,17.74784],[80.90157,17.74595],[80.90206,17.74509],[80.90298,17.74301],[80.90308,17.74244],[80.90304,17.74208],[80.90274,17.74162],[80.90196,17.74123],[80.90093,17.74114],[80.90002,17.74081],[80.89957,17.74054],[80.89875,17.73987],[80.89693,17.73891]]}},
{"type":"Feature","properties":{"kind":"state","name":"Andhra Pradesh–Telangana","src":"OSM relations 2022095 and 3250963"},"geometry":{"type":"LineString","coordinates":[[80.89693,17.73891],[80.89581,17.74088],[80.89148,17.74127],[80.89349,17.7306],[80.89439,17.72171],[80.89432,17.71378],[80.89225,17.71296]]}},
{"type":"Feature","properties":{"kind":"state","name":"Andhra Pradesh–Telangana","src":"OSM relations 2022095 and 3250963","river":"4946","rlen":1661},"geometry":{"type":"LineString","coordinates":[[80.89225,17.71296],[80.89331,17.71048],[80.8941,17.70887],[80.8945,17.70661],[80.89482,17.70348],[80.89425,17.69939],[80.8936,17.69728],[80.89274,17.69588],[80.89091,17.69373],[80.88941,17.69269],[80.8882,17.691],[80.88812,17.68931],[80.8886,17.68815],[80.88997,17.6853],[80.89001,17.68353],[80.88984,17.68094]]}},
{"type":"Feature","properties":{"kind":"state","name":"Andhra Pradesh–Telangana","src":"OSM relations 2022095 and 3250963"},"geometry":{"type":"LineString","coordinates":[[80.88984,17.68094],[80.89215,17.68079],[80.89264,17.68111],[80.89318,17.68112],[80.89329,17.68161],[80.89364,17.68165],[80.89387,17.68138],[80.89417,17.68183],[80.8948,17.682],[80.8952,17.68142],[80.89595,17.68147],[80.89631,17.68132],[80.89665,17.68134],[80.89683,17.68113],[80.89692,17.6814],[80.89737,17.68135],[80.89761,17.68108],[80.89778,17.68112],[80.89781,17.68134],[80.8986,17.68158],[80.89921,17.68216],[80.89946,17.68204],[80.89956,17.68212],[80.89957,17.68245],[80.89972,17.68255],[80.9004,17.6822],[80.90169,17.68217],[80.90206,17.68193],[80.90255,17.68106],[80.90275,17.68103],[80.9029,17.68114],[80.9028,17.68116],[80.90294,17.68138],[80.90362,17.68059],[80.90382,17.68059],[80.90373,17.68075],[80.90392,17.68081],[80.90478,17.68063],[80.90461,17.68031],[80.90488,17.68021],[80.90603,17.6804],[80.90625,17.68029],[80.90941,17.67583],[80.90278,17.65869],[80.90741,17.65621],[80.91092,17.65452],[80.91057,17.65376],[80.91029,17.65347],[80.90968,17.6521],[80.90913,17.65013],[80.90849,17.64706],[80.90336,17.64242],[80.90271,17.64044]]}},
{"type":"Feature","properties":{"kind":"state","name":"Andhra Pradesh–Telangana","src":"OSM relations 2022095 and 3250963","river":"5395","rlen":123},"geometry":{"type":"LineString","coordinates":[[80.90271,17.64044],[80.90236,17.64015],[80.90148,17.63993],[80.90001,17.63995],[80.89941,17.63972],[80.89786,17.63864],[80.89696,17.63815],[80.89609,17.63796],[80.89527,17.63808],[80.89441,17.63836],[80.89384,17.63823],[80.89245,17.63722],[80.89133,17.63593],[80.89105,17.63545],[80.89107,17.63456],[80.88991,17.63288],[80.88854,17.63132],[80.88811,17.63104],[80.88732,17.63081],[80.88709,17.63095],[80.8863,17.63175],[80.88237,17.63386],[80.88125,17.63386],[80.87889,17.63341],[80.87793,17.63352],[80.87759,17.63369],[80.87525,17.63418],[80.87477,17.6342],[80.87431,17.63412],[80.87328,17.6334],[80.87284,17.63324],[80.87193,17.6332],[80.8711,17.63303],[80.87069,17.63275],[80.8697,17.63235],[80.86824,17.63225]]}},
{"type":"Feature","properties":{"kind":"state","name":"Andhra Pradesh–Telangana","src":"OSM relations 2022095 and 3250963"},"geometry":{"type":"LineString","coordinates":[[80.86824,17.63225],[80.86809,17.63441],[80.86506,17.63511],[80.86178,17.63365],[80.85693,17.63042],[80.85491,17.62811],[80.8515,17.62314],[80.85041,17.61977],[80.85114,17.61408],[80.85323,17.60998],[80.85489,17.60465],[80.85562,17.60303],[80.85714,17.60174],[80.85852,17.60093],[80.86032,17.60083],[80.8747,17.59731],[80.88118,17.59703],[80.88611,17.59711],[80.89066,17.60001],[80.89723,17.60144],[80.9022,17.60067],[80.91276,17.60054],[80.93306,17.60124],[80.94036,17.60095],[80.95173,17.6012],[80.96211,17.59977],[80.96744,17.59883],[80.97087,17.59674],[80.97452,17.59204],[80.97649,17.58844],[80.97885,17.58498],[80.98014,17.58406],[80.98286,17.58285],[80.9846,17.57923],[80.98829,17.57344],[80.98887,17.57234],[80.99162,17.57121],[80.99522,17.56751],[80.99876,17.56458],[81.00035,17.55783],[81.00278,17.55063],[81.00548,17.54973],[81.00683,17.54883],[81.00941,17.54586],[81.01115,17.54169],[81.01275,17.53885],[81.01396,17.5357],[81.01466,17.53083],[81.01464,17.52765],[81.01503,17.52442],[81.01481,17.52366],[81.01483,17.52208],[81.01984,17.5201],[81.02703,17.51983],[81.02861,17.51939],[81.03328,17.51953],[81.03717,17.51945],[81.03876,17.51968],[81.04048,17.51951],[81.04298,17.51961],[81.04611,17.51949],[81.05076,17.5191],[81.05291,17.51905],[81.05572,17.5186],[81.06233,17.51715],[81.06508,17.51692],[81.06859,17.51645],[81.07074,17.51603],[81.08014,17.51505],[81.08074,17.51475],[81.08308,17.51233],[81.0875,17.50847],[81.09066,17.5061],[81.09213,17.50537],[81.09513,17.5044],[81.09869,17.50433],[81.10003,17.50491],[81.1013,17.50569],[81.10384,17.50888],[81.10532,17.51034],[81.1076,17.51204],[81.10936,17.51357],[81.11506,17.5199],[81.11764,17.52248],[81.12406,17.52692],[81.12504,17.52712],[81.12659,17.52677],[81.12757,17.52622],[81.12923,17.52456],[81.13069,17.52231],[81.13556,17.51929],[81.13712,17.51791],[81.13858,17.51615],[81.13856,17.51446],[81.1392,17.50989],[81.14064,17.50422],[81.14497,17.49495],[81.14331,17.49296],[81.14234,17.48846],[81.14774,17.48743],[81.15082,17.48651],[81.15672,17.48518],[81.1597,17.48425],[81.1595,17.48282],[81.15801,17.47952],[81.15685,17.47642],[81.15603,17.47495],[81.15447,17.47286],[81.15342,17.47122],[81.15137,17.46927],[81.14867,17.46515],[81.14826,17.46329],[81.15106,17.46318],[81.15885,17.46428],[81.16239,17.46438],[81.16665,17.46425],[81.16942,17.46439],[81.17226,17.46437],[81.17612,17.46401],[81.17318,17.45339],[81.17247,17.449],[81.17464,17.44634],[81.17576,17.44532],[81.18248,17.44065],[81.18803,17.43791],[81.18923,17.43715],[81.19069,17.43666],[81.1952,17.43525],[81.20255,17.43406],[81.20249,17.43921],[81.20229,17.44087],[81.2037,17.4471],[81.20527,17.44955],[81.20647,17.44847],[81.20857,17.44701],[81.21172,17.44188],[81.21324,17.4419],[81.21642,17.44242],[81.21879,17.44238],[81.21969,17.44169],[81.22036,17.44095],[81.22069,17.44021],[81.22127,17.43949],[81.22188,17.43935],[81.22408,17.43934],[81.22498,17.43911],[81.22664,17.43826],[81.22869,17.43819],[81.23054,17.43721],[81.23216,17.43657],[81.23324,17.43621],[81.23592,17.43572],[81.2376,17.43504],[81.23954,17.43387],[81.24185,17.43266],[81.24258,17.43212],[81.24545,17.433],[81.24656,17.43239],[81.25114,17.42913],[81.25684,17.42447],[81.26041,17.4219],[81.26253,17.42075],[81.26865,17.41835],[81.27658,17.41697],[81.28139,17.41581],[81.29442,17.41368],[81.29711,17.41349],[81.29927,17.41288],[81.30156,17.4125],[81.30639,17.41124],[81.3083,17.4106],[81.31112,17.40943],[81.31315,17.40831],[81.31379,17.40762],[81.31568,17.40393],[81.317,17.40179],[81.31811,17.39971],[81.31884,17.39779],[81.32085,17.38974],[81.32187,17.38034],[81.32262,17.37459],[81.32018,17.37104],[81.31687,17.36907],[81.31687,17.36653],[81.31565,17.36385],[81.31331,17.36186],[81.31192,17.36086],[81.31155,17.3594],[81.31082,17.35734],[81.30921,17.3551],[81.30752,17.35236],[81.30625,17.34941],[81.30533,17.3464],[81.30394,17.34431],[81.30112,17.34077],[81.29994,17.3397],[81.29801,17.3389],[81.29696,17.33827],[81.29484,17.33495],[81.29128,17.33108],[81.28857,17.32846],[81.2857,17.32706],[81.28299,17.32608],[81.28063,17.32506],[81.27877,17.32391],[81.27763,17.32229],[81.27514,17.3177],[81.2736,17.31732],[81.26542,17.32075],[81.26186,17.32139],[81.25887,17.32163],[81.25445,17.32264],[81.25085,17.32469],[81.2466,17.32561],[81.2451,17.32487],[81.24379,17.32344],[81.24203,17.32299],[81.2398,17.32317],[81.23795,17.32079],[81.23617,17.32004],[81.23096,17.3203],[81.22609,17.32098],[81.21722,17.32336],[81.21388,17.32499],[81.21137,17.32579],[81.20765,17.32583],[81.20225,17.32542],[81.19948,17.32452],[81.19602,17.32422],[81.19111,17.32426],[81.18951,17.32358],[81.18768,17.31943],[81.18715,17.31565],[81.1867,17.31431],[81.1853,17.31295],[81.18378,17.31087],[81.18321,17.30906],[81.18064,17.30302],[81.18022,17.30003],[81.17933,17.29737],[81.17874,17.29503],[81.17728,17.29164],[81.17677,17.28952],[81.17668,17.28768],[81.17669,17.28459],[81.17721,17.2836],[81.17851,17.28305],[81.17901,17.27812],[81.17763,17.2707],[81.17988,17.26577],[81.18165,17.26269],[81.18249,17.26057],[81.18278,17.2589],[81.18465,17.25661],[81.18676,17.25451],[81.18645,17.24934],[81.18633,17.2491],[81.18281,17.24674],[81.1798,17.24312],[81.17744,17.24066],[81.17444,17.237],[81.17231,17.23236],[81.17067,17.23136],[81.16023,17.23129],[81.15247,17.22967],[81.15027,17.22972],[81.14501,17.22914],[81.14342,17.228],[81.14202,17.2278],[81.13743,17.22686],[81.1343,17.22651],[81.13323,17.22574],[81.13229,17.22597],[81.12761,17.22382],[81.12654,17.22404],[81.12643,17.22476],[81.12523,17.22459],[81.12265,17.22466],[81.12152,17.2249],[81.11948,17.22483],[81.11727,17.22467],[81.11369,17.2241],[81.10865,17.22367],[81.10161,17.22251],[81.09666,17.22108],[81.0898,17.21963],[81.08904,17.21907],[81.08653,17.21829],[81.08458,17.21825],[81.08357,17.21788],[81.08081,17.21606],[81.07946,17.21546],[81.07564,17.21613],[81.07545,17.21635],[81.07219,17.21766],[81.06907,17.21961],[81.06556,17.22086],[81.0647,17.22142],[81.06254,17.22242],[81.06204,17.22261],[81.05932,17.22278],[81.05638,17.22436],[81.05504,17.22483],[81.05458,17.2246],[81.05515,17.22134],[81.05554,17.21992],[81.0551,17.21872],[81.05317,17.21488],[81.051,17.21172],[81.04998,17.20946],[81.04953,17.20747],[81.04823,17.20678],[81.04739,17.20596],[81.04692,17.20521],[81.04623,17.20442],[81.04353,17.20225],[81.04164,17.199],[81.03757,17.19358],[81.03651,17.19246],[81.03549,17.19188],[81.03423,17.19167],[81.0328,17.19227],[81.03115,17.19066],[81.03049,17.19103],[81.02932,17.19138],[81.02671,17.19197],[81.01981,17.19395],[81.01727,17.19452],[81.01488,17.19474],[81.01241,17.19463],[81.01044,17.19362],[81.00852,17.19213],[81.00705,17.1921],[81.00637,17.19196],[81.00346,17.19197],[81.00161,17.19175],[81.00002,17.19143],[80.99818,17.1908],[80.99541,17.19161],[80.99425,17.19179],[80.99314,17.19213],[80.99072,17.19316],[80.98438,17.19657],[80.98214,17.19662],[80.98146,17.19701],[80.98075,17.19721],[80.97719,17.19917],[80.97549,17.20073],[80.97428,17.20085],[80.97207,17.20071],[80.97059,17.20122],[80.96957,17.20144],[80.96931,17.20093],[80.96778,17.19885],[80.96739,17.20082],[80.96799,17.20267],[80.96783,17.20295],[80.96172,17.20414],[80.95929,17.20478],[80.95691,17.20683],[80.95552,17.2078],[80.95344,17.20892],[80.95264,17.20959],[80.95028,17.2128],[80.94977,17.21326],[80.94802,17.21431],[80.94565,17.21715],[80.94443,17.2181],[80.94268,17.21857],[80.94096,17.21965],[80.9387,17.22013],[80.93674,17.22023],[80.93376,17.21982],[80.93302,17.22004],[80.93181,17.21958],[80.92982,17.22008],[80.9285,17.22061],[80.92768,17.22059],[80.92752,17.22049],[80.92545,17.22061],[80.92453,17.2201],[80.92297,17.2202],[80.92104,17.21975],[80.92074,17.21958],[80.91949,17.22043],[80.91892,17.22004],[80.91697,17.21683],[80.91669,17.21502],[80.91684,17.21035],[80.91722,17.20941],[80.9183,17.20555],[80.91905,17.20338],[80.92083,17.20174],[80.921,17.20078],[80.92094,17.19901],[80.92059,17.19758],[80.92001,17.19664],[80.92074,17.19571],[80.92055,17.19494],[80.91982,17.19426],[80.91905,17.19418],[80.91892,17.19245],[80.91856,17.19088],[80.91864,17.18969],[80.92068,17.18969],[80.92156,17.18942],[80.92291,17.18848],[80.92323,17.18727],[80.92362,17.18637],[80.92471,17.18534],[80.92647,17.18409],[80.92624,17.18226],[80.92636,17.18093],[80.92637,17.17825],[80.92508,17.17248],[80.92481,17.16954],[80.92527,17.16827],[80.92524,17.16764],[80.92396,17.16629],[80.92372,17.16549],[80.92375,17.16341],[80.92338,17.16209],[80.92325,17.16111],[80.92405,17.1586],[80.92393,17.15783],[80.92232,17.15753],[80.9203,17.156],[80.91661,17.15403],[80.91603,17.15388],[80.91275,17.15373],[80.90563,17.15436],[80.89203,17.15977],[80.88856,17.15957],[80.88729,17.15963],[80.88604,17.1603],[80.88519,17.1604],[80.88427,17.16029],[80.88258,17.16095],[80.88157,17.16153],[80.87946,17.16085],[80.87913,17.15742],[80.87859,17.1551],[80.87845,17.15363],[80.87767,17.14955],[80.87767,17.14737],[80.87788,17.14552],[80.87777,17.14047],[80.87832,17.13523],[80.87608,17.13234],[80.8741,17.12918],[80.87165,17.12738],[80.87122,17.1272],[80.86998,17.12712],[80.86936,17.1269],[80.86882,17.12617],[80.86803,17.12467],[80.86789,17.1236],[80.86792,17.12236],[80.86838,17.12083],[80.86962,17.11882],[80.87299,17.11445],[80.8741,17.11277],[80.87497,17.11234],[80.8754,17.11179],[80.87685,17.10517],[80.87582,17.10288],[80.87445,17.09931],[80.87397,17.09854],[80.87423,17.09672],[80.87567,17.09598],[80.8739,17.09201],[80.87251,17.09174],[80.87143,17.08958],[80.86839,17.08264],[80.86819,17.08129],[80.8682,17.08013],[80.86752,17.07865],[80.87065,17.07782],[80.87386,17.07627],[80.87509,17.07546],[80.87517,17.07514],[80.87578,17.07489],[80.87668,17.07383],[80.87667,17.07282],[80.87703,17.07051],[80.87536,17.07097],[80.87478,17.0708],[80.87436,17.06995],[80.87152,17.06977],[80.87076,17.06826],[80.86833,17.06497],[80.86784,17.06414],[80.86751,17.06251],[80.8667,17.06067],[80.86539,17.05842],[80.86448,17.05731],[80.86353,17.05659],[80.86086,17.05395],[80.85951,17.05309],[80.85888,17.05222],[80.85752,17.04974],[80.85705,17.04803],[80.85647,17.04749],[80.85582,17.04649],[80.85475,17.04554],[80.84506,17.04017],[80.84471,17.04042],[80.84406,17.04132],[80.84346,17.04251],[80.84242,17.04528],[80.84169,17.04606],[80.84008,17.04724],[80.83396,17.05066],[80.83098,17.05155],[80.83011,17.05194],[80.82903,17.0529],[80.82562,17.05354],[80.82146,17.05453],[80.81731,17.05434],[80.81608,17.05468],[80.8146,17.0547],[80.81176,17.05499],[80.80533,17.05729],[80.80413,17.05753],[80.80299,17.05863],[80.79926,17.06109],[80.79709,17.06182],[80.79522,17.06227],[80.79327,17.06309],[80.7874,17.0642],[80.78225,17.06412],[80.78065,17.06529],[80.77679,17.06577],[80.77443,17.06585],[80.77277,17.06626],[80.76942,17.0663],[80.76716,17.06617],[80.76526,17.06645],[80.75519,17.07083],[80.75378,17.07102],[80.75255,17.07162],[80.75052,17.07143],[80.75024,17.07095],[80.7491,17.07119],[80.74848,17.07119],[80.7487,17.07185],[80.74906,17.07213],[80.74944,17.07269],[80.74779,17.07356],[80.73991,17.0747],[80.73922,17.07882],[80.73899,17.07825],[80.73828,17.07776],[80.73684,17.07736],[80.72906,17.07835],[80.72837,17.07878],[80.7279,17.07863],[80.72407,17.07932],[80.7217,17.07939],[80.71944,17.07988],[80.71734,17.08001],[80.71263,17.08143],[80.70934,17.08192],[80.70499,17.08077],[80.70255,17.08141],[80.70194,17.08125],[80.70124,17.0814],[80.7002,17.08341]]}},
{"type":"Feature","properties":{"kind":"state","name":"Andhra Pradesh–Telangana","src":"OSM relations 2022095 and 3250963","river":"2953","rlen":36},"geometry":{"type":"LineString","coordinates":[[80.7002,17.08341],[80.6989,17.08278],[80.69884,17.08257],[80.69888,17.08198],[80.69876,17.08182],[80.69863,17.08175],[80.69799,17.0821],[80.69776,17.08203],[80.69697,17.0813],[80.69686,17.0809],[80.69673,17.08077],[80.696,17.0803],[80.69591,17.07993],[80.69598,17.07966],[80.69653,17.07941],[80.6969,17.07891],[80.69718,17.07838],[80.697,17.07776],[80.69704,17.07691],[80.69667,17.07652],[80.6965,17.07649],[80.69625,17.07669],[80.69604,17.07666],[80.69586,17.07606],[80.69533,17.0758],[80.69498,17.07535],[80.69478,17.07485],[80.69404,17.07452],[80.69343,17.07414],[80.69305,17.07402],[80.69219,17.07406],[80.69194,17.07417],[80.69147,17.07412],[80.69084,17.07386],[80.69038,17.07378],[80.68937,17.07399],[80.68895,17.07399],[80.68598,17.07354],[80.68311,17.07346],[80.68267,17.07328],[80.68165,17.07261],[80.68143,17.07237],[80.68109,17.07221],[80.68074,17.0722],[80.67959,17.07241],[80.67926,17.07241],[80.67918,17.07224],[80.67922,17.07179],[80.67913,17.07161],[80.67651,17.0714],[80.6764,17.07129],[80.67629,17.07035],[80.67549,17.06967],[80.67506,17.06952],[80.67486,17.06932],[80.67459,17.06841],[80.67434,17.06789],[80.67399,17.06741],[80.67374,17.0672],[80.67337,17.06717],[80.67285,17.06725],[80.67212,17.06789],[80.67193,17.06814],[80.67188,17.06853],[80.67205,17.06927],[80.67169,17.06979],[80.67165,17.07057],[80.67153,17.07075],[80.6713,17.07078],[80.67098,17.07069],[80.67023,17.06993],[80.6699,17.06982],[80.66908,17.06985],[80.66862,17.06975],[80.66821,17.06927],[80.66773,17.06887],[80.66773,17.06869],[80.66797,17.06829],[80.66803,17.06795],[80.66794,17.06746],[80.66762,17.06692],[80.6673,17.0666],[80.66655,17.06639],[80.66599,17.06646],[80.66563,17.06639]]}},
{"type":"Feature","properties":{"kind":"state","name":"Andhra Pradesh–Telangana","src":"OSM relations 2022095 and 3250963"},"geometry":{"type":"LineString","coordinates":[[80.66563,17.06639],[80.66444,17.0679],[80.6636,17.06825],[80.66119,17.0683],[80.65621,17.06868],[80.65403,17.0694],[80.65265,17.07012],[80.65111,17.07131],[80.65031,17.07207],[80.65076,17.07416],[80.65248,17.0782],[80.65463,17.08374],[80.65694,17.08905],[80.65778,17.09067],[80.65868,17.09163],[80.66548,17.09385],[80.66744,17.09485],[80.66838,17.09574],[80.66999,17.09928],[80.67057,17.10117],[80.66563,17.10501],[80.66,17.10791],[80.65814,17.10878],[80.65696,17.10914],[80.65621,17.10975],[80.65345,17.1104],[80.65086,17.11083],[80.64936,17.11128],[80.64861,17.11172],[80.64685,17.11343],[80.64194,17.11602],[80.64553,17.12355],[80.63991,17.12604],[80.63965,17.12655],[80.6384,17.12727],[80.63725,17.1282],[80.63653,17.12845],[80.63002,17.12948],[80.62846,17.12994],[80.62465,17.1297],[80.61937,17.12821],[80.61879,17.12826],[80.61824,17.12858],[80.61876,17.12936],[80.61697,17.13194],[80.61521,17.1326],[80.609,17.13451],[80.60627,17.13556],[80.60551,17.13676],[80.60447,17.13874],[80.60211,17.14052],[80.60137,17.14202],[80.60039,17.14269],[80.5897,17.14813],[80.57996,17.15339],[80.57811,17.15018],[80.57717,17.15007],[80.57646,17.14959],[80.57358,17.14552],[80.56942,17.14039],[80.56748,17.13826],[80.56514,17.13532],[80.56289,17.13327],[80.56155,17.13289],[80.56008,17.13264],[80.55718,17.13238],[80.55431,17.13387],[80.55324,17.13298],[80.54974,17.13162],[80.54831,17.13073],[80.54699,17.12963],[80.54458,17.12701],[80.5436,17.12576],[80.54239,17.125],[80.54113,17.12437],[80.53921,17.12384],[80.53651,17.12337],[80.53451,17.12237],[80.53195,17.12068],[80.53147,17.12021],[80.52873,17.11968],[80.52785,17.11925],[80.52217,17.12068],[80.52093,17.12077],[80.51938,17.12118],[80.51754,17.12138],[80.51469,17.12227],[80.51392,17.12226],[80.51368,17.12152],[80.51384,17.1154],[80.51349,17.11196],[80.5129,17.10968],[80.5123,17.10827],[80.51087,17.10637],[80.50687,17.09993],[80.50536,17.09812],[80.50521,17.09672],[80.50483,17.09504],[80.50423,17.09378],[80.50394,17.09175],[80.50524,17.09061],[80.50727,17.08919],[80.50977,17.08783],[80.51009,17.0873],[80.50951,17.08427],[80.50884,17.08204],[80.50807,17.07995],[80.50732,17.07552],[80.50552,17.06891],[80.50483,17.06824],[80.49882,17.06394],[80.49657,17.06169],[80.49365,17.0575],[80.49238,17.05539],[80.49073,17.05135],[80.48716,17.05196],[80.48618,17.05232],[80.48494,17.05227],[80.48257,17.05184],[80.48069,17.05173],[80.4788,17.05184],[80.47135,17.05068],[80.468,17.04243],[80.46546,17.03208],[80.46482,17.03029],[80.45944,17.03192],[80.4589,17.03216],[80.45872,17.03295],[80.45777,17.03342],[80.45251,17.03533],[80.44993,17.03594],[80.4479,17.03603],[80.44505,17.03666],[80.43855,17.03782],[80.4373,17.04167],[80.43607,17.04438],[80.43515,17.04722],[80.43449,17.04867],[80.43318,17.05072],[80.43299,17.05131],[80.43294,17.05253],[80.43236,17.05435],[80.43164,17.05581],[80.42934,17.05886],[80.42699,17.0611],[80.4256,17.0622],[80.42353,17.06632],[80.41708,17.07369],[80.41729,17.07563],[80.4177,17.07704],[80.41851,17.07862],[80.41845,17.08062],[80.41811,17.0836],[80.41804,17.08605],[80.41784,17.0878],[80.41804,17.0892],[80.41907,17.09218],[80.41574,17.09207],[80.41429,17.09239],[80.41242,17.09242],[80.41042,17.09214],[80.40939,17.09172],[80.40844,17.09061],[80.40808,17.08923],[80.40805,17.08787],[80.4064,17.08785],[80.40519,17.08739],[80.40444,17.08675],[80.40492,17.0845],[80.40489,17.08409],[80.40398,17.08251],[80.4033,17.08203],[80.4014,17.08234],[80.40056,17.08223],[80.39709,17.07843],[80.39497,17.07677],[80.39378,17.07601],[80.39149,17.07523],[80.39019,17.07436],[80.38731,17.07166],[80.38581,17.06871],[80.3857,17.06679],[80.38658,17.06644],[80.38739,17.06581],[80.38824,17.06475],[80.39075,17.0626],[80.39154,17.06155],[80.3922,17.05998],[80.39284,17.05897],[80.39311,17.05784],[80.39358,17.05712],[80.39393,17.05593],[80.39378,17.05485],[80.39516,17.05427],[80.39514,17.05352],[80.39756,17.05289],[80.39849,17.0524],[80.39838,17.05139],[80.39846,17.05051],[80.39827,17.0496],[80.39765,17.04851],[80.39625,17.04718],[80.39593,17.04658],[80.39611,17.04521],[80.39628,17.04193],[80.39655,17.04098],[80.39653,17.03854],[80.39577,17.03585],[80.39828,17.03409],[80.39968,17.03291],[80.40074,17.0322],[80.39992,17.03114],[80.4013,17.03029],[80.40349,17.0293],[80.40604,17.02698],[80.40752,17.0258],[80.40704,17.02443],[80.40703,17.01582],[80.40166,17.01357],[80.40009,17.0127],[80.3975,17.01205],[80.39305,17.01057],[80.38986,17.00989],[80.38777,17.00918],[80.3874,17.0072],[80.38735,17.00611],[80.38702,17.00496],[80.38662,17.00415],[80.38569,17.00287],[80.38097,16.99797],[80.38084,16.9973],[80.38048,16.99648],[80.37823,16.99307],[80.37741,16.99156],[80.3765,16.99022],[80.37541,16.98815],[80.37441,16.98724],[80.37315,16.98642],[80.37157,16.9863],[80.37003,16.98451],[80.36878,16.98239],[80.3679,16.98172],[80.36647,16.98134],[80.36588,16.98033],[80.36537,16.97904],[80.36476,16.9783],[80.36396,16.97763],[80.36339,16.97683],[80.36339,16.97607],[80.36473,16.97588],[80.36607,16.97531],[80.36716,16.97499],[80.36806,16.97579],[80.37146,16.97582],[80.37379,16.97461],[80.3777,16.97309],[80.3791,16.9727],[80.38102,16.97255],[80.38196,16.9721],[80.3834,16.9712],[80.38604,16.97065],[80.38982,16.96927],[80.39578,16.96763],[80.40473,16.96486],[80.40745,16.9639],[80.41138,16.96359],[80.41492,16.96307],[80.41954,16.96258],[80.42237,16.96178],[80.42576,16.96115],[80.42709,16.96041],[80.43063,16.95983],[80.43434,16.95891],[80.43608,16.9587],[80.43818,16.95825],[80.44198,16.957],[80.44531,16.95616],[80.44765,16.95577],[80.4499,16.95501],[80.45651,16.95213],[80.46221,16.94887],[80.46388,16.94768],[80.46652,16.94632],[80.46754,16.94558],[80.46932,16.94297],[80.47142,16.9409],[80.47255,16.93937],[80.47522,16.93676],[80.47967,16.93407],[80.4818,16.93261],[80.48532,16.93102],[80.48701,16.93056],[80.48881,16.92948],[80.49046,16.92895],[80.49258,16.92807],[80.49497,16.92795]]}},
{"type":"Feature","properties":{"kind":"state","name":"Andhra Pradesh–Telangana","src":"OSM relations 2022095 and 3250963","river":"2652","rlen":88},"geometry":{"type":"LineString","coordinates":[[80.49497,16.92795],[80.49499,16.9284],[80.49536,16.92977],[80.49531,16.93067],[80.4951,16.93116],[80.49512,16.93263],[80.49506,16.93275],[80.49477,16.93285],[80.49473,16.93293],[80.49477,16.93363],[80.49441,16.93423],[80.49444,16.93708],[80.49485,16.93867],[80.49571,16.94058],[80.49626,16.9414],[80.49693,16.94327],[80.49736,16.94423],[80.49714,16.9456],[80.49714,16.94655],[80.49687,16.94744],[80.49676,16.94878],[80.49649,16.94958],[80.49655,16.94992],[80.49704,16.9512],[80.49809,16.95234],[80.49827,16.95261],[80.49831,16.95285],[80.49827,16.95369],[80.49771,16.95504]]}},
{"type":"Feature","properties":{"kind":"state","name":"Andhra Pradesh–Telangana","src":"OSM relations 2022095 and 3250963"},"geometry":{"type":"LineString","coordinates":[[80.49771,16.95504],[80.4994,16.95638],[80.50001,16.95673],[80.50138,16.95725],[80.502,16.95734],[80.50352,16.95704],[80.50585,16.95644],[80.50712,16.95593],[80.50957,16.95463],[80.51193,16.95365],[80.51502,16.95288],[80.51976,16.95135],[80.52148,16.95038],[80.52326,16.94911],[80.52504,16.94828],[80.52613,16.94796],[80.53188,16.95784],[80.53219,16.95881],[80.53282,16.95892],[80.53461,16.96154],[80.53539,16.96137],[80.53749,16.96047],[80.54127,16.95921],[80.54587,16.95707],[80.54705,16.95636],[80.54896,16.95545],[80.55088,16.95381],[80.55449,16.95143],[80.55565,16.95039],[80.55828,16.9486],[80.56135,16.94692],[80.56801,16.94286],[80.57096,16.94165],[80.57318,16.94181],[80.57378,16.94134],[80.57435,16.94066],[80.57552,16.93854],[80.576,16.93839],[80.57665,16.93848],[80.57696,16.93833],[80.57724,16.93792],[80.57766,16.93779],[80.57795,16.93796],[80.57809,16.93821],[80.57835,16.93815],[80.57862,16.93758],[80.57912,16.93725],[80.58022,16.93703],[80.58091,16.93668],[80.58178,16.93517],[80.582,16.93423],[80.58153,16.93334],[80.58132,16.93265],[80.5815,16.93236],[80.58199,16.93229],[80.58234,16.93198],[80.58238,16.93111],[80.58262,16.93069],[80.58306,16.9306],[80.58364,16.93003],[80.58406,16.92914],[80.58558,16.92919],[80.58642,16.92826],[80.5878,16.92865],[80.58832,16.92819],[80.58956,16.92768],[80.59006,16.92763],[80.59063,16.9273],[80.59116,16.92668],[80.59097,16.92553],[80.59168,16.92371],[80.592,16.92337],[80.59232,16.92334],[80.59283,16.92351],[80.59353,16.92405],[80.59416,16.92404],[80.59498,16.92434],[80.59564,16.92438],[80.59625,16.92386],[80.59699,16.92414],[80.59728,16.92403],[80.59741,16.92316],[80.59783,16.92227],[80.59791,16.92172],[80.59821,16.92134],[80.59933,16.92153],[80.59995,16.92135],[80.6004,16.91978],[80.6011,16.9197],[80.60184,16.9198],[80.60247,16.91892],[80.59998,16.91644],[80.59624,16.91303],[80.59462,16.91141],[80.59356,16.90916],[80.59197,16.90708],[80.5909,16.9065],[80.58931,16.9063],[80.58828,16.90599],[80.58748,16.90504],[80.5871,16.90344],[80.5877,16.90227],[80.59243,16.90009],[80.59461,16.89938],[80.59572,16.89719],[80.59584,16.89665],[80.59569,16.89606],[80.5949,16.89501],[80.59587,16.89242],[80.59641,16.88912],[80.59628,16.88669],[80.59606,16.88571],[80.59551,16.88473],[80.59439,16.88377],[80.59231,16.88326],[80.59072,16.88295],[80.58916,16.88299],[80.58695,16.88271],[80.58493,16.88213],[80.58321,16.88137],[80.58199,16.88114],[80.57961,16.8802],[80.57746,16.87911],[80.57285,16.87486],[80.56963,16.87139],[80.56826,16.86971],[80.56882,16.86794],[80.56974,16.86611],[80.57111,16.86153],[80.57101,16.85827],[80.57079,16.85671],[80.57028,16.85482],[80.57017,16.85314],[80.5703,16.84952],[80.56967,16.84737],[80.56877,16.84484],[80.56639,16.83999],[80.56436,16.83629],[80.56371,16.83485],[80.56291,16.83357],[80.56296,16.83301],[80.56478,16.82851],[80.56543,16.82741],[80.56901,16.82675],[80.57015,16.826],[80.57295,16.82514],[80.57444,16.82501],[80.57535,16.82479],[80.57688,16.82397],[80.5774,16.82355],[80.57846,16.82136],[80.58,16.81956],[80.58065,16.81902],[80.58096,16.81842],[80.58192,16.81783],[80.58199,16.81708],[80.58237,16.81621],[80.58304,16.81518],[80.58473,16.81311],[80.58527,16.81294],[80.58596,16.81291],[80.58619,16.81224],[80.58688,16.81183],[80.58752,16.81124],[80.58798,16.81049],[80.58847,16.80901],[80.58958,16.80812],[80.59048,16.80785],[80.5912,16.80704],[80.59133,16.80619],[80.5915,16.80599],[80.59194,16.80559],[80.59278,16.80524],[80.59398,16.80323],[80.5954,16.80197],[80.59596,16.80162],[80.59836,16.80124],[80.59995,16.79991],[80.60293,16.7987],[80.60405,16.79808],[80.60543,16.79787],[80.60713,16.79667],[80.60771,16.79584],[80.61068,16.79436],[80.61238,16.79435],[80.61279,16.79404],[80.61292,16.79355],[80.61218,16.79344],[80.61146,16.79298],[80.61015,16.79306],[80.60983,16.79326],[80.60994,16.79418],[80.60945,16.79412],[80.60855,16.79364],[80.60524,16.79346],[80.60295,16.79357],[80.60057,16.79334],[80.60007,16.79301],[80.59955,16.79239],[80.59874,16.79229],[80.59731,16.79231],[80.59672,16.7919],[80.59657,16.79137],[80.59701,16.79085],[80.5969,16.79046],[80.59608,16.79028],[80.59565,16.78952],[80.59536,16.78939],[80.59458,16.78949],[80.59451,16.78927],[80.59302,16.78865],[80.59294,16.78838],[80.59302,16.78813],[80.59332,16.78792],[80.59343,16.7876],[80.59334,16.78738],[80.59288,16.78715],[80.59212,16.78698],[80.59119,16.78705],[80.59042,16.78657],[80.58996,16.78655],[80.5899,16.78609],[80.58963,16.78587],[80.58869,16.7856],[80.58833,16.78532],[80.58818,16.78455],[80.58772,16.78447],[80.58774,16.78417],[80.58804,16.7838],[80.58805,16.78357],[80.58699,16.78223],[80.58479,16.78344],[80.58408,16.78219],[80.58337,16.78147],[80.58277,16.78099],[80.58061,16.77982],[80.57752,16.77735],[80.57653,16.7763],[80.57368,16.77085],[80.57254,16.77013],[80.57062,16.76787],[80.56981,16.76804],[80.56873,16.76865],[80.56654,16.76933],[80.5628,16.76992],[80.56097,16.77045],[80.55868,16.77219],[80.55708,16.77311],[80.55497,16.77374],[80.55468,16.77424],[80.55205,16.77496],[80.54751,16.77523],[80.54396,16.77502],[80.52943,16.77534],[80.52837,16.77526],[80.52628,16.77454],[80.52138,16.77524],[80.51912,16.77534],[80.51775,16.7752],[80.5056,16.77816],[80.504,16.77882],[80.50202,16.78002],[80.50111,16.78081],[80.49914,16.78209],[80.49768,16.78269],[80.49522,16.78325],[80.49432,16.78356],[80.49347,16.78419],[80.49158,16.78686],[80.49076,16.78769],[80.48682,16.79087],[80.48517,16.79156],[80.48392,16.79205],[80.48013,16.79298],[80.47608,16.79331],[80.474,16.79379],[80.47156,16.79475],[80.46875,16.7951],[80.46642,16.79514],[80.46462,16.79532],[80.46444,16.79556],[80.46446,16.79751],[80.46414,16.80027],[80.46405,16.80254],[80.46381,16.80415],[80.4638,16.80578],[80.46415,16.80767],[80.46463,16.80942],[80.46552,16.81166],[80.46597,16.81248],[80.46615,16.81527],[80.46615,16.81674],[80.46582,16.81762],[80.46512,16.81871],[80.46432,16.81981],[80.46391,16.82008],[80.46193,16.81995],[80.46018,16.82008],[80.45882,16.82071],[80.45656,16.82212],[80.45495,16.8224],[80.45282,16.82334],[80.45194,16.82393],[80.45156,16.82442],[80.4504,16.82693],[80.44972,16.82744],[80.44847,16.82798],[80.4453,16.82976],[80.44193,16.83097],[80.44154,16.83172],[80.44093,16.83409],[80.4405,16.83415],[80.43954,16.83397],[80.43873,16.83402],[80.43748,16.83473],[80.43452,16.83736],[80.43418,16.83753],[80.43337,16.8374],[80.43224,16.83745],[80.42863,16.83827],[80.42861,16.83932],[80.42908,16.84155],[80.42958,16.84687],[80.428,16.84679],[80.428,16.84865],[80.42775,16.84953],[80.4275,16.84996],[80.42317,16.84986],[80.41398,16.85192],[80.41247,16.85179],[80.4121,16.852],[80.41226,16.85297],[80.40572,16.85497],[80.40159,16.85641],[80.39507,16.85993],[80.3933,16.86064],[80.39061,16.86133],[80.38896,16.86203],[80.3861,16.86291],[80.38516,16.8635],[80.38467,16.86427],[80.38421,16.86534],[80.38276,16.86536],[80.38299,16.86379],[80.38023,16.86392],[80.37885,16.86162],[80.38023,16.85952],[80.38068,16.85835],[80.3805,16.8573],[80.38121,16.85671],[80.38241,16.8563],[80.38286,16.85535],[80.37986,16.85299],[80.37812,16.85244],[80.37855,16.85182],[80.38068,16.85082],[80.38308,16.85012],[80.3922,16.84956],[80.40033,16.8495],[80.40479,16.84927],[80.40798,16.84887],[80.4068,16.84044],[80.40637,16.83852],[80.40551,16.83547],[80.40429,16.83238],[80.40282,16.83258],[80.40018,16.83356],[80.39948,16.83354],[80.39813,16.83086],[80.39944,16.82902]]}},
{"type":"Feature","properties":{"kind":"state","name":"Andhra Pradesh–Telangana","src":"OSM relations 2022095 and 3250963","river":"2652","rlen":88},"geometry":{"type":"LineString","coordinates":[[80.39944,16.82902],[80.39877,16.82858],[80.39822,16.82805],[80.39751,16.82679],[80.39745,16.82639],[80.3975,16.82579],[80.39743,16.82556],[80.39676,16.82463],[80.39637,16.82384],[80.39612,16.82299],[80.39609,16.82263],[80.39597,16.82236],[80.3957,16.82213],[80.3951,16.82213],[80.3947,16.82231],[80.39408,16.82276],[80.39351,16.82342],[80.39298,16.82349],[80.3919,16.82424],[80.39147,16.82419],[80.39121,16.82434],[80.39063,16.82432],[80.38995,16.82466],[80.3896,16.82494],[80.38879,16.82502],[80.38736,16.82607],[80.38678,16.8262],[80.38636,16.82619],[80.3857,16.82555],[80.38529,16.82468],[80.38519,16.82428],[80.38521,16.82294],[80.3855,16.82175],[80.3858,16.82093],[80.38617,16.82028],[80.38663,16.81975],[80.38684,16.81968],[80.38714,16.81915],[80.38734,16.8186],[80.38735,16.81834],[80.38734,16.8181],[80.38719,16.81789],[80.38636,16.81715],[80.38497,16.81653],[80.38417,16.81637],[80.38368,16.81607],[80.38333,16.81602],[80.38298,16.81616],[80.38251,16.81663],[80.38204,16.81748],[80.38195,16.81779],[80.38139,16.81851],[80.38088,16.81894],[80.38051,16.81894],[80.38014,16.81878],[80.38012,16.81875]]}},
{"type":"Feature","properties":{"kind":"state","name":"Andhra Pradesh–Telangana","src":"OSM relations 2022095 and 3250963"},"geometry":{"type":"LineString","coordinates":[[80.38012,16.81875],[80.37841,16.81988],[80.37594,16.82462],[80.37428,16.8268],[80.37369,16.82837],[80.3737,16.82997],[80.37398,16.83126],[80.37504,16.833],[80.37817,16.83689],[80.37882,16.83803],[80.37975,16.84077],[80.37967,16.84133],[80.37809,16.84191],[80.3751,16.84037],[80.37361,16.83977],[80.37327,16.84029],[80.37308,16.84241],[80.37313,16.84687],[80.37324,16.84821],[80.37388,16.84969],[80.3741,16.85208],[80.37394,16.85258],[80.37209,16.85279],[80.36643,16.85467],[80.36307,16.85563],[80.359,16.85636],[80.35529,16.85668],[80.35129,16.85839],[80.34947,16.8589],[80.34571,16.85944],[80.34196,16.85954],[80.34057,16.8597],[80.34044,16.86054],[80.34153,16.86335],[80.34162,16.86475],[80.34243,16.86629],[80.34306,16.86789],[80.34368,16.8716],[80.34403,16.87449],[80.33982,16.87598],[80.33875,16.87624],[80.33431,16.87682],[80.33281,16.87718],[80.33164,16.87762],[80.33078,16.87763],[80.32918,16.87731],[80.32759,16.87776],[80.3247,16.87817],[80.32181,16.87881],[80.32188,16.88212],[80.32254,16.88775],[80.32328,16.89096],[80.32373,16.8954],[80.32457,16.89914],[80.32466,16.90099],[80.32439,16.90258],[80.3238,16.90413],[80.32413,16.90584],[80.32396,16.90676],[80.32202,16.9092],[80.3208,16.9111],[80.31993,16.91203],[80.31881,16.91249],[80.31808,16.91338],[80.31608,16.91539],[80.31515,16.91591],[80.31323,16.9167],[80.3117,16.91688],[80.31237,16.91962],[80.3138,16.92428],[80.31407,16.92802],[80.31338,16.93098],[80.31312,16.93433],[80.31276,16.93517],[80.31268,16.93618],[80.31311,16.93717],[80.31298,16.93905],[80.31312,16.94044],[80.31343,16.94173],[80.31412,16.9426],[80.3146,16.94476],[80.31526,16.94612],[80.31544,16.94681],[80.31666,16.94869],[80.31572,16.94894],[80.31327,16.9502],[80.31039,16.95121],[80.30834,16.95163],[80.30793,16.95202],[80.30707,16.95249],[80.30504,16.95394],[80.30569,16.95626],[80.30587,16.95784],[80.30591,16.95969],[80.30561,16.96112],[80.30554,16.96221],[80.3065,16.96542],[80.30671,16.97038],[80.3066,16.97403],[80.30539,16.97477],[80.30349,16.97558],[80.30109,16.97625],[80.29898,16.97644],[80.29696,16.97647],[80.29507,16.97679],[80.29356,16.97685],[80.29316,16.97798],[80.29246,16.97929],[80.2912,16.98066],[80.29048,16.98112],[80.29035,16.98168],[80.2907,16.98391],[80.29069,16.98512],[80.29185,16.98732],[80.29331,16.9906],[80.29439,16.99424],[80.29451,16.9951],[80.29354,16.99665],[80.29227,16.99824],[80.2909,16.99966],[80.28683,17.0044],[80.28401,17.00723],[80.28316,17.0078],[80.28249,17.00795],[80.28144,17.00797],[80.28059,17.00762],[80.27765,17.00553],[80.27626,17.00524],[80.27356,17.00514],[80.27123,17.00463],[80.26924,17.00352],[80.26747,17.00223],[80.26659,17.00102],[80.26503,16.99767],[80.26469,16.99756],[80.25691,16.99933],[80.25679,17.00055],[80.2565,17.00118],[80.25605,17.00139],[80.24967,17.00147],[80.24581,17.00178],[80.24045,17.00243],[80.24007,17.00546],[80.23732,17.00696],[80.23572,17.00765],[80.23472,17.00849],[80.23056,17.01262],[80.22902,17.01447],[80.22832,17.01491],[80.22607,17.01556],[80.22304,17.00827],[80.22144,17.00863],[80.22042,17.00828],[80.21953,17.00847],[80.21487,17.00957],[80.21244,17.01059],[80.21011,17.01128],[80.20708,17.01323],[80.20602,17.01417],[80.20551,17.01507],[80.20437,17.01557],[80.20293,17.0166],[80.20221,17.01725],[80.20187,17.01785],[80.20151,17.02308],[80.20076,17.02364],[80.2008,17.02484],[80.19954,17.0265],[80.2001,17.02765],[80.20033,17.02844],[80.20031,17.02981],[80.20044,17.03082],[80.20267,17.03393],[80.20389,17.03621],[80.20411,17.03746],[80.20398,17.03845],[80.20013,17.04111],[80.19652,17.0441],[80.19556,17.04263],[80.19457,17.03977],[80.19395,17.03736],[80.19345,17.03616],[80.19279,17.03522],[80.19225,17.03412],[80.192,17.03295],[80.19199,17.03118],[80.19243,17.02882],[80.19264,17.02674],[80.18727,17.01995],[80.18485,17.02041],[80.18303,17.01954],[80.18131,17.01908],[80.18053,17.01908],[80.18008,17.01895],[80.17916,17.01693],[80.17709,17.01671],[80.17541,17.01688],[80.17267,17.01649],[80.17024,17.01658],[80.16865,17.01108],[80.16782,17.00557],[80.16639,17.00569],[80.16293,17.00497],[80.16134,17.00505],[80.15723,17.00751],[80.15545,17.00685],[80.15449,17.00675],[80.1534,17.00697],[80.15211,17.00547],[80.15137,17.00507],[80.14965,17.00337],[80.14829,17.00243],[80.14613,16.9993],[80.14399,16.99684],[80.14244,16.99418],[80.14202,16.99229],[80.14133,16.99101],[80.14031,16.99035],[80.13884,16.99073],[80.13672,16.99167],[80.13486,16.99194],[80.1331,16.992],[80.13104,16.9919],[80.12921,16.992],[80.1275,16.9919],[80.12525,16.99134],[80.12329,16.99123],[80.12184,16.991],[80.12035,16.99059],[80.12044,16.98917],[80.12027,16.98796],[80.10903,16.98725],[80.10795,16.98775],[80.1068,16.98875],[80.10343,16.99067],[80.10246,16.99105],[80.09899,16.99127],[80.09569,16.99064],[80.09486,16.98974],[80.09439,16.98823],[80.09421,16.98357],[80.09468,16.97768],[80.09127,16.9686],[80.08761,16.9685],[80.08561,16.96977],[80.08309,16.97047],[80.07169,16.97006],[80.06741,16.97089],[80.06585,16.971],[80.06208,16.97081],[80.06155,16.97059],[80.06082,16.97066],[80.05879,16.97119],[80.05582,16.97122]]}},
{"type":"Feature","properties":{"kind":"state","name":"Andhra Pradesh–Telangana","src":"OSM relations 2022095 and 3250963","river":"6834","rlen":180},"geometry":{"type":"LineString","coordinates":[[80.05582,16.97122],[80.05582,16.97013],[80.0562,16.96852],[80.0564,16.968],[80.05772,16.96605],[80.05797,16.96538],[80.05807,16.9648],[80.05797,16.96368],[80.0578,16.96336],[80.05675,16.96218],[80.05645,16.96206],[80.05583,16.96203],[80.05553,16.96186],[80.05505,16.96136],[80.05438,16.96101],[80.05235,16.95904],[80.05118,16.95694],[80.05104,16.95654],[80.05008,16.95495],[80.05004,16.95427],[80.04972,16.95375],[80.04925,16.95333],[80.04882,16.95246],[80.04823,16.95039],[80.04807,16.94856],[80.04865,16.94667],[80.04939,16.94555],[80.05019,16.94473],[80.05152,16.94371],[80.05187,16.94335],[80.05223,16.94277],[80.05239,16.94223],[80.05239,16.94152],[80.05199,16.93996],[80.05163,16.9395],[80.05148,16.93944],[80.05126,16.9392],[80.05116,16.93882],[80.0511,16.93838],[80.05108,16.93688],[80.05095,16.93627],[80.05016,16.93522],[80.04898,16.93423],[80.04796,16.93291],[80.0475,16.93249],[80.04683,16.93214],[80.04648,16.93176],[80.04581,16.93085],[80.04532,16.92967],[80.0439,16.9276],[80.04347,16.92669],[80.04281,16.92462],[80.0426,16.92417],[80.04219,16.92367],[80.04203,16.92322],[80.04201,16.92199],[80.04191,16.92143],[80.04101,16.92053],[80.04092,16.92017],[80.04101,16.91885],[80.04092,16.91847],[80.04066,16.91792],[80.04018,16.91736],[80.03966,16.91694]]}},
{"type":"Feature","properties":{"kind":"state","name":"Andhra Pradesh–Telangana","src":"OSM relations 2022095 and 3250963"},"geometry":{"type":"LineString","coordinates":[[80.03966,16.91694],[80.03807,16.91874],[80.03713,16.91878],[80.03575,16.91863],[80.03408,16.91823],[80.03132,16.91716],[80.02769,16.91778],[80.02714,16.91777],[80.02633,16.91659],[80.02542,16.91576],[80.02456,16.91542],[80.01819,16.91538],[80.01729,16.91518],[80.01632,16.9113],[80.01603,16.90914],[80.01452,16.90278],[80.01378,16.89859],[80.01314,16.89618],[80.01292,16.89458],[80.01251,16.89312],[80.0116,16.89128],[80.0107,16.88982],[80.00916,16.88759],[80.00594,16.88351],[80.0046,16.88126],[80.00434,16.88046],[80.00443,16.88006],[80.00484,16.87935],[80.00537,16.87803],[80.00534,16.87726],[80.00515,16.87669],[80.00169,16.86794],[79.99976,16.86636],[79.99899,16.8654],[80.00115,16.86511],[80.00381,16.86422],[80.00386,16.86229],[80.00654,16.86075],[80.00843,16.85917],[80.01369,16.85659],[80.01705,16.85449],[80.01789,16.85515],[80.0207,16.85424],[80.02598,16.85279],[80.02939,16.85227],[80.03409,16.85268],[80.04004,16.85369],[80.04272,16.85373],[80.04667,16.85355],[80.04681,16.85087],[80.04669,16.84628],[80.04688,16.84219],[80.04652,16.84018],[80.04637,16.83814],[80.04667,16.83654],[80.04765,16.83441],[80.04853,16.83303],[80.04961,16.83186],[80.05209,16.83013],[80.0575,16.82691],[80.05896,16.8258],[80.06063,16.8249],[80.06308,16.82371],[80.06677,16.82219],[80.06952,16.82132],[80.07088,16.82158],[80.07097,16.82087],[80.07081,16.81991],[80.07101,16.81849],[80.07116,16.81823],[80.07284,16.81693]]}},
{"type":"Feature","properties":{"kind":"state","name":"Andhra Pradesh–Telangana","src":"OSM relations 2022095 and 3250963","river":"3218","rlen":1417},"geometry":{"type":"LineString","coordinates":[[80.07284,16.81693],[80.07248,16.81651],[80.07143,16.8151],[80.07052,16.81333],[80.07005,16.81023],[80.07005,16.80796],[80.07092,16.80487],[80.07107,16.80345],[80.07056,16.79914],[80.06958,16.79573],[80.06848,16.79276],[80.06699,16.78919],[80.06404,16.78166],[80.06113,16.77731],[80.05725,16.77198],[80.05599,16.76986],[80.05513,16.7681],[80.05438,16.76649],[80.05379,16.76489],[80.05324,16.76223],[80.05324,16.76046],[80.05352,16.75866],[80.05399,16.75713],[80.05458,16.75584],[80.05558,16.75067],[80.05552,16.74737],[80.05534,16.74647],[80.05456,16.74422],[80.05387,16.74288],[80.05303,16.74182],[80.05212,16.74089],[80.04845,16.73802],[80.04714,16.73715],[80.044,16.73426],[80.04216,16.73323],[80.03926,16.73136],[80.03829,16.7303],[80.03446,16.72516],[80.03405,16.72404],[80.03277,16.7185],[80.03208,16.71694],[80.03114,16.71576],[80.0299,16.7147],[80.02675,16.71267],[80.02566,16.71208],[80.02444,16.71164],[80.02135,16.71099],[80.02023,16.71083],[80.01983,16.71068],[80.01821,16.71035],[80.01706,16.71019],[80.01572,16.70988],[80.013,16.70942],[80.01176,16.70942],[80.00954,16.7096],[80.00851,16.7096],[80.00711,16.70942],[80.00577,16.70882],[80.00465,16.70795],[80.00359,16.70699],[80.00206,16.70499],[80.00166,16.70421],[80.00116,16.70287],[80.00072,16.70206],[80,16.70134],[79.99888,16.69996],[79.99813,16.69859],[79.9974,16.69713],[79.99708,16.69544],[79.99632,16.69369],[79.99565,16.69286],[79.99498,16.69225],[79.9928,16.69121],[79.99188,16.69064],[79.99109,16.68936],[79.98865,16.68484],[79.98618,16.67931],[79.98455,16.67637],[79.98262,16.6735],[79.97751,16.6677],[79.9755,16.66573],[79.97506,16.66515],[79.97403,16.66337],[79.97185,16.66095],[79.97164,16.66039],[79.97164,16.65978],[79.97207,16.65867],[79.97238,16.65806],[79.97276,16.65751],[79.97341,16.656],[79.97332,16.65545],[79.96899,16.64943],[79.96671,16.64638],[79.96331,16.64354],[79.96183,16.64259],[79.96005,16.6413],[79.95553,16.63718],[79.95049,16.63414],[79.94992,16.63397],[79.94907,16.6339],[79.94553,16.63395],[79.94203,16.63373],[79.9381,16.63287],[79.93427,16.63112],[79.93252,16.63085],[79.93048,16.63078],[79.92639,16.63101],[79.92313,16.63132],[79.91855,16.63198],[79.912,16.63276],[79.90864,16.63351],[79.90697,16.63441],[79.90482,16.6366],[79.90248,16.63963],[79.89933,16.64186],[79.89769,16.64347],[79.89706,16.64427],[79.89276,16.65184],[79.88968,16.66053],[79.88935,16.66209],[79.88888,16.66572],[79.88833,16.67472],[79.88785,16.68006],[79.8877,16.68389],[79.88728,16.68513],[79.88663,16.68608],[79.87756,16.6946],[79.87504,16.69626],[79.87446,16.69694],[79.87305,16.69911],[79.87159,16.7008],[79.87005,16.70174],[79.86109,16.7043],[79.85969,16.70479],[79.85738,16.7064],[79.85676,16.7066],[79.85368,16.70666],[79.84881,16.70629],[79.84362,16.70555],[79.84132,16.70492],[79.83969,16.70426],[79.83865,16.70371],[79.83642,16.70194],[79.83508,16.70115],[79.83475,16.70088],[79.83446,16.70056],[79.83425,16.70017],[79.83361,16.69862],[79.83306,16.69752],[79.83267,16.69723],[79.82741,16.69416],[79.82361,16.69231],[79.82048,16.69132],[79.81962,16.69123],[79.81861,16.69123],[79.81773,16.69136],[79.8167,16.69176],[79.81396,16.69379],[79.81254,16.69504],[79.81109,16.69742],[79.8104,16.70095],[79.81008,16.70184],[79.80763,16.70625],[79.8066,16.70739],[79.80552,16.70812],[79.80476,16.7085],[79.80423,16.70855],[79.80349,16.7085],[79.80155,16.70815],[79.80105,16.70817],[79.80054,16.70842],[79.79978,16.70917],[79.79831,16.7113],[79.7956,16.71555],[79.794,16.71956],[79.79392,16.72062],[79.79401,16.72155],[79.79391,16.72189],[79.7932,16.72318],[79.79205,16.72614],[79.79141,16.72701],[79.78933,16.72877],[79.78673,16.7301],[79.78433,16.73065],[79.77958,16.73124],[79.77591,16.73119],[79.76937,16.72936],[79.76543,16.72809],[79.76157,16.72631],[79.75635,16.72423],[79.7522,16.72312],[79.74914,16.72217],[79.74545,16.72051],[79.74368,16.71923],[79.74239,16.7177],[79.73892,16.71297],[79.73674,16.7096],[79.73601,16.70858],[79.73453,16.70751],[79.7337,16.70671],[79.73299,16.70581],[79.73061,16.70032],[79.7296,16.69823],[79.72864,16.69538],[79.72837,16.69423],[79.72708,16.69225],[79.72501,16.69046],[79.72393,16.68973],[79.72314,16.68955],[79.72222,16.68952],[79.71909,16.68979],[79.70947,16.68993],[79.70372,16.68962],[79.70156,16.68974],[79.7003,16.69004],[79.69974,16.69031],[79.69783,16.69151],[79.69458,16.69269],[79.69281,16.69322],[79.69003,16.69488],[79.68722,16.69669],[79.68587,16.69728],[79.68461,16.69751],[79.68259,16.69745],[79.681,16.69704],[79.68001,16.69661],[79.67945,16.69618],[79.67793,16.69462],[79.67721,16.69315],[79.67548,16.69205],[79.67443,16.69166],[79.66917,16.69023],[79.66459,16.68944],[79.66312,16.68902],[79.66164,16.68809],[79.66077,16.68728],[79.65963,16.6855],[79.65712,16.6811],[79.65598,16.67891],[79.65467,16.67746],[79.65229,16.67509],[79.64827,16.67157],[79.64542,16.66963],[79.64506,16.66926],[79.64315,16.66671],[79.63939,16.66305],[79.63643,16.66034],[79.6352,16.65887],[79.63411,16.65789],[79.63341,16.65751],[79.63198,16.65743],[79.63141,16.65753],[79.63098,16.6578],[79.62864,16.65965],[79.62725,16.66042],[79.62657,16.66092],[79.62464,16.66322],[79.62422,16.66362],[79.61707,16.66718],[79.61402,16.66828],[79.61258,16.66898],[79.60806,16.67179],[79.60528,16.67271],[79.60442,16.67271],[79.60354,16.67228],[79.60252,16.67166],[79.6021,16.6716],[79.60006,16.67157],[79.59867,16.67127],[79.59364,16.66942],[79.59179,16.66857],[79.58991,16.66808],[79.58943,16.66787],[79.58917,16.66757],[79.58806,16.66502],[79.58701,16.66184],[79.58497,16.65914],[79.58194,16.65567],[79.58095,16.6542],[79.58079,16.65392],[79.58031,16.65246],[79.57942,16.65035],[79.57867,16.64892],[79.57797,16.64833],[79.57758,16.64815],[79.57594,16.64769],[79.57261,16.64729],[79.5686,16.64641],[79.56327,16.64481],[79.56017,16.6436],[79.55386,16.63949],[79.5504,16.63707],[79.54469,16.63394],[79.54133,16.63176],[79.53966,16.6311],[79.53794,16.63064],[79.53556,16.6304],[79.52957,16.63076],[79.51886,16.63325],[79.51705,16.63358],[79.51485,16.6343],[79.5112,16.63582],[79.50946,16.63611],[79.5081,16.63617],[79.50533,16.63611],[79.50346,16.63582],[79.50237,16.63542],[79.50122,16.63514],[79.49966,16.63488],[79.49778,16.63479],[79.49658,16.63453],[79.49523,16.6339],[79.49412,16.63325],[79.4929,16.63216],[79.49062,16.62962],[79.4896,16.62881],[79.48859,16.62782],[79.48623,16.62426],[79.48585,16.62398],[79.48499,16.62363],[79.47814,16.6222],[79.47713,16.62217],[79.47616,16.62253],[79.47358,16.62246],[79.47113,16.62204],[79.46997,16.62175],[79.46896,16.62175],[79.46725,16.62208],[79.46432,16.62334],[79.46221,16.62364],[79.46098,16.62363],[79.45754,16.62333],[79.44975,16.62085],[79.4484,16.62048],[79.44518,16.61847],[79.44301,16.61691],[79.44186,16.6159],[79.43883,16.61179],[79.43792,16.6099],[79.43662,16.60624],[79.43609,16.60455],[79.43571,16.60368],[79.43445,16.59731],[79.43372,16.59296],[79.43335,16.59171],[79.43289,16.5911],[79.43126,16.58934],[79.42971,16.58803],[79.42793,16.58633],[79.42593,16.58487],[79.4244,16.58379],[79.42244,16.5828],[79.42141,16.58203],[79.41957,16.58097],[79.41831,16.58035],[79.41759,16.58011],[79.41708,16.58001],[79.41512,16.57988],[79.41138,16.57998],[79.4099,16.58037],[79.40769,16.58031],[79.40683,16.5801],[79.40578,16.57946],[79.40362,16.57888],[79.40305,16.57881],[79.40222,16.57886],[79.40192,16.57895],[79.40116,16.57962],[79.40084,16.57973],[79.39875,16.58001],[79.39616,16.58064],[79.39118,16.5807],[79.38962,16.58027],[79.38911,16.58024],[79.38866,16.58012],[79.38558,16.57896],[79.38465,16.57889],[79.38326,16.57913],[79.382,16.5795],[79.38166,16.57972],[79.38149,16.58004],[79.38124,16.58158],[79.38104,16.58232],[79.38063,16.58285],[79.37979,16.58345],[79.3789,16.58401],[79.37857,16.58407],[79.37724,16.58388],[79.37489,16.58319],[79.37332,16.58309],[79.37023,16.58246],[79.36917,16.5825],[79.3688,16.58214],[79.36803,16.58211],[79.36748,16.58164],[79.36689,16.5815],[79.36587,16.58073],[79.36531,16.58054],[79.36192,16.58043],[79.35937,16.58026],[79.35484,16.58018],[79.35356,16.57958],[79.35303,16.5794],[79.35181,16.57924],[79.35032,16.5792],[79.34829,16.5797],[79.34619,16.5798],[79.34425,16.58028],[79.3439,16.58047],[79.34365,16.58089],[79.34337,16.58109],[79.3418,16.58139],[79.3415,16.58134],[79.34096,16.58102],[79.34033,16.58095],[79.33803,16.58139],[79.33713,16.58138],[79.33663,16.58115],[79.3351,16.57992],[79.33342,16.57912],[79.33268,16.57866],[79.32982,16.57719],[79.32641,16.57607],[79.32147,16.57499],[79.32063,16.5749],[79.31867,16.57488],[79.31195,16.57651],[79.30925,16.57689]]}},
{"type":"Feature","properties":{"kind":"state","name":"Andhra Pradesh–Telangana","src":"OSM relations 2022095 and 3250963"},"geometry":{"type":"LineString","coordinates":[[79.30925,16.57689],[79.30892,16.57476],[79.30637,16.57312],[79.30438,16.57141],[79.30202,16.56909],[79.29907,16.56593],[79.29734,16.56474],[79.2933,16.56279],[79.29201,16.56238],[79.28931,16.56182],[79.28499,16.56116],[79.28355,16.56113],[79.28011,16.56135],[79.27867,16.56163],[79.27699,16.56215],[79.27199,16.56439],[79.26848,16.56615],[79.26589,16.56653],[79.26348,16.56713],[79.26098,16.56751],[79.2598,16.5675],[79.25872,16.56724],[79.25699,16.56632],[79.25547,16.56477],[79.25402,16.56294],[79.25263,16.5601],[79.25167,16.55563],[79.25149,16.55215],[79.25118,16.55065],[79.24924,16.54682],[79.24971,16.54357],[79.24972,16.54224],[79.2502,16.54112],[79.25012,16.53989],[79.24874,16.53617],[79.24804,16.53465],[79.24593,16.53197],[79.24492,16.53106],[79.24404,16.5305],[79.24273,16.52988],[79.24138,16.5295],[79.23634,16.52855],[79.23214,16.52761],[79.23077,16.52712],[79.22959,16.52636],[79.22836,16.52535],[79.22683,16.52318],[79.22538,16.5214],[79.2242,16.51932],[79.2219,16.51948]]}},
{"type":"Feature","properties":{"kind":"state","name":"Andhra Pradesh–Telangana","src":"OSM relations 2022095 and 3250963","river":"3218","rlen":1417},"geometry":{"type":"LineString","coordinates":[[79.2219,16.51948],[79.22169,16.51679],[79.22026,16.5117],[79.21741,16.50641],[79.21456,16.50031],[79.21273,16.49502],[79.21232,16.48851],[79.21273,16.48384],[79.21611,16.47743],[79.22007,16.47484],[79.22695,16.46709],[79.23345,16.46046],[79.23382,16.45957],[79.23368,16.45888],[79.23303,16.45818],[79.23136,16.45749],[79.22871,16.45702],[79.22184,16.45563],[79.21759,16.45425],[79.21267,16.45119],[79.21207,16.45035],[79.2116,16.4492],[79.21118,16.44098],[79.21188,16.43732],[79.21174,16.43481],[79.211,16.43254],[79.2103,16.43091],[79.20988,16.4285],[79.20965,16.4253],[79.20992,16.41537],[79.20941,16.40587],[79.20848,16.39455],[79.207,16.38592],[79.20681,16.38378],[79.20704,16.38188],[79.20788,16.37998],[79.20974,16.37705],[79.21183,16.37297],[79.2123,16.37125],[79.21234,16.36768],[79.21146,16.36406],[79.21109,16.36081],[79.21016,16.35817],[79.21011,16.35654],[79.21039,16.35566],[79.21262,16.35408],[79.2191,16.351],[79.22333,16.34868],[79.22885,16.3439],[79.23173,16.34042],[79.23331,16.33582],[79.23379,16.33408],[79.23405,16.33239],[79.23412,16.33121],[79.23375,16.32738],[79.23405,16.3238],[79.23361,16.32088],[79.23335,16.31948],[79.23276,16.31838],[79.23165,16.31542],[79.23124,16.29269],[79.23006,16.28195],[79.23007,16.28084],[79.22982,16.27986],[79.22844,16.27791],[79.22695,16.27605],[79.22549,16.27302],[79.22486,16.27106],[79.22515,16.26807],[79.22523,16.26452],[79.22497,16.26106],[79.22423,16.25324],[79.22376,16.247],[79.22355,16.23757],[79.22254,16.23403],[79.2219,16.23249],[79.21991,16.23009],[79.21438,16.22547],[79.21308,16.22413],[79.21044,16.22236],[79.20955,16.22193],[79.20584,16.22055],[79.20075,16.21955],[79.19858,16.21884],[79.19243,16.21644],[79.18891,16.21589],[79.18645,16.21526],[79.18054,16.21282],[79.17637,16.21147],[79.17182,16.2105],[79.16077,16.20884],[79.15918,16.20884],[79.15795,16.20904],[79.15604,16.20972],[79.14923,16.21267],[79.14771,16.21344],[79.14621,16.21439],[79.1388,16.21997],[79.13684,16.22133],[79.13424,16.22275],[79.13199,16.22428],[79.12916,16.2268],[79.1237,16.2312],[79.12187,16.23217],[79.12118,16.23242],[79.12023,16.2326],[79.11948,16.2326],[79.11677,16.23198],[79.11454,16.23135],[79.11259,16.23052],[79.10983,16.22957],[79.10827,16.22858],[79.10711,16.22744],[79.10616,16.22628],[79.104,16.22439],[79.10322,16.22382],[79.10265,16.2235],[79.10171,16.22337],[79.09962,16.22342],[79.09822,16.22373],[79.09042,16.22626],[79.08903,16.22708],[79.08812,16.22772],[79.08656,16.2293],[79.08548,16.23022],[79.08414,16.23058],[79.08313,16.23067],[79.08209,16.23065],[79.08119,16.2305],[79.07958,16.22961],[79.07701,16.22839],[79.07431,16.22742],[79.07334,16.22734],[79.07108,16.22738],[79.06982,16.22784],[79.06646,16.22978],[79.06015,16.23504],[79.05772,16.23639],[79.05462,16.23766],[79.05173,16.23846],[79.04546,16.23945],[79.04125,16.23991],[79.03893,16.24038],[79.03583,16.2408],[79.03366,16.24158],[79.02735,16.24217],[79.02275,16.24202],[79.01702,16.2421],[79.01374,16.24204],[79.01237,16.24166],[79.0116,16.24131],[79.00988,16.24019],[79.00737,16.23791],[79.00374,16.23239],[79.00175,16.22923],[79.00005,16.22684],[78.99951,16.22629],[78.99535,16.22113],[78.99227,16.2166],[78.99059,16.21439],[78.98883,16.21288],[78.98565,16.21125],[78.98388,16.21076],[78.98191,16.21065],[78.9768,16.21085],[78.97381,16.21108],[78.97096,16.21147],[78.96876,16.21131],[78.96503,16.21062],[78.96083,16.20934],[78.95551,16.20708],[78.94947,16.20393],[78.94128,16.20189],[78.93777,16.20124],[78.93492,16.20037],[78.93163,16.19922],[78.92832,16.1975],[78.92639,16.19681],[78.92264,16.19474],[78.91981,16.1929],[78.91709,16.19163],[78.91365,16.19055],[78.91114,16.18917],[78.90739,16.18667],[78.90597,16.18481],[78.90489,16.18308],[78.9045,16.18189],[78.90422,16.18073],[78.9042,16.17841],[78.90426,16.17754],[78.9044,16.1769],[78.90459,16.17623],[78.90575,16.17386],[78.90749,16.17066],[78.91022,16.16607],[78.91166,16.16342],[78.91261,16.16025],[78.91372,16.15714],[78.91413,16.15563],[78.91473,16.15222],[78.91553,16.1487],[78.91777,16.14584],[78.91916,16.14469],[78.92311,16.14224],[78.92324,16.14206],[78.92314,16.14137],[78.92323,16.14069],[78.92264,16.13964],[78.92264,16.13929],[78.92375,16.13726],[78.92437,16.13595],[78.92471,16.13422],[78.92474,16.1326],[78.92468,16.13102],[78.92442,16.12983],[78.92387,16.12873],[78.92335,16.12798],[78.92262,16.12748],[78.9225,16.12729],[78.92225,16.1251],[78.9211,16.12053],[78.92058,16.11785],[78.9199,16.11535],[78.91985,16.11492],[78.92005,16.11314],[78.92021,16.11249],[78.92181,16.10857],[78.92236,16.10594],[78.92209,16.10456],[78.92114,16.10282],[78.91977,16.10149],[78.9184,16.10031],[78.91716,16.09956],[78.91679,16.09925],[78.91583,16.09811],[78.91557,16.09798],[78.91496,16.09798],[78.91417,16.0977],[78.91317,16.09745],[78.91227,16.0974],[78.91032,16.09761],[78.90779,16.09683],[78.90547,16.09533],[78.90456,16.09385],[78.90399,16.09311],[78.90243,16.09174],[78.90217,16.09136],[78.90205,16.09076],[78.90194,16.09053],[78.9016,16.09021],[78.90109,16.0899],[78.90036,16.08972],[78.8968,16.08667],[78.89393,16.08514],[78.88956,16.08456],[78.88926,16.08485],[78.88816,16.09634],[78.88666,16.09939],[78.88293,16.10921],[78.87971,16.11903],[78.87734,16.13106],[78.87479,16.14207],[78.87344,16.14376],[78.87107,16.14495],[78.85649,16.14884],[78.84971,16.14901],[78.84276,16.14817],[78.83818,16.14715],[78.83581,16.1458],[78.83411,16.14342],[78.83344,16.14173],[78.83344,16.13479],[78.83394,16.13225],[78.83547,16.12666],[78.83988,16.10696],[78.84225,16.09137],[78.84191,16.08494],[78.83886,16.07477],[78.83598,16.06969],[78.83242,16.0658],[78.82917,16.06301],[78.82285,16.05319],[78.81849,16.04845],[78.8168,16.04709],[78.81139,16.04476],[78.80752,16.04278],[78.80478,16.04127],[78.8044,16.04099],[78.80289,16.04071],[78.80195,16.04023],[78.80128,16.03976],[78.79864,16.03551],[78.79515,16.02796],[78.79156,16.02485],[78.78447,16.02154],[78.7806,16.0205],[78.77483,16.02107],[78.77342,16.02098],[78.77217,16.02032],[78.76858,16.01815],[78.76452,16.01748],[78.75743,16.01777],[78.75498,16.01748],[78.74892,16.01597],[78.74778,16.0155],[78.74712,16.01503],[78.73937,16.00899],[78.73661,16.00899],[78.73293,16.01097],[78.73123,16.01201],[78.72318,16.02138],[78.72214,16.02213],[78.69756,16.02791],[78.68594,16.0314],[78.68311,16.03301],[78.68188,16.03414],[78.67441,16.04521],[78.66354,16.05985],[78.65967,16.06541],[78.65854,16.06636],[78.65461,16.06836],[78.65078,16.06986],[78.64731,16.0725],[78.64649,16.07333],[78.64634,16.07363],[78.64634,16.07423],[78.64792,16.07873],[78.64761,16.07948],[78.64656,16.08054],[78.64566,16.08121],[78.64499,16.08159],[78.6407,16.08309],[78.63499,16.08602],[78.62732,16.08812],[78.62499,16.08835],[78.61567,16.0876],[78.61168,16.08753],[78.6098,16.08737],[78.60446,16.08602],[78.60319,16.08542],[78.60002,16.08323],[78.59769,16.08098],[78.59702,16.07993],[78.59258,16.0703],[78.58859,16.06533],[78.58634,16.0633],[78.57792,16.05857],[78.56972,16.05218],[78.56769,16.05015],[78.56671,16.04903],[78.5658,16.04849],[78.55543,16.04406],[78.55063,16.04339],[78.548,16.04339],[78.54528,16.04361],[78.54318,16.04398],[78.54235,16.04436],[78.54145,16.04496],[78.53799,16.04676],[78.52936,16.05104],[78.52204,16.05383],[78.51701,16.05534],[78.50972,16.05714],[78.50507,16.05879],[78.49604,16.06135],[78.4874,16.06443],[78.48627,16.06488],[78.48229,16.06676],[78.48131,16.06706],[78.48086,16.06728],[78.47403,16.06878],[78.45972,16.07293],[78.45002,16.0733],[78.44319,16.073],[78.4362,16.0736],[78.43252,16.07413],[78.43079,16.07458],[78.42869,16.07525],[78.42756,16.07525],[78.42597,16.07503],[78.42236,16.07398],[78.42079,16.07383],[78.41715,16.07427],[78.41083,16.07528],[78.40836,16.07538],[78.40425,16.07461],[78.39816,16.07271],[78.39683,16.07147],[78.3935,16.06729],[78.39036,16.0653],[78.38798,16.06444],[78.38253,16.06348],[78.38139,16.06281],[78.37987,16.06158],[78.37787,16.05948],[78.37329,16.05348],[78.3674,16.04873],[78.36445,16.04731],[78.34952,16.04495],[78.33403,16.04263],[78.33151,16.04186],[78.32977,16.04089],[78.32842,16.03934],[78.32083,16.02964],[78.32019,16.02871]]}},
{"type":"Feature","properties":{"kind":"state","name":"Andhra Pradesh–Telangana","src":"OSM relations 2022095 and 3250963"},"geometry":{"type":"LineString","coordinates":[[78.32019,16.02871],[78.32199,16.02756],[78.32272,16.02168],[78.32261,16.01979],[78.32211,16.01726],[78.32089,16.01624],[78.31883,16.01467],[78.3148,16.01282],[78.31179,16.01187],[78.30711,16.01112],[78.30385,16.01121],[78.30175,16.01153],[78.30175,16.01378]]}},
{"type":"Feature","properties":{"kind":"state","name":"Andhra Pradesh–Telangana","src":"OSM relations 2022095 and 3250963","river":"3218","rlen":1417},"geometry":{"type":"LineString","coordinates":[[78.30175,16.01378],[78.29876,16.01378],[78.29566,16.01455],[78.28753,16.01939],[78.27746,16.02674],[78.26913,16.02752],[78.26139,16.02732],[78.25674,16.02616],[78.25287,16.02326],[78.25229,16.02249],[78.2519,16.02152],[78.25152,16.01997],[78.25113,16.01881],[78.25094,16.01436],[78.25508,16],[78.25581,15.99308],[78.25581,15.98973],[78.25494,15.9861],[78.25363,15.98362],[78.25217,15.98115],[78.24956,15.9721]]}},
{"type":"Feature","properties":{"kind":"state","name":"Andhra Pradesh–Telangana","src":"OSM relations 2022095 and 3250963"},"geometry":{"type":"LineString","coordinates":[[78.24956,15.9721],[78.25167,15.97153],[78.25204,15.97042],[78.25259,15.96955],[78.25317,15.9681],[78.25349,15.9666],[78.25306,15.96153],[78.2527,15.95959],[78.25262,15.95844],[78.25223,15.95672],[78.2524,15.94942],[78.2531,15.94716],[78.25338,15.94568],[78.25366,15.94155],[78.2531,15.93882],[78.25216,15.93645],[78.25113,15.93493],[78.2506,15.93441],[78.25005,15.93395],[78.2495,15.93376],[78.24912,15.93416],[78.24721,15.93289],[78.24512,15.93387]]}},
{"type":"Feature","properties":{"kind":"state","name":"Andhra Pradesh–Telangana","src":"OSM relations 2022095 and 3250963","river":"2912","rlen":552},"geometry":{"type":"LineString","coordinates":[[78.24512,15.93387],[78.24473,15.93309],[78.24065,15.93047],[78.22526,15.92284],[78.22168,15.9221],[78.21446,15.92136],[78.19938,15.91752],[78.1983,15.91696],[78.19568,15.9148],[78.19256,15.91042],[78.18988,15.90866],[78.1845,15.90397],[78.18074,15.90004]]}},
{"type":"Feature","properties":{"kind":"state","name":"Andhra Pradesh–Telangana","src":"OSM relations 2022095 and 3250963"},"geometry":{"type":"LineString","coordinates":[[78.18074,15.90004],[78.18241,15.89854],[78.18317,15.89807],[78.18378,15.8986],[78.18873,15.89375],[78.1902,15.89264],[78.18672,15.88534],[78.18233,15.88038],[78.17823,15.87802],[78.17631,15.8764],[78.17667,15.87564],[78.17661,15.87362],[78.1773,15.87306],[78.17699,15.87104],[78.17579,15.86762],[78.17576,15.86489],[78.17601,15.86001],[78.17646,15.8583],[78.17622,15.85827],[78.1753,15.8569],[78.17206,15.85609],[78.16788,15.85541],[78.16767,15.85517],[78.16615,15.85482],[78.16261,15.85461],[78.15889,15.85403],[78.15802,15.85419],[78.15704,15.855],[78.15442,15.85494],[78.14957,15.85446],[78.14591,15.85437],[78.14356,15.85445],[78.14106,15.8543],[78.13959,15.85461],[78.13874,15.85524],[78.13685,15.85536],[78.1359,15.85513],[78.13398,15.85386],[78.13135,15.85279],[78.13065,15.8519],[78.13025,15.85087],[78.13154,15.84973],[78.13311,15.84751],[78.13386,15.84601],[78.13457,15.84362],[78.13485,15.84163],[78.13474,15.83842],[78.13459,15.83748],[78.13389,15.83665],[78.13288,15.83705],[78.13041,15.83839],[78.12905,15.83791],[78.12375,15.83718],[78.12273,15.83724],[78.12028,15.8377],[78.11938,15.83773],[78.11906,15.83745],[78.11824,15.8375],[78.1132,15.83828],[78.11146,15.83866],[78.11052,15.83783],[78.10888,15.83761],[78.10416,15.83742],[78.10142,15.83776],[78.09903,15.83642],[78.09807,15.8365],[78.09044,15.83882],[78.08374,15.84131],[78.08445,15.84333],[78.08501,15.84537],[78.08183,15.8459],[78.07846,15.84661],[78.07483,15.84767],[78.07409,15.84899],[78.07153,15.85068],[78.07184,15.85421],[78.07251,15.85722],[78.07156,15.85755],[78.07155,15.85924],[78.07203,15.86127],[78.07156,15.8612],[78.07143,15.86223],[78.07026,15.86244],[78.06825,15.86257],[78.06724,15.86284],[78.06686,15.86329],[78.06603,15.8635],[78.06498,15.86358],[78.05593,15.86655],[78.05593,15.86828],[78.05649,15.87177],[78.05633,15.87499],[78.05522,15.8748],[78.0534,15.87481],[78.05071,15.875],[78.04691,15.8751],[78.04667,15.8764],[78.0464,15.87922],[78.04583,15.88978],[78.04569,15.89514],[78.04527,15.90012],[78.04515,15.90447],[78.032,15.9077],[78.03151,15.90473],[78.03113,15.90334],[78.02974,15.90346],[78.02942,15.90303],[78.02556,15.90267],[78.01769,15.88326],[78.01528,15.8766],[78.01454,15.8758],[78.01337,15.8741],[78.01119,15.87021],[78.00924,15.86579],[78.00894,15.86458],[78.00767,15.86273]]}},
{"type":"Feature","properties":{"kind":"state","name":"Andhra Pradesh–Telangana","src":"OSM relations 2022095 and 3250963","river":"2912","rlen":552},"geometry":{"type":"LineString","coordinates":[[78.00767,15.86273],[78,15.86764],[77.99856,15.86866],[77.9951,15.86982],[77.99225,15.87105],[77.98766,15.87388],[77.98477,15.87656],[77.9827,15.8781],[77.97866,15.88036],[77.97612,15.88159],[77.9719,15.88327],[77.97019,15.88472],[77.96957,15.88507],[77.96899,15.88514],[77.96821,15.88534],[77.96689,15.88534],[77.96251,15.88474],[77.95701,15.88448],[77.95277,15.88462],[77.94942,15.88451],[77.94729,15.88432],[77.94543,15.88402],[77.94395,15.88377],[77.94148,15.88319],[77.93787,15.88319],[77.93513,15.88391],[77.92779,15.88621],[77.92319,15.88804],[77.91943,15.88971],[77.91497,15.89157],[77.91133,15.89382],[77.90905,15.89549],[77.90454,15.89776],[77.90098,15.90017],[77.89761,15.90275],[77.89432,15.90453],[77.88772,15.90636],[77.88599,15.90661],[77.88375,15.90636],[77.88341,15.90627],[77.88284,15.90583],[77.88088,15.90415],[77.8801,15.90333],[77.87711,15.89969],[77.87324,15.89658],[77.87227,15.89567],[77.8715,15.89519],[77.86555,15.89069],[77.86445,15.88948],[77.86406,15.88883],[77.86273,15.88757],[77.86169,15.88638],[77.86039,15.88517],[77.85992,15.88418],[77.85958,15.88385],[77.85878,15.88334],[77.85731,15.88325],[77.8555,15.88329],[77.85436,15.88364],[77.85317,15.88351],[77.85276,15.88323],[77.85218,15.88224],[77.85144,15.88177],[77.85053,15.881],[77.85016,15.88079],[77.84956,15.88077],[77.84759,15.8803],[77.84632,15.88041],[77.8434,15.88047],[77.84115,15.88069],[77.83747,15.88133],[77.8359,15.88141],[77.83427,15.88137],[77.83314,15.88124],[77.832,15.88082],[77.83144,15.88071],[77.8305,15.88071],[77.82613,15.87909],[77.82385,15.87799],[77.82174,15.87717],[77.8195,15.87662],[77.81764,15.87632],[77.81517,15.87616],[77.81312,15.87607],[77.80953,15.87616],[77.80783,15.87605],[77.80433,15.87561],[77.80276,15.87558],[77.79249,15.87654],[77.78699,15.87676],[77.78236,15.87722],[77.78031,15.87791],[77.7788,15.87917],[77.77713,15.8804],[77.77554,15.88182],[77.77324,15.88363],[77.77083,15.885],[77.76954,15.88547],[77.76741,15.88593],[77.76333,15.88596],[77.76122,15.88571],[77.75788,15.88514],[77.75506,15.88486],[77.75259,15.88486],[77.75018,15.88503],[77.7481,15.88533],[77.74196,15.88681],[77.73969,15.8876],[77.73753,15.88875],[77.73627,15.88971],[77.73501,15.89127],[77.73358,15.89286],[77.73057,15.89418],[77.72844,15.895],[77.72646,15.89563],[77.7243,15.89609],[77.72263,15.89615],[77.71838,15.89563],[77.7163,15.8953],[77.71282,15.89415],[77.71107,15.89349],[77.71003,15.89297],[77.70671,15.89104],[77.70633,15.88965],[77.70563,15.88883],[77.7044,15.88771],[77.7033,15.88696],[77.70169,15.88523],[77.70049,15.88423],[77.69916,15.88364],[77.69723,15.88177],[77.69641,15.88126],[77.6957,15.88113],[77.69414,15.88113],[77.69296,15.88129],[77.69132,15.88167],[77.68986,15.8818],[77.6882,15.88231],[77.68607,15.88361],[77.68527,15.88388],[77.68182,15.88399],[77.67738,15.88438],[77.66978,15.88579],[77.66131,15.88703],[77.65893,15.88717],[77.65394,15.88821],[77.65098,15.8893],[77.64137,15.89393],[77.63992,15.89489],[77.63729,15.8976],[77.63441,15.90028],[77.62694,15.9079],[77.62313,15.91138],[77.6179,15.9154],[77.61527,15.91666],[77.61313,15.91751],[77.61097,15.91789],[77.60908,15.91789],[77.60782,15.91776],[77.60434,15.91631],[77.603,15.91565],[77.60171,15.91474],[77.6004,15.91395],[77.59867,15.9134],[77.59547,15.91277],[77.59385,15.91266],[77.59142,15.91275],[77.58972,15.91305],[77.58791,15.91362],[77.58635,15.91447],[77.58487,15.91546],[77.58249,15.91726],[77.57931,15.91771],[77.57502,15.91812],[77.57212,15.91854],[77.56981,15.91919],[77.56725,15.92029],[77.56444,15.92092],[77.56052,15.92112],[77.55876,15.92107],[77.556,15.92077],[77.54933,15.92032],[77.54783,15.92029],[77.54654,15.92039],[77.54411,15.92085],[77.53672,15.92201],[77.53551,15.92231],[77.52961,15.92309],[77.5269,15.92352],[77.52499,15.92399],[77.52328,15.92467],[77.52102,15.9251],[77.51494,15.92566],[77.5144,15.92584],[77.51286,15.92693],[77.51271,15.92701]]}},
{"type":"Feature","properties":{"kind":"state","name":"Karnataka–Kerala","src":"OSM relations 2019939 and 2018151"},"geometry":{"type":"LineString","coordinates":[[76.43128,11.66608],[76.43149,11.66648]]}},
{"type":"Feature","properties":{"kind":"state","name":"Karnataka–Kerala","src":"OSM relations 2019939 and 2018151","river":"7825","rlen":18},"geometry":{"type":"LineString","coordinates":[[76.43149,11.66648],[76.43122,11.66661],[76.43094,11.66668],[76.43049,11.66665],[76.43004,11.66627],[76.42982,11.66621],[76.42955,11.6663],[76.4292,11.66657],[76.42876,11.66718],[76.42869,11.66756],[76.42881,11.66814],[76.42876,11.66836],[76.42829,11.66882],[76.42808,11.66973],[76.4278,11.66994],[76.42725,11.66985],[76.42691,11.67004],[76.42676,11.67034],[76.42669,11.67092],[76.42647,11.67117],[76.42627,11.67125],[76.4258,11.6713],[76.42502,11.67108],[76.42459,11.67104],[76.42425,11.6711],[76.42378,11.67132],[76.42317,11.67116],[76.4228,11.67119],[76.42236,11.67135],[76.42108,11.67219],[76.42075,11.67216],[76.42062,11.67209],[76.41991,11.67124],[76.41965,11.67107],[76.41919,11.67097],[76.41858,11.67103],[76.41831,11.67121],[76.41796,11.67167],[76.41772,11.67178],[76.41708,11.67175],[76.41591,11.67253],[76.41567,11.67283],[76.41545,11.67349],[76.41517,11.67378],[76.41467,11.6741],[76.41459,11.67423],[76.41453,11.67441],[76.41458,11.67485],[76.41468,11.67498],[76.41514,11.67514],[76.41524,11.67525],[76.41532,11.67552],[76.41527,11.67625],[76.41504,11.6765],[76.41447,11.67685],[76.41428,11.67706],[76.41414,11.6786],[76.414,11.67895],[76.4131,11.67981],[76.41294,11.68016],[76.41299,11.68035],[76.41373,11.68103],[76.41392,11.68156],[76.41386,11.6818],[76.41375,11.68191],[76.41306,11.68196],[76.41274,11.68207],[76.4122,11.6825],[76.41196,11.68302],[76.41204,11.68336],[76.41257,11.6845],[76.41271,11.685],[76.41276,11.68575],[76.41266,11.68606],[76.41243,11.68629],[76.41131,11.68636],[76.4107,11.68675],[76.4106,11.6869],[76.41064,11.68708],[76.41123,11.6873],[76.41124,11.68747],[76.41098,11.68789],[76.41066,11.688],[76.41023,11.68777],[76.40986,11.68767],[76.40933,11.68777],[76.40828,11.68892],[76.40834,11.68969],[76.40851,11.68988],[76.40949,11.69037],[76.40976,11.69058],[76.40987,11.69077],[76.40985,11.69124],[76.40971,11.69173],[76.40955,11.692],[76.40951,11.69228],[76.40972,11.69287],[76.41034,11.69304],[76.4105,11.69322],[76.41035,11.69347],[76.40943,11.69363],[76.40936,11.69375],[76.40943,11.69403],[76.40972,11.69427],[76.41048,11.69451],[76.4109,11.69462],[76.41162,11.69454],[76.41178,11.69467],[76.41106,11.69664],[76.41111,11.69684],[76.41135,11.69712],[76.41132,11.69737],[76.41114,11.69754],[76.41016,11.69799],[76.40952,11.69809],[76.40923,11.69837],[76.40924,11.69859],[76.40936,11.69878],[76.40962,11.69891],[76.41011,11.69898],[76.41031,11.69923],[76.41035,11.69948],[76.41029,11.6997],[76.40931,11.70084],[76.40884,11.7021],[76.40865,11.70356],[76.40867,11.70472],[76.40836,11.70629],[76.40825,11.70652],[76.40803,11.70675],[76.40753,11.70688],[76.40739,11.70675],[76.40721,11.70622],[76.4069,11.70581],[76.40563,11.7052],[76.40532,11.70518],[76.40505,11.70525],[76.40489,11.7054],[76.40422,11.70643],[76.40418,11.70647]]}},
{"type":"Feature","properties":{"kind":"state","name":"Karnataka–Kerala","src":"OSM relations 2019939 and 2018151"},"geometry":{"type":"LineString","coordinates":[[76.40418,11.70647],[76.40394,11.70685],[76.40255,11.7081]]}},
{"type":"Feature","properties":{"kind":"state","name":"Karnataka–Kerala","src":"OSM relations 2019939 and 2018151","river":"7446","rlen":57},"geometry":{"type":"LineString","coordinates":[[76.40255,11.7081],[76.40295,11.70853],[76.40329,11.70906],[76.40341,11.70992],[76.4032,11.71107],[76.4033,11.71143],[76.40358,11.7116],[76.4039,11.71158],[76.40424,11.7114],[76.4049,11.71074],[76.40525,11.71068],[76.40547,11.71082],[76.40641,11.71176],[76.4066,11.7121],[76.40675,11.71305],[76.4069,11.7134],[76.40766,11.71409],[76.40803,11.71453],[76.40828,11.71467],[76.4093,11.71464],[76.40953,11.71471],[76.41072,11.71559],[76.41123,11.71553],[76.41236,11.71505],[76.41263,11.71488],[76.41276,11.7147],[76.41284,11.71454],[76.41282,11.71414],[76.41247,11.71343],[76.41258,11.71196],[76.41278,11.71114],[76.41298,11.71081],[76.41322,11.71068],[76.41348,11.71071],[76.41403,11.71123],[76.41556,11.71224],[76.41601,11.71269],[76.41603,11.71303],[76.4158,11.71461],[76.41589,11.71497],[76.41657,11.71589],[76.41672,11.71631],[76.41671,11.71651],[76.41658,11.71677],[76.41616,11.71697],[76.41621,11.71723],[76.41766,11.71816],[76.42023,11.71825],[76.42064,11.71849],[76.42146,11.71959],[76.42169,11.71967],[76.42245,11.71962],[76.42463,11.7202],[76.42496,11.72038],[76.42521,11.72059],[76.42529,11.72086],[76.42527,11.72125],[76.42487,11.72239],[76.42488,11.72273],[76.42502,11.7231],[76.42515,11.7232],[76.42579,11.72334],[76.42611,11.72354],[76.4262,11.72391],[76.42609,11.72454],[76.42613,11.72475],[76.42636,11.72501],[76.42667,11.72516],[76.42726,11.72522],[76.42746,11.72532],[76.42755,11.72545],[76.42757,11.72569],[76.42739,11.72611],[76.42697,11.72634],[76.42615,11.72639],[76.426,11.72653],[76.42603,11.72714],[76.42593,11.72773],[76.42562,11.72842],[76.42574,11.72954],[76.42527,11.73067],[76.42493,11.73212],[76.42482,11.73237],[76.42373,11.733],[76.42341,11.73343],[76.42305,11.73421],[76.42219,11.73515],[76.42197,11.73568],[76.422,11.73657],[76.42215,11.73725],[76.42205,11.73743],[76.42188,11.73769],[76.42153,11.738],[76.41958,11.73907],[76.4186,11.74022],[76.41838,11.74073],[76.41842,11.74141],[76.41865,11.74157],[76.42005,11.74159],[76.4216,11.74142],[76.42206,11.74155],[76.42243,11.742],[76.42253,11.74241],[76.42257,11.74319],[76.42239,11.74371],[76.42207,11.74423],[76.42173,11.74442],[76.42159,11.74439],[76.42151,11.7443],[76.4213,11.7434],[76.4211,11.74319],[76.42093,11.74314],[76.42064,11.74318],[76.41948,11.74392],[76.41922,11.74396],[76.41877,11.74382],[76.41858,11.74369],[76.41793,11.74255],[76.41774,11.74234],[76.41586,11.74175],[76.41432,11.74063],[76.41376,11.73994],[76.4131,11.73957],[76.41242,11.73956],[76.41041,11.74154],[76.41032,11.74198],[76.41035,11.74214],[76.41051,11.74229],[76.4116,11.74233],[76.41192,11.74253],[76.41252,11.7442],[76.41278,11.74525],[76.41283,11.7458],[76.41276,11.74622],[76.41212,11.74785],[76.41206,11.74823],[76.41221,11.74885],[76.41223,11.7495],[76.41223,11.75021],[76.41208,11.75071],[76.41206,11.75106],[76.41211,11.75166],[76.41227,11.75209],[76.41273,11.75272],[76.41328,11.75316],[76.41348,11.75326],[76.41416,11.75328],[76.41456,11.75345],[76.41574,11.75482],[76.41584,11.75536],[76.41582,11.75595],[76.41566,11.75653],[76.41495,11.75751],[76.41375,11.75824],[76.41357,11.75842],[76.41351,11.75858],[76.41354,11.75897]]}},
{"type":"Feature","properties":{"kind":"state","name":"Karnataka–Kerala","src":"OSM relations 2019939 and 2018151"},"geometry":{"type":"LineString","coordinates":[[76.41354,11.75897],[76.41129,11.75913],[76.40958,11.75875],[76.40876,11.75771],[76.40622,11.75686],[76.40533,11.7569],[76.40235,11.75365],[76.40074,11.7522],[76.39857,11.75152],[76.39601,11.75259],[76.39427,11.75402],[76.39349,11.75541],[76.39102,11.75454],[76.38639,11.7484],[76.38537,11.748],[76.3839,11.74661],[76.38103,11.74634],[76.37902,11.74512],[76.37652,11.74454],[76.37228,11.74642],[76.3689,11.74774],[76.367,11.74806],[76.36534,11.7477],[76.36238,11.74817],[76.36081,11.74682],[76.35919,11.74515],[76.35661,11.7433],[76.35526,11.74115],[76.35401,11.7395],[76.35274,11.73834],[76.35159,11.73801],[76.35032,11.7393],[76.3481,11.73945],[76.34359,11.73917],[76.34185,11.73825],[76.34034,11.73821],[76.33943,11.74049],[76.33707,11.74151],[76.33569,11.74406],[76.33161,11.7463],[76.33003,11.7477],[76.32718,11.74877],[76.32247,11.74937],[76.31994,11.75017],[76.31777,11.75129],[76.31661,11.75291],[76.31676,11.75456],[76.31468,11.75649],[76.31439,11.75757],[76.31434,11.76155],[76.31161,11.76774],[76.30839,11.7788],[76.30804,11.78299],[76.30751,11.78447],[76.30556,11.78591],[76.30411,11.78609],[76.30136,11.78559],[76.29369,11.79199],[76.29064,11.79253],[76.28807,11.79565],[76.2853,11.80011],[76.2832,11.80538],[76.28132,11.81052],[76.28049,11.81154],[76.27787,11.81216],[76.27664,11.81213],[76.27425,11.81099],[76.27299,11.81075],[76.26816,11.80992],[76.26022,11.80929],[76.25692,11.80811],[76.24895,11.80411],[76.2463,11.80302],[76.24456,11.80303],[76.24139,11.80411],[76.23866,11.80338],[76.22667,11.80608],[76.22188,11.81014],[76.21805,11.81498],[76.21821,11.81965],[76.21702,11.82186],[76.21674,11.82191],[76.21611,11.82163],[76.21575,11.82193],[76.21586,11.82278],[76.21565,11.82348],[76.21463,11.82336],[76.21363,11.82397],[76.21313,11.82507],[76.21221,11.82612],[76.21146,11.82637],[76.21115,11.82678],[76.21125,11.82746],[76.21114,11.82777],[76.21042,11.82767],[76.21002,11.8281],[76.21006,11.82924],[76.2107,11.83085],[76.21112,11.83272],[76.21079,11.83414],[76.2115,11.8361],[76.21216,11.83936],[76.21171,11.84017],[76.21193,11.84068],[76.21302,11.84166],[76.21323,11.84276],[76.21282,11.84331],[76.21208,11.8433],[76.21195,11.84353],[76.21222,11.84407],[76.2117,11.84433],[76.21067,11.84454],[76.21069,11.84493],[76.21112,11.84551],[76.21029,11.84748],[76.21034,11.84868],[76.20974,11.84963],[76.21002,11.85042],[76.2093,11.85149],[76.20945,11.85293],[76.20872,11.85394],[76.20883,11.85506],[76.20813,11.85617],[76.2077,11.86088],[76.20752,11.8612],[76.20608,11.86256]]}},
{"type":"Feature","properties":{"kind":"state","name":"Karnataka–Kerala","src":"OSM relations 2019939 and 2018151","river":"7152","rlen":175},"geometry":{"type":"LineString","coordinates":[[76.20608,11.86256],[76.20591,11.86238],[76.20494,11.86218],[76.20409,11.86218],[76.20248,11.86246],[76.20202,11.86275],[76.20149,11.86326],[76.20126,11.86365],[76.20075,11.86507],[76.20029,11.86582],[76.19988,11.86627],[76.19837,11.86717],[76.19526,11.86924],[76.19263,11.87064],[76.1907,11.87161],[76.19001,11.87182],[76.18822,11.87214],[76.18522,11.87209],[76.18368,11.87174],[76.18177,11.87104],[76.18022,11.87085],[76.17859,11.87093],[76.17719,11.87133],[76.17596,11.87154],[76.17465,11.87157],[76.173,11.87144],[76.17185,11.87121],[76.17095,11.8709],[76.16706,11.86853],[76.16626,11.86827],[76.1653,11.86818],[76.16475,11.86818],[76.16419,11.86833],[76.16347,11.86864],[76.16296,11.86901],[76.16251,11.86944],[76.1605,11.8703],[76.15802,11.87102],[76.15701,11.87104],[76.15663,11.87088],[76.15582,11.87031],[76.15563,11.86994],[76.15509,11.86949],[76.15271,11.86861],[76.15029,11.86727],[76.14919,11.86702],[76.14707,11.8673],[76.14573,11.86725],[76.14518,11.86686],[76.14143,11.86273],[76.14075,11.86187],[76.139,11.86005],[76.13734,11.85889],[76.13563,11.85782],[76.13527,11.85748],[76.1343,11.85629],[76.13404,11.85554],[76.13399,11.85493],[76.13388,11.85478],[76.13327,11.85465],[76.13245,11.85386],[76.13109,11.85299],[76.12992,11.8525],[76.12936,11.85237],[76.12712,11.8524],[76.12672,11.85222],[76.12559,11.85116],[76.1252,11.85096],[76.12397,11.85056],[76.12244,11.85019],[76.12216,11.84993],[76.12206,11.84972]]}},
{"type":"Feature","properties":{"kind":"state","name":"Karnataka–Kerala","src":"OSM relations 2019939 and 2018151"},"geometry":{"type":"LineString","coordinates":[[76.12206,11.84972],[76.12013,11.85061],[76.11916,11.85275],[76.11743,11.85421],[76.11668,11.85609],[76.11783,11.85709],[76.1163,11.85774],[76.11279,11.85834],[76.11381,11.86307],[76.11486,11.86653],[76.11361,11.87489],[76.11244,11.88058],[76.11193,11.8853],[76.1118,11.88763],[76.11339,11.8947],[76.11317,11.90777],[76.11328,11.91857],[76.11266,11.93403],[76.11243,11.95825],[76.11255,11.97868],[76.10883,11.97729],[76.10439,11.97541],[76.09392,11.9686],[76.09163,11.96807],[76.08966,11.96734],[76.08775,11.9676],[76.0851,11.96769],[76.08157,11.96853],[76.07856,11.96878],[76.07419,11.96827],[76.0706,11.96727],[76.06891,11.96547],[76.06799,11.96362],[76.06655,11.96293],[76.06178,11.96016],[76.05668,11.95681],[76.05388,11.95367],[76.05179,11.95158],[76.04962,11.95136],[76.04802,11.95192],[76.04472,11.95043],[76.04226,11.94595],[76.04029,11.94573],[76.03896,11.94502],[76.0377,11.9431],[76.03364,11.94009],[76.03185,11.9398],[76.02796,11.94096],[76.02726,11.94232],[76.02608,11.94345],[76.02207,11.944],[76.02056,11.94259],[76.01871,11.94203],[76.01618,11.94097],[76.01414,11.94154],[76.01288,11.94174],[76.0107,11.94084],[76.00987,11.93985],[76.00769,11.93912],[76.00659,11.93821],[76.00507,11.93495],[76.00363,11.93121],[75.99975,11.93125],[75.99874,11.93136],[75.99721,11.93196],[75.99435,11.93213],[75.99126,11.93398],[75.98704,11.93366],[75.98546,11.93307],[75.98257,11.93356],[75.98015,11.93415],[75.97846,11.93437],[75.97639,11.93408],[75.97153,11.93594],[75.97083,11.93643],[75.9691,11.93694],[75.9672,11.93727],[75.96538,11.93825],[75.96231,11.93919],[75.95936,11.9404],[75.95786,11.94124],[75.95645,11.9416],[75.95367,11.94165],[75.95289,11.94111],[75.9519,11.94083],[75.95078,11.94093],[75.9494,11.94146],[75.94796,11.94165],[75.94536,11.94142],[75.9383,11.94166],[75.93647,11.94277],[75.93635,11.94143],[75.93406,11.94096],[75.93068,11.94089],[75.9279,11.94277],[75.92628,11.94333],[75.92401,11.94371],[75.92223,11.94421],[75.91918,11.94476],[75.91674,11.945],[75.914,11.94376],[75.91109,11.94465],[75.90983,11.94428],[75.90349,11.94486],[75.90165,11.94552],[75.89974,11.94508],[75.89574,11.9475],[75.89046,11.95132],[75.88416,11.95146],[75.8821,11.95087],[75.88042,11.95062],[75.87802,11.95081],[75.87598,11.95201],[75.87514,11.95401]]}},
{"type":"Feature","properties":{"kind":"state","name":"Karnataka–Kerala","src":"OSM relations 2019939 and 2018151","river":"9681","rlen":22},"geometry":{"type":"LineString","coordinates":[[75.87514,11.95401],[75.87431,11.95368],[75.87406,11.95364],[75.87254,11.95386],[75.87198,11.95377],[75.87191,11.95391],[75.87205,11.95452],[75.87256,11.95559],[75.87186,11.95717],[75.871,11.95729],[75.86893,11.95718],[75.86793,11.95742],[75.86756,11.95743],[75.86719,11.95726],[75.86694,11.95703],[75.86674,11.95656],[75.86657,11.95642],[75.86623,11.95632],[75.86575,11.95629],[75.86503,11.95647],[75.86468,11.95648],[75.86417,11.95637],[75.86337,11.95607],[75.86228,11.95599],[75.86151,11.95609],[75.86087,11.95647],[75.85912,11.95734],[75.85866,11.95781],[75.85777,11.95978],[75.85609,11.96238],[75.85568,11.96267],[75.85452,11.96324],[75.85412,11.96355],[75.85212,11.96591],[75.85188,11.96628],[75.85178,11.96686],[75.85171,11.96838],[75.85154,11.96882],[75.85025,11.97034],[75.84967,11.97136],[75.84921,11.9718],[75.84871,11.9725]]}},
{"type":"Feature","properties":{"kind":"state","name":"Karnataka–Kerala","src":"OSM relations 2019939 and 2018151"},"geometry":{"type":"LineString","coordinates":[[75.84871,11.9725],[75.84991,11.97426],[75.84942,11.9752],[75.84817,11.97671],[75.84847,11.97778],[75.84867,11.9799],[75.84815,11.98106],[75.84676,11.98207],[75.84549,11.98267],[75.84379,11.9828],[75.84186,11.98263],[75.83925,11.98318],[75.83626,11.98303],[75.83467,11.98332],[75.83298,11.98374],[75.83135,11.98461],[75.82942,11.98616],[75.82783,11.98868],[75.82601,11.99229],[75.82487,11.99506],[75.82444,11.99682],[75.82553,12.00041],[75.82571,12.00173],[75.82549,12.00295],[75.82474,12.00377],[75.82377,12.0041],[75.82169,12.00371],[75.82083,12.00368],[75.82017,12.00471],[75.8206,12.00583],[75.82126,12.0069],[75.8224,12.00824],[75.823,12.01074],[75.82311,12.01168],[75.82298,12.01296],[75.82257,12.01405],[75.82139,12.01588],[75.81884,12.0184],[75.81228,12.02201],[75.81075,12.02356],[75.81034,12.02501],[75.81038,12.02975],[75.80996,12.03061],[75.80882,12.03172],[75.80661,12.03313],[75.8021,12.0363],[75.8015,12.03705],[75.80105,12.03791],[75.80086,12.04534],[75.7997,12.04849],[75.79813,12.05218],[75.7944,12.05598],[75.79451,12.05672],[75.79534,12.0572],[75.79609,12.05728],[75.79742,12.05714],[75.79796,12.0573],[75.79845,12.05951],[75.79873,12.06404],[75.79974,12.06582],[75.80103,12.06893],[75.80146,12.07126],[75.80354,12.07462],[75.80418,12.07598],[75.80448,12.07791]]}},
{"type":"Feature","properties":{"kind":"state","name":"Karnataka–Kerala","src":"OSM relations 2019939 and 2018151","river":"9144","rlen":50},"geometry":{"type":"LineString","coordinates":[[75.80448,12.07791],[75.80411,12.07796],[75.79923,12.07915],[75.79815,12.07962],[75.79711,12.08028],[75.79668,12.0806],[75.79595,12.0813],[75.79561,12.08184],[75.79515,12.0821],[75.7949,12.08216],[75.79333,12.08212],[75.79185,12.08153],[75.7913,12.08156],[75.78989,12.08212],[75.7888,12.08246],[75.78803,12.08286],[75.7868,12.08371],[75.78609,12.08395],[75.78529,12.0841],[75.78476,12.08407],[75.7842,12.08392],[75.78324,12.08295],[75.78277,12.08272],[75.7822,12.08263],[75.78115,12.0827],[75.77963,12.08308],[75.77862,12.08307],[75.77569,12.0821],[75.77485,12.08207],[75.77452,12.08231],[75.77422,12.08287],[75.77403,12.08307],[75.77351,12.08326],[75.77236,12.08337],[75.77183,12.08348],[75.77026,12.08427],[75.76968,12.08445],[75.76817,12.08444],[75.76762,12.08434],[75.76708,12.08418],[75.76491,12.08329],[75.76443,12.08318],[75.76237,12.08319],[75.76014,12.08338],[75.75808,12.08341],[75.75754,12.08355],[75.75591,12.08419],[75.75533,12.08423],[75.75409,12.08412],[75.75283,12.08368],[75.75123,12.08266],[75.75049,12.08186],[75.7504,12.08157],[75.7504,12.08121],[75.75049,12.0806],[75.75033,12.08028],[75.74982,12.08001],[75.74949,12.07962],[75.74872,12.07926],[75.74818,12.07888],[75.74775,12.0784],[75.74725,12.07802],[75.74665,12.07784],[75.74636,12.07784],[75.74595,12.07784],[75.74538,12.07802],[75.74503,12.07837],[75.74444,12.0796],[75.74407,12.08013],[75.74361,12.0805],[75.7433,12.08055],[75.74297,12.0805],[75.74165,12.07937],[75.74077,12.07877],[75.74049,12.07868],[75.74006,12.0786],[75.73969,12.07863],[75.73827,12.07922],[75.73714,12.07929],[75.73625,12.07926],[75.73555,12.07889],[75.73443,12.07793],[75.73332,12.07747],[75.73307,12.07702],[75.73202,12.07583],[75.73104,12.075],[75.73066,12.07479],[75.7302,12.0743],[75.7292,12.07396],[75.72894,12.0738],[75.72847,12.07307],[75.72792,12.07254],[75.72714,12.07204],[75.72657,12.07179],[75.72564,12.07171],[75.72549,12.07178],[75.72502,12.07235],[75.72463,12.07259],[75.7239,12.07279],[75.72322,12.07285],[75.72214,12.07232],[75.72152,12.07213],[75.72052,12.07092],[75.71961,12.0702],[75.71957,12.07001]]}},
{"type":"Feature","properties":{"kind":"state","name":"Karnataka–Kerala","src":"OSM relations 2019939 and 2018151"},"geometry":{"type":"LineString","coordinates":[[75.71957,12.07001],[75.71745,12.07044],[75.71556,12.07031],[75.71449,12.07086],[75.71415,12.07191],[75.7149,12.07508],[75.7147,12.07619],[75.71498,12.07699],[75.71614,12.07885],[75.71631,12.07997],[75.71539,12.08204],[75.71717,12.08316],[75.7176,12.08383],[75.71799,12.08475],[75.71805,12.08563],[75.71784,12.08651],[75.71597,12.08788],[75.71346,12.09058],[75.70971,12.09153],[75.7081,12.09214],[75.70685,12.0923],[75.70348,12.09214],[75.70217,12.09256],[75.70204,12.09377],[75.70245,12.09598],[75.70277,12.0969],[75.70232,12.09975],[75.70245,12.10145],[75.70329,12.10382],[75.70338,12.10527],[75.70314,12.10777],[75.70254,12.10861],[75.70149,12.10936],[75.69983,12.1097],[75.69823,12.10984],[75.69638,12.10968],[75.69488,12.10997],[75.69351,12.1105],[75.69211,12.11087],[75.6908,12.11091],[75.68923,12.11068],[75.68733,12.10995],[75.68625,12.1093],[75.68578,12.10814],[75.68535,12.10649],[75.68462,12.10517],[75.68363,12.10435],[75.68071,12.10256],[75.67951,12.10155],[75.67705,12.09836],[75.67585,12.09743],[75.67374,12.09781],[75.66755,12.09751],[75.66656,12.09777],[75.66551,12.09842],[75.664,12.09893],[75.66194,12.09914],[75.66052,12.0998],[75.65847,12.09907]]}},
{"type":"Feature","properties":{"kind":"state","name":"Karnataka–Kerala","src":"OSM relations 2019939 and 2018151","river":"9321","rlen":53},"geometry":{"type":"LineString","coordinates":[[75.65847,12.09907],[75.65836,12.09928],[75.65795,12.09954],[75.65771,12.09962],[75.65734,12.09955],[75.65696,12.09959],[75.65661,12.09987],[75.65621,12.10036],[75.65615,12.10065],[75.65623,12.10122],[75.65669,12.10246],[75.65672,12.10296],[75.6566,12.10321],[75.65541,12.10345],[75.65481,12.10336],[75.65441,12.1031],[75.65395,12.10329],[75.65339,12.10334],[75.65309,12.10347],[75.65269,12.10351],[75.65237,12.10371],[75.65196,12.10372],[75.65177,12.10381],[75.6517,12.10421],[75.65185,12.10501],[75.65192,12.10676],[75.65291,12.10856],[75.65321,12.10961],[75.65284,12.11003],[75.65262,12.11016],[75.65234,12.1102],[75.65161,12.11013],[75.65096,12.10997],[75.65059,12.10979],[75.65018,12.10942],[75.64944,12.10923],[75.64903,12.1093],[75.64848,12.10959],[75.64834,12.10975],[75.64825,12.11037],[75.6485,12.11071],[75.64894,12.111],[75.64936,12.11173],[75.64935,12.11214],[75.64862,12.11384],[75.64839,12.11422],[75.64785,12.11461],[75.64651,12.11512],[75.64626,12.11538],[75.64627,12.11555],[75.64636,12.11568],[75.64735,12.11622],[75.64788,12.11687],[75.64838,12.11717],[75.64856,12.11736],[75.64853,12.11815],[75.64792,12.11914],[75.64773,12.11959],[75.64767,12.12],[75.64774,12.12023],[75.64821,12.12086],[75.64831,12.12154],[75.64829,12.12189],[75.64816,12.12218],[75.64789,12.12251],[75.64688,12.12322],[75.64675,12.12345],[75.64659,12.12414],[75.6466,12.12479],[75.64644,12.12637],[75.64633,12.12669],[75.64606,12.12688],[75.64535,12.12695],[75.64426,12.12635],[75.64365,12.12628],[75.64333,12.12647],[75.64301,12.12691],[75.64298,12.12712],[75.64304,12.12723],[75.64353,12.12783],[75.64393,12.12809],[75.64411,12.12847],[75.64401,12.12922],[75.64359,12.13054],[75.64353,12.13124],[75.64363,12.1323],[75.64426,12.13484],[75.64425,12.13508],[75.64395,12.13548],[75.64334,12.13604],[75.64279,12.1368],[75.64268,12.13728],[75.64271,12.13788],[75.64255,12.1391],[75.64233,12.1394],[75.64199,12.1396],[75.64171,12.13961],[75.64054,12.13906],[75.64011,12.13894],[75.63963,12.13889],[75.63904,12.13893],[75.63855,12.13914],[75.63816,12.13942],[75.63779,12.13996],[75.63764,12.14031],[75.63758,12.14069],[75.6377,12.14101],[75.63878,12.1419],[75.63912,12.14227],[75.63919,12.14281],[75.63896,12.14376],[75.6388,12.14401],[75.63785,12.14476],[75.6374,12.14543],[75.63733,12.14576],[75.63754,12.1464],[75.6374,12.14686],[75.63718,12.14722],[75.63604,12.14864],[75.63545,12.1489],[75.63522,12.14915]]}},
{"type":"Feature","properties":{"kind":"state","name":"Karnataka–Kerala","src":"OSM relations 2019939 and 2018151"},"geometry":{"type":"LineString","coordinates":[[75.63522,12.14915],[75.63291,12.14849],[75.63173,12.14851],[75.63061,12.14875],[75.62974,12.14922],[75.62587,12.15184],[75.62421,12.15272],[75.6213,12.15518],[75.61985,12.1561],[75.61827,12.15644],[75.61703,12.15612],[75.61583,12.15559],[75.61392,12.15408],[75.61238,12.15264],[75.61103,12.15214],[75.6101,12.15221],[75.60934,12.1525],[75.60806,12.15379],[75.60687,12.15464],[75.60595,12.15502],[75.60523,12.15498],[75.60369,12.15438],[75.60036,12.15347],[75.59614,12.15364],[75.59555,12.15348],[75.59481,12.15268],[75.59425,12.1518],[75.59399,12.15094],[75.59377,12.1486],[75.59335,12.14756],[75.59162,12.14791],[75.59122,12.14839],[75.59079,12.14994],[75.58995,12.15172],[75.58798,12.15465],[75.5865,12.15495],[75.58547,12.1553],[75.58376,12.15622],[75.58288,12.15684],[75.58213,12.1584],[75.58161,12.15853],[75.58064,12.15853],[75.57838,12.15791],[75.57771,12.15788],[75.57711,12.15814],[75.5766,12.15876],[75.57629,12.15959],[75.5759,12.16167],[75.57499,12.16377],[75.57449,12.16451],[75.57297,12.16609],[75.57207,12.16723],[75.5714,12.16938],[75.57035,12.17108],[75.56937,12.17233],[75.56781,12.17272],[75.56669,12.17318],[75.56347,12.17381],[75.56061,12.17539],[75.55993,12.17624],[75.55946,12.1771],[75.55916,12.17793],[75.55864,12.18042],[75.55828,12.18109],[75.55767,12.18161],[75.55578,12.18193],[75.5552,12.18221],[75.55458,12.18483],[75.55424,12.1868],[75.55349,12.18952],[75.55245,12.19213],[75.55205,12.1927],[75.5514,12.19299],[75.55046,12.19313],[75.54961,12.19294],[75.54865,12.19307],[75.5479,12.19354],[75.54665,12.19556],[75.54653,12.19595],[75.54661,12.19633],[75.54723,12.19735],[75.54702,12.19769],[75.54485,12.19847],[75.54456,12.19837],[75.54404,12.19789],[75.54308,12.19752],[75.54172,12.19717],[75.54136,12.19736],[75.54029,12.199],[75.54039,12.19989],[75.54098,12.20183],[75.54084,12.20233],[75.5405,12.20273],[75.53948,12.20324],[75.53902,12.20319],[75.53781,12.20257],[75.53719,12.20238],[75.53592,12.20225],[75.53534,12.20241],[75.53458,12.20325],[75.53371,12.20354],[75.53347,12.20313],[75.53356,12.20233],[75.53341,12.2016],[75.53266,12.20111],[75.53225,12.20147],[75.53186,12.20206],[75.53197,12.20294],[75.53189,12.20525],[75.53197,12.20594],[75.53405,12.20629],[75.53483,12.20655],[75.53553,12.20686],[75.53652,12.2077],[75.53787,12.2107],[75.53925,12.21303],[75.53967,12.21431],[75.53974,12.2155],[75.53931,12.21651],[75.53768,12.21795],[75.53206,12.22112],[75.53002,12.22211],[75.52802,12.2233],[75.5268,12.22454],[75.52635,12.22592],[75.5265,12.22678],[75.52716,12.22783],[75.52753,12.22886],[75.5277,12.22984],[75.52764,12.23096],[75.52721,12.23169],[75.52641,12.23234],[75.52431,12.23461],[75.52099,12.23595],[75.52041,12.23802],[75.52015,12.24144],[75.5188,12.24341],[75.51867,12.24452],[75.51899,12.24553],[75.5188,12.24662],[75.51721,12.24857],[75.51581,12.25138],[75.51476,12.25235],[75.513,12.25312],[75.51172,12.25398],[75.51154,12.2561],[75.51178,12.26041],[75.50617,12.26435],[75.50591,12.26637],[75.50692,12.26816],[75.5045,12.2713],[75.49962,12.27008],[75.4985,12.26994],[75.49763,12.27045],[75.4971,12.27228],[75.49663,12.27223],[75.49558,12.27235],[75.4939,12.27287],[75.49324,12.27364],[75.49136,12.27824],[75.49049,12.2789],[75.48975,12.27974],[75.48862,12.28257],[75.48797,12.28339],[75.4869,12.28438],[75.48668,12.28604],[75.48683,12.28718],[75.4864,12.28725],[75.48598,12.28754],[75.48486,12.29],[75.48374,12.2907],[75.48279,12.2926]]}},
{"type":"Feature","properties":{"kind":"state","name":"Karnataka–Kerala","src":"OSM relations 2019939 and 2018151","river":"9537","rlen":18},"geometry":{"type":"LineString","coordinates":[[75.48279,12.2926],[75.48174,12.2921],[75.48078,12.29199],[75.48035,12.29207],[75.48001,12.29221],[75.47977,12.29245],[75.47892,12.2947],[75.47825,12.29606],[75.47802,12.29614],[75.47734,12.29557],[75.47653,12.29538],[75.47593,12.29539],[75.4752,12.29563],[75.47187,12.2974],[75.47013,12.2985],[75.47003,12.29864],[75.47006,12.29887],[75.4703,12.29928],[75.47031,12.2996],[75.47014,12.29979],[75.4696,12.30005],[75.4693,12.3],[75.469,12.29982],[75.46706,12.29816],[75.46641,12.29817],[75.4657,12.29851],[75.46549,12.29853],[75.46521,12.29842],[75.46484,12.29803],[75.46421,12.2977],[75.4639,12.29719],[75.46363,12.29649],[75.46351,12.29591],[75.4632,12.29543],[75.46306,12.29499],[75.46206,12.29438],[75.46165,12.29371],[75.46108,12.29344],[75.46052,12.29294],[75.4598,12.29292],[75.4593,12.29334],[75.45867,12.29361],[75.45839,12.29376]]}},
{"type":"Feature","properties":{"kind":"state","name":"Karnataka–Kerala","src":"OSM relations 2019939 and 2018151"},"geometry":{"type":"LineString","coordinates":[[75.45839,12.29376],[75.45743,12.29202],[75.45588,12.29148],[75.44833,12.29391],[75.44121,12.29403],[75.43811,12.29285],[75.43658,12.29431],[75.43581,12.29457],[75.43418,12.29435],[75.4328,12.2935],[75.43153,12.29362],[75.43066,12.29354],[75.42932,12.29387],[75.42794,12.29387],[75.42545,12.29201],[75.42343,12.29125],[75.42174,12.2908],[75.42011,12.28898],[75.41786,12.28812],[75.41551,12.28825],[75.41415,12.28963],[75.41403,12.29076],[75.41339,12.29115],[75.41327,12.29327]]}},
{"type":"Feature","properties":{"kind":"state","name":"Karnataka–Kerala","src":"OSM relations 2019939 and 2018151","river":"9450","rlen":20},"geometry":{"type":"LineString","coordinates":[[75.41327,12.29327],[75.41342,12.29328],[75.4139,12.29345],[75.41419,12.29345],[75.41469,12.29328],[75.41506,12.29287],[75.4154,12.29278],[75.41564,12.29281],[75.41587,12.29296],[75.41647,12.29405],[75.41803,12.29468],[75.41865,12.29524],[75.41908,12.29574],[75.41947,12.29602],[75.42058,12.29741],[75.42078,12.29794],[75.42081,12.29842],[75.42107,12.29895],[75.42138,12.29933],[75.42217,12.29953],[75.42346,12.29959],[75.42386,12.29968],[75.42435,12.30004],[75.42454,12.30007],[75.42484,12.30025],[75.42484,12.30055],[75.42445,12.30096],[75.42328,12.30163],[75.42314,12.30186],[75.42303,12.30229],[75.42312,12.3026],[75.42338,12.30278],[75.42412,12.30286],[75.42453,12.30327],[75.42477,12.30338],[75.42608,12.30386],[75.42763,12.30424],[75.42805,12.30446],[75.42816,12.30467],[75.42814,12.30501],[75.42805,12.30511],[75.42766,12.30522],[75.42731,12.30519],[75.42717,12.30541],[75.42708,12.30628],[75.42715,12.30675],[75.42782,12.30742],[75.42921,12.30808],[75.42964,12.30821],[75.43095,12.30844],[75.43185,12.30836],[75.43207,12.30871],[75.4322,12.30913],[75.43222,12.30994],[75.43236,12.31023],[75.4323,12.31043],[75.43189,12.31078],[75.43134,12.31096],[75.43048,12.31106],[75.42998,12.31127],[75.42982,12.31142]]}},
{"type":"Feature","properties":{"kind":"state","name":"Karnataka–Kerala","src":"OSM relations 2019939 and 2018151"},"geometry":{"type":"LineString","coordinates":[[75.42982,12.31142],[75.42779,12.31094],[75.42599,12.31192],[75.42405,12.31354],[75.42325,12.31545],[75.42214,12.31692],[75.42182,12.31768],[75.42087,12.3184],[75.42012,12.32018],[75.41979,12.32145],[75.41931,12.32446],[75.41789,12.32802],[75.41578,12.3295],[75.41539,12.33153],[75.41508,12.33621],[75.41505,12.33899],[75.41456,12.34022],[75.41263,12.34348],[75.41046,12.34613],[75.40998,12.34749],[75.41012,12.34853],[75.41066,12.34924],[75.41157,12.34955],[75.41268,12.34954],[75.41474,12.34991],[75.41602,12.35071],[75.41894,12.35547],[75.42038,12.35885],[75.42069,12.36039],[75.42077,12.36218],[75.42043,12.36414],[75.42069,12.36524],[75.42168,12.36792],[75.42196,12.37025],[75.42178,12.37156],[75.42068,12.37362],[75.41931,12.37532],[75.41611,12.37742],[75.41484,12.37913],[75.41342,12.37952],[75.40846,12.37939],[75.40512,12.37954],[75.40378,12.38017],[75.40303,12.38093],[75.40191,12.38167],[75.40027,12.38094],[75.39936,12.38079],[75.39849,12.38101],[75.39737,12.38191],[75.39648,12.38289],[75.39525,12.38491],[75.39459,12.3871],[75.39412,12.38779],[75.39343,12.38849],[75.39276,12.38895],[75.39016,12.3903],[75.38932,12.39084],[75.38853,12.39115],[75.38755,12.39126],[75.38656,12.39118],[75.38477,12.39058],[75.38362,12.39066],[75.38243,12.39103],[75.38008,12.39129],[75.37942,12.39186],[75.3789,12.39266],[75.37917,12.39501],[75.37781,12.39571],[75.378,12.39676],[75.37713,12.398],[75.37589,12.39909],[75.37258,12.39963],[75.37156,12.40008],[75.37123,12.40064],[75.37109,12.40135],[75.37138,12.40309],[75.37146,12.40497],[75.3713,12.40707],[75.37071,12.40806],[75.36708,12.41094],[75.36624,12.41173],[75.36604,12.41215],[75.36681,12.41374],[75.36672,12.41621],[75.36648,12.41711],[75.36699,12.41786],[75.36743,12.42071],[75.36817,12.42229],[75.36914,12.42515],[75.36957,12.4261],[75.36905,12.42822],[75.36865,12.42917],[75.36846,12.43045],[75.36854,12.4311],[75.37046,12.43464],[75.371,12.43664],[75.37097,12.43783],[75.37062,12.43886],[75.36959,12.43999],[75.36871,12.4413],[75.36855,12.44254],[75.36882,12.44374],[75.3695,12.44479],[75.36983,12.44706],[75.36964,12.45037],[75.36903,12.45142],[75.36837,12.45215],[75.36748,12.45272],[75.36643,12.45362],[75.36719,12.4547],[75.36695,12.45558],[75.36586,12.45764]]}},
{"type":"Feature","properties":{"kind":"state","name":"Karnataka–Kerala","src":"OSM relations 2019939 and 2018151","river":"9753","rlen":30},"geometry":{"type":"LineString","coordinates":[[75.36586,12.45764],[75.36601,12.45777],[75.36609,12.45801],[75.36604,12.45897],[75.36639,12.45912],[75.36711,12.45921],[75.36782,12.45921],[75.36853,12.45912],[75.37032,12.45833],[75.37157,12.45749],[75.37223,12.45725],[75.37248,12.45725],[75.37265,12.45736],[75.37273,12.45755],[75.37273,12.45773],[75.37257,12.458],[75.37265,12.45841],[75.37281,12.45869],[75.37429,12.45947],[75.3747,12.45952],[75.37497,12.45948],[75.37586,12.459],[75.37706,12.458],[75.37743,12.45792],[75.37847,12.458],[75.37957,12.45782],[75.38048,12.45746],[75.38139,12.45675],[75.38167,12.45664],[75.38247,12.45653],[75.38259,12.45658],[75.38288,12.45697],[75.38308,12.45757],[75.38309,12.45863],[75.38329,12.4589],[75.38406,12.45882],[75.38545,12.45821],[75.38561,12.45825],[75.3864,12.45907],[75.38675,12.45931],[75.38708,12.45966],[75.3874,12.45975],[75.38792,12.45973],[75.38879,12.45918],[75.3904,12.45746],[75.39082,12.45711],[75.3919,12.45664],[75.3936,12.45654],[75.39386,12.45639],[75.39395,12.45614],[75.3939,12.45559],[75.39342,12.45466],[75.39327,12.45413],[75.39323,12.45379],[75.39338,12.45321],[75.39361,12.45285],[75.39402,12.45251],[75.39566,12.45208],[75.39604,12.45188],[75.39734,12.45045],[75.39903,12.45026],[75.39975,12.45032],[75.40011,12.45042],[75.40072,12.45073],[75.40081,12.45085],[75.40083,12.45115],[75.40058,12.45188],[75.40059,12.45203],[75.40111,12.45291],[75.40147,12.45338],[75.40173,12.45356],[75.40253,12.45386],[75.40287,12.45379],[75.40305,12.45367]]}},
{"type":"Feature","properties":{"kind":"state","name":"Karnataka–Kerala","src":"OSM relations 2019939 and 2018151"},"geometry":{"type":"LineString","coordinates":[[75.40305,12.45367],[75.40452,12.45539],[75.40584,12.45554],[75.41108,12.45755],[75.41273,12.45849],[75.41378,12.45925],[75.41492,12.46055],[75.41548,12.46275],[75.41539,12.46524],[75.41606,12.46614],[75.41752,12.46643],[75.42127,12.46654],[75.42295,12.46698],[75.42367,12.46734],[75.4244,12.46859],[75.42475,12.47398],[75.42303,12.47626],[75.42161,12.47706],[75.42037,12.4785],[75.42031,12.4803],[75.42061,12.48282],[75.42054,12.48726],[75.41977,12.48889],[75.41893,12.48946],[75.41666,12.49378],[75.41788,12.49514],[75.41767,12.49711],[75.41613,12.50003],[75.41329,12.50048],[75.41207,12.50096],[75.4108,12.50107],[75.41005,12.5006],[75.40898,12.49903],[75.40713,12.49853],[75.4052,12.4983],[75.40413,12.49769],[75.40267,12.49757],[75.40119,12.49836],[75.40071,12.49887],[75.39913,12.50075],[75.39859,12.50276],[75.39752,12.50339],[75.3966,12.50333],[75.39595,12.50308],[75.39445,12.50224],[75.39194,12.5006],[75.39076,12.50008],[75.38954,12.50006],[75.38878,12.50027],[75.38634,12.5014],[75.38535,12.50142],[75.38462,12.50113],[75.38314,12.50121],[75.38213,12.50081],[75.38164,12.49998],[75.37979,12.49824],[75.3787,12.49662],[75.37593,12.49457],[75.37314,12.49313],[75.37003,12.49243],[75.36752,12.4921],[75.36748,12.48858],[75.36765,12.48814],[75.36874,12.48824],[75.36962,12.48768],[75.37029,12.48695],[75.37087,12.48496],[75.37127,12.48131],[75.37125,12.4763],[75.36984,12.47471],[75.3672,12.47458],[75.36636,12.47383],[75.36488,12.47104],[75.36319,12.46905],[75.36076,12.46715],[75.35956,12.46461],[75.35838,12.46396],[75.35462,12.46503],[75.35321,12.46516],[75.35188,12.46503],[75.34902,12.46373],[75.34731,12.46321],[75.34576,12.4631],[75.34432,12.46273],[75.34016,12.46319],[75.33679,12.46384],[75.33654,12.46442],[75.33692,12.46591],[75.33892,12.46824],[75.33941,12.46926],[75.33965,12.47029],[75.33879,12.47171],[75.33707,12.47234],[75.33677,12.47417],[75.3363,12.47519],[75.33606,12.47622],[75.33465,12.47888],[75.33563,12.48225],[75.33576,12.48445],[75.33626,12.48787],[75.33617,12.48933],[75.33467,12.48971],[75.33383,12.49009],[75.33317,12.49176],[75.33299,12.49522],[75.33304,12.49667],[75.33263,12.49776],[75.33201,12.49868],[75.32997,12.49853],[75.3289,12.49824],[75.32508,12.4978],[75.32379,12.49788],[75.3219,12.49734],[75.31441,12.49738],[75.31282,12.50171],[75.30971,12.50157],[75.3071,12.50117],[75.30591,12.50142],[75.30461,12.50236],[75.30336,12.50461],[75.30308,12.50605],[75.3036,12.50873],[75.30351,12.50986],[75.30317,12.51162],[75.30244,12.51366],[75.30255,12.516],[75.30244,12.52153],[75.30109,12.5217],[75.29688,12.52134],[75.29617,12.52155],[75.29598,12.52262],[75.29549,12.52394],[75.29386,12.52421],[75.29216,12.52482],[75.29096,12.52509],[75.28952,12.52511],[75.28626,12.52442],[75.28512,12.5244],[75.28341,12.52499],[75.28079,12.52425],[75.28014,12.52419],[75.27959,12.5249],[75.27914,12.52723],[75.27817,12.53018],[75.27549,12.53249],[75.27463,12.53339],[75.27326,12.53575],[75.27298,12.53741],[75.27345,12.53877],[75.27375,12.5402],[75.27248,12.54252],[75.27212,12.54409],[75.27096,12.54587],[75.27025,12.54644],[75.26999,12.54761],[75.27002,12.55075],[75.27075,12.55394],[75.27072,12.55536],[75.27025,12.55626],[75.26948,12.55861],[75.26948,12.5603],[75.27008,12.56277],[75.2712,12.56472],[75.27154,12.56776],[75.27248,12.56954],[75.27422,12.57151],[75.27645,12.57266],[75.278,12.57243],[75.27954,12.57186],[75.2813,12.57161],[75.2833,12.57153],[75.28418,12.57209],[75.28519,12.57421],[75.28838,12.57953],[75.28961,12.58246],[75.29094,12.58219],[75.29523,12.58081],[75.29961,12.57957],[75.30486,12.57974],[75.30813,12.57833],[75.30967,12.57785],[75.31018,12.57731],[75.31057,12.57574],[75.31109,12.5748],[75.31272,12.57343],[75.31433,12.57387],[75.31529,12.57425],[75.31609,12.57536],[75.31776,12.57867],[75.324,12.58208],[75.32551,12.58307],[75.32626,12.58443],[75.32651,12.58592],[75.32611,12.58826],[75.32688,12.58981],[75.32735,12.59113],[75.32712,12.59207],[75.326,12.59241],[75.32379,12.59262],[75.31106,12.59157],[75.3087,12.59335],[75.30776,12.59438],[75.30628,12.59645],[75.30566,12.59894],[75.30443,12.60179],[75.30261,12.60434],[75.30171,12.60537],[75.30029,12.60614],[75.29898,12.60625],[75.29832,12.60602],[75.29677,12.60508],[75.29317,12.60384],[75.29092,12.60344],[75.29053,12.60407],[75.29036,12.60604],[75.28931,12.60855],[75.28909,12.60985],[75.28866,12.61079],[75.28763,12.6113],[75.28542,12.61199],[75.28471,12.61255],[75.28401,12.61335],[75.28109,12.61735],[75.27982,12.61785],[75.27495,12.61904],[75.27386,12.6189],[75.27319,12.61875],[75.27139,12.61729],[75.27049,12.61615],[75.26937,12.61567],[75.26826,12.61574],[75.26654,12.61546],[75.26587,12.61504],[75.26469,12.61299],[75.26444,12.61201],[75.26433,12.61098],[75.26437,12.61033],[75.26517,12.60669],[75.26517,12.60571],[75.26416,12.60474],[75.26347,12.60374],[75.26285,12.60173],[75.26101,12.59791],[75.2603,12.59693],[75.25839,12.59595],[75.25691,12.59471],[75.25603,12.59362],[75.25455,12.59048],[75.25401,12.58958],[75.25321,12.58904],[75.25197,12.58793],[75.25004,12.58474],[75.24903,12.58399],[75.24819,12.58315],[75.2451,12.58148],[75.24412,12.58076],[75.24122,12.57928],[75.23873,12.57848],[75.23809,12.57789],[75.23727,12.57664],[75.23719,12.5744],[75.23703,12.57376],[75.23734,12.57247],[75.23741,12.57048],[75.23727,12.56956],[75.23689,12.56898],[75.23575,12.56874],[75.2322,12.56854],[75.23087,12.56808],[75.22946,12.5678],[75.22852,12.56803],[75.22752,12.56844],[75.22655,12.56917],[75.22524,12.56983],[75.22421,12.56996],[75.22163,12.56915],[75.22081,12.56913],[75.22015,12.5693],[75.21935,12.57],[75.21901,12.57181],[75.21763,12.57476],[75.21744,12.57561],[75.21622,12.57757],[75.21548,12.57832],[75.21418,12.57885],[75.21241,12.57908],[75.21205,12.57953],[75.21183,12.58039],[75.21117,12.58199],[75.21002,12.58682],[75.20971,12.59007],[75.20945,12.59081],[75.20903,12.5915],[75.20834,12.59183],[75.20757,12.59201],[75.20569,12.59186],[75.20407,12.59121],[75.20176,12.58978],[75.20049,12.58955],[75.20032,12.59047],[75.20055,12.59205],[75.20135,12.59434],[75.2026,12.59559],[75.20607,12.59678],[75.20704,12.59741],[75.2073,12.59903],[75.20901,12.60179],[75.2085,12.60269],[75.20772,12.60288],[75.20691,12.60326],[75.20657,12.60399],[75.20644,12.607],[75.20597,12.60855],[75.20496,12.60966],[75.20371,12.60998],[75.20182,12.60996],[75.19989,12.61054],[75.19918,12.61096],[75.1988,12.61199],[75.19843,12.61544],[75.19878,12.61913],[75.19927,12.62139],[75.20099,12.62589],[75.20092,12.62796],[75.20056,12.62886],[75.19612,12.62859],[75.19515,12.62912],[75.19371,12.62962],[75.19034,12.63113],[75.18798,12.63159],[75.18644,12.63148],[75.18524,12.63092],[75.18429,12.63146],[75.1832,12.63161],[75.18195,12.63106],[75.1809,12.63037],[75.17586,12.62616],[75.17369,12.62355],[75.17086,12.62175],[75.16917,12.62114],[75.16747,12.62131],[75.16648,12.62177],[75.1658,12.62233],[75.16524,12.62262],[75.16447,12.62285],[75.1638,12.62258],[75.16316,12.62181],[75.16264,12.62149],[75.16168,12.62151],[75.15859,12.62225],[75.15425,12.62409],[75.15264,12.62688],[75.15151,12.62847],[75.14904,12.6315],[75.14818,12.63492],[75.14699,12.63622],[75.1465,12.63695],[75.14607,12.63828],[75.14563,12.6391],[75.14483,12.63955],[75.14348,12.63987],[75.14259,12.64058],[75.1408,12.64249],[75.1404,12.64318],[75.14039,12.64364],[75.14327,12.64626],[75.14974,12.6493],[75.15043,12.6503],[75.15022,12.65278],[75.15123,12.65707],[75.15305,12.65916],[75.15478,12.66051],[75.15564,12.66242],[75.15851,12.66549],[75.15978,12.66794],[75.16139,12.67152],[75.16153,12.67285],[75.16046,12.67294],[75.15852,12.67275],[75.15657,12.67283],[75.15492,12.67277],[75.15311,12.67296],[75.1492,12.67404],[75.14822,12.67519],[75.14845,12.67609],[75.14909,12.67759],[75.14942,12.67888],[75.15081,12.68089],[75.15214,12.68234]]}},
{"type":"Feature","properties":{"kind":"state","name":"Karnataka–Kerala","src":"OSM relations 2019939 and 2018151","river":"9634","rlen":47},"geometry":{"type":"LineString","coordinates":[[75.15214,12.68234],[75.15128,12.68311],[75.14979,12.68297],[75.14862,12.68243],[75.14631,12.68188],[75.14565,12.68163],[75.14507,12.68116],[75.14496,12.6809],[75.14474,12.67999],[75.14464,12.67905],[75.14447,12.67869],[75.14383,12.67809],[75.14255,12.67798],[75.14175,12.67743],[75.14142,12.67741],[75.14102,12.67755],[75.1406,12.67796],[75.14063,12.67826],[75.14106,12.67863],[75.14121,12.6789],[75.14118,12.67915],[75.14097,12.67964],[75.1404,12.68008],[75.13986,12.6801],[75.13954,12.67997],[75.13856,12.67929],[75.13843,12.67903],[75.13827,12.67832],[75.13772,12.67733],[75.13772,12.6762],[75.13752,12.676],[75.13725,12.67588],[75.13697,12.67593],[75.13621,12.67659],[75.13551,12.67692],[75.13399,12.67798],[75.13356,12.67804],[75.13327,12.67785],[75.13318,12.67763],[75.13327,12.67637],[75.1334,12.67588],[75.13336,12.67572],[75.133,12.67521],[75.1328,12.67515],[75.1325,12.67528],[75.13197,12.67594],[75.13173,12.67612],[75.13066,12.67637],[75.12993,12.67631],[75.12969,12.67616],[75.12964,12.67609]]}},
{"type":"Feature","properties":{"kind":"state","name":"Karnataka–Kerala","src":"OSM relations 2019939 and 2018151"},"geometry":{"type":"LineString","coordinates":[[75.12964,12.67609],[75.12773,12.67741],[75.12561,12.68012],[75.12508,12.68117],[75.12458,12.6818],[75.1238,12.68132],[75.12216,12.67923],[75.12152,12.67898],[75.11939,12.68046],[75.11816,12.68079],[75.11609,12.68183],[75.11492,12.68216],[75.11327,12.68313],[75.11276,12.68332],[75.11223,12.68391],[75.11202,12.68594],[75.11155,12.68677],[75.10953,12.68908],[75.1095,12.68994],[75.1098,12.69116],[75.1096,12.69155],[75.10835,12.69145],[75.10796,12.69155],[75.10758,12.69184],[75.1073,12.69253],[75.1075,12.69291],[75.10758,12.69402],[75.1075,12.69466],[75.10696,12.6955],[75.10614,12.69653],[75.10481,12.6972],[75.10325,12.69825],[75.10157,12.69959],[75.09898,12.69992],[75.09664,12.70057],[75.09213,12.70047],[75.09059,12.70078],[75.08881,12.7016],[75.08681,12.70348],[75.08577,12.7036],[75.08512,12.70222],[75.08417,12.70115],[75.08108,12.7009],[75.08046,12.69958],[75.08119,12.69829],[75.08321,12.69694],[75.08421,12.69649],[75.08456,12.69504],[75.0839,12.69359],[75.08327,12.69297],[75.08357,12.69172],[75.08413,12.69138],[75.08412,12.69041],[75.08443,12.6887],[75.08572,12.68531],[75.08533,12.6846],[75.0854,12.6832],[75.0861,12.68087],[75.087,12.67681],[75.087,12.67631],[75.08669,12.67525],[75.08472,12.6744]]}},
{"type":"Feature","properties":{"kind":"state","name":"Karnataka–Kerala","src":"OSM relations 2019939 and 2018151","river":"9634","rlen":47},"geometry":{"type":"LineString","coordinates":[[75.08472,12.6744],[75.08424,12.67485],[75.08404,12.67493],[75.0837,12.67493],[75.08341,12.67479],[75.08229,12.67393],[75.08197,12.67315],[75.0817,12.67284],[75.08139,12.67266],[75.08108,12.67235],[75.08072,12.67159],[75.07995,12.67119],[75.07951,12.67118],[75.0789,12.67128],[75.07808,12.67219],[75.0778,12.67227],[75.077,12.67208],[75.0748,12.6723],[75.07408,12.67215],[75.07317,12.67163],[75.07261,12.67112],[75.07205,12.66987],[75.0717,12.66943],[75.07133,12.66919],[75.07101,12.66879],[75.07052,12.66769],[75.0702,12.66594],[75.06986,12.66476],[75.06968,12.66447],[75.06943,12.66424],[75.06912,12.66412],[75.06865,12.66413],[75.06768,12.66399],[75.06687,12.66366],[75.06639,12.66363],[75.06588,12.66376],[75.06457,12.66437],[75.06433,12.66468],[75.064,12.66559],[75.06386,12.66625],[75.06322,12.66744],[75.06272,12.6681],[75.06216,12.6683],[75.06117,12.66831],[75.06067,12.66855],[75.06038,12.66878],[75.0603,12.66903],[75.06028,12.6695],[75.06059,12.67041],[75.06066,12.67087],[75.06064,12.67111],[75.06043,12.67153],[75.0602,12.6717],[75.05993,12.67171],[75.05941,12.67139],[75.05878,12.6712],[75.05852,12.67103],[75.05817,12.67049],[75.05779,12.67009],[75.058,12.66905],[75.05843,12.66844],[75.05915,12.66786],[75.05959,12.66708],[75.05971,12.66645],[75.05969,12.66603],[75.05955,12.66585],[75.05892,12.66559],[75.05856,12.66557],[75.05793,12.6657],[75.05696,12.66566],[75.05668,12.6658],[75.05641,12.66629],[75.05625,12.66703],[75.05608,12.66745],[75.05573,12.66793],[75.05558,12.66854],[75.05537,12.66893],[75.05471,12.66955],[75.05358,12.66969],[75.05276,12.66937],[75.05176,12.66934],[75.05034,12.66945],[75.0497,12.66917],[75.04891,12.66861],[75.04731,12.66776]]}},
{"type":"Feature","properties":{"kind":"state","name":"Karnataka–Kerala","src":"OSM relations 2019939 and 2018151"},"geometry":{"type":"LineString","coordinates":[[75.04731,12.66776],[75.04621,12.66934],[75.04336,12.67147],[75.04237,12.67274],[75.0422,12.67333],[75.04255,12.67386],[75.04327,12.6759],[75.04333,12.67664],[75.04321,12.67765],[75.04279,12.67868],[75.0427,12.67971],[75.04299,12.68068],[75.04364,12.68151],[75.04361,12.68231],[75.04302,12.68345],[75.04258,12.68471],[75.04314,12.68629],[75.04269,12.68782],[75.04209,12.68903],[75.04276,12.6909],[75.04467,12.69256],[75.04658,12.69369],[75.04928,12.69409],[75.05123,12.69359],[75.05273,12.69293],[75.05471,12.69138],[75.0552,12.69184],[75.05567,12.69301],[75.05687,12.69478],[75.05665,12.69567],[75.05507,12.69738],[75.05318,12.70089],[75.05218,12.70348],[75.05196,12.70467],[75.05236,12.70553],[75.05339,12.70619],[75.05509,12.70622],[75.05595,12.7066],[75.05665,12.7078],[75.0566,12.70888],[75.05472,12.71124],[75.05268,12.7163],[75.05236,12.71757],[75.05297,12.71899],[75.05315,12.71987],[75.05269,12.72037],[75.05014,12.72142],[75.04911,12.72163],[75.04816,12.72156],[75.04683,12.72125],[75.04608,12.72153],[75.0456,12.72226],[75.04462,12.72292],[75.04382,12.72278],[75.04292,12.7221],[75.04231,12.72197],[75.04057,12.72361],[75.03949,12.72368],[75.03759,12.72358],[75.03539,12.72402],[75.03454,12.72382],[75.031,12.72035],[75.02962,12.71967],[75.0278,12.71935],[75.02486,12.7194],[75.02201,12.71987],[75.0195,12.72074],[75.0189,12.72064],[75.01829,12.72024],[75.01761,12.71918],[75.01686,12.71744],[75.01632,12.71558],[75.01561,12.71494],[75.01463,12.7147],[75.0119,12.71452],[75.00968,12.71472],[75.00508,12.71584],[75.0021,12.71603],[75.00144,12.71649],[75.00094,12.71765],[75.00101,12.7191],[75.00137,12.72007],[75.00228,12.72006],[75.00402,12.72026],[75.00579,12.72087],[75.007,12.72185],[75.01013,12.7254],[75.01173,12.72658],[75.01342,12.72812],[75.01346,12.72864],[75.01282,12.72911],[75.01049,12.72966],[75.00343,12.73213],[75.00048,12.73303],[74.99912,12.73399],[74.99727,12.73488],[74.99644,12.73552],[74.99533,12.73744],[74.99437,12.73832],[74.99322,12.74014],[74.99277,12.74033],[74.99215,12.74029],[74.9915,12.73986],[74.99107,12.73934],[74.99103,12.73881],[74.9919,12.73759],[74.99196,12.73706],[74.99141,12.73627],[74.99032,12.73611],[74.98966,12.73642],[74.98911,12.73711],[74.98865,12.73739],[74.98837,12.73693],[74.9882,12.73579],[74.98765,12.73494],[74.98717,12.73434],[74.98622,12.73404],[74.98544,12.73415],[74.98471,12.73461],[74.98411,12.73567],[74.98395,12.73651],[74.98266,12.73819]]}},
{"type":"Feature","properties":{"kind":"state","name":"Karnataka–Kerala","src":"OSM relations 2019939 and 2018151","river":"9675","rlen":51},"geometry":{"type":"LineString","coordinates":[[74.98266,12.73819],[74.98296,12.73848],[74.98394,12.73965],[74.98452,12.74071],[74.98463,12.74128],[74.98462,12.74162],[74.98445,12.74237],[74.98441,12.74327],[74.98457,12.74373],[74.98488,12.74408],[74.98507,12.74421],[74.98547,12.74425],[74.98603,12.74423],[74.98623,12.74413],[74.98647,12.74375],[74.98661,12.74244],[74.98716,12.74218],[74.98755,12.74226],[74.98783,12.74252],[74.9885,12.74388],[74.98959,12.74487],[74.99028,12.74584],[74.99067,12.74612],[74.9919,12.74656],[74.99211,12.74671],[74.99242,12.74719],[74.99269,12.7478],[74.99319,12.74918],[74.99365,12.75007],[74.99402,12.75055],[74.99433,12.7508],[74.99539,12.75132],[74.9966,12.75177],[74.99695,12.75197],[74.99715,12.75219],[74.99747,12.75297],[74.99845,12.75443],[74.99855,12.75481],[74.99845,12.75565],[74.9985,12.75605],[74.99875,12.75681],[74.99915,12.75736],[75.00016,12.75787],[75.00144,12.75826],[75.00193,12.75866],[75.00248,12.75926],[75.00365,12.75982],[75.00426,12.76047],[75.00459,12.76135],[75.0047,12.76366],[75.00486,12.76437],[75.00709,12.76682],[75.00729,12.76691],[75.00863,12.76709],[75.00905,12.76724],[75.00938,12.76748],[75.00964,12.76788],[75.00974,12.76819],[75.00955,12.7699],[75.00974,12.77026]]}},
{"type":"Feature","properties":{"kind":"state","name":"Karnataka–Kerala","src":"OSM relations 2019939 and 2018151"},"geometry":{"type":"LineString","coordinates":[[75.00974,12.77026],[75.00778,12.77131],[75.00641,12.77336],[75.00566,12.77575],[75.00511,12.78],[75.00511,12.78321],[75.00573,12.78578],[75.00601,12.78792],[75.00634,12.78875],[75.00717,12.79014],[75.00748,12.79101],[75.00723,12.79164],[75.0066,12.79226],[75.00575,12.79262],[75.005,12.79257],[75.00407,12.79211],[75.00172,12.79127],[75.00156,12.79095],[75.00289,12.78955],[75.00333,12.78878],[75.00339,12.78786],[75.00291,12.7873],[75.00166,12.78668],[75.00092,12.7868],[75.00037,12.78744],[74.99975,12.78854],[74.9992,12.78903],[74.99786,12.78955],[74.997,12.7904],[74.99623,12.79199],[74.99518,12.7934],[74.99427,12.79499],[74.99358,12.79569],[74.9927,12.79606],[74.99135,12.79605],[74.99024,12.79538],[74.98965,12.79447],[74.98976,12.79367],[74.99034,12.79234],[74.99165,12.7908],[74.99238,12.78937],[74.99254,12.78825],[74.99217,12.78704],[74.98883,12.78329],[74.9873,12.78207],[74.98651,12.78183],[74.98607,12.78192],[74.98473,12.78312],[74.98367,12.78328],[74.98285,12.78295],[74.98273,12.78235],[74.98305,12.78098],[74.98292,12.78045],[74.9824,12.78002],[74.97816,12.77926],[74.97594,12.77904],[74.97381,12.77835],[74.97123,12.77816],[74.9679,12.77739],[74.96728,12.77754],[74.96689,12.77819],[74.96693,12.77904],[74.96737,12.78085],[74.96732,12.78145],[74.96649,12.78191],[74.96517,12.78203],[74.96478,12.78176],[74.96443,12.78079],[74.96424,12.77983],[74.96321,12.77951],[74.96092,12.77993],[74.95997,12.7804],[74.95915,12.78169],[74.95845,12.7842],[74.95743,12.78511],[74.95635,12.7855],[74.95475,12.78539],[74.9525,12.78477],[74.94647,12.78253],[74.94376,12.78194],[74.94107,12.78079],[74.93987,12.78059],[74.93654,12.78089],[74.93478,12.78067],[74.93378,12.78041],[74.93174,12.77958],[74.92988,12.77866],[74.92684,12.77774],[74.92384,12.77656],[74.92052,12.77456],[74.91603,12.7725],[74.91279,12.77168],[74.91007,12.77062],[74.90341,12.7675],[74.9023,12.76615],[74.90136,12.76461],[74.90055,12.76391],[74.89999,12.76364],[74.89932,12.76355],[74.89565,12.76402],[74.89452,12.76375],[74.89008,12.7608],[74.88779,12.75845],[74.88551,12.75696],[74.88444,12.7557],[74.88388,12.75543],[74.88306,12.75525],[74.88195,12.75528],[74.87947,12.75561],[74.87553,12.75679],[74.875,12.75725],[74.87454,12.758],[74.87428,12.75948],[74.87456,12.7613],[74.87422,12.76155],[74.86957,12.76084],[74.86541,12.75995],[74.86407,12.76006]]}},
{"type":"Feature","properties":{"kind":"state","name":"Karnataka–Tamil Nadu","src":"OSM relations 2019939 and 96905"},"geometry":{"type":"LineString","coordinates":[[78.23138,12.76212],[78.22648,12.76468],[78.22172,12.76636],[78.21454,12.76619],[78.21252,12.76517],[78.20337,12.77033],[78.19894,12.77245],[78.19216,12.7744],[78.19102,12.77306],[78.18954,12.77269],[78.18684,12.77284],[78.18607,12.7753],[78.17984,12.77538],[78.17621,12.77607],[78.17301,12.7747],[78.1682,12.77026],[78.16352,12.77175],[78.15472,12.77588],[78.15008,12.77889],[78.14276,12.78164],[78.13397,12.78212],[78.13082,12.78423],[78.12615,12.7917],[78.12512,12.79759],[78.1238,12.79826],[78.11931,12.80194],[78.10968,12.80473],[78.10392,12.80974],[78.09887,12.8126],[78.09035,12.81781],[78.09014,12.82376],[78.08758,12.82521],[78.08549,12.83187],[78.08117,12.83231],[78.07727,12.83007],[78.07338,12.82995],[78.07357,12.8349],[78.0765,12.83731],[78.07659,12.83962],[78.07426,12.84118],[78.07055,12.84262],[78.06674,12.84213],[78.0599,12.84359],[78.06034,12.84635],[78.05857,12.85169],[78.05409,12.85356],[78.05173,12.85317],[78.05019,12.84849],[78.03861,12.85156],[78.03035,12.85202],[78.03043,12.85813],[78.02635,12.8578],[78.023,12.85655],[78.02288,12.85328],[78.02624,12.85038],[78.02969,12.84908],[78.02843,12.84512],[78.02435,12.84182],[78.01901,12.84397],[78.01764,12.83081],[78.00976,12.83028],[78.0052,12.82725],[78.00367,12.82518],[78.00389,12.82354],[78.0058,12.82192],[78.00952,12.82017],[78.01271,12.8189],[78.01372,12.81581],[78.0146,12.8139],[78.01441,12.81222],[78.01222,12.80899],[78.00969,12.80569],[78.00649,12.80846],[78.00022,12.80903],[77.99728,12.80788],[77.99534,12.80668],[77.98845,12.80863],[77.98997,12.82191],[77.98678,12.82216],[77.97916,12.82774],[77.98032,12.83089],[77.9801,12.83229],[77.98048,12.83562],[77.97477,12.83524],[77.97273,12.83386],[77.96884,12.833],[77.9647,12.83304],[77.96253,12.8349],[77.9624,12.84103],[77.965,12.8447],[77.96557,12.8485],[77.9641,12.84874],[77.96368,12.85047],[77.96133,12.85053],[77.96077,12.84812],[77.95863,12.84793],[77.95669,12.85002],[77.95327,12.85021],[77.95286,12.85688],[77.94515,12.85762],[77.94306,12.85819],[77.94036,12.85459],[77.939,12.85089],[77.93974,12.84642],[77.94517,12.84075],[77.94578,12.83861],[77.9419,12.8316],[77.94054,12.82681],[77.94051,12.82319],[77.93382,12.82362],[77.92961,12.8258],[77.92695,12.83012],[77.92293,12.83025],[77.92057,12.82756],[77.91944,12.82917],[77.91737,12.83145],[77.91709,12.83936],[77.91984,12.84278],[77.92398,12.8506],[77.92228,12.85453],[77.92343,12.85711],[77.92724,12.85799],[77.93044,12.86067],[77.93413,12.86293],[77.93601,12.86615],[77.94084,12.86744],[77.94202,12.8732],[77.93451,12.87316],[77.9269,12.87417],[77.92702,12.87868],[77.92738,12.88136],[77.9344,12.88098],[77.93633,12.88417],[77.93519,12.88723],[77.93248,12.88934],[77.92944,12.89098],[77.92548,12.89068],[77.92107,12.88417],[77.90948,12.88501],[77.90791,12.87804],[77.89504,12.87883],[77.89062,12.86981],[77.8855,12.87079],[77.88351,12.86973],[77.88263,12.86825],[77.87967,12.86833],[77.87797,12.86854],[77.87659,12.86849],[77.87572,12.86721],[77.87131,12.86703],[77.86765,12.86807],[77.85735,12.86888],[77.85473,12.86667],[77.85022,12.86591],[77.84682,12.8689],[77.83784,12.86913],[77.83696,12.87036],[77.83674,12.8704],[77.83259,12.86756],[77.83206,12.86491],[77.83238,12.86375],[77.83308,12.86202],[77.8325,12.86181],[77.83237,12.86216],[77.8317,12.86207],[77.83007,12.86211],[77.8289,12.86165],[77.82889,12.86156],[77.82827,12.86129],[77.82763,12.86082],[77.82685,12.86077],[77.82676,12.8605],[77.82617,12.86029],[77.82569,12.8604],[77.82511,12.85989],[77.82393,12.85803],[77.82292,12.85599],[77.82214,12.85611],[77.82121,12.85603],[77.81604,12.85619],[77.81586,12.8558],[77.81524,12.85593],[77.8146,12.85527],[77.81114,12.85253],[77.81033,12.85133],[77.80959,12.84869],[77.80898,12.84823],[77.8079,12.84768],[77.80671,12.84849],[77.80289,12.85065],[77.79994,12.85173],[77.79977,12.85166],[77.799,12.85195],[77.79792,12.84897],[77.79762,12.84797],[77.79768,12.84773],[77.7968,12.84496],[77.79617,12.84502],[77.79483,12.8455],[77.79357,12.84435],[77.79308,12.8437],[77.79275,12.84342],[77.79259,12.84341],[77.79253,12.84279],[77.79331,12.83983],[77.7948,12.83686],[77.79561,12.83498],[77.79559,12.8348],[77.79744,12.83408],[77.79904,12.83372],[77.80032,12.83359],[77.80216,12.83322],[77.80433,12.83305],[77.81006,12.83102],[77.81009,12.83069],[77.80992,12.82998],[77.81005,12.82992],[77.80957,12.82798],[77.80831,12.82531],[77.80795,12.82326],[77.80836,12.82019],[77.80873,12.81868],[77.80928,12.81674],[77.80978,12.81582],[77.80594,12.81667],[77.80224,12.81714],[77.80237,12.8167],[77.80136,12.81292],[77.8015,12.81259],[77.80053,12.80918],[77.80002,12.80631],[77.79998,12.80543],[77.80396,12.80479],[77.80408,12.80387],[77.80399,12.80301],[77.80448,12.80302],[77.80494,12.80131],[77.80534,12.80031],[77.80623,12.79993],[77.80644,12.80001],[77.80728,12.79988],[77.80749,12.79968],[77.80743,12.79947],[77.80756,12.79945],[77.80778,12.79847],[77.80905,12.79708],[77.80903,12.79683],[77.80817,12.79506],[77.80739,12.79454],[77.80706,12.79453],[77.80661,12.79413],[77.80638,12.79445],[77.80596,12.79455],[77.80522,12.79437],[77.80487,12.79413],[77.80415,12.79424],[77.80292,12.79596],[77.80232,12.7963],[77.8018,12.79637],[77.80136,12.79629],[77.80083,12.79496],[77.80047,12.79446],[77.79998,12.79475],[77.79981,12.79586],[77.79942,12.79577],[77.79789,12.79352],[77.79695,12.79368],[77.79671,12.79361],[77.79605,12.79217],[77.79471,12.7917],[77.79451,12.79053],[77.79266,12.78723],[77.7922,12.78666],[77.79218,12.78636],[77.79181,12.78577],[77.79116,12.78404],[77.79082,12.78343],[77.79055,12.78331],[77.78916,12.78167],[77.78934,12.7814],[77.78829,12.77971],[77.78814,12.77982],[77.78805,12.77939],[77.78728,12.77882],[77.78695,12.77884],[77.78606,12.77766],[77.78543,12.77738],[77.78519,12.77739],[77.78529,12.77726],[77.78493,12.77707],[77.78466,12.77657],[77.78461,12.77592],[77.78396,12.77445],[77.78333,12.77386],[77.78231,12.77334],[77.7789,12.76796],[77.77954,12.76794],[77.78004,12.7677],[77.7806,12.76691],[77.78104,12.76577],[77.78271,12.76499],[77.78285,12.76409],[77.78357,12.76365],[77.78532,12.76211],[77.78926,12.76044],[77.79109,12.7598],[77.79403,12.75841],[77.79501,12.75823],[77.79448,12.75714],[77.79399,12.75514],[77.7939,12.75446],[77.79406,12.75443],[77.7933,12.75066],[77.79265,12.74852],[77.79228,12.74782],[77.792,12.74675],[77.79129,12.74674],[77.79014,12.74624],[77.78797,12.7448],[77.78401,12.74113],[77.77981,12.7415],[77.77887,12.74123],[77.77684,12.74029],[77.77511,12.74036],[77.77334,12.74059],[77.76959,12.74026],[77.76484,12.73784],[77.763,12.7364],[77.76265,12.73485],[77.76244,12.73447],[77.76203,12.73281],[77.76097,12.72964],[77.76106,12.72726],[77.76219,12.72662],[77.76339,12.72641],[77.76518,12.72587],[77.76624,12.72571],[77.76666,12.72581],[77.76729,12.72574],[77.77002,12.72502],[77.77324,12.72437],[77.77355,12.7244],[77.7736,12.72481],[77.77441,12.72451],[77.77434,12.72413],[77.7734,12.72292],[77.77281,12.7217],[77.77141,12.71946],[77.77112,12.71917],[77.7707,12.71826],[77.77024,12.71641],[77.7697,12.71321],[77.76884,12.71325],[77.76886,12.71355],[77.76613,12.71297],[77.76588,12.71086],[77.7661,12.70901],[77.76527,12.7059],[77.76476,12.70305],[77.76455,12.70243],[77.76507,12.70264],[77.76494,12.70226],[77.76475,12.70214],[77.76307,12.69785],[77.76257,12.69696],[77.76091,12.69709],[77.76093,12.69685],[77.76069,12.69685],[77.76068,12.69705],[77.76013,12.69725],[77.75761,12.6976],[77.75416,12.69729],[77.75148,12.69795],[77.74899,12.69901],[77.74727,12.69957],[77.74496,12.70015],[77.74411,12.70013],[77.74104,12.7008],[77.73756,12.69839],[77.73693,12.6971],[77.73677,12.69646],[77.7363,12.69586],[77.73582,12.69426],[77.73573,12.69424],[77.73568,12.69321],[77.73596,12.69177],[77.73698,12.69017],[77.73747,12.68915],[77.73852,12.68832],[77.74009,12.68678],[77.74099,12.68544],[77.7413,12.68359],[77.74168,12.68211],[77.74081,12.67755],[77.741,12.67373],[77.73872,12.67205],[77.73802,12.67205],[77.73645,12.67236],[77.73537,12.67222],[77.73475,12.67244],[77.73233,12.67253],[77.73227,12.67239],[77.73007,12.67289],[77.72936,12.67264],[77.72569,12.6708],[77.72521,12.67095],[77.72478,12.6708],[77.72477,12.67141],[77.72437,12.67157],[77.72406,12.67306],[77.72343,12.67398],[77.72319,12.67893],[77.72281,12.67906],[77.72285,12.67945],[77.72321,12.67938],[77.72195,12.67982],[77.72089,12.68],[77.7199,12.68038],[77.71781,12.6816],[77.71382,12.68268],[77.71196,12.68339],[77.7118,12.68281],[77.71167,12.68135],[77.71191,12.67993],[77.7119,12.67677],[77.71206,12.67525],[77.71224,12.6751],[77.71229,12.67471],[77.71221,12.67345],[77.71172,12.67071],[77.71129,12.66935],[77.71106,12.66714],[77.71086,12.66639],[77.70823,12.66571],[77.70818,12.66549],[77.70757,12.66507],[77.70687,12.66404],[77.70662,12.66344],[77.70639,12.66339],[77.705,12.66171],[77.70444,12.66165],[77.70381,12.66128],[77.70322,12.66114],[77.7027,12.6608],[77.70108,12.66058],[77.69874,12.66073],[77.69672,12.66066],[77.69661,12.66074],[77.69498,12.66053],[77.69189,12.66054],[77.68965,12.65849],[77.68463,12.66002],[77.68222,12.65998],[77.68093,12.66012],[77.67971,12.66006],[77.6787,12.66024],[77.67827,12.66062],[77.67887,12.66193],[77.67615,12.66345],[77.67685,12.66589],[77.67713,12.66758],[77.67714,12.66825],[77.67698,12.66912],[77.67734,12.67216],[77.6755,12.67357],[77.67637,12.67603],[77.6764,12.67658],[77.67707,12.67933],[77.67604,12.67938],[77.67224,12.6808],[77.67008,12.68131],[77.66815,12.68204],[77.6678,12.68203],[77.6669,12.68238],[77.66325,12.68327],[77.65562,12.68191],[77.65271,12.68066],[77.64629,12.67866],[77.63787,12.6757],[77.62377,12.67379],[77.59888,12.66718],[77.59802,12.66358],[77.59704,12.65801],[77.59678,12.65508],[77.59605,12.65001],[77.5991,12.64331],[77.60111,12.64273],[77.60449,12.63796],[77.60371,12.63487],[77.60626,12.63051],[77.60605,12.62814],[77.60147,12.62537],[77.59808,12.62262],[77.59534,12.62224],[77.59225,12.61803],[77.59102,12.6138],[77.59179,12.60278],[77.59155,12.59116],[77.58612,12.58317],[77.58397,12.57845],[77.5836,12.57565],[77.57952,12.57301],[77.58024,12.5695],[77.57964,12.56735],[77.58075,12.5656],[77.58031,12.55158],[77.58638,12.54599],[77.58545,12.54176],[77.58558,12.53513],[77.58629,12.53054],[77.58893,12.52512],[77.58721,12.51479],[77.58925,12.51562],[77.59186,12.51531],[77.59391,12.51614],[77.59971,12.51571],[77.6035,12.51511],[77.60694,12.51404],[77.61237,12.51461],[77.61622,12.5093],[77.61501,12.50714],[77.61489,12.50425],[77.60994,12.50056],[77.60179,12.49585],[77.59613,12.48991],[77.59318,12.48791],[77.59177,12.48529],[77.589,12.48585],[77.5872,12.48355],[77.58454,12.48089],[77.58395,12.47855],[77.58653,12.47714],[77.58937,12.47714],[77.59341,12.47632],[77.59581,12.47463],[77.59807,12.47616],[77.59987,12.4757],[77.60609,12.4745],[77.60789,12.47534],[77.61283,12.4802],[77.61661,12.48292],[77.61918,12.48703],[77.626,12.49637],[77.62961,12.4944],[77.63218,12.49021],[77.63248,12.48942],[77.63519,12.48815]]}},
{"type":"Feature","properties":{"kind":"state","name":"Karnataka–Tamil Nadu","src":"OSM relations 2019939 and 96905","river":"7727","rlen":49},"geometry":{"type":"LineString","coordinates":[[77.63519,12.48815],[77.63511,12.48788],[77.63513,12.48718],[77.63504,12.48692],[77.63458,12.48617],[77.63417,12.48515],[77.63361,12.48437],[77.63361,12.48383],[77.63332,12.48253],[77.63296,12.48199],[77.63295,12.48149],[77.63317,12.4811],[77.63323,12.48064],[77.63307,12.4802],[77.63242,12.479],[77.63238,12.47875],[77.63254,12.47782],[77.63289,12.4768],[77.63288,12.4764],[77.63271,12.47565],[77.63244,12.4749],[77.63229,12.47476],[77.6314,12.47433],[77.63133,12.47423],[77.63131,12.47388],[77.6314,12.47362],[77.63128,12.47276],[77.63115,12.47249],[77.63093,12.47228],[77.63012,12.47188],[77.63013,12.47161],[77.63032,12.47151],[77.63061,12.47149],[77.63074,12.4713],[77.63092,12.47019],[77.63076,12.46986],[77.63097,12.46942],[77.63107,12.46901],[77.63107,12.46817],[77.63098,12.46799],[77.63035,12.46767],[77.62996,12.46728],[77.62937,12.467],[77.62923,12.46686],[77.62905,12.4664],[77.62907,12.46613],[77.62919,12.46593],[77.6296,12.46586],[77.62998,12.46558],[77.63046,12.46547],[77.63057,12.46537],[77.63051,12.4651],[77.63012,12.46464],[77.62977,12.46443],[77.62969,12.4642],[77.6297,12.46369],[77.62961,12.46355],[77.62943,12.46351],[77.62883,12.46379],[77.62825,12.46386],[77.62777,12.46344],[77.62769,12.46327],[77.62777,12.46305],[77.62827,12.46275],[77.6285,12.46249],[77.62856,12.46192],[77.62829,12.46143],[77.62803,12.4613],[77.62765,12.46123],[77.62735,12.46137],[77.62699,12.46231],[77.62683,12.46257],[77.62661,12.46265],[77.62623,12.46219],[77.62591,12.46151],[77.62574,12.46066],[77.62576,12.46025],[77.62596,12.45978],[77.62618,12.45957],[77.6262,12.45937],[77.62619,12.45914],[77.62579,12.45816],[77.62583,12.45791],[77.62668,12.4568],[77.62689,12.45642],[77.62693,12.45589],[77.62665,12.45548],[77.62623,12.45529],[77.62577,12.45451],[77.62583,12.45428],[77.62607,12.454],[77.62677,12.45394],[77.62699,12.45379],[77.62691,12.45338],[77.62696,12.45318],[77.62703,12.45299],[77.62735,12.45266],[77.62742,12.45239],[77.62733,12.45195],[77.62695,12.45181],[77.62674,12.45159],[77.62684,12.45128],[77.62711,12.45114],[77.62724,12.45093],[77.62726,12.45071],[77.62684,12.44879],[77.6268,12.44737],[77.62688,12.44703]]}},
{"type":"Feature","properties":{"kind":"state","name":"Karnataka–Tamil Nadu","src":"OSM relations 2019939 and 96905"},"geometry":{"type":"LineString","coordinates":[[77.62688,12.44703],[77.62912,12.44666],[77.62888,12.44462],[77.62712,12.44123],[77.62691,12.44025],[77.62682,12.43314],[77.62605,12.43121],[77.62661,12.42937],[77.62935,12.42514],[77.62974,12.41835],[77.62326,12.41223],[77.62334,12.40456],[77.62218,12.39437],[77.62051,12.38232],[77.61815,12.38119],[77.61686,12.36826],[77.61622,12.36754],[77.61433,12.36218],[77.61311,12.36105],[77.60945,12.36106],[77.60626,12.36056],[77.6034,12.35948],[77.60051,12.3582],[77.59952,12.35591],[77.59835,12.34977],[77.5948,12.34587],[77.59171,12.34042],[77.58472,12.33774],[77.5821,12.3374],[77.58056,12.33614],[77.57845,12.33585],[77.57761,12.33187],[77.56513,12.30511],[77.55867,12.30576],[77.55305,12.29813],[77.55175,12.29173],[77.53418,12.29099],[77.53257,12.28905],[77.52722,12.27746],[77.51489,12.27514],[77.50814,12.27586],[77.5004,12.28271],[77.49371,12.27869],[77.48867,12.27955],[77.48752,12.27746],[77.47905,12.26987],[77.47132,12.2455],[77.47078,12.24349]]}},
{"type":"Feature","properties":{"kind":"state","name":"Karnataka–Tamil Nadu","src":"OSM relations 2019939 and 96905","river":"6983","rlen":894},"geometry":{"type":"LineString","coordinates":[[77.47078,12.24349],[77.47335,12.24282],[77.4741,12.24257],[77.47491,12.24216],[77.47541,12.24166],[77.47747,12.24078],[77.47894,12.23911],[77.47944,12.23832],[77.48016,12.23666],[77.4805,12.2356],[77.48073,12.23515],[77.48129,12.23433],[77.48172,12.2339],[77.48265,12.23248],[77.48274,12.23214],[77.48274,12.23021],[77.48263,12.22956],[77.48227,12.22895],[77.48197,12.22779],[77.48154,12.22682],[77.48095,12.22619],[77.48061,12.22569],[77.48037,12.22456],[77.47871,12.22232],[77.47713,12.21892],[77.47616,12.21718],[77.47527,12.21514],[77.47206,12.20978],[77.4719,12.20865],[77.47204,12.20815],[77.4726,12.20763],[77.47355,12.20697],[77.47491,12.20629],[77.47591,12.20566],[77.47665,12.20548],[77.47751,12.20546],[77.48057,12.20466],[77.48186,12.20448],[77.48446,12.20451],[77.48564,12.20439],[77.48636,12.20419],[77.48711,12.2038],[77.48799,12.20247],[77.4889,12.20163],[77.48949,12.20125],[77.49023,12.20102],[77.49102,12.20025],[77.49148,12.19923],[77.49245,12.19763],[77.49311,12.19726],[77.49403,12.1971],[77.49496,12.19713],[77.49589,12.19744],[77.49661,12.19756],[77.49777,12.1976],[77.49876,12.19742],[77.5008,12.19665],[77.50423,12.19604],[77.50625,12.19593],[77.5076,12.1956],[77.50937,12.19529],[77.51112,12.19526],[77.51569,12.1956],[77.51673,12.19538],[77.51863,12.19464],[77.51921,12.19464],[77.51959,12.19486],[77.52059,12.19581],[77.52182,12.19668],[77.52333,12.1976],[77.52508,12.19812],[77.52775,12.19912],[77.52984,12.19953],[77.53116,12.19955],[77.53326,12.19897],[77.5343,12.19883],[77.5353,12.19883],[77.53629,12.19898],[77.53852,12.19947],[77.53898,12.1998],[77.53943,12.20036],[77.54019,12.20175],[77.54055,12.20207],[77.54377,12.20401],[77.545,12.20459],[77.54572,12.20471],[77.54714,12.20475],[77.54832,12.20444],[77.54978,12.20391],[77.55023,12.20372],[77.55339,12.20192],[77.55514,12.20107],[77.55646,12.20064],[77.5594,12.19925],[77.561,12.19875],[77.56223,12.1982],[77.56304,12.19735],[77.56379,12.19671],[77.56449,12.19647],[77.56534,12.19631],[77.56659,12.19628],[77.56837,12.19676],[77.56884,12.19699],[77.56911,12.19732],[77.56933,12.19808],[77.56952,12.19936],[77.56971,12.1997],[77.57,12.19997],[77.57109,12.20027],[77.57159,12.2003],[77.57343,12.20101],[77.57412,12.20112],[77.57481,12.20107],[77.57609,12.20067],[77.57681,12.19988],[77.5779,12.19905],[77.57861,12.19867],[77.57903,12.19855],[77.58036,12.19844],[77.58258,12.19839],[77.58439,12.1987],[77.58599,12.19929],[77.58834,12.1996],[77.59017,12.19972],[77.59144,12.19964],[77.59282,12.19937],[77.59418,12.19926],[77.59665,12.19953],[77.59785,12.19974],[77.59889,12.20001],[77.59979,12.20045],[77.60073,12.20138],[77.60148,12.20254],[77.60222,12.20341],[77.60516,12.20526],[77.60645,12.2056],[77.60805,12.20577],[77.60988,12.20564],[77.61181,12.20526],[77.61318,12.20487],[77.61456,12.20411],[77.61557,12.20326],[77.61685,12.20173],[77.61775,12.20107],[77.61955,12.20043],[77.62094,12.20003],[77.62213,12.20008],[77.62275,12.2002],[77.62515,12.20119],[77.62634,12.20159],[77.62702,12.20169],[77.63041,12.20154],[77.63128,12.20117],[77.63272,12.1996],[77.6342,12.19813],[77.63548,12.19735],[77.63708,12.19687],[77.63854,12.19662],[77.63955,12.19652],[77.64101,12.19667],[77.64494,12.19812],[77.64749,12.19865],[77.65188,12.199],[77.654,12.19945],[77.65614,12.1996],[77.65696,12.19943],[77.65838,12.19873],[77.6597,12.19747],[77.66028,12.19707],[77.66075,12.19694],[77.66146,12.19693],[77.66301,12.19704],[77.66528,12.19696],[77.66847,12.19634],[77.67026,12.19544],[77.67265,12.19449],[77.67595,12.19301],[77.67731,12.19255],[77.6827,12.19185],[77.6838,12.1914],[77.68478,12.19052],[77.69211,12.18788],[77.69709,12.18551],[77.70583,12.18312],[77.71128,12.1823],[77.7163,12.1828],[77.719,12.18293],[77.72336,12.18253],[77.72635,12.18183],[77.72824,12.18082],[77.72953,12.18046],[77.73072,12.17987],[77.73303,12.17817],[77.73344,12.17764],[77.73391,12.1768],[77.73422,12.17598],[77.73487,12.17045],[77.73509,12.16961],[77.73621,12.16754],[77.73707,12.16653],[77.73756,12.16621],[77.73824,12.16597],[77.73895,12.16587],[77.73985,12.1661],[77.74026,12.16602],[77.7441,12.16253],[77.74471,12.16143],[77.74593,12.15907],[77.74628,12.15808],[77.7466,12.15687],[77.7466,12.15597],[77.74633,12.15438],[77.74657,12.15135],[77.74655,12.14716],[77.74706,12.14503],[77.74887,12.13889],[77.74991,12.13707],[77.75109,12.13591],[77.7533,12.1339],[77.75834,12.13029],[77.75954,12.12911],[77.76012,12.12871],[77.76158,12.12778],[77.76298,12.12721],[77.76364,12.12703],[77.76739,12.12512],[77.76874,12.12435],[77.77088,12.12273],[77.77126,12.12224],[77.77341,12.12004],[77.77441,12.11877],[77.77581,12.11786],[77.77601,12.11763],[77.77614,12.11735],[77.77621,12.11647],[77.7757,12.11454],[77.774,12.11044],[77.77341,12.10938],[77.77199,12.10802],[77.77128,12.1075],[77.76785,12.10627],[77.76755,12.10604],[77.76715,12.10554],[77.76688,12.10502],[77.76644,12.10382],[77.76551,12.10191],[77.76445,12.1002],[77.76337,12.09811],[77.76323,12.09751],[77.76318,12.09593],[77.76295,12.09503],[77.76271,12.09439],[77.76119,12.0921],[77.7609,12.09141],[77.76049,12.08959],[77.76031,12.08909],[77.75986,12.0886],[77.75909,12.08798],[77.75872,12.08752],[77.75858,12.08705],[77.75855,12.08561],[77.75862,12.08506],[77.75856,12.08449],[77.75818,12.08349],[77.75651,12.08051],[77.75487,12.07923],[77.75429,12.07894],[77.75349,12.0783],[77.75138,12.07602],[77.74978,12.07469],[77.74907,12.07401],[77.74726,12.07337],[77.74661,12.07282],[77.74567,12.0717],[77.74447,12.07071],[77.74036,12.06849],[77.73872,12.06717],[77.73738,12.06629],[77.73193,12.06355],[77.73042,12.0631],[77.72923,12.0629],[77.72812,12.06282],[77.72739,12.06242],[77.727,12.06195],[77.72554,12.05962],[77.72514,12.05831],[77.72471,12.05729],[77.72387,12.05632],[77.7227,12.05468],[77.72105,12.05313],[77.72062,12.05252],[77.71888,12.04953],[77.71781,12.04687],[77.71623,12.04372],[77.71533,12.04217],[77.71298,12.03927],[77.71212,12.03857],[77.70961,12.03687],[77.70882,12.03591],[77.70678,12.03209],[77.70159,12.02269],[77.69921,12.01926],[77.6977,12.01734],[77.69554,12.01393],[77.6919,12.00603],[77.68989,12.0005],[77.68346,11.98668],[77.67758,11.97317],[77.67582,11.96871],[77.67456,11.96476],[77.67402,11.96274],[77.67369,11.95986],[77.67408,11.9564],[77.67469,11.95307],[77.675,11.95258]]}},
{"type":"Feature","properties":{"kind":"state","name":"Karnataka–Tamil Nadu","src":"OSM relations 2019939 and 96905"},"geometry":{"type":"LineString","coordinates":[[77.675,11.95258],[77.67281,11.95128]]}},
{"type":"Feature","properties":{"kind":"state","name":"Karnataka–Tamil Nadu","src":"OSM relations 2019939 and 96905","river":"7716","rlen":70},"geometry":{"type":"LineString","coordinates":[[77.67281,11.95128],[77.67251,11.95124],[77.67169,11.95086],[77.67091,11.95009],[77.67001,11.94939],[77.66951,11.94913],[77.66881,11.9489],[77.66807,11.94886],[77.66628,11.94892],[77.66578,11.94885],[77.66467,11.94895],[77.66432,11.94887],[77.66381,11.94889],[77.66314,11.94868],[77.66239,11.94907],[77.66209,11.94899],[77.66171,11.94899],[77.66123,11.94935],[77.66075,11.94927],[77.66033,11.9494],[77.65867,11.94905],[77.65773,11.94916],[77.65679,11.94913],[77.65668,11.94919],[77.65672,11.94944],[77.65686,11.94949],[77.65717,11.94941],[77.65723,11.94962],[77.65697,11.94994],[77.65676,11.95037],[77.6568,11.95065],[77.65669,11.95145],[77.6565,11.95192],[77.65627,11.95331],[77.65616,11.95352],[77.65589,11.9537],[77.65476,11.95419],[77.65403,11.95435],[77.65338,11.95476],[77.65317,11.95483],[77.652,11.95484],[77.65121,11.95473],[77.65101,11.95453],[77.65064,11.95449],[77.65007,11.95424],[77.64956,11.95388],[77.64928,11.95384],[77.64889,11.95358],[77.64842,11.95341],[77.64827,11.95317],[77.64834,11.95263],[77.64828,11.95237],[77.64785,11.95114],[77.6473,11.95044],[77.64627,11.94976],[77.64607,11.94965],[77.64535,11.9496],[77.64401,11.95],[77.64342,11.95008],[77.64282,11.94995],[77.64247,11.95012],[77.63977,11.94809],[77.63942,11.94767],[77.63915,11.94763],[77.6387,11.94745],[77.63796,11.94749],[77.63747,11.94769],[77.63737,11.94776],[77.63737,11.94793],[77.63728,11.94803],[77.63705,11.94803],[77.63631,11.94778],[77.6345,11.94743],[77.63384,11.94766],[77.63315,11.94747],[77.63203,11.94692],[77.63144,11.9469],[77.63083,11.94677],[77.62991,11.94639],[77.62927,11.94599],[77.62857,11.94607],[77.62756,11.94658],[77.62684,11.94659],[77.62598,11.94677],[77.62551,11.9467],[77.62519,11.94696],[77.62461,11.94697],[77.62435,11.94688],[77.62393,11.94642],[77.62368,11.94628],[77.62267,11.946],[77.62022,11.94449],[77.61955,11.94444],[77.61914,11.9443],[77.6184,11.94463],[77.61803,11.94458],[77.61695,11.94382],[77.61607,11.94347],[77.61552,11.94347],[77.61452,11.94292],[77.61343,11.94267],[77.61193,11.94172],[77.61143,11.94166],[77.6092,11.94178],[77.60829,11.94164],[77.60661,11.94162],[77.60647,11.94153],[77.60594,11.94022],[77.6053,11.93915],[77.60517,11.93845],[77.60475,11.93816],[77.60448,11.93811],[77.60436,11.93796],[77.60429,11.93754],[77.60361,11.9372],[77.60302,11.93723],[77.60262,11.93738],[77.60212,11.9377],[77.60059,11.93804],[77.59977,11.93842],[77.59884,11.93858],[77.59794,11.93905],[77.59679,11.93952],[77.59523,11.94002],[77.59395,11.94006],[77.59351,11.9402],[77.59329,11.94019],[77.59294,11.94018],[77.59245,11.93985],[77.59211,11.93975],[77.58938,11.93956],[77.58907,11.93948],[77.58868,11.93928],[77.58739,11.93815],[77.58692,11.93711],[77.58594,11.93659],[77.58347,11.93662],[77.58278,11.93669],[77.58115,11.93651],[77.58084,11.93674],[77.58046,11.93678],[77.57974,11.93671],[77.57836,11.93625],[77.57758,11.93629],[77.57721,11.93615],[77.57671,11.93614],[77.57622,11.93631],[77.57565,11.93639],[77.57379,11.93649],[77.57236,11.93704],[77.57191,11.9371],[77.57154,11.93706],[77.57127,11.93717],[77.56942,11.93744],[77.56894,11.93759],[77.56748,11.93832],[77.56669,11.93857],[77.56617,11.93889],[77.56585,11.9392],[77.56449,11.93978],[77.56418,11.93979],[77.56207,11.94095],[77.56168,11.94149],[77.56155,11.94178],[77.56137,11.94188],[77.55896,11.9417],[77.55719,11.94125],[77.55574,11.94062],[77.55446,11.94034],[77.55406,11.94029],[77.55287,11.94053],[77.55201,11.94044],[77.5513,11.94031],[77.55088,11.94015],[77.54932,11.93986],[77.54829,11.93953],[77.54763,11.93948],[77.54634,11.93892],[77.5458,11.93891],[77.54422,11.93864],[77.54385,11.93867],[77.54352,11.93845],[77.54287,11.93836],[77.54249,11.93805],[77.54211,11.93758],[77.54148,11.93709],[77.54135,11.93676],[77.54134,11.93619],[77.54087,11.93558],[77.54065,11.93442],[77.54029,11.93365],[77.53998,11.93344],[77.53957,11.93281],[77.53895,11.93252],[77.53843,11.93201],[77.53818,11.93197],[77.53787,11.93203],[77.53674,11.9326],[77.53574,11.93287],[77.53438,11.9335],[77.53412,11.93355],[77.53361,11.93348],[77.53283,11.93361],[77.53243,11.93379],[77.53181,11.93384],[77.53076,11.93365],[77.53038,11.93344],[77.52928,11.93336],[77.52837,11.93344],[77.52825,11.93348],[77.5278,11.93397],[77.52667,11.9347],[77.52603,11.93489],[77.52528,11.93558],[77.52471,11.93585],[77.52395,11.93606],[77.5228,11.93681],[77.5226,11.93688],[77.52124,11.93694],[77.52069,11.93718],[77.51999,11.93765],[77.51952,11.93772],[77.51865,11.93814],[77.5184,11.93814],[77.51798,11.93794],[77.51706,11.93781],[77.51673,11.9377],[77.51575,11.93771],[77.5151,11.9376],[77.51435,11.93771],[77.51346,11.93755],[77.51254,11.93776],[77.51164,11.93826],[77.5112,11.93838],[77.5109,11.93854],[77.51026,11.93923],[77.50821,11.94043],[77.50683,11.94089],[77.5064,11.94114],[77.50583,11.94129],[77.50538,11.94125],[77.50492,11.94158],[77.50481,11.94156],[77.5046,11.94133],[77.50396,11.94101],[77.50263,11.94057],[77.50241,11.94045],[77.5021,11.94013],[77.50179,11.94016],[77.50158,11.94003],[77.50043,11.94007],[77.50024,11.94],[77.49971,11.94023],[77.49956,11.94036],[77.49882,11.94132],[77.49847,11.94194],[77.49773,11.9428],[77.49742,11.94304],[77.49716,11.94342],[77.49629,11.94371],[77.49557,11.94374],[77.49512,11.94353],[77.49479,11.94369],[77.49427,11.94352],[77.49399,11.94332],[77.49281,11.94174],[77.4928,11.94102],[77.49253,11.94035],[77.49259,11.93872],[77.4931,11.93692],[77.49308,11.93497],[77.49291,11.9343],[77.49313,11.93326],[77.49315,11.93257],[77.49304,11.93169],[77.49312,11.93126],[77.4931,11.9308],[77.49295,11.92907],[77.4928,11.92867],[77.49237,11.92795],[77.49241,11.92701],[77.4919,11.92584],[77.49192,11.92517],[77.49224,11.92353],[77.49225,11.92303],[77.4922,11.92241],[77.49189,11.92159],[77.49184,11.92098],[77.49155,11.9196],[77.49151,11.91926],[77.49158,11.91887],[77.49116,11.91755],[77.49087,11.91693],[77.49027,11.91583],[77.4896,11.91496],[77.48942,11.91439],[77.48905,11.91397],[77.48854,11.91281],[77.48848,11.91229],[77.48849,11.91203],[77.48865,11.91167],[77.48932,11.91122],[77.48959,11.91114],[77.48964,11.91102],[77.48954,11.91091],[77.48956,11.91082],[77.48972,11.91077],[77.49079,11.91079],[77.491,11.91067],[77.4912,11.91008],[77.49116,11.90922],[77.49068,11.90837],[77.49053,11.9076],[77.49028,11.90684],[77.49021,11.90673],[77.48982,11.90663],[77.48964,11.90649],[77.48951,11.90618],[77.48953,11.90579],[77.48938,11.90551],[77.48914,11.90554],[77.48898,11.90524],[77.48864,11.90508],[77.48837,11.90464],[77.48812,11.90403],[77.48712,11.90331],[77.48699,11.90305],[77.48656,11.9028],[77.4862,11.9027],[77.48601,11.90256],[77.48548,11.90242],[77.48474,11.90202],[77.4844,11.90169],[77.48398,11.90158],[77.48353,11.90102],[77.48335,11.9005],[77.48318,11.90024],[77.48301,11.89947],[77.48302,11.89887],[77.48326,11.89826],[77.48397,11.89734],[77.48431,11.89677],[77.48506,11.89587],[77.48526,11.8953],[77.48528,11.89516],[77.48515,11.89498],[77.48509,11.89472],[77.48535,11.89379],[77.48518,11.8924],[77.4855,11.89065],[77.48557,11.89047],[77.4858,11.89023],[77.48614,11.88944],[77.4863,11.88793],[77.48615,11.88743],[77.48622,11.88684],[77.48607,11.88669],[77.48609,11.88645],[77.48564,11.88687],[77.48504,11.88718],[77.48473,11.88772],[77.48283,11.88982],[77.48172,11.8914],[77.4816,11.89186],[77.48139,11.89217],[77.4813,11.89297],[77.48092,11.89334],[77.48027,11.89336],[77.47998,11.89329],[77.47969,11.89309],[77.4792,11.89248],[77.47882,11.89154],[77.47875,11.89087],[77.47863,11.8907],[77.47808,11.8907],[77.47758,11.89047],[77.47704,11.8905],[77.47684,11.89057],[77.47605,11.89191],[77.47524,11.89308],[77.47454,11.89384],[77.47428,11.89427],[77.47437,11.89537],[77.47469,11.89711],[77.47466,11.89799],[77.47454,11.89843],[77.47414,11.89913],[77.47357,11.89949],[77.47313,11.89956],[77.47241,11.89993],[77.47116,11.90025],[77.46976,11.90041],[77.46911,11.90036],[77.46828,11.90009],[77.46761,11.90016],[77.46704,11.89977],[77.46638,11.89972],[77.4655,11.9002],[77.465,11.90023],[77.46474,11.9004],[77.46435,11.90038],[77.46292,11.90096],[77.46266,11.90097],[77.46222,11.90079],[77.46126,11.9],[77.46115,11.89983],[77.46124,11.89939],[77.46148,11.89889],[77.46226,11.89781],[77.46279,11.89723],[77.46352,11.89607],[77.46372,11.89563],[77.46391,11.89508],[77.46395,11.89361],[77.46392,11.89338],[77.46358,11.89284],[77.46352,11.8924],[77.46333,11.89185],[77.46307,11.89159],[77.46294,11.89116],[77.46266,11.89078],[77.46257,11.88989],[77.46217,11.8887],[77.46216,11.88804],[77.46205,11.88767],[77.46211,11.88743],[77.46299,11.88598],[77.46309,11.88569],[77.46313,11.88479],[77.46296,11.88443],[77.46109,11.8829],[77.46058,11.88209],[77.46022,11.88172],[77.46014,11.88142],[77.46043,11.88074],[77.46141,11.87941],[77.46296,11.8776],[77.46329,11.87707],[77.46343,11.87694],[77.46389,11.87679],[77.465,11.87556],[77.46561,11.87503],[77.46576,11.87468],[77.46576,11.87425],[77.46591,11.87357],[77.46472,11.87116],[77.46459,11.87013],[77.46434,11.86967],[77.46443,11.86922],[77.46389,11.86747],[77.46376,11.86725],[77.46371,11.86683],[77.46345,11.86617],[77.4632,11.86582],[77.46316,11.8651],[77.46291,11.86474],[77.46248,11.86449],[77.46189,11.86445],[77.46133,11.86428],[77.46105,11.86409],[77.46051,11.86407],[77.45999,11.86356],[77.45999,11.86308],[77.46008,11.86275],[77.46043,11.86227],[77.46171,11.86104],[77.46247,11.85991],[77.46311,11.85918],[77.46316,11.85895],[77.46312,11.85856],[77.46232,11.85683],[77.46215,11.85659],[77.4618,11.8564],[77.46165,11.85596],[77.46145,11.85575],[77.46124,11.85526],[77.46131,11.85414],[77.46139,11.85385],[77.46167,11.85337],[77.46164,11.85296],[77.46205,11.85265],[77.46249,11.85257],[77.46371,11.85213],[77.4653,11.85101],[77.4658,11.85059],[77.46638,11.84992],[77.46663,11.84891],[77.46662,11.84833],[77.46669,11.8479],[77.46641,11.84607],[77.46625,11.8459],[77.46561,11.84549],[77.46529,11.84497],[77.46457,11.84435],[77.46415,11.84364],[77.46403,11.84316],[77.46385,11.84283],[77.46315,11.8417],[77.46165,11.83763],[77.46122,11.83697],[77.46126,11.83619],[77.46137,11.83579],[77.46134,11.83528],[77.46062,11.8324],[77.46045,11.83195],[77.46018,11.83153],[77.45929,11.8307],[77.45789,11.82988],[77.45704,11.82922],[77.45686,11.82898],[77.45663,11.82849],[77.4566,11.82816],[77.45642,11.8279],[77.45657,11.82756],[77.45637,11.82648],[77.45619,11.82465],[77.45597,11.82383],[77.45543,11.8226],[77.45496,11.82192],[77.45466,11.82131],[77.45397,11.82051],[77.45377,11.82017],[77.45323,11.81875],[77.45273,11.8169],[77.45235,11.81484],[77.45211,11.81397],[77.45201,11.81331],[77.45213,11.81277],[77.45201,11.81203],[77.45206,11.81174],[77.45241,11.81111],[77.45301,11.8105],[77.45324,11.80916],[77.45323,11.80886],[77.45298,11.80801],[77.45284,11.80778],[77.45247,11.80739],[77.45188,11.80651],[77.45158,11.80624],[77.45104,11.8055],[77.45103,11.80523],[77.45129,11.80481],[77.45143,11.80435],[77.45141,11.80279],[77.45125,11.80241],[77.45051,11.8016],[77.44975,11.80098],[77.44981,11.80068],[77.45051,11.79989],[77.4506,11.7993],[77.45023,11.79687],[77.44928,11.79474],[77.44836,11.79331],[77.44763,11.79131],[77.44732,11.79101],[77.44712,11.79038],[77.4464,11.78988],[77.4458,11.78993],[77.44555,11.78971],[77.4451,11.78973],[77.44422,11.78916],[77.44398,11.78907],[77.4419,11.78952],[77.44146,11.7895],[77.44091,11.78934],[77.44041,11.78903],[77.43941,11.78666],[77.43936,11.78621],[77.43917,11.78559],[77.43922,11.78549],[77.43991,11.78509],[77.44107,11.78463],[77.44161,11.78424],[77.44231,11.78324],[77.44235,11.78283],[77.44212,11.78258],[77.44145,11.78239],[77.44101,11.78238],[77.44048,11.78224],[77.43934,11.78219],[77.43875,11.782],[77.43671,11.78026],[77.43643,11.77977],[77.43577,11.77897],[77.43558,11.77888],[77.43488,11.77881],[77.4347,11.77871],[77.43399,11.77811],[77.43355,11.77752],[77.43206,11.77402],[77.43186,11.77323],[77.43187,11.77239],[77.43171,11.77169],[77.43118,11.77086],[77.43,11.76954],[77.42944,11.76901],[77.42899,11.76822],[77.42856,11.76775],[77.42843,11.76744],[77.42843,11.76717],[77.42812,11.76682],[77.42799,11.76646],[77.42799,11.76614],[77.42835,11.76518],[77.42877,11.76439],[77.42914,11.76343],[77.42913,11.76245],[77.42871,11.76124],[77.4285,11.76098],[77.42825,11.76089],[77.42755,11.76042],[77.42688,11.7602],[77.42621,11.75973],[77.42619,11.7597]]}},
{"type":"Feature","properties":{"kind":"state","name":"Karnataka–Tamil Nadu","src":"OSM relations 2019939 and 96905"},"geometry":{"type":"LineString","coordinates":[[77.42619,11.7597],[77.42453,11.76106],[77.42409,11.76114],[77.42363,11.76144],[77.42231,11.76268],[77.42217,11.76396],[77.42209,11.77249],[77.41798,11.77395],[77.41558,11.77496],[77.4138,11.77487],[77.41218,11.77592],[77.40967,11.7772],[77.40671,11.77936],[77.40089,11.78252],[77.3959,11.78588],[77.39509,11.78666],[77.39266,11.78786],[77.38814,11.78859],[77.38625,11.78815],[77.38484,11.78795],[77.379,11.78773],[77.37722,11.78709],[77.37589,11.7869],[77.37,11.78669],[77.36939,11.78688],[77.36919,11.78747],[77.36939,11.78903],[77.3689,11.78974],[77.36616,11.79034],[77.36482,11.79039],[77.3623,11.78431],[77.36139,11.78182],[77.36053,11.78043],[77.35923,11.77957],[77.35627,11.77814],[77.34761,11.77472],[77.34066,11.77239],[77.33603,11.7714],[77.33268,11.77257],[77.33184,11.77333],[77.32956,11.77477],[77.32703,11.77595],[77.32231,11.78133],[77.32037,11.78442],[77.31609,11.78945],[77.3126,11.79303],[77.31108,11.79488],[77.30862,11.79689],[77.30625,11.79863],[77.30063,11.80371],[77.29625,11.80694],[77.29397,11.80895],[77.29324,11.80928],[77.29213,11.80523],[77.29078,11.80322],[77.28979,11.80203],[77.28907,11.80137],[77.28785,11.80098],[77.2839,11.80125],[77.28166,11.80146],[77.27987,11.80212],[77.27433,11.8032],[77.27354,11.80361],[77.27231,11.80601],[77.26637,11.80802],[77.26373,11.80914],[77.26176,11.8102],[77.26093,11.81042],[77.25841,11.81063],[77.25717,11.81089],[77.25293,11.81232],[77.25022,11.8129],[77.25006,11.81233],[77.24973,11.80446],[77.24899,11.80392],[77.24766,11.8037],[77.2473,11.80237],[77.24649,11.80077],[77.24555,11.79953],[77.24086,11.79612],[77.23922,11.7951],[77.2379,11.79471],[77.23624,11.79546],[77.23314,11.79564],[77.22355,11.79579],[77.21505,11.7956],[77.1892,11.79237],[77.1866,11.79016],[77.18574,11.78928],[77.1822,11.78646],[77.16978,11.78469],[77.16395,11.78408],[77.15612,11.78284],[77.15367,11.78268],[77.15038,11.78206],[77.14886,11.78164],[77.14751,11.78109],[77.14381,11.77825],[77.14199,11.77723],[77.1412,11.77582],[77.14002,11.77413],[77.1383,11.77277],[77.13709,11.77268],[77.13505,11.77289],[77.13243,11.77329],[77.13092,11.77373],[77.13051,11.77373],[77.12941,11.7733],[77.12766,11.77318],[77.12547,11.77231],[77.12445,11.77221],[77.12318,11.77227],[77.12126,11.77342],[77.11783,11.77434],[77.11611,11.7746],[77.11449,11.77375],[77.11395,11.77367],[77.11348,11.77377],[77.11326,11.77427],[77.11261,11.77379],[77.11093,11.77365],[77.111,11.77086],[77.11178,11.76964],[77.11238,11.76915],[77.1125,11.76854],[77.11223,11.7679],[77.11236,11.76673],[77.11268,11.76561],[77.11261,11.76522],[77.11171,11.76408],[77.11167,11.76355],[77.1118,11.76309],[77.11211,11.76288],[77.11246,11.76231],[77.11244,11.76157],[77.1121,11.76015],[77.1121,11.7589],[77.11243,11.75801],[77.11253,11.75725],[77.1122,11.75666],[77.11127,11.75589],[77.11014,11.75531],[77.10861,11.7535],[77.1085,11.75244],[77.10893,11.75139],[77.10936,11.75104],[77.11055,11.75069],[77.11117,11.75013],[77.11147,11.74352],[77.11196,11.74243],[77.11341,11.74136],[77.11442,11.74004],[77.11475,11.73909],[77.1145,11.73829],[77.11416,11.73778],[77.11392,11.73682],[77.11396,11.73516],[77.11436,11.73432],[77.11577,11.73251],[77.11627,11.73217],[77.11674,11.73208],[77.11729,11.73177],[77.1171,11.73115],[77.11651,11.73018],[77.11543,11.72916],[77.11528,11.72886],[77.1156,11.72815],[77.11604,11.72832],[77.11649,11.72895],[77.11711,11.72888],[77.11708,11.72825],[77.11599,11.72638],[77.11603,11.72592],[77.11633,11.72574],[77.1179,11.72611],[77.11796,11.72585],[77.11782,11.72526],[77.11774,11.72372],[77.11778,11.72238],[77.11699,11.72145],[77.11578,11.72139],[77.1142,11.72223],[77.11214,11.72357],[77.10667,11.72975],[77.10526,11.73178],[77.10437,11.73271],[77.1036,11.73296],[77.0928,11.73447],[77.08644,11.73553],[77.08068,11.73603],[77.08038,11.73633],[77.08066,11.73697],[77.08193,11.73868],[77.08212,11.73973],[77.07242,11.75021],[77.06409,11.7585],[77.06066,11.76281],[77.05733,11.76669],[77.05613,11.76957],[77.05754,11.77184],[77.05918,11.77332],[77.06002,11.77453],[77.06111,11.77653],[77.06279,11.77788],[77.06378,11.77829],[77.06571,11.77872],[77.06687,11.77912],[77.06772,11.78012],[77.06928,11.783],[77.06885,11.78418],[77.06695,11.78803],[77.06377,11.78996],[77.06295,11.79017],[77.05971,11.78969],[77.05847,11.78924],[77.05693,11.78908],[77.05392,11.7891],[77.05042,11.78937],[77.04944,11.78916],[77.04594,11.78748],[77.0445,11.7862],[77.04454,11.78483],[77.04332,11.78275],[77.04276,11.7821],[77.0412,11.78156],[77.04025,11.78109],[77.03937,11.77994],[77.03851,11.77849],[77.03738,11.77708],[77.03633,11.77515],[77.03575,11.77334],[77.03515,11.77053],[77.03433,11.77038],[77.03077,11.77305],[77.02888,11.77462],[77.02864,11.77588],[77.02948,11.77767],[77.03073,11.77899],[77.03478,11.78286],[77.03566,11.78548],[77.0357,11.78687],[77.03594,11.78826],[77.03736,11.79235],[77.03802,11.79468],[77.03532,11.79479],[77.03373,11.79515],[77.03302,11.79573],[77.03313,11.79683],[77.03407,11.80015],[77.03339,11.80075],[77.03169,11.8017],[77.03023,11.80401],[77.02873,11.8054],[77.02611,11.80683],[77.02268,11.8084],[77.01676,11.81065],[77.01637,11.80985],[77.01607,11.80832],[77.01605,11.80704],[77.01575,11.80632],[77.01517,11.80611],[77.01395,11.80619],[77.01339,11.80676],[77.01337,11.8096],[77.01283,11.81472],[77.01109,11.81439],[77.00832,11.81363],[77.00083,11.81096],[76.99884,11.81048],[76.99403,11.8096],[76.99148,11.80998],[76.98993,11.8104],[76.98714,11.81161],[76.98575,11.81203],[76.9849,11.81206],[76.98288,11.81166]]}},
{"type":"Feature","properties":{"kind":"state","name":"Karnataka–Tamil Nadu","src":"OSM relations 2019939 and 96905","river":"7889","rlen":18},"geometry":{"type":"LineString","coordinates":[[76.98288,11.81166],[76.98295,11.81128],[76.98335,11.81054],[76.9839,11.8099],[76.98398,11.8095],[76.98387,11.80889],[76.98318,11.80821],[76.98289,11.80747],[76.98279,11.80666],[76.98241,11.80636],[76.98216,11.80476],[76.98222,11.80444],[76.98256,11.80405],[76.9829,11.80402],[76.98387,11.80411],[76.98445,11.80379],[76.98469,11.80348],[76.98468,11.80272],[76.98409,11.80188],[76.98372,11.80153],[76.98311,11.80067],[76.98256,11.79972],[76.98233,11.79953],[76.98068,11.79882],[76.97976,11.79831],[76.97967,11.79798],[76.97977,11.79758],[76.98005,11.79713],[76.98039,11.79693],[76.98084,11.79679],[76.98095,11.79664],[76.98093,11.79629],[76.9802,11.79539],[76.97949,11.79475],[76.97922,11.79336],[76.97869,11.79234],[76.9786,11.79179],[76.97843,11.79165],[76.97783,11.79137],[76.97653,11.79109],[76.97526,11.78978],[76.97514,11.78971],[76.97452,11.78978],[76.97431,11.78939],[76.9743,11.78918],[76.97444,11.78871],[76.97486,11.78823],[76.97506,11.78709]]}},
{"type":"Feature","properties":{"kind":"state","name":"Karnataka–Tamil Nadu","src":"OSM relations 2019939 and 96905"},"geometry":{"type":"LineString","coordinates":[[76.97506,11.78709],[76.97341,11.78604],[76.97243,11.78422],[76.97202,11.78271],[76.97185,11.78124],[76.97148,11.77975],[76.9709,11.77866],[76.96985,11.77775],[76.96833,11.77729],[76.96693,11.77763],[76.96556,11.77828],[76.96401,11.77948],[76.96007,11.782],[76.95882,11.78425],[76.95578,11.79154],[76.95451,11.79181],[76.95309,11.79174],[76.94932,11.7909],[76.94638,11.78969],[76.94337,11.78805],[76.94193,11.7883],[76.94002,11.78901],[76.93741,11.79015],[76.9355,11.79116],[76.9306,11.79328],[76.92771,11.79319],[76.92605,11.79263],[76.92346,11.7921],[76.92148,11.79202],[76.91988,11.79221],[76.91503,11.79326],[76.91217,11.79416],[76.90711,11.79552],[76.90674,11.79403],[76.90524,11.79103],[76.90247,11.7874],[76.90086,11.78481],[76.89938,11.78191],[76.89739,11.77656],[76.89687,11.7729],[76.89666,11.76618],[76.8961,11.76299],[76.89569,11.7596],[76.89406,11.75528],[76.88962,11.74584],[76.8875,11.74225],[76.88728,11.74115],[76.88754,11.73475],[76.88724,11.73305],[76.88332,11.72974],[76.87904,11.72699],[76.87602,11.72542],[76.87356,11.72376],[76.87132,11.72166],[76.86516,11.71412],[76.86175,11.71053],[76.86102,11.70871],[76.86104,11.7075],[76.86332,11.70589],[76.86369,11.70553],[76.8625,11.70472],[76.86071,11.70301],[76.85933,11.7013],[76.85846,11.69937]]}},
{"type":"Feature","properties":{"kind":"state","name":"Karnataka–Tamil Nadu","src":"OSM relations 2019939 and 96905","river":"7568","rlen":18},"geometry":{"type":"LineString","coordinates":[[76.85846,11.69937],[76.8578,11.69934],[76.85746,11.69931],[76.85702,11.69907],[76.85649,11.69858],[76.8559,11.69778],[76.85571,11.69668],[76.8556,11.69647],[76.85534,11.6964],[76.85515,11.69623],[76.85506,11.69594],[76.85508,11.69561],[76.85426,11.69367],[76.85329,11.69309],[76.85231,11.69187],[76.85206,11.69141],[76.85177,11.6898],[76.85172,11.68882],[76.85054,11.68679],[76.85026,11.68618],[76.85019,11.68439],[76.84946,11.68297],[76.84944,11.68273],[76.84958,11.68227],[76.8495,11.682],[76.84878,11.68116],[76.84856,11.68077],[76.84857,11.68025],[76.8484,11.67972],[76.84798,11.67908],[76.84766,11.67884],[76.8474,11.67847],[76.84697,11.67737],[76.84607,11.67573],[76.84493,11.67269],[76.84471,11.67242],[76.84376,11.67251],[76.84366,11.67239],[76.84364,11.67198],[76.84388,11.67137],[76.84388,11.67075],[76.84365,11.66927],[76.84348,11.66902],[76.84299,11.66774],[76.84289,11.66725],[76.84272,11.66693],[76.84253,11.66666],[76.84112,11.66661],[76.84093,11.66644],[76.84081,11.66566],[76.84098,11.66525],[76.84154,11.66443],[76.84166,11.66413],[76.84166,11.66326],[76.84145,11.66294],[76.84154,11.66201],[76.84145,11.66164],[76.84118,11.66143],[76.84066,11.66054],[76.84055,11.66023],[76.84024,11.65994],[76.83902,11.65998],[76.83862,11.6599],[76.83833,11.65971],[76.83812,11.65648],[76.83795,11.65621],[76.83757,11.65598],[76.83696,11.65527],[76.83657,11.6552],[76.83561,11.65522],[76.83492,11.65512],[76.83475,11.65495],[76.83483,11.65451],[76.83557,11.65391],[76.83574,11.65347],[76.83555,11.6531],[76.83548,11.65256],[76.83555,11.65202],[76.83515,11.65146],[76.83427,11.64962],[76.83372,11.64903],[76.83365,11.64877],[76.83373,11.64754],[76.83397,11.64682],[76.8349,11.64493],[76.83531,11.64456],[76.83538,11.64373],[76.83562,11.64358],[76.83657,11.64334],[76.83779,11.64209],[76.83794,11.64178],[76.83794,11.64143],[76.83787,11.64127],[76.83766,11.6411],[76.83636,11.64055],[76.83487,11.63952],[76.83486,11.63923],[76.8353,11.63852],[76.83604,11.63679],[76.83654,11.63657],[76.8382,11.63516],[76.83867,11.63488],[76.83929,11.63496],[76.83973,11.63543],[76.83992,11.6355],[76.84025,11.63541],[76.84061,11.63514],[76.84117,11.63397],[76.84165,11.63364],[76.84251,11.63323],[76.8429,11.6332],[76.84343,11.63347],[76.84383,11.63349],[76.84426,11.63364],[76.84471,11.63415],[76.84519,11.63415],[76.84529,11.63403],[76.84528,11.63369],[76.8455,11.63211],[76.84543,11.63176],[76.84508,11.63142],[76.84496,11.63108],[76.84501,11.63047],[76.84487,11.62977],[76.84482,11.62882],[76.84468,11.6284],[76.84451,11.62813],[76.84423,11.62789],[76.84361,11.62796],[76.84289,11.62779],[76.84279,11.62759],[76.84277,11.62713],[76.84286,11.62686],[76.84339,11.62662],[76.84439,11.62676],[76.84482,11.62666],[76.8452,11.6263],[76.84573,11.62556],[76.84582,11.6252],[76.84623,11.62488],[76.84673,11.62469],[76.84726,11.62462],[76.84802,11.62439],[76.84927,11.62432],[76.84946,11.62415],[76.8496,11.62398],[76.84944,11.62347],[76.8487,11.62293],[76.84848,11.62264],[76.84849,11.62232],[76.84894,11.62132],[76.84933,11.62101],[76.84964,11.62093],[76.85033,11.62099],[76.85135,11.62182],[76.85166,11.62189],[76.85192,11.62185],[76.85204,11.62165],[76.85167,11.6208],[76.85135,11.62065],[76.8508,11.6202],[76.85059,11.61984],[76.85052,11.61938],[76.85007,11.61897],[76.84892,11.61852],[76.84862,11.61833],[76.84855,11.61821],[76.84862,11.61799],[76.8488,11.61791],[76.84931,11.61786],[76.84976,11.61763],[76.85019,11.61667],[76.85049,11.61624],[76.85086,11.61607],[76.85113,11.6158],[76.85132,11.61573],[76.85223,11.61579],[76.85285,11.61605],[76.85314,11.61605],[76.85347,11.61596],[76.85361,11.61572],[76.8539,11.61547],[76.85429,11.61547],[76.85517,11.61591],[76.85533,11.61591],[76.85555,11.61574],[76.85595,11.61565],[76.85734,11.61489],[76.85785,11.61428],[76.85799,11.61382],[76.85806,11.61333],[76.85802,11.61272],[76.85749,11.61196],[76.85742,11.61153],[76.85767,11.61033],[76.85767,11.60991],[76.85755,11.60953],[76.85714,11.60919],[76.85621,11.60887],[76.85586,11.60862],[76.85566,11.60833],[76.85561,11.60775],[76.85569,11.60733],[76.8561,11.60651],[76.85667,11.6057],[76.85682,11.60516],[76.85684,11.60482],[76.85682,11.60426],[76.85637,11.60278],[76.85608,11.60076],[76.85604,11.59885],[76.85556,11.59862],[76.85341,11.59688],[76.85232,11.59635],[76.84972,11.59578],[76.84899,11.59578],[76.8486,11.59572]]}},
{"type":"Feature","properties":{"kind":"state","name":"Karnataka–Tamil Nadu","src":"OSM relations 2019939 and 96905"},"geometry":{"type":"LineString","coordinates":[[76.8486,11.59572],[76.84858,11.59584],[76.84822,11.59574],[76.84669,11.59425]]}},
{"type":"Feature","properties":{"kind":"state","name":"Karnataka–Tamil Nadu","src":"OSM relations 2019939 and 96905","river":"7391","rlen":127},"geometry":{"type":"LineString","coordinates":[[76.84669,11.59425],[76.84623,11.59472],[76.84494,11.59581],[76.84441,11.59611],[76.84379,11.59633],[76.841,11.59675],[76.83973,11.59677],[76.83875,11.59709],[76.83837,11.59731],[76.83742,11.59811],[76.83489,11.59933],[76.83407,11.59982],[76.83311,11.6008],[76.83228,11.60099],[76.83202,11.60089],[76.8317,11.60087],[76.83141,11.60099],[76.83083,11.60169],[76.82903,11.60311],[76.827,11.60557],[76.82542,11.60694],[76.82356,11.60785],[76.823,11.60807],[76.82233,11.6081],[76.82177,11.60802],[76.81986,11.60586],[76.81893,11.60508],[76.81851,11.60488],[76.81808,11.60483],[76.81742,11.60488],[76.81638,11.6051],[76.8142,11.60614],[76.81095,11.60807],[76.8103,11.60832],[76.80964,11.60843],[76.80906,11.60843],[76.80548,11.6081],[76.8031,11.60775],[76.80201,11.60737],[76.80161,11.60733],[76.79974,11.60797],[76.79619,11.60853],[76.79529,11.60905],[76.79434,11.61007],[76.79318,11.6118],[76.79288,11.6121],[76.79254,11.61227],[76.79138,11.61237],[76.78918,11.61234],[76.78763,11.61187],[76.78685,11.61144],[76.78632,11.61127],[76.78249,11.6113],[76.78054,11.61172],[76.77976,11.61182],[76.77599,11.61178],[76.77543,11.61168],[76.77479,11.61168],[76.77421,11.61185],[76.7738,11.61206],[76.77256,11.61345],[76.77117,11.61464],[76.7707,11.61489],[76.77027,11.61498],[76.76977,11.61498],[76.76946,11.61486],[76.76779,11.61366],[76.76738,11.61351],[76.76622,11.61349],[76.7633,11.61425],[76.76203,11.61472],[76.76152,11.61501],[76.75983,11.61646],[76.75837,11.61754],[76.75724,11.61762],[76.75588,11.61752],[76.75463,11.6162],[76.75381,11.61557],[76.75099,11.61547],[76.74999,11.6151],[76.74963,11.6149],[76.74922,11.6145],[76.7481,11.6139],[76.74546,11.61384],[76.74407,11.61391],[76.74252,11.61373],[76.74186,11.61379],[76.74062,11.61436],[76.73876,11.61497],[76.73728,11.61514],[76.73631,11.61514],[76.73548,11.61504],[76.73336,11.61452],[76.73249,11.61441],[76.73092,11.61448],[76.72963,11.61466],[76.72569,11.61554],[76.72435,11.61547],[76.72318,11.61509],[76.72272,11.61479],[76.7219,11.61451],[76.71747,11.61463],[76.71444,11.61453],[76.71086,11.6148],[76.70977,11.61504],[76.70898,11.61506],[76.70804,11.61499],[76.70745,11.61456],[76.70709,11.61447],[76.70616,11.61446],[76.70515,11.61464],[76.70374,11.61541],[76.70286,11.6156],[76.70036,11.61545],[76.6996,11.61529],[76.69741,11.61515],[76.69572,11.61479],[76.69336,11.61442],[76.69191,11.61446],[76.6904,11.61489],[76.6894,11.61506],[76.6882,11.61503],[76.68576,11.61401],[76.68514,11.6138],[76.68454,11.6137],[76.68381,11.61373],[76.68303,11.61413],[76.68233,11.61427],[76.68067,11.61444],[76.67807,11.61491],[76.67586,11.61508],[76.67387,11.6154],[76.67297,11.6157],[76.67124,11.61584],[76.67007,11.61572],[76.66941,11.61537],[76.66878,11.61514],[76.6681,11.61515],[76.66752,11.6153],[76.66708,11.61552],[76.66576,11.61562],[76.66123,11.61537],[76.65996,11.61516],[76.65734,11.61454],[76.65413,11.61444],[76.65169,11.61373],[76.65136,11.61346],[76.6507,11.61319],[76.64927,11.61309],[76.64783,11.61339],[76.64691,11.61349],[76.64516,11.6135],[76.64407,11.61337],[76.64315,11.61308],[76.64217,11.61307],[76.64035,11.61328]]}},
{"type":"Feature","properties":{"kind":"state","name":"Karnataka–Tamil Nadu","src":"OSM relations 2019939 and 96905"},"geometry":{"type":"LineString","coordinates":[[76.64035,11.61328],[76.6401,11.61113],[76.61746,11.60798],[76.58808,11.61374],[76.58684,11.61541]]}},
{"type":"Feature","properties":{"kind":"state","name":"Karnataka–Tamil Nadu","src":"OSM relations 2019939 and 96905","river":"7243","rlen":19},"geometry":{"type":"LineString","coordinates":[[76.58684,11.61541],[76.58679,11.61538],[76.58407,11.61398],[76.58327,11.61372],[76.58253,11.61382],[76.58181,11.6141],[76.58031,11.61493],[76.57947,11.61509],[76.5785,11.61499],[76.57738,11.61497],[76.57683,11.61513],[76.57552,11.6162],[76.5754,11.61666],[76.57543,11.61692],[76.57574,11.6178],[76.57572,11.618],[76.57563,11.61834],[76.57529,11.61862],[76.57485,11.61873],[76.57415,11.61871],[76.57349,11.61853],[76.5702,11.61799],[76.56795,11.61963],[76.56663,11.62101],[76.56557,11.62144],[76.56469,11.62167],[76.5629,11.62281],[76.56245,11.62276],[76.56175,11.62256],[76.56097,11.62256],[76.5604,11.62272],[76.56,11.62312],[76.55993,11.62343],[76.55993,11.62424],[76.56003,11.62461],[76.56018,11.62482],[76.561,11.62535],[76.5613,11.62579],[76.56144,11.62626],[76.56199,11.62865],[76.56199,11.62943],[76.56186,11.6301],[76.56103,11.63248],[76.56064,11.63255],[76.56026,11.63276],[76.55963,11.63357],[76.55944,11.63446],[76.55957,11.63485],[76.5596,11.63527],[76.5595,11.63549],[76.55898,11.63602],[76.55895,11.63687],[76.55865,11.63699],[76.55861,11.63709],[76.55865,11.63744],[76.55886,11.63811],[76.55884,11.63827],[76.55853,11.63852],[76.55825,11.6386],[76.55825,11.63904],[76.55799,11.63941],[76.55718,11.63976],[76.5572,11.63989],[76.55743,11.64022],[76.55746,11.64052],[76.55743,11.64066],[76.55704,11.64098],[76.557,11.6411],[76.55718,11.64171],[76.55709,11.6418],[76.5567,11.64192],[76.55663,11.64202],[76.55654,11.64224],[76.55652,11.6428],[76.55645,11.64302],[76.55568,11.6432],[76.55552,11.64343],[76.55545,11.64373],[76.55565,11.64434],[76.55559,11.64461],[76.55542,11.64473],[76.5547,11.64488],[76.55409,11.64554],[76.55397,11.64576],[76.55396,11.64597],[76.55438,11.64642],[76.55441,11.64665],[76.55412,11.64706],[76.55342,11.64762],[76.55337,11.64786],[76.55404,11.64928],[76.55387,11.6499],[76.5539,11.65005],[76.55467,11.65082],[76.55471,11.65124],[76.55461,11.6516],[76.55464,11.65176],[76.55482,11.65195],[76.55524,11.65199],[76.55534,11.6521],[76.55531,11.6523],[76.55481,11.65274],[76.55468,11.6538],[76.55434,11.65439],[76.55434,11.65454],[76.55476,11.65482],[76.55488,11.65495],[76.55487,11.65508],[76.55476,11.65527],[76.55444,11.65543],[76.55388,11.65554],[76.55313,11.65557],[76.55294,11.65571],[76.55293,11.65658],[76.55308,11.65738],[76.55306,11.65759],[76.55294,11.65783],[76.55289,11.65787]]}},
{"type":"Feature","properties":{"kind":"state","name":"Karnataka–Tamil Nadu","src":"OSM relations 2019939 and 96905"},"geometry":{"type":"LineString","coordinates":[[76.55289,11.65787],[76.55426,11.65955],[76.55012,11.678],[76.5345,11.69361],[76.51399,11.70565],[76.49481,11.68959],[76.48321,11.69182],[76.46662,11.66993],[76.46695,11.668]]}},
{"type":"Feature","properties":{"kind":"state","name":"Karnataka–Tamil Nadu","src":"OSM relations 2019939 and 96905","river":"7825","rlen":18},"geometry":{"type":"LineString","coordinates":[[76.46695,11.668],[76.46683,11.66798],[76.46667,11.66786],[76.46634,11.66728],[76.46555,11.66716],[76.46554,11.66701],[76.46571,11.66676],[76.46578,11.66651],[76.46566,11.66626],[76.46451,11.66569],[76.4642,11.66565],[76.46392,11.66574],[76.46309,11.66621],[76.46217,11.66621],[76.46182,11.66641],[76.46152,11.6663],[76.4609,11.66567],[76.46067,11.66563],[76.46031,11.6659],[76.45975,11.66595],[76.45947,11.66627],[76.45932,11.66631],[76.45922,11.66625],[76.45874,11.66507],[76.45859,11.6649],[76.45838,11.66471],[76.45762,11.66467],[76.45672,11.66473],[76.45644,11.66481],[76.45576,11.66574],[76.45544,11.66605],[76.45526,11.66601],[76.45496,11.66555],[76.45454,11.66542],[76.45389,11.6654],[76.45333,11.66489],[76.45314,11.66481],[76.45251,11.66483],[76.45181,11.66505],[76.45128,11.66511],[76.4508,11.66463],[76.45053,11.66454],[76.45023,11.6646],[76.45014,11.665],[76.4499,11.66545],[76.44934,11.66577],[76.44908,11.66576],[76.44893,11.66559],[76.44867,11.6649],[76.44824,11.66465],[76.44789,11.66462],[76.44668,11.66482],[76.44629,11.66481],[76.44601,11.66467],[76.44557,11.66417],[76.44519,11.66394],[76.44467,11.66387],[76.44319,11.66383],[76.44213,11.66393],[76.44158,11.6643],[76.44123,11.66435],[76.44096,11.6645],[76.4402,11.66565],[76.44,11.66584],[76.4397,11.66576],[76.43952,11.66538],[76.43915,11.66502],[76.43886,11.66489],[76.43844,11.66487],[76.43823,11.66494],[76.43787,11.66552],[76.43714,11.66562],[76.43677,11.66559],[76.43637,11.66542],[76.43579,11.66501],[76.43539,11.66496],[76.43528,11.66503],[76.43506,11.66561],[76.43493,11.66578],[76.43343,11.66668],[76.43287,11.66667],[76.43218,11.66628],[76.43188,11.66628],[76.43149,11.66648]]}},
{"type":"Feature","properties":{"kind":"state","name":"Karnataka–Telangana","src":"OSM relations 2019939 and 3250963"},"geometry":{"type":"LineString","coordinates":[[77.5498,18.29188],[77.54977,18.29175]]}},
{"type":"Feature","properties":{"kind":"state","name":"Karnataka–Telangana","src":"OSM relations 2019939 and 3250963","river":"5309","rlen":59},"geometry":{"type":"LineString","coordinates":[[77.54977,18.29175],[77.55131,18.29144],[77.55251,18.29105],[77.55376,18.2904],[77.5549,18.28961],[77.55578,18.2886],[77.55701,18.28677],[77.55788,18.28573],[77.55896,18.2848],[77.55958,18.28441],[77.56002,18.28431],[77.56092,18.28428],[77.56177,18.28438],[77.56328,18.28484],[77.56484,18.28567],[77.56704,18.28725],[77.56931,18.28991],[77.56959,18.29044],[77.5697,18.29162],[77.57001,18.2923],[77.5715,18.29304],[77.5716,18.29315]]}},
{"type":"Feature","properties":{"kind":"state","name":"Karnataka–Telangana","src":"OSM relations 2019939 and 3250963"},"geometry":{"type":"LineString","coordinates":[[77.5716,18.29315],[77.57315,18.29184],[77.57334,18.29068],[77.57363,18.29026],[77.57631,18.28901],[77.57743,18.28786],[77.57814,18.28683],[77.57854,18.28689],[77.57944,18.2861],[77.58237,18.28534],[77.59178,18.28346],[77.59741,18.28279],[77.60075,18.28164],[77.60343,18.27934],[77.60327,18.27885],[77.60333,18.27814],[77.60136,18.27827],[77.60032,18.27624],[77.60031,18.2755],[77.5998,18.27339],[77.59764,18.27012],[77.59681,18.27053],[77.5961,18.2675],[77.59431,18.26465],[77.5928,18.26326],[77.59137,18.2616],[77.59075,18.26123],[77.58972,18.26115],[77.58847,18.26138],[77.58661,18.26132],[77.58545,18.26079],[77.58414,18.26073],[77.58251,18.25975],[77.58161,18.25897],[77.57904,18.25486],[77.57874,18.25469],[77.57714,18.25179],[77.57475,18.24649],[77.57439,18.2452],[77.5728,18.24298],[77.5724,18.23966],[77.57328,18.23912],[77.57437,18.23801],[77.57449,18.23831],[77.57593,18.23733],[77.57659,18.23712],[77.57715,18.23597],[77.57776,18.23565],[77.57884,18.23447],[77.57935,18.23301],[77.58067,18.2316],[77.58105,18.2304],[77.58014,18.22947],[77.58014,18.22919],[77.58044,18.22878],[77.58071,18.22864],[77.58099,18.22809],[77.58182,18.22771],[77.58182,18.2256],[77.58255,18.22387],[77.58287,18.22327],[77.58554,18.21982],[77.5864,18.21761],[77.58395,18.2167],[77.58169,18.21667],[77.581,18.21622],[77.58019,18.21371],[77.5797,18.21325],[77.57855,18.21111],[77.57781,18.20886],[77.57735,18.20601],[77.57619,18.20169],[77.57028,18.20332],[77.5649,18.20357],[77.56344,18.20114],[77.5634,18.19988],[77.56423,18.19981],[77.56371,18.19739],[77.56307,18.19546],[77.56337,18.19364],[77.56423,18.19393],[77.56497,18.19395],[77.56562,18.19416],[77.56653,18.19412],[77.56752,18.1938],[77.56822,18.19331],[77.57021,18.19283],[77.5707,18.19171],[77.57181,18.19008],[77.57148,18.18837],[77.5717,18.18674],[77.57211,18.18607],[77.57194,18.18491],[77.57223,18.18206],[77.57331,18.17962],[77.57351,18.17878],[77.57426,18.17704],[77.57425,18.17488]]}},
{"type":"Feature","properties":{"kind":"state","name":"Karnataka–Telangana","src":"OSM relations 2019939 and 3250963","river":"6662","rlen":55},"geometry":{"type":"LineString","coordinates":[[77.57425,18.17488],[77.57439,18.17488],[77.57457,18.17482],[77.57468,18.1747],[77.57512,18.17392],[77.57548,18.17353],[77.57721,18.17228],[77.57897,18.1701],[77.57911,18.1698],[77.57928,18.16888],[77.57953,18.16818],[77.58,18.16725],[77.58018,18.16661],[77.58009,18.16511],[77.58028,18.16456],[77.58088,18.1638],[77.58146,18.16331],[77.58182,18.16276],[77.58251,18.16209],[77.58277,18.16161],[77.58297,18.16098],[77.58349,18.16032],[77.58458,18.15947],[77.5851,18.15917],[77.58651,18.15867],[77.58871,18.15734],[77.58923,18.15718],[77.59021,18.15711],[77.59056,18.15701],[77.59261,18.15572],[77.59355,18.15561],[77.59514,18.15562],[77.59522,18.15564]]}},
{"type":"Feature","properties":{"kind":"state","name":"Karnataka–Telangana","src":"OSM relations 2019939 and 3250963"},"geometry":{"type":"LineString","coordinates":[[77.59522,18.15564],[77.59593,18.15349],[77.59587,18.15092],[77.59569,18.1495],[77.59498,18.14664],[77.59427,18.14035],[77.59441,18.13747],[77.59408,18.13643],[77.59456,18.13515],[77.59465,18.13311],[77.59548,18.132],[77.59537,18.13084],[77.59589,18.12738],[77.59634,18.1259],[77.59694,18.12449],[77.59742,18.12212],[77.59603,18.11958],[77.60031,18.1143],[77.60062,18.10963],[77.60137,18.10723],[77.60249,18.10478],[77.60146,18.09328],[77.60129,18.09327],[77.59892,18.0872],[77.59699,18.0833],[77.59624,18.08581],[77.59263,18.08534],[77.59077,18.08386],[77.58743,18.08331],[77.5841,18.08215],[77.58186,18.08172],[77.58094,18.08128],[77.57473,18.07955],[77.57127,18.07836],[77.56999,18.07815],[77.56767,18.07696],[77.56739,18.07664],[77.5651,18.07588],[77.56292,18.07396],[77.56037,18.07114],[77.56007,18.07024],[77.55901,18.06801],[77.55787,18.06633],[77.55797,18.06555],[77.55789,18.06355],[77.55708,18.06369],[77.55642,18.06359],[77.55585,18.06378],[77.55483,18.06385],[77.55194,18.06478],[77.54946,18.06504],[77.54865,18.06489],[77.5488,18.0628],[77.54785,18.05689],[77.54751,18.05565],[77.54807,18.05557],[77.54796,18.05429],[77.54812,18.05346],[77.54936,18.05346],[77.54922,18.05164],[77.5522,18.05051],[77.55313,18.03893],[77.5537,18.03828],[77.55392,18.03585]]}},
{"type":"Feature","properties":{"kind":"state","name":"Karnataka–Telangana","src":"OSM relations 2019939 and 3250963","river":"5657","rlen":753},"geometry":{"type":"LineString","coordinates":[[77.55392,18.03585],[77.55685,18.03611],[77.55942,18.0362],[77.56188,18.03585],[77.56372,18.03546],[77.56706,18.03442],[77.57077,18.03315],[77.5731,18.03257],[77.57403,18.03256],[77.57618,18.03299],[77.57741,18.03296],[77.57831,18.03284],[77.57951,18.03226],[77.5802,18.03181],[77.58169,18.03023],[77.58269,18.0287],[77.5836,18.02709],[77.58404,18.02555],[77.58494,18.01755],[77.58541,18.0158],[77.58579,18.01478],[77.58617,18.01405],[77.58711,18.01324],[77.58896,18.01206],[77.58955,18.01176],[77.59005,18.01166],[77.59131,18.01161],[77.59348,18.01181],[77.59558,18.01218],[77.59679,18.01263],[77.59776,18.01329],[77.59856,18.01415],[77.60136,18.01878],[77.60192,18.01926],[77.60258,18.01963],[77.60338,18.01993],[77.60393,18.02003],[77.60546,18.01994],[77.60641,18.01952],[77.607,18.01906],[77.60783,18.01827],[77.60806,18.01793],[77.60823,18.01732],[77.60823,18.01606],[77.60801,18.01443],[77.60768,18.01335],[77.60693,18.01152],[77.60676,18.0107],[77.6068,18.01032],[77.60718,18.00948],[77.60745,18.00905],[77.60805,18.00859],[77.60859,18.00829],[77.61631,18.00719],[77.61861,18.00659],[77.61897,18.00643],[77.61939,18.00616],[77.62172,18.00388],[77.62397,18.00138],[77.62452,18.00073],[77.6252,17.9996],[77.62536,17.99918],[77.62587,17.99828],[77.62674,17.99724],[77.62752,17.99656],[77.6281,17.9963],[77.62871,17.99619],[77.62914,17.99619],[77.62987,17.9963],[77.63054,17.9965],[77.63293,17.9968],[77.63507,17.99647],[77.64015,17.99671],[77.64201,17.99716],[77.64401,17.99788],[77.64619,17.99893],[77.64709,17.99916],[77.64825,17.99901],[77.64919,17.99857],[77.64999,17.99794],[77.65187,17.99556],[77.65219,17.99487],[77.65225,17.99415],[77.65196,17.98982],[77.65158,17.98736],[77.65117,17.98656],[77.64935,17.98374],[77.64823,17.98128],[77.64816,17.97995],[77.64834,17.97895],[77.64857,17.97828],[77.64907,17.97729],[77.65032,17.97499],[77.65099,17.97411],[77.65278,17.97253],[77.65522,17.9702],[77.65576,17.9692],[77.65586,17.96873],[77.65588,17.96797],[77.65573,17.96752],[77.65541,17.96711],[77.65452,17.96639],[77.65308,17.96465],[77.64986,17.95952],[77.64944,17.95861],[77.64935,17.95732],[77.64955,17.95443],[77.64951,17.9507]]}},
{"type":"Feature","properties":{"kind":"state","name":"Karnataka–Telangana","src":"OSM relations 2019939 and 3250963"},"geometry":{"type":"LineString","coordinates":[[77.64951,17.9507],[77.64744,17.95072],[77.64507,17.95138],[77.64169,17.95356],[77.641,17.95357],[77.64082,17.95328],[77.64069,17.95174],[77.63968,17.95191],[77.63906,17.95217],[77.63696,17.95231],[77.63711,17.95396],[77.63679,17.95399],[77.63582,17.95597],[77.63605,17.95625],[77.63569,17.95698],[77.63543,17.95817],[77.63567,17.95929],[77.63347,17.96042],[77.63358,17.96339],[77.63337,17.96473],[77.63338,17.96572],[77.63379,17.96731],[77.63363,17.96787],[77.63346,17.96795],[77.62869,17.96317],[77.62678,17.96157],[77.62567,17.96018],[77.62454,17.95949],[77.62496,17.95922],[77.62754,17.95867],[77.62879,17.95853],[77.62993,17.95814],[77.63318,17.95648],[77.63248,17.95099],[77.6325,17.95051],[77.63304,17.94947],[77.63263,17.94651],[77.63007,17.94607],[77.62705,17.94574],[77.62502,17.94595],[77.6244,17.94612],[77.62445,17.94587],[77.62424,17.94559],[77.62326,17.94569],[77.6228,17.94517],[77.62249,17.94513],[77.62215,17.9449],[77.62018,17.94136],[77.6189,17.93956],[77.61827,17.93834],[77.6196,17.9353],[77.6199,17.93432],[77.62129,17.9315],[77.62219,17.92889],[77.6212,17.92422],[77.62057,17.92238],[77.6205,17.92133],[77.62091,17.91492],[77.6207,17.91334],[77.6207,17.91233],[77.62065,17.91177],[77.62008,17.90995],[77.61893,17.90369],[77.61472,17.90433],[77.61313,17.90485],[77.61115,17.9051],[77.60813,17.90581],[77.6057,17.90667],[77.60429,17.90732],[77.60254,17.90575],[77.60153,17.90523],[77.60001,17.90404],[77.59682,17.90482],[77.59347,17.90537],[77.59275,17.90562],[77.59037,17.90699],[77.58623,17.90828],[77.58519,17.9048],[77.58495,17.90116],[77.58481,17.9005],[77.58509,17.89803],[77.585,17.89776],[77.58627,17.89712],[77.58605,17.89428],[77.58642,17.8934],[77.58785,17.89252],[77.58951,17.89111],[77.59155,17.88833],[77.59362,17.88433],[77.59582,17.88212],[77.59664,17.88166],[77.59716,17.88123],[77.6009,17.88092],[77.60054,17.87921],[77.5997,17.87641],[77.59835,17.87328],[77.59658,17.87303],[77.59532,17.8727],[77.59414,17.87281],[77.59104,17.87169],[77.59003,17.87174],[77.59014,17.87349],[77.58986,17.87497],[77.5886,17.87486],[77.58833,17.87514],[77.58831,17.87541],[77.58814,17.87538],[77.58749,17.87587],[77.58596,17.87667],[77.58342,17.87744],[77.58351,17.87706],[77.58333,17.87695],[77.58358,17.87674],[77.58294,17.87671],[77.58244,17.87641],[77.58061,17.87609],[77.57956,17.87396],[77.57698,17.87504],[77.57637,17.87544],[77.57582,17.87415],[77.57516,17.87338],[77.57383,17.87143],[77.57322,17.86935],[77.57086,17.86778],[77.57028,17.86778],[77.56959,17.86725],[77.5702,17.86125],[77.57046,17.86104],[77.57024,17.85715],[77.56961,17.85158],[77.56603,17.85125],[77.5648,17.85124],[77.56619,17.84923],[77.56729,17.84523],[77.56388,17.84169],[77.56051,17.83793],[77.55802,17.83022],[77.5573,17.82874],[77.55685,17.82728],[77.5539,17.82098],[77.55362,17.82011],[77.54864,17.81953],[77.5487,17.82189],[77.54851,17.82189],[77.54855,17.82308],[77.54811,17.82387],[77.54767,17.82598],[77.54719,17.82742],[77.54732,17.82745],[77.547,17.82843],[77.54472,17.82822],[77.54353,17.82767],[77.53985,17.82841],[77.53188,17.82943],[77.5289,17.83005],[77.52729,17.82724],[77.52752,17.82493],[77.52871,17.81754],[77.52879,17.81308],[77.52704,17.81164],[77.52079,17.80925],[77.51746,17.80735],[77.51534,17.80498],[77.51419,17.80402],[77.51086,17.795],[77.50844,17.78759],[77.50799,17.78762],[77.5063,17.78606]]}},
{"type":"Feature","properties":{"kind":"state","name":"Karnataka–Telangana","src":"OSM relations 2019939 and 3250963","river":"5611","rlen":43},"geometry":{"type":"LineString","coordinates":[[77.5063,17.78606],[77.50644,17.78511],[77.50666,17.78466],[77.5069,17.78443],[77.50715,17.78383],[77.50732,17.78364],[77.50796,17.7834],[77.50876,17.78328],[77.50979,17.78293],[77.51092,17.7823],[77.51122,17.78172],[77.51148,17.78163],[77.51189,17.78182],[77.51225,17.7818],[77.51258,17.78227],[77.51308,17.78248],[77.51323,17.78249],[77.51394,17.78226],[77.51445,17.78229],[77.51581,17.78191],[77.51656,17.78203],[77.51744,17.78242],[77.51815,17.78222],[77.51849,17.78221],[77.5193,17.78168],[77.52097,17.7811],[77.52191,17.78042],[77.52226,17.78025],[77.52249,17.78023],[77.52284,17.78022],[77.52322,17.78041],[77.52407,17.7812],[77.52427,17.7813],[77.52493,17.78118],[77.52559,17.78079],[77.52579,17.78077],[77.52608,17.78094],[77.5263,17.78148],[77.52647,17.78163],[77.52702,17.78162],[77.52861,17.78053],[77.52911,17.78011],[77.53008,17.7797],[77.53082,17.77914],[77.53142,17.77926],[77.53177,17.77916],[77.53194,17.77884],[77.53194,17.77863],[77.53204,17.77852],[77.53305,17.77865],[77.53365,17.77837],[77.53463,17.77771],[77.53545,17.77756],[77.53584,17.77758],[77.53607,17.77782],[77.53608,17.77856],[77.5359,17.77893],[77.53592,17.77919],[77.53672,17.77989],[77.53714,17.77994],[77.53734,17.77973],[77.53758,17.77965],[77.53786,17.7797],[77.53875,17.77941],[77.53904,17.77923],[77.53941,17.77883],[77.53955,17.77832],[77.53981,17.77813],[77.54122,17.77772],[77.5421,17.77784],[77.54256,17.77752],[77.54309,17.77626],[77.54328,17.77608],[77.54377,17.77584],[77.54452,17.7756],[77.54461,17.77551],[77.54473,17.77511],[77.54465,17.7744],[77.54483,17.77375],[77.546,17.77243],[77.54732,17.77161],[77.54765,17.771],[77.54767,17.771]]}},
{"type":"Feature","properties":{"kind":"state","name":"Karnataka–Telangana","src":"OSM relations 2019939 and 3250963"},"geometry":{"type":"LineString","coordinates":[[77.54767,17.771],[77.54716,17.76894],[77.54794,17.76728],[77.54937,17.76761],[77.54963,17.76727],[77.55067,17.76645],[77.55211,17.76574],[77.55436,17.76394],[77.55526,17.76359],[77.55551,17.76373],[77.55663,17.76337],[77.55782,17.76314],[77.559,17.76327],[77.55987,17.76346],[77.5598,17.76368],[77.56005,17.76377],[77.56014,17.76351],[77.56085,17.76445],[77.56182,17.7653],[77.56308,17.76582],[77.56639,17.76636],[77.56716,17.76667],[77.56887,17.76643],[77.56882,17.76308],[77.56765,17.76103],[77.5671,17.76055],[77.56685,17.75908],[77.56752,17.75679],[77.56811,17.7542],[77.56819,17.75327],[77.56852,17.75268],[77.56852,17.75156],[77.56828,17.75075],[77.56829,17.74962],[77.56814,17.74891],[77.56841,17.74834],[77.56844,17.74786],[77.56917,17.74788],[77.5691,17.74733],[77.5703,17.74713],[77.57,17.74495],[77.57107,17.744],[77.57041,17.74239],[77.57117,17.74045]]}},
{"type":"Feature","properties":{"kind":"state","name":"Karnataka–Telangana","src":"OSM relations 2019939 and 3250963","river":"5264","rlen":134},"geometry":{"type":"LineString","coordinates":[[77.57117,17.74045],[77.57105,17.74031],[77.57082,17.73927],[77.57045,17.73834],[77.57012,17.73796],[77.56991,17.73787],[77.56894,17.73785],[77.56827,17.73814],[77.56798,17.73854],[77.56734,17.73917],[77.56715,17.73926],[77.56697,17.73922],[77.56636,17.73856],[77.56596,17.73847],[77.56549,17.73887],[77.56495,17.73994],[77.5647,17.74006],[77.56269,17.73987],[77.56204,17.7397],[77.56153,17.73978],[77.56097,17.74012],[77.56065,17.74014],[77.5585,17.73871],[77.55763,17.73838],[77.55747,17.73787],[77.55707,17.73723],[77.55674,17.737],[77.55644,17.73688],[77.55587,17.73731],[77.55573,17.73751],[77.55492,17.7375],[77.55459,17.73737],[77.55429,17.73701],[77.55386,17.73674],[77.55314,17.73613],[77.55289,17.73609],[77.55195,17.73631],[77.55121,17.73672],[77.5508,17.73674],[77.54935,17.7362],[77.54859,17.73554],[77.54843,17.7353],[77.54848,17.73435],[77.54841,17.73416],[77.54827,17.73403],[77.54734,17.73366],[77.54644,17.73291],[77.54639,17.73278],[77.54639,17.73231],[77.54688,17.73026],[77.54694,17.7292],[77.54692,17.72789],[77.54679,17.72744],[77.54671,17.72739],[77.54555,17.72743],[77.54534,17.72751],[77.54525,17.72762],[77.54512,17.72815],[77.54458,17.7286],[77.54466,17.72921],[77.54459,17.72931],[77.54388,17.72927],[77.54237,17.72967],[77.54198,17.72959],[77.54161,17.729],[77.54134,17.72876],[77.54036,17.7283],[77.54004,17.72827],[77.53936,17.7284],[77.53812,17.729],[77.53747,17.7291],[77.53699,17.72902],[77.53552,17.72837],[77.53414,17.72816],[77.5335,17.7283],[77.53307,17.7285],[77.53294,17.72895],[77.53275,17.72925],[77.53227,17.72929],[77.53179,17.72946],[77.53161,17.72943],[77.53146,17.72936],[77.53125,17.72902],[77.53071,17.72875],[77.5303,17.72834],[77.53024,17.72791],[77.5303,17.7265],[77.5301,17.72604],[77.52996,17.72594],[77.52854,17.72585],[77.52701,17.72671],[77.52684,17.72674],[77.52607,17.72574],[77.52494,17.72526],[77.52457,17.72518],[77.5243,17.72515],[77.52372,17.72525],[77.52246,17.72577],[77.52205,17.72584],[77.52173,17.72551],[77.52165,17.72516],[77.52101,17.72462],[77.52042,17.72454],[77.5197,17.72425],[77.51941,17.72423],[77.51841,17.72362],[77.51821,17.72326],[77.51804,17.72255],[77.51799,17.72135],[77.51791,17.72116],[77.51742,17.72058],[77.51662,17.72019],[77.51604,17.72014],[77.51351,17.72057],[77.51269,17.72091],[77.51221,17.72103],[77.51186,17.72096],[77.51129,17.72031],[77.51052,17.71995],[77.51006,17.71953],[77.50994,17.71917],[77.50992,17.71874],[77.51002,17.71813],[77.51026,17.71739],[77.51026,17.71707],[77.51014,17.71652],[77.50989,17.7163],[77.50944,17.71625],[77.50869,17.71687],[77.50757,17.71729],[77.50737,17.71729],[77.50706,17.71716],[77.50677,17.71657],[77.50614,17.71598],[77.50565,17.71572],[77.50533,17.71563],[77.50508,17.71567],[77.50441,17.71606],[77.5043,17.7165],[77.50369,17.71707],[77.5035,17.71714],[77.50256,17.7172],[77.5022,17.7171],[77.50142,17.7171],[77.50003,17.71675],[77.49975,17.71664],[77.49931,17.71628],[77.49851,17.71603],[77.4982,17.71602],[77.49688,17.71621],[77.49599,17.71617],[77.49574,17.71609],[77.49462,17.71553],[77.49436,17.71524],[77.49407,17.71447]]}},
{"type":"Feature","properties":{"kind":"state","name":"Karnataka–Telangana","src":"OSM relations 2019939 and 3250963"},"geometry":{"type":"LineString","coordinates":[[77.49407,17.71447],[77.49583,17.71302],[77.49535,17.71181],[77.49532,17.7109],[77.49455,17.71001],[77.49275,17.70897],[77.49227,17.70798],[77.49187,17.70812],[77.49141,17.70811],[77.48957,17.70892]]}},
{"type":"Feature","properties":{"kind":"state","name":"Karnataka–Telangana","src":"OSM relations 2019939 and 3250963","river":"5264","rlen":134},"geometry":{"type":"LineString","coordinates":[[77.48957,17.70892],[77.48952,17.70882],[77.48927,17.70863],[77.48844,17.7084],[77.48808,17.70839],[77.48782,17.7084],[77.48699,17.70871],[77.48668,17.70892],[77.48628,17.70955],[77.48596,17.71074],[77.48574,17.71113],[77.48559,17.71119],[77.48541,17.71116],[77.48471,17.71076],[77.48448,17.71047],[77.48404,17.70912],[77.48376,17.70743],[77.48347,17.7071],[77.48311,17.70698],[77.48275,17.70665],[77.48182,17.70541],[77.48139,17.70496],[77.48047,17.70429],[77.48028,17.70428],[77.47945,17.70452],[77.47916,17.70471],[77.4787,17.70568],[77.47856,17.70635],[77.47832,17.70671],[77.47806,17.70692],[77.47757,17.70717],[77.47716,17.70724],[77.47659,17.70727],[77.47627,17.70719],[77.47552,17.70669],[77.47496,17.70568],[77.47478,17.7055],[77.47366,17.70529],[77.47312,17.70534],[77.47243,17.70555],[77.47199,17.70545],[77.47163,17.70494],[77.47167,17.70435],[77.47152,17.70394],[77.47122,17.70371],[77.47081,17.70374],[77.47057,17.70391],[77.47011,17.70477],[77.4694,17.70503],[77.46888,17.70509],[77.46845,17.70504],[77.46823,17.70478],[77.46844,17.70411],[77.46839,17.70384],[77.46827,17.7037],[77.46709,17.70314],[77.46567,17.70258],[77.46035,17.69985],[77.45798,17.69842],[77.45745,17.69827]]}},
{"type":"Feature","properties":{"kind":"state","name":"Karnataka–Telangana","src":"OSM relations 2019939 and 3250963"},"geometry":{"type":"LineString","coordinates":[[77.45745,17.69827],[77.45775,17.69611],[77.45661,17.69566],[77.45608,17.69526],[77.45574,17.69484],[77.45386,17.69448],[77.45294,17.69484],[77.45261,17.69391],[77.45257,17.69137],[77.45278,17.69105],[77.45366,17.6908],[77.45376,17.69001],[77.45535,17.68949],[77.45458,17.68383],[77.45425,17.68383],[77.45421,17.68375],[77.45391,17.68047],[77.45406,17.67695],[77.45444,17.67657],[77.4546,17.67466],[77.45508,17.6746],[77.4544,17.67396],[77.4536,17.67227],[77.45335,17.67052],[77.45351,17.67043],[77.45273,17.66882],[77.45133,17.66337],[77.45065,17.66252],[77.45,17.6613],[77.44873,17.65768],[77.44849,17.65333],[77.44867,17.65129],[77.44882,17.65097],[77.45054,17.65054],[77.45034,17.64815],[77.45025,17.64479],[77.45056,17.6442],[77.45124,17.64334],[77.45133,17.64267],[77.45152,17.64263],[77.45223,17.6416],[77.45233,17.64058],[77.4531,17.63866],[77.45345,17.63603],[77.45473,17.63514],[77.45584,17.6346],[77.45648,17.63448],[77.45614,17.63371],[77.45615,17.6321],[77.45628,17.63213],[77.45424,17.62773],[77.45224,17.62419],[77.45146,17.62164],[77.44972,17.61303],[77.44925,17.60918],[77.44724,17.60903],[77.44477,17.60911],[77.44486,17.60743],[77.44533,17.60538],[77.44555,17.6029],[77.44654,17.59957],[77.44613,17.5986],[77.44649,17.59689],[77.44599,17.59573],[77.44604,17.59564],[77.44567,17.5945],[77.44479,17.59329],[77.44393,17.59269],[77.44445,17.58959],[77.44479,17.58592],[77.44452,17.5835],[77.44743,17.58304],[77.44825,17.58259],[77.45042,17.58231],[77.45942,17.57961],[77.46384,17.58477],[77.46406,17.58532],[77.47103,17.5863],[77.47355,17.57608],[77.47658,17.57138],[77.47985,17.56859],[77.48409,17.56849],[77.48406,17.56834],[77.48792,17.56834],[77.49168,17.56868],[77.49278,17.56841],[77.49352,17.56864],[77.49522,17.56885],[77.49724,17.56792],[77.49512,17.56219],[77.49567,17.56201],[77.49531,17.56168],[77.49564,17.55991],[77.4969,17.55779],[77.50077,17.55235],[77.50052,17.54889],[77.50056,17.54561],[77.50046,17.54269],[77.50268,17.54352],[77.50643,17.5413],[77.50692,17.54137],[77.50808,17.54225],[77.50871,17.54313],[77.50998,17.54386],[77.51155,17.54402],[77.51153,17.54436],[77.51289,17.54897],[77.51353,17.55075],[77.51679,17.55485],[77.51976,17.56098],[77.51994,17.56185],[77.52188,17.56361],[77.52327,17.56359],[77.52478,17.56707],[77.52798,17.57318],[77.53105,17.57403],[77.53772,17.57461],[77.54171,17.57174],[77.54204,17.57122],[77.54211,17.57021],[77.54551,17.56393],[77.54669,17.56147],[77.54781,17.56145],[77.54789,17.55919],[77.54846,17.55871],[77.5485,17.55836],[77.54822,17.55533],[77.54861,17.55151],[77.54915,17.55075],[77.5507,17.5513],[77.55288,17.55295],[77.554,17.55332],[77.5574,17.55227],[77.55919,17.55103],[77.5606,17.55111],[77.5621,17.55161],[77.56333,17.55264],[77.56453,17.55502],[77.56412,17.5551],[77.56436,17.5553],[77.56355,17.55584],[77.56383,17.55696],[77.56348,17.55759],[77.56257,17.55832],[77.56186,17.55968],[77.56223,17.56018],[77.5621,17.56044],[77.56344,17.55993],[77.56412,17.5599],[77.56424,17.55969],[77.56384,17.55838],[77.56543,17.55798],[77.56653,17.55803],[77.56716,17.55828],[77.56796,17.56006],[77.56822,17.55986],[77.5699,17.55974],[77.57036,17.55883],[77.57211,17.55855],[77.57216,17.55842],[77.57361,17.55785],[77.57512,17.55856],[77.57687,17.5585],[77.57905,17.55924],[77.58403,17.56011],[77.58498,17.56019],[77.58826,17.56],[77.58797,17.56118],[77.58801,17.56172],[77.58866,17.56371],[77.58868,17.56485],[77.58908,17.56515],[77.5901,17.56526],[77.59068,17.56502],[77.59095,17.56478],[77.59207,17.56508],[77.59418,17.56446],[77.59407,17.56419],[77.59744,17.55291],[77.59595,17.55211],[77.59647,17.55033],[77.59569,17.54591],[77.60058,17.54779],[77.6006,17.54711],[77.60044,17.54616],[77.60085,17.54441],[77.60042,17.54269],[77.6006,17.54211],[77.60118,17.54131],[77.60169,17.54175],[77.60207,17.54175],[77.60218,17.54197],[77.6026,17.54203],[77.60297,17.54239],[77.60334,17.54249],[77.60353,17.54237],[77.60429,17.54238],[77.60489,17.54207],[77.60576,17.54259],[77.606,17.54246],[77.60622,17.54193],[77.60649,17.54176],[77.60688,17.54203],[77.607,17.542],[77.60699,17.54183],[77.6076,17.54157],[77.60769,17.54136],[77.60809,17.5411],[77.60813,17.54093],[77.60853,17.54086],[77.60862,17.54059],[77.61,17.54028],[77.61028,17.54049],[77.61096,17.54058],[77.61101,17.54082],[77.61123,17.5408],[77.61156,17.54117],[77.61178,17.54114],[77.612,17.54158],[77.61267,17.54126],[77.61283,17.54226],[77.61275,17.54309],[77.61286,17.54463],[77.61907,17.54958],[77.61935,17.54946],[77.62109,17.54796]]}},
{"type":"Feature","properties":{"kind":"state","name":"Karnataka–Telangana","src":"OSM relations 2019939 and 3250963","river":"6842","rlen":31},"geometry":{"type":"LineString","coordinates":[[77.62109,17.54796],[77.615,17.54147],[77.61439,17.54013],[77.61401,17.53962],[77.61328,17.53926],[77.61265,17.53859],[77.61228,17.53829],[77.61131,17.53704],[77.61118,17.53651],[77.61116,17.53612],[77.61137,17.53566],[77.61215,17.53467],[77.61262,17.53459],[77.61289,17.5343],[77.61305,17.53396],[77.61381,17.53355],[77.61384,17.53342],[77.61342,17.53323],[77.61347,17.53297],[77.61371,17.53271],[77.61399,17.53253],[77.61465,17.53229],[77.61498,17.53249],[77.61528,17.53244],[77.61579,17.53192],[77.61621,17.53165],[77.61666,17.53105],[77.61781,17.53066],[77.61813,17.53016],[77.61868,17.52976],[77.61865,17.52935],[77.61981,17.52874],[77.61997,17.5286]]}},
{"type":"Feature","properties":{"kind":"state","name":"Karnataka–Telangana","src":"OSM relations 2019939 and 3250963"},"geometry":{"type":"LineString","coordinates":[[77.61997,17.5286],[77.62159,17.52957],[77.63522,17.53265],[77.63602,17.5333],[77.63568,17.53283],[77.63873,17.52705],[77.6384,17.52491]]}},
{"type":"Feature","properties":{"kind":"state","name":"Karnataka–Telangana","src":"OSM relations 2019939 and 3250963","river":"6842","rlen":31},"geometry":{"type":"LineString","coordinates":[[77.6384,17.52491],[77.64062,17.52439],[77.64132,17.52454],[77.64166,17.52449],[77.64196,17.52419],[77.64207,17.52386],[77.64257,17.52366],[77.643,17.52331],[77.64422,17.52315],[77.64533,17.52267],[77.64589,17.52231],[77.64641,17.52214],[77.64776,17.52236],[77.65038,17.52223],[77.65232,17.52225],[77.65358,17.52252],[77.6545,17.52258],[77.65523,17.52246],[77.65554,17.52226],[77.65564,17.52208],[77.65592,17.52189],[77.65621,17.5219],[77.65654,17.52208],[77.65677,17.52207],[77.65736,17.52176],[77.65786,17.52178],[77.65819,17.52156],[77.65844,17.52156],[77.6602,17.52227],[77.66159,17.52269],[77.66188,17.52274],[77.66266,17.52269],[77.66312,17.52276]]}},
{"type":"Feature","properties":{"kind":"state","name":"Karnataka–Telangana","src":"OSM relations 2019939 and 3250963"},"geometry":{"type":"LineString","coordinates":[[77.66312,17.52276],[77.66348,17.52086],[77.6637,17.52047],[77.66384,17.52053],[77.66528,17.51947],[77.66576,17.51781],[77.66655,17.51766],[77.66748,17.51383],[77.67024,17.51287],[77.67515,17.50707],[77.67769,17.50662],[77.67902,17.50618],[77.68107,17.50431],[77.68192,17.50475],[77.68422,17.50514],[77.68507,17.50683],[77.68525,17.50857],[77.68601,17.51048],[77.68709,17.51161],[77.68799,17.51154],[77.68989,17.50943],[77.69121,17.50318],[77.69168,17.50203],[77.69131,17.49987],[77.69101,17.49877],[77.69096,17.49694],[77.69167,17.49683],[77.69075,17.49552],[77.6909,17.49522],[77.69015,17.49447],[77.68934,17.49428],[77.68893,17.49444],[77.68875,17.49415],[77.68812,17.49411],[77.68822,17.49219],[77.6886,17.49183],[77.6889,17.49092],[77.68893,17.4896],[77.68869,17.48922],[77.68843,17.48787],[77.68879,17.4864],[77.68755,17.48367],[77.68654,17.48019],[77.68596,17.47964],[77.6856,17.47877],[77.68631,17.47478],[77.68537,17.47434],[77.68397,17.47468],[77.67994,17.47659],[77.67819,17.47783],[77.67702,17.47841],[77.67598,17.47833],[77.67581,17.47811],[77.67252,17.47827],[77.66921,17.47953],[77.66708,17.4802],[77.66395,17.48077],[77.6605,17.48116],[77.65867,17.48071],[77.65761,17.48132],[77.65872,17.48349],[77.65459,17.48324],[77.65367,17.48307],[77.6526,17.48438],[77.65265,17.48558],[77.65346,17.48699],[77.65362,17.48838],[77.65412,17.48943],[77.6543,17.49105],[77.6549,17.49177],[77.65465,17.49263],[77.65562,17.49613],[77.65626,17.49934],[77.65675,17.50059],[77.6573,17.50549],[77.65684,17.50539],[77.65558,17.50487],[77.65446,17.50344],[77.65361,17.50182],[77.65266,17.50101],[77.65215,17.49976],[77.6516,17.49957],[77.64907,17.49654],[77.64826,17.49406],[77.64837,17.491],[77.64736,17.48843],[77.64597,17.48432],[77.644,17.4776],[77.64335,17.47735],[77.64288,17.47737],[77.64213,17.47699],[77.64178,17.47705],[77.64049,17.47668],[77.63997,17.47601],[77.63992,17.47592],[77.64009,17.47585],[77.64001,17.47572],[77.6389,17.47429],[77.63886,17.47382],[77.63852,17.47333],[77.63791,17.47342],[77.63746,17.47397],[77.63715,17.47397],[77.63694,17.47415],[77.63622,17.4739],[77.63362,17.47334],[77.63191,17.47359],[77.62994,17.47333],[77.62733,17.47327],[77.62448,17.4734],[77.62302,17.47334],[77.61824,17.4742],[77.61729,17.47423],[77.61586,17.47381],[77.61481,17.47325],[77.61338,17.47232],[77.61313,17.47198],[77.61215,17.47058],[77.61146,17.46888],[77.61138,17.4671],[77.61336,17.4603],[77.61325,17.45403],[77.6139,17.44674],[77.61191,17.44624],[77.60557,17.445],[77.60457,17.44484],[77.60411,17.4449],[77.60173,17.44642],[77.60127,17.44658],[77.59846,17.44688],[77.5968,17.44846],[77.59491,17.44988],[77.59311,17.45041],[77.59001,17.4518],[77.58774,17.45263],[77.58716,17.45302],[77.58665,17.45368],[77.58543,17.45486],[77.58415,17.4556],[77.58253,17.4557],[77.58138,17.45614],[77.58089,17.4562],[77.5792,17.45604],[77.5785,17.45623],[77.57702,17.45691],[77.57656,17.45685],[77.57614,17.45206],[77.57551,17.44678],[77.57582,17.44055],[77.57634,17.43413],[77.5763,17.43151],[77.57608,17.43054],[77.55887,17.43883],[77.55832,17.4395],[77.55673,17.43781],[77.55249,17.43739],[77.54914,17.43873],[77.5377,17.4424],[77.53758,17.44279],[77.53553,17.44259],[77.53025,17.43937],[77.5207,17.43415],[77.51331,17.42949],[77.51308,17.41978],[77.5136,17.41705],[77.51353,17.4139],[77.51377,17.41192],[77.5158,17.41194],[77.51662,17.41159],[77.517,17.41105],[77.51806,17.4109],[77.51944,17.41094],[77.52042,17.41076],[77.52122,17.41021],[77.52297,17.40988],[77.52528,17.40882],[77.52693,17.40854],[77.52802,17.40799],[77.53304,17.40787],[77.53394,17.40802],[77.53502,17.40793],[77.53705,17.40755],[77.53755,17.40731],[77.53729,17.40669],[77.53433,17.40346],[77.53355,17.39989],[77.53262,17.39797],[77.53141,17.39597],[77.52764,17.39113],[77.52614,17.38964],[77.52522,17.38942],[77.52429,17.38857],[77.52408,17.38714],[77.52458,17.38586],[77.52565,17.38437],[77.52572,17.38301],[77.527,17.38195],[77.53227,17.37967],[77.53277,17.3776],[77.53191,17.37604],[77.52985,17.37483],[77.52906,17.37376],[77.52846,17.37014],[77.52646,17.36872],[77.52563,17.36721],[77.52379,17.36476],[77.52178,17.36384],[77.52023,17.36344],[77.5172,17.36192],[77.51276,17.36044],[77.51072,17.36095],[77.51072,17.36002],[77.50821,17.35938],[77.505,17.35823],[77.5052,17.35774],[77.50466,17.35728],[77.50394,17.3563],[77.50348,17.35618],[77.50309,17.35645],[77.50252,17.35641],[77.5024,17.35658],[77.49978,17.3571],[77.4982,17.35763],[77.49621,17.35781],[77.4941,17.35854],[77.49301,17.35828],[77.48913,17.35895],[77.48737,17.35881],[77.48654,17.35767],[77.48657,17.35716],[77.48629,17.3566],[77.48529,17.3561],[77.48526,17.35572],[77.48418,17.35547],[77.48337,17.35499],[77.48283,17.35591],[77.47992,17.35666],[77.47834,17.35763],[77.47659,17.36103],[77.47494,17.36184],[77.47447,17.36278],[77.47509,17.36331],[77.47562,17.36315],[77.4759,17.36427],[77.47622,17.36491],[77.47559,17.36685],[77.47519,17.36731],[77.47552,17.36808],[77.47707,17.36842],[77.47877,17.36973],[77.47712,17.37012],[77.47434,17.37038],[77.47262,17.37077],[77.47133,17.37086],[77.46753,17.37158],[77.46673,17.37167],[77.46553,17.37158],[77.46561,17.37192],[77.46389,17.37251],[77.46209,17.37289],[77.4593,17.37321],[77.45675,17.37323],[77.45368,17.37398],[77.45288,17.37393],[77.45292,17.37303],[77.4521,17.37172],[77.45276,17.37062],[77.45297,17.37001],[77.45261,17.3696],[77.45243,17.36883],[77.4527,17.36737],[77.45222,17.36669],[77.45225,17.36586],[77.45206,17.36525],[77.45126,17.36421],[77.45212,17.36418],[77.45227,17.36387],[77.45197,17.36306],[77.45226,17.36186],[77.45139,17.35951],[77.45155,17.35918],[77.45164,17.35822],[77.45208,17.35647],[77.45196,17.35473],[77.45155,17.35291],[77.45362,17.35246],[77.4545,17.35194],[77.45493,17.35142],[77.45588,17.34979],[77.45692,17.34904],[77.45691,17.34585],[77.457,17.3449],[77.45722,17.34428],[77.45698,17.34304],[77.45716,17.33965],[77.45711,17.33788],[77.45685,17.33779],[77.45694,17.33684],[77.45575,17.33094],[77.45465,17.33097],[77.45465,17.32965],[77.45401,17.32962],[77.45357,17.3289],[77.4533,17.32816],[77.45294,17.32822],[77.45273,17.32759],[77.45155,17.32334],[77.45175,17.32281],[77.45175,17.32162],[77.45222,17.32163],[77.45239,17.32094],[77.45243,17.31962],[77.45218,17.3192],[77.45208,17.3187],[77.45219,17.31751],[77.45143,17.3176],[77.45115,17.3165],[77.45044,17.31505],[77.44947,17.31216],[77.44925,17.31106],[77.44837,17.30846],[77.44799,17.30854],[77.44794,17.30808],[77.44818,17.30763],[77.44779,17.30673],[77.44553,17.30698],[77.44473,17.30437],[77.44444,17.30359],[77.4442,17.30355],[77.44399,17.30271],[77.44306,17.30261],[77.44305,17.30129],[77.44284,17.30041],[77.44146,17.30067],[77.44017,17.30053],[77.43962,17.30035],[77.43932,17.29981],[77.43907,17.29886],[77.43913,17.29745],[77.43831,17.29569],[77.43826,17.29473],[77.43767,17.29389],[77.43724,17.2918]]}},
{"type":"Feature","properties":{"kind":"state","name":"Karnataka–Telangana","src":"OSM relations 2019939 and 3250963","river":"2772","rlen":124},"geometry":{"type":"LineString","coordinates":[[77.43724,17.2918],[77.43774,17.2917],[77.44008,17.29109],[77.44046,17.29106],[77.44051,17.29124],[77.44082,17.2913],[77.44311,17.29033],[77.44399,17.29018],[77.44488,17.28973],[77.44559,17.28948],[77.44667,17.28932],[77.44712,17.28945],[77.44753,17.28946],[77.44817,17.28927],[77.4492,17.28862],[77.44963,17.28855],[77.45093,17.28855],[77.45329,17.28761],[77.45492,17.28735],[77.45527,17.28722],[77.45539,17.28708],[77.45657,17.28494],[77.45693,17.28393],[77.45745,17.28321],[77.45774,17.28296],[77.4586,17.28146],[77.45888,17.28084],[77.459,17.27944],[77.45872,17.27876],[77.45842,17.27868],[77.45698,17.27748],[77.45657,17.27739],[77.45541,17.27739],[77.45466,17.27729],[77.45415,17.27711],[77.45377,17.27688],[77.45312,17.27591],[77.45261,17.27482],[77.45215,17.27363]]}},
{"type":"Feature","properties":{"kind":"state","name":"Karnataka–Telangana","src":"OSM relations 2019939 and 3250963"},"geometry":{"type":"LineString","coordinates":[[77.45215,17.27363],[77.45161,17.27382],[77.45145,17.27349],[77.4516,17.27127]]}},
{"type":"Feature","properties":{"kind":"state","name":"Karnataka–Telangana","src":"OSM relations 2019939 and 3250963","river":"2620","rlen":153},"geometry":{"type":"LineString","coordinates":[[77.4516,17.27127],[77.45145,17.27126],[77.45085,17.27083],[77.4505,17.27075],[77.44874,17.27136],[77.447,17.27135],[77.44521,17.27042],[77.44454,17.27022],[77.44344,17.27018],[77.4424,17.2698],[77.44197,17.26956],[77.4417,17.26923],[77.44142,17.26856],[77.44055,17.26721],[77.44028,17.2666],[77.43974,17.26506],[77.43987,17.26466],[77.43958,17.26419],[77.43964,17.26385],[77.43959,17.26354],[77.43925,17.26316],[77.43746,17.26177],[77.43617,17.26019],[77.43312,17.25866],[77.43154,17.25805],[77.43072,17.25803],[77.4297,17.25819],[77.4288,17.25814],[77.4267,17.25706],[77.4264,17.25674],[77.42579,17.2558],[77.42492,17.25506],[77.42285,17.25111],[77.42266,17.25069],[77.42246,17.24951],[77.42233,17.24917],[77.42151,17.24821],[77.42137,17.24777],[77.42109,17.24722],[77.42117,17.24678],[77.4211,17.24616],[77.42088,17.2458],[77.42048,17.24576],[77.42034,17.24546],[77.42022,17.2445],[77.42033,17.24376],[77.4201,17.24303],[77.42011,17.24277],[77.42082,17.24127],[77.42087,17.24102],[77.42082,17.23992],[77.42107,17.23896],[77.42158,17.23809],[77.42164,17.23785],[77.4216,17.23741],[77.42145,17.23716],[77.42093,17.23665],[77.42093,17.23664]]}},
{"type":"Feature","properties":{"kind":"state","name":"Karnataka–Telangana","src":"OSM relations 2019939 and 3250963"},"geometry":{"type":"LineString","coordinates":[[77.42093,17.23664],[77.41914,17.23754],[77.41418,17.2375],[77.41191,17.23684]]}},
{"type":"Feature","properties":{"kind":"state","name":"Karnataka–Telangana","src":"OSM relations 2019939 and 3250963","river":"2620","rlen":153},"geometry":{"type":"LineString","coordinates":[[77.41191,17.23684],[77.41182,17.23713],[77.4118,17.23907],[77.41146,17.23991],[77.41062,17.24078],[77.41038,17.24093],[77.4101,17.24098],[77.40956,17.24093],[77.40898,17.24107],[77.40817,17.241],[77.40787,17.24085],[77.40744,17.24047],[77.40712,17.24005],[77.40701,17.23973],[77.40704,17.23916],[77.4066,17.23845],[77.40676,17.23788],[77.40646,17.23739],[77.40623,17.23723],[77.40549,17.23628],[77.40494,17.23595],[77.40424,17.23566],[77.39995,17.23405],[77.39507,17.2311],[77.38944,17.22739],[77.38819,17.22672],[77.38718,17.22604],[77.38286,17.22388],[77.38097,17.22255],[77.37999,17.22198]]}},
{"type":"Feature","properties":{"kind":"state","name":"Karnataka–Telangana","src":"OSM relations 2019939 and 3250963"},"geometry":{"type":"LineString","coordinates":[[77.37999,17.22198],[77.38206,17.21861],[77.38264,17.21853],[77.38849,17.21576],[77.38882,17.21576],[77.38876,17.21523],[77.39029,17.21492],[77.39372,17.21377],[77.39486,17.21359],[77.39618,17.21359],[77.40072,17.21399],[77.40191,17.21396],[77.40199,17.2138],[77.40183,17.21158],[77.40193,17.21046],[77.40152,17.21031],[77.40112,17.20983],[77.40012,17.2097],[77.39944,17.2103],[77.39863,17.21062],[77.39749,17.2098],[77.39711,17.2086],[77.39664,17.20766],[77.39666,17.20557],[77.39558,17.20179],[77.39561,17.20069],[77.39532,17.19928],[77.39541,17.19792],[77.39523,17.19756],[77.39525,17.19629],[77.39443,17.19578],[77.39457,17.19511],[77.39393,17.19378],[77.39341,17.19407],[77.3928,17.19527],[77.39201,17.19548],[77.39145,17.19487],[77.39024,17.19584],[77.38878,17.19652],[77.38787,17.19573],[77.38727,17.1957],[77.38641,17.19628],[77.38515,17.1968],[77.38476,17.19653],[77.38443,17.19602],[77.38413,17.19603],[77.38327,17.19642],[77.38243,17.1973],[77.38055,17.19726],[77.38009,17.19672],[77.37962,17.19641],[77.37791,17.19695],[77.37704,17.19691],[77.37627,17.19819],[77.37478,17.19802],[77.37161,17.19661],[77.37356,17.19537],[77.37431,17.19423],[77.37397,17.19096],[77.37213,17.19039],[77.37147,17.18952],[77.37089,17.18943],[77.37053,17.18867],[77.3699,17.18798],[77.36958,17.18741],[77.36953,17.18679],[77.36996,17.18559],[77.37145,17.18281],[77.37053,17.17921],[77.36989,17.17842],[77.36993,17.17657],[77.36922,17.1751],[77.36819,17.17399],[77.36739,17.17283],[77.36554,17.17164],[77.36546,17.17043],[77.36688,17.16985],[77.36708,17.16926],[77.36703,17.16886],[77.36647,17.16832],[77.36473,17.16713],[77.36379,17.16593],[77.36259,17.16485],[77.36179,17.16441],[77.36183,17.1635],[77.36221,17.16329],[77.36245,17.16346],[77.36332,17.16362],[77.36328,17.1632],[77.364,17.16274],[77.36417,17.1621],[77.36405,17.16089],[77.36367,17.16024],[77.36371,17.15942],[77.36435,17.15871],[77.36452,17.15866],[77.36539,17.15962],[77.36671,17.15954],[77.36744,17.15908],[77.3673,17.15759],[77.36644,17.15658],[77.36586,17.15638],[77.36576,17.15553],[77.36605,17.15477],[77.36761,17.15404],[77.36826,17.15358],[77.37041,17.15309],[77.37304,17.15283],[77.37542,17.15308],[77.37785,17.15238],[77.37826,17.15241],[77.37977,17.15208],[77.37906,17.14842],[77.37901,17.14709],[77.37875,17.1471],[77.3787,17.14421],[77.3789,17.14249],[77.37825,17.1424],[77.37822,17.14011],[77.38025,17.14004],[77.38295,17.1396],[77.38498,17.13968],[77.39313,17.13585],[77.39512,17.13518],[77.40513,17.13491],[77.40586,17.13455],[77.40935,17.1248],[77.41158,17.12422],[77.41911,17.11987],[77.42406,17.11841],[77.43072,17.11622],[77.44258,17.12006],[77.45503,17.11552],[77.45505,17.11566],[77.45818,17.1136],[77.46205,17.11043],[77.46347,17.10768],[77.46262,17.10649],[77.46376,17.106],[77.4665,17.10548],[77.46647,17.10442],[77.46592,17.10326],[77.46513,17.09937],[77.46497,17.09818],[77.46475,17.09373],[77.46411,17.0918],[77.46613,17.09104],[77.46768,17.09077],[77.46821,17.08983],[77.46921,17.08871],[77.47553,17.0805],[77.47723,17.07873],[77.47997,17.07823],[77.47934,17.07662],[77.48069,17.07457],[77.47896,17.07467],[77.47931,17.07265],[77.4801,17.07082],[77.48027,17.06903],[77.48147,17.06728],[77.48222,17.06526],[77.48266,17.06173],[77.48319,17.06054],[77.48364,17.05896],[77.48449,17.05752],[77.48559,17.05687],[77.48659,17.05655],[77.48639,17.05451],[77.48933,17.05189],[77.49007,17.04978],[77.48824,17.04907],[77.48871,17.04699],[77.49003,17.04714],[77.49118,17.04671],[77.4928,17.04565],[77.49637,17.04398],[77.49718,17.04268],[77.49642,17.03936],[77.49629,17.03749],[77.49594,17.03599],[77.49609,17.03466],[77.4956,17.02894],[77.49611,17.02807],[77.49597,17.02735],[77.49692,17.02538],[77.49678,17.02461],[77.49757,17.02226],[77.50048,17.01954],[77.50094,17.01822],[77.50138,17.01581],[77.50223,17.01404],[77.5024,17.01389],[77.5032,17.01373],[77.50289,17.01268],[77.50278,17.01276],[77.50246,17.01135],[77.50244,17.0095],[77.50077,17.00981],[77.49908,17.00983],[77.49814,17.00959],[77.49787,17.00939],[77.49684,17.00776],[77.49593,17.00744],[77.49541,17.00705],[77.49478,17.00687],[77.49433,17.00709],[77.49313,17.00633],[77.49308,17.00487],[77.49284,17.00418],[77.49208,17.00376],[77.49076,17.00358],[77.48985,17.00319],[77.48699,17.00324],[77.48489,17.00184],[77.48314,17.00024],[77.48073,16.99761],[77.47949,16.9957],[77.47886,16.99438],[77.47941,16.99351],[77.47961,16.99179],[77.48074,16.99163],[77.48228,16.99065],[77.48252,16.99012],[77.48264,16.98946],[77.48257,16.98842],[77.48274,16.98755],[77.48316,16.98637],[77.48326,16.98389],[77.48284,16.98312],[77.48273,16.98056],[77.48232,16.97958],[77.48222,16.97882],[77.48234,16.97738],[77.48204,16.97735],[77.48192,16.97615],[77.4818,16.97426],[77.48215,16.97337],[77.48213,16.9731],[77.48194,16.97307],[77.4818,16.97252],[77.4798,16.96959],[77.4781,16.96883],[77.47804,16.96845],[77.47772,16.96825],[77.4769,16.96623],[77.47639,16.96461],[77.4755,16.96324],[77.47397,16.9595],[77.47255,16.95787],[77.4685,16.95861],[77.4658,16.95933],[77.46513,16.957],[77.46603,16.95552],[77.46603,16.95372],[77.46578,16.95333],[77.46566,16.95223],[77.46592,16.95107],[77.46616,16.95039],[77.46678,16.9503],[77.46636,16.94658],[77.46562,16.94582],[77.46569,16.94417],[77.46718,16.94227],[77.4681,16.94197],[77.46844,16.93996],[77.46823,16.93954],[77.46738,16.93923],[77.46651,16.93651],[77.4665,16.93631],[77.46673,16.93591],[77.46656,16.9346],[77.46552,16.92966],[77.46854,16.9286],[77.46949,16.9281],[77.46965,16.92152],[77.46909,16.91919],[77.46831,16.91847],[77.46775,16.91765],[77.46679,16.91671],[77.46645,16.91415],[77.4666,16.91342],[77.46604,16.91337],[77.46561,16.91422],[77.46585,16.91484],[77.46573,16.91539],[77.46458,16.91585],[77.46173,16.91742],[77.4594,16.91794],[77.45812,16.91783],[77.45771,16.91634],[77.45775,16.91549],[77.45593,16.91542],[77.45586,16.91502],[77.45382,16.91481],[77.4534,16.91493],[77.45296,16.91459],[77.45385,16.91106],[77.45438,16.91107],[77.45516,16.91088],[77.45521,16.91053],[77.45585,16.91003],[77.4568,16.90993],[77.45705,16.90964],[77.45759,16.90948],[77.45738,16.90854],[77.45721,16.90523],[77.45623,16.90075],[77.45798,16.89895],[77.45799,16.89842],[77.45766,16.89757],[77.45719,16.89706],[77.45821,16.89605],[77.45804,16.89595],[77.45866,16.89502],[77.45798,16.89425],[77.45766,16.89236],[77.45616,16.88754],[77.4559,16.88534],[77.4571,16.8852],[77.45784,16.8849],[77.46013,16.885],[77.46025,16.88264],[77.4601,16.88167],[77.46019,16.88063],[77.45982,16.87916],[77.45995,16.87748],[77.45962,16.87516],[77.45963,16.87419],[77.45994,16.87417],[77.46105,16.86836],[77.46097,16.86817],[77.46142,16.8668],[77.46167,16.86549],[77.46179,16.86388],[77.46154,16.86206],[77.46157,16.86141],[77.46238,16.85599],[77.46352,16.85354],[77.46374,16.8516],[77.46388,16.85141],[77.46335,16.84767],[77.4627,16.84582],[77.4625,16.84446],[77.4608,16.84183],[77.45977,16.83777],[77.46022,16.83567],[77.46143,16.83521],[77.46009,16.83391],[77.45916,16.83235],[77.45699,16.83039],[77.45717,16.82997],[77.45706,16.82966],[77.45763,16.82782],[77.45808,16.82777],[77.45942,16.82585],[77.46026,16.82496],[77.46134,16.8245],[77.46142,16.82434],[77.46071,16.82401],[77.46233,16.82311],[77.46281,16.82273],[77.46286,16.82195],[77.46249,16.81859],[77.46265,16.81736],[77.46238,16.81726],[77.46209,16.81358],[77.46345,16.81289],[77.46346,16.81198],[77.46431,16.8111],[77.46425,16.81088],[77.46488,16.80983],[77.46591,16.80847],[77.46551,16.8061],[77.46523,16.8052],[77.47715,16.80175],[77.47914,16.80091],[77.47666,16.80107],[77.47519,16.79647],[77.4725,16.794],[77.47578,16.79184],[77.47454,16.78732],[77.47102,16.78298],[77.46873,16.78113],[77.46765,16.78098],[77.46422,16.78096],[77.46362,16.78086],[77.46152,16.78136],[77.45409,16.78411],[77.44681,16.78641],[77.44118,16.78888],[77.4382,16.78999],[77.43681,16.78644],[77.43685,16.78591],[77.43777,16.77925],[77.43853,16.77748],[77.44069,16.77071],[77.4416,16.76868],[77.44644,16.76818],[77.44568,16.76667],[77.44494,16.76471],[77.4456,16.76389],[77.44113,16.75509],[77.43788,16.74837],[77.43691,16.74729],[77.43631,16.74639],[77.43619,16.74599],[77.43639,16.74511],[77.43618,16.74464],[77.43513,16.74344],[77.43489,16.74268],[77.43398,16.74118],[77.43394,16.74029],[77.43312,16.73632],[77.43246,16.73607],[77.43194,16.73613],[77.43207,16.73577],[77.43186,16.73512],[77.431,16.73477],[77.42986,16.73499],[77.43021,16.73403],[77.43018,16.73372],[77.43003,16.73375],[77.42985,16.73351],[77.42956,16.7334],[77.4291,16.7334],[77.42942,16.73297],[77.42926,16.73233],[77.429,16.73232],[77.42868,16.73252],[77.42825,16.73208],[77.42816,16.73124],[77.4279,16.73077],[77.42779,16.73016],[77.42655,16.72878],[77.42641,16.72835],[77.42677,16.72741],[77.42666,16.72717],[77.42796,16.72679],[77.42873,16.72639],[77.42948,16.72664],[77.43008,16.72647],[77.43041,16.72615],[77.43043,16.72442],[77.43065,16.72431],[77.43077,16.72353],[77.43061,16.72333],[77.4302,16.72326],[77.42932,16.72284],[77.42776,16.72287],[77.42568,16.72322],[77.42555,16.72252],[77.42556,16.72091],[77.42598,16.72025],[77.42621,16.71894],[77.42643,16.71884],[77.42677,16.71807],[77.42715,16.7162],[77.42772,16.71625],[77.42771,16.71711],[77.42982,16.71677],[77.431,16.7168],[77.43266,16.71703],[77.43421,16.71491],[77.4348,16.7144],[77.43507,16.71337],[77.43536,16.71327],[77.43542,16.71295],[77.4369,16.71182],[77.43863,16.71134],[77.43941,16.71186],[77.4396,16.71219],[77.43969,16.71325],[77.43993,16.71339],[77.44069,16.71277],[77.44161,16.71255],[77.44181,16.71675],[77.44348,16.71642],[77.44428,16.71938],[77.44457,16.71938],[77.44475,16.71918],[77.44502,16.71914],[77.44543,16.72055],[77.44536,16.72101],[77.44572,16.72226],[77.44644,16.72137],[77.44776,16.72046],[77.44863,16.72003],[77.44956,16.71995],[77.45098,16.71963],[77.45181,16.71929],[77.45251,16.71877],[77.45462,16.7176],[77.45604,16.7163],[77.45697,16.71626],[77.45773,16.71645],[77.45855,16.71628],[77.46078,16.7183],[77.4612,16.71829],[77.46161,16.71792],[77.46234,16.7178],[77.46335,16.719],[77.46515,16.71846],[77.46533,16.71869],[77.46598,16.71845],[77.46969,16.71775],[77.47141,16.71725],[77.47155,16.71703],[77.47184,16.71709],[77.47272,16.71663],[77.47333,16.71615],[77.4735,16.71591],[77.47332,16.71513],[77.47258,16.7131],[77.47225,16.7127],[77.4722,16.71227],[77.47168,16.71144],[77.47142,16.71061],[77.47046,16.7106],[77.47083,16.70816],[77.47112,16.70723],[77.47076,16.70601],[77.46982,16.70608],[77.46969,16.70539],[77.47009,16.70419],[77.46929,16.70166],[77.4694,16.70046],[77.46918,16.70012],[77.46992,16.69871],[77.46991,16.69828],[77.47012,16.69777],[77.46989,16.69613],[77.46989,16.69452],[77.46949,16.69378],[77.46969,16.69348],[77.46951,16.69246],[77.46888,16.69127],[77.46861,16.68992],[77.46962,16.68913],[77.46884,16.68693],[77.46869,16.68438],[77.46856,16.68403],[77.46695,16.68208],[77.46617,16.68079],[77.46588,16.6807],[77.46499,16.67958],[77.46385,16.6766],[77.46248,16.67692],[77.45981,16.67734],[77.45669,16.67847],[77.45533,16.67873],[77.45084,16.67913],[77.44797,16.67955],[77.44699,16.67931],[77.4475,16.67882],[77.4475,16.67857],[77.44693,16.67834],[77.44683,16.67809],[77.44698,16.67769],[77.44647,16.67742],[77.44641,16.67635],[77.44399,16.67599],[77.44304,16.67412],[77.44193,16.6714],[77.44193,16.67043],[77.44223,16.67032],[77.44283,16.66958],[77.44222,16.66939],[77.43828,16.67009],[77.43577,16.67038],[77.43358,16.6703],[77.43247,16.67001],[77.43153,16.66945],[77.42886,16.6683],[77.42826,16.66852],[77.42619,16.66812],[77.42399,16.66751],[77.42209,16.66775],[77.41843,16.6686],[77.41887,16.6641],[77.41847,16.66341],[77.41826,16.66092],[77.41766,16.65897],[77.42071,16.65809],[77.42136,16.658],[77.42282,16.65722],[77.42525,16.65658],[77.42677,16.656],[77.42922,16.65562],[77.42977,16.65386],[77.4316,16.65351],[77.43123,16.65156],[77.43243,16.65033],[77.43605,16.64756],[77.43828,16.64566],[77.438,16.64436],[77.43762,16.64425],[77.43748,16.64384],[77.43637,16.64382],[77.43548,16.64403],[77.43493,16.64396],[77.43374,16.64322],[77.4337,16.64229],[77.43427,16.6411],[77.43756,16.64105],[77.43984,16.64065],[77.44174,16.64057],[77.44251,16.64035],[77.44286,16.64015],[77.44329,16.63831],[77.4452,16.63956],[77.44612,16.64001],[77.4477,16.64144],[77.45066,16.64191],[77.45252,16.64392],[77.45689,16.64663],[77.45685,16.64791],[77.457,16.64956],[77.45727,16.64978],[77.45801,16.64986],[77.46005,16.6498],[77.46054,16.64995],[77.46185,16.65128],[77.46293,16.65375],[77.4634,16.65448],[77.46371,16.65435],[77.46455,16.65352],[77.4656,16.65333],[77.4657,16.65318],[77.46745,16.65284],[77.46934,16.65274],[77.47142,16.65244],[77.47246,16.65206],[77.4724,16.65004],[77.47409,16.64873]]}},
{"type":"Feature","properties":{"kind":"state","name":"Karnataka–Telangana","src":"OSM relations 2019939 and 3250963","river":"2736","rlen":35},"geometry":{"type":"LineString","coordinates":[[77.47409,16.64873],[77.47408,16.64871],[77.47383,16.64819],[77.47385,16.64759],[77.47434,16.64659],[77.47432,16.64622],[77.47384,16.64566],[77.47149,16.64431],[77.47124,16.6441],[77.47065,16.64325],[77.47059,16.64274],[77.4706,16.64146],[77.47044,16.64067],[77.4689,16.63833],[77.46877,16.63782],[77.46876,16.63633],[77.46844,16.63619],[77.46661,16.6345],[77.46515,16.63328],[77.46439,16.63254],[77.46412,16.63209],[77.46404,16.63189],[77.46395,16.631],[77.46417,16.62886],[77.46395,16.62803],[77.46334,16.62722],[77.46295,16.62693],[77.46194,16.62639],[77.45948,16.62562],[77.45856,16.62521],[77.4575,16.62434],[77.45647,16.62319],[77.45577,16.62195],[77.45536,16.62142],[77.45481,16.62047],[77.45438,16.61802],[77.4537,16.61638],[77.45345,16.61555]]}},
{"type":"Feature","properties":{"kind":"state","name":"Karnataka–Telangana","src":"OSM relations 2019939 and 3250963"},"geometry":{"type":"LineString","coordinates":[[77.45345,16.61555],[77.45437,16.6139],[77.45648,16.61225],[77.45733,16.61177],[77.45759,16.61136],[77.4575,16.61086],[77.45976,16.61099],[77.46112,16.61038],[77.46569,16.60952],[77.46666,16.60911],[77.46802,16.609],[77.46774,16.60806],[77.46779,16.6058],[77.46767,16.60535],[77.46811,16.60412],[77.4672,16.60377],[77.46649,16.60218],[77.46679,16.60147],[77.46725,16.59915],[77.46645,16.59934],[77.46396,16.5993],[77.46354,16.59954],[77.46191,16.59662],[77.46403,16.59476],[77.46269,16.59423],[77.46412,16.59293],[77.46396,16.59134],[77.46331,16.58923],[77.46221,16.58689],[77.4617,16.58656],[77.46113,16.58493],[77.45844,16.58531],[77.45563,16.58522],[77.45204,16.58542],[77.44626,16.5865],[77.44138,16.58691],[77.43938,16.5872],[77.43408,16.58197],[77.43225,16.57977],[77.43079,16.57769],[77.42992,16.57593],[77.42975,16.57515],[77.42917,16.57387],[77.42832,16.57253],[77.42778,16.57262],[77.42632,16.57204],[77.42594,16.57076],[77.42406,16.56947],[77.4232,16.56851],[77.42261,16.56832],[77.41725,16.56726],[77.41488,16.56695],[77.41347,16.56749],[77.41304,16.56911],[77.41003,16.57104],[77.40913,16.57095],[77.40639,16.57147],[77.40486,16.57138],[77.40485,16.57126],[77.40393,16.57094],[77.40384,16.57112],[77.40179,16.56951],[77.40045,16.56806],[77.4005,16.56794],[77.39916,16.56731],[77.3968,16.56869],[77.39682,16.56892],[77.39646,16.56892],[77.39492,16.56965],[77.39222,16.56965],[77.3924,16.56778],[77.39225,16.56722],[77.39221,16.56468],[77.3924,16.5637],[77.39351,16.564],[77.39689,16.56402],[77.39754,16.56098],[77.39802,16.55927],[77.3984,16.55886],[77.39912,16.55885],[77.39974,16.55525],[77.403,16.55379],[77.4039,16.55374],[77.40354,16.55265],[77.40354,16.55088],[77.40811,16.55024],[77.4089,16.55032],[77.4091,16.55012],[77.40905,16.54948],[77.41027,16.54954],[77.41018,16.54881],[77.41571,16.54903],[77.41671,16.54873],[77.41793,16.54866],[77.41778,16.54666],[77.41825,16.54665],[77.41863,16.54502],[77.41852,16.54223],[77.41927,16.53763],[77.41889,16.53545],[77.41752,16.53394],[77.41684,16.52491],[77.4179,16.52268],[77.41739,16.52085],[77.41616,16.51776],[77.41432,16.51843],[77.41415,16.51861],[77.41258,16.51939],[77.41041,16.52034],[77.41018,16.5206],[77.40915,16.52041],[77.40832,16.52069],[77.4047,16.52122],[77.4028,16.52109],[77.40155,16.52126],[77.40127,16.52124],[77.40103,16.52105],[77.39988,16.521],[77.39962,16.5209],[77.39838,16.52099],[77.39794,16.5209],[77.39661,16.52026],[77.39586,16.52009],[77.39531,16.51969],[77.39502,16.51967],[77.39306,16.5184],[77.39264,16.51803],[77.39153,16.51662],[77.39134,16.51619],[77.39103,16.51615],[77.39046,16.51567],[77.38836,16.5156],[77.38647,16.51594],[77.38385,16.5159],[77.37995,16.51551],[77.37871,16.51496],[77.37734,16.51411],[77.3762,16.51299],[77.37219,16.51012],[77.37141,16.50638],[77.37023,16.50166],[77.36944,16.49655],[77.36943,16.48818],[77.36558,16.48855],[77.36469,16.48879],[77.36089,16.48895],[77.35866,16.48915],[77.35606,16.48885],[77.35455,16.48849],[77.35381,16.4891],[77.35219,16.49074],[77.34961,16.49021],[77.34625,16.49029],[77.3462,16.48791],[77.34395,16.48765],[77.34415,16.48665],[77.34245,16.48622],[77.33735,16.48596],[77.33701,16.48621],[77.33537,16.48623],[77.33484,16.48636],[77.33204,16.48627],[77.33054,16.48643],[77.32927,16.48638],[77.32437,16.48667],[77.32421,16.48676],[77.32443,16.48868],[77.3245,16.49119],[77.32285,16.49139],[77.32099,16.49195],[77.31869,16.49217],[77.31302,16.49399],[77.31015,16.49452],[77.31002,16.49467],[77.30567,16.49533],[77.30381,16.4955],[77.30088,16.49614],[77.29805,16.49653],[77.29868,16.49441],[77.29934,16.49299],[77.29961,16.49155],[77.29973,16.48873],[77.29894,16.48617],[77.2984,16.48521],[77.29682,16.48315],[77.29543,16.48174],[77.295,16.48084],[77.2948,16.48041],[77.29409,16.47686],[77.29093,16.47668],[77.28922,16.47635],[77.2874,16.47645],[77.2871,16.4763],[77.28465,16.47609],[77.28408,16.47599],[77.28336,16.47566],[77.28142,16.47526],[77.28124,16.47509],[77.281,16.47521],[77.27969,16.47488],[77.27938,16.47489],[77.27723,16.47436],[77.27705,16.47413],[77.27538,16.47384],[77.27091,16.47342],[77.26531,16.47312],[77.25081,16.47555],[77.25065,16.47678],[77.24788,16.47735],[77.24781,16.4775],[77.24623,16.47777],[77.24464,16.47766],[77.24147,16.47664],[77.24004,16.47649],[77.23953,16.47693],[77.23912,16.47657],[77.23801,16.47409],[77.2382,16.47381],[77.23679,16.47147]]}},
{"type":"Feature","properties":{"kind":"state","name":"Karnataka–Telangana","src":"OSM relations 2019939 and 3250963","river":"2961","rlen":864},"geometry":{"type":"LineString","coordinates":[[77.23679,16.47147],[77.2372,16.47123],[77.23824,16.47053],[77.23943,16.46946],[77.24063,16.46852],[77.24149,16.46765],[77.24268,16.46718],[77.24299,16.46691],[77.24338,16.4664],[77.24446,16.46524],[77.24718,16.46336],[77.24793,16.46254],[77.24918,16.46032],[77.24989,16.45958],[77.25027,16.45933],[77.25088,16.45912],[77.2518,16.45885],[77.25338,16.45855],[77.25612,16.45731],[77.25644,16.4571],[77.2573,16.45625],[77.25898,16.45485],[77.25969,16.45436],[77.26067,16.45265],[77.26195,16.45089],[77.2646,16.44411],[77.26572,16.44074],[77.26604,16.44006],[77.26681,16.43739],[77.26715,16.43663],[77.26819,16.43308],[77.26848,16.43263],[77.26926,16.43186],[77.27192,16.42887],[77.27444,16.42719],[77.2775,16.42553],[77.27838,16.4249],[77.2802,16.42263],[77.28183,16.41891],[77.28194,16.41722],[77.28197,16.41317],[77.28217,16.41226]]}},
{"type":"Feature","properties":{"kind":"state","name":"Karnataka–Telangana","src":"OSM relations 2019939 and 3250963"},"geometry":{"type":"LineString","coordinates":[[77.28217,16.41226],[77.28429,16.41269],[77.28682,16.41024],[77.28732,16.40814]]}},
{"type":"Feature","properties":{"kind":"state","name":"Karnataka–Telangana","src":"OSM relations 2019939 and 3250963","river":"3218","rlen":1417},"geometry":{"type":"LineString","coordinates":[[77.28732,16.40814],[77.28937,16.40719],[77.29061,16.40638],[77.2932,16.4051],[77.2959,16.40401],[77.29784,16.40337],[77.30034,16.40288],[77.30076,16.40269],[77.30142,16.40275],[77.30264,16.40268],[77.30382,16.40243],[77.30498,16.402],[77.31686,16.39682],[77.31901,16.39608],[77.32215,16.39566],[77.3229,16.39565],[77.32469,16.39592],[77.32976,16.39594],[77.33323,16.39537],[77.3347,16.39496],[77.33573,16.39429],[77.33743,16.39348],[77.33771,16.39307],[77.33829,16.39122],[77.33909,16.38951],[77.34028,16.38804],[77.34153,16.38712],[77.34291,16.38638],[77.34465,16.3859],[77.35501,16.38232],[77.35651,16.38196],[77.35796,16.38205],[77.35955,16.38262],[77.36197,16.38375],[77.3669,16.38489],[77.36867,16.38541],[77.37223,16.38616],[77.37537,16.3862],[77.37768,16.38575],[77.38177,16.38391],[77.38449,16.38205],[77.38707,16.38048],[77.38825,16.38003],[77.38902,16.37994],[77.38982,16.37958],[77.39075,16.37897],[77.39342,16.37647],[77.39414,16.37596],[77.39627,16.37499],[77.39711,16.37449],[77.39874,16.37372],[77.40327,16.37123],[77.40548,16.36991],[77.40756,16.36897],[77.40884,16.36873],[77.40999,16.36885],[77.41287,16.36826],[77.41369,16.36769],[77.41606,16.36647],[77.41814,16.36607],[77.41971,16.3661],[77.42154,16.36703],[77.42349,16.36707],[77.42421,16.36687],[77.42592,16.36711],[77.42649,16.36732],[77.43059,16.37004],[77.43559,16.37473],[77.43609,16.37532],[77.43678,16.37707],[77.43737,16.37803],[77.43824,16.37857],[77.43909,16.37883],[77.4411,16.37896],[77.44207,16.37911],[77.44369,16.37957],[77.44592,16.3807],[77.44706,16.38142],[77.45557,16.3814],[77.45838,16.38092],[77.45975,16.38033],[77.46053,16.3799],[77.46169,16.3797],[77.46398,16.38004],[77.46519,16.38037],[77.46755,16.38156],[77.46926,16.38231],[77.47107,16.38252],[77.47242,16.38246],[77.47418,16.382],[77.47801,16.38295],[77.48086,16.38327],[77.48769,16.38431],[77.48891,16.38483],[77.48991,16.38454],[77.49187,16.38382],[77.49557,16.38162],[77.49702,16.38095],[77.49874,16.38089],[77.50072,16.38053],[77.50316,16.3793],[77.50506,16.37812],[77.50796,16.37708],[77.51037,16.37673],[77.51316,16.37669],[77.51474,16.37602],[77.51698,16.37485],[77.51887,16.37419],[77.52095,16.37329],[77.52403,16.37116],[77.52499,16.36976],[77.52499,16.36872],[77.52653,16.36764],[77.5269,16.36705],[77.52733,16.36584],[77.52765,16.36549],[77.52854,16.36493],[77.53063,16.36388],[77.53203,16.36298],[77.5338,16.36175],[77.53579,16.36004],[77.5375,16.35876],[77.53824,16.35841],[77.53874,16.35825],[77.54116,16.35695],[77.54273,16.35643],[77.54493,16.35586],[77.54594,16.35579],[77.54701,16.35589],[77.54906,16.35472],[77.55106,16.3527],[77.5529,16.35137],[77.55357,16.34975],[77.55428,16.34765],[77.55517,16.34642],[77.55647,16.34521],[77.55781,16.34414],[77.55906,16.3435],[77.56082,16.34289],[77.56268,16.34231],[77.57007,16.34027],[77.57433,16.34017],[77.58514,16.34421],[77.58742,16.34347],[77.58967,16.3432],[77.58988,16.3432]]}},
{"type":"Feature","properties":{"kind":"state","name":"Karnataka–Telangana","src":"OSM relations 2019939 and 3250963"},"geometry":{"type":"LineString","coordinates":[[77.58988,16.3432],[77.58988,16.34109],[77.59128,16.33497],[77.59177,16.33397],[77.59123,16.33362],[77.58986,16.33327],[77.58913,16.3326],[77.58834,16.33262],[77.5887,16.33201],[77.58938,16.33132],[77.59007,16.33028],[77.59029,16.32881],[77.59014,16.32845],[77.5903,16.32722],[77.58996,16.32691],[77.58985,16.32638],[77.58957,16.32598],[77.58962,16.32569],[77.58988,16.32514],[77.59167,16.32415],[77.5918,16.32364],[77.59383,16.32109],[77.59581,16.31749],[77.59601,16.31614],[77.59503,16.31435],[77.59466,16.31313],[77.59448,16.31187],[77.59453,16.3113],[77.59404,16.30856],[77.59372,16.308],[77.59369,16.30748],[77.59307,16.30697],[77.59253,16.30623],[77.59248,16.30497],[77.59151,16.30283],[77.5917,16.30125],[77.59251,16.29765],[77.59389,16.29688],[77.59446,16.29613],[77.59568,16.29524],[77.59763,16.29327],[77.59411,16.29268],[77.59223,16.2925],[77.58961,16.29187],[77.58583,16.29125],[77.58526,16.29187],[77.58289,16.29165],[77.5823,16.29087],[77.58174,16.29171],[77.58115,16.29224],[77.57994,16.29278],[77.57827,16.29395],[77.57726,16.29564],[77.57646,16.29748],[77.57118,16.30232],[77.56963,16.30333],[77.56864,16.3037],[77.56818,16.30458],[77.56823,16.30368],[77.56729,16.30259],[77.56589,16.30172],[77.56413,16.30148],[77.56327,16.30161],[77.56108,16.301],[77.55871,16.29961],[77.558,16.29936],[77.55729,16.29895],[77.55584,16.29791],[77.55568,16.29739],[77.55552,16.29724],[77.55386,16.29732],[77.55284,16.2969],[77.55237,16.29659],[77.55188,16.29606],[77.55182,16.29506],[77.55127,16.29411],[77.55012,16.29451],[77.54864,16.29431],[77.54784,16.29376],[77.54696,16.29269],[77.54516,16.29238],[77.54392,16.29046],[77.54346,16.28896],[77.54157,16.28731],[77.54132,16.28615],[77.54094,16.28612],[77.54076,16.28538],[77.54077,16.28357],[77.54,16.28012],[77.53883,16.27244],[77.53811,16.27008],[77.53735,16.267],[77.53539,16.26786],[77.5334,16.26969],[77.53079,16.27177],[77.53004,16.27257],[77.52979,16.27361],[77.52984,16.27478],[77.52954,16.2755],[77.52896,16.27489],[77.52787,16.27521],[77.52601,16.2761],[77.52564,16.2765],[77.52223,16.27824],[77.52039,16.27822],[77.51934,16.27867],[77.51847,16.27881],[77.5175,16.27866],[77.51727,16.27849],[77.51598,16.27811],[77.51436,16.27795],[77.51441,16.27714],[77.51324,16.27564],[77.51082,16.27461],[77.51007,16.275],[77.5088,16.27497],[77.50742,16.27592],[77.50651,16.27548],[77.50512,16.27286],[77.50538,16.27068],[77.50552,16.26818],[77.5048,16.26573],[77.50426,16.26513],[77.50388,16.26433],[77.50333,16.26393],[77.50192,16.26171],[77.50035,16.26094],[77.4971,16.2586],[77.49566,16.2577],[77.49001,16.25528],[77.49056,16.25396],[77.49144,16.25254],[77.49146,16.25129],[77.49155,16.25129],[77.49233,16.24548],[77.49267,16.24372],[77.49245,16.24097],[77.49221,16.23988],[77.49243,16.23821],[77.49245,16.23761],[77.49221,16.23683],[77.4924,16.2351],[77.49212,16.23283],[77.49226,16.23109],[77.49197,16.22949],[77.49487,16.22697],[77.49529,16.22673],[77.49928,16.22869],[77.50095,16.22966],[77.50257,16.2303],[77.50341,16.2308],[77.50416,16.23047],[77.50509,16.23051],[77.50697,16.23106],[77.50832,16.23101],[77.51027,16.23117],[77.51309,16.23064],[77.51375,16.23079],[77.51438,16.23037],[77.51461,16.22943],[77.51551,16.22768],[77.51575,16.2254],[77.51568,16.22399],[77.51515,16.22255],[77.51483,16.22223],[77.51325,16.22182],[77.51282,16.2219],[77.51203,16.22077],[77.5115,16.22093],[77.50998,16.22168],[77.50859,16.22165],[77.50731,16.22195],[77.50519,16.22268],[77.50311,16.22393],[77.50212,16.22431],[77.50199,16.22433],[77.50134,16.22309],[77.50011,16.22034],[77.50031,16.21921],[77.4997,16.21749],[77.49986,16.21655],[77.49972,16.21472],[77.49902,16.21379],[77.49936,16.21347],[77.49945,16.21313],[77.49914,16.21017],[77.49897,16.20997],[77.49914,16.20992],[77.49945,16.20838],[77.49939,16.20393],[77.49996,16.20289],[77.49987,16.19947],[77.49799,16.19798],[77.49663,16.19583],[77.49529,16.19327],[77.49452,16.19213],[77.4939,16.19069],[77.49334,16.18983],[77.49291,16.18943],[77.49184,16.18764],[77.4916,16.18643],[77.49165,16.18522],[77.49056,16.18317],[77.49007,16.18119],[77.49001,16.17807],[77.48924,16.1745],[77.48935,16.17406],[77.48924,16.1732],[77.48902,16.17261],[77.48934,16.17102],[77.48864,16.17054],[77.48769,16.16833],[77.48753,16.16749],[77.48706,16.16657],[77.48687,16.16508],[77.4863,16.16468],[77.48655,16.16399],[77.48669,16.16281],[77.48712,16.16266],[77.48763,16.16224],[77.48842,16.16196],[77.49003,16.16166],[77.49076,16.16065],[77.49136,16.15846],[77.49166,16.15497],[77.49168,16.15342],[77.49105,16.15061],[77.48991,16.14891],[77.49103,16.14763],[77.49171,16.14576],[77.49092,16.14148],[77.49114,16.13962],[77.49113,16.13825],[77.49128,16.1377],[77.49131,16.13533],[77.49206,16.13511],[77.49176,16.13371],[77.49191,16.13317],[77.49165,16.13233],[77.49177,16.13079],[77.49093,16.12591],[77.4898,16.12354],[77.48958,16.12061],[77.48964,16.11949],[77.49265,16.12108],[77.49452,16.12004],[77.49522,16.1201],[77.49657,16.12084],[77.4981,16.12053],[77.50047,16.12025],[77.50062,16.12002],[77.50135,16.11984],[77.50228,16.1194],[77.50304,16.11801],[77.5058,16.116],[77.50662,16.11573],[77.50654,16.11561],[77.50684,16.11542],[77.50678,16.11506],[77.50744,16.11508],[77.50835,16.11365],[77.50886,16.11338],[77.51092,16.11295],[77.51078,16.11266],[77.5108,16.11196],[77.51066,16.11106],[77.51222,16.10988],[77.51392,16.10776],[77.51389,16.10752],[77.51271,16.10774],[77.5113,16.10864],[77.50967,16.10938],[77.50829,16.1094],[77.50749,16.10927],[77.50684,16.10899],[77.505,16.10791],[77.5039,16.10692],[77.50066,16.10657],[77.4999,16.1038],[77.49894,16.1014],[77.49872,16.10032],[77.49838,16.09971],[77.49785,16.09824],[77.49642,16.09361],[77.49443,16.09129],[77.49239,16.08577],[77.49618,16.0849],[77.49746,16.08378],[77.49915,16.08273],[77.50074,16.08197],[77.50207,16.08136],[77.50288,16.08128],[77.50489,16.08075],[77.50647,16.07813],[77.50677,16.07797],[77.5063,16.07586],[77.50549,16.07339],[77.50536,16.07228],[77.5039,16.07101],[77.5036,16.06998],[77.50424,16.06969],[77.50413,16.06829],[77.50464,16.06816],[77.50428,16.0671],[77.5041,16.0652],[77.50344,16.0635],[77.50124,16.06401],[77.49961,16.06116],[77.49922,16.06119],[77.49891,16.06064],[77.49907,16.06038],[77.49789,16.05792],[77.4978,16.05742],[77.49747,16.05756],[77.49706,16.05619],[77.49637,16.05479],[77.49633,16.05465],[77.49978,16.05356],[77.4991,16.05153],[77.49788,16.05167],[77.49813,16.05086],[77.49781,16.04912],[77.49736,16.04832],[77.4971,16.04586],[77.49831,16.04526],[77.49822,16.04404],[77.49806,16.04362],[77.49551,16.04205],[77.49493,16.04019],[77.49471,16.03851],[77.49474,16.03767],[77.49425,16.03665],[77.49439,16.03419],[77.49505,16.03258],[77.49471,16.03116],[77.49701,16.03023],[77.49651,16.02927],[77.49999,16.02696],[77.50059,16.02472],[77.50173,16.02282],[77.50172,16.02209],[77.50201,16.01969],[77.5042,16.01917],[77.50399,16.01742],[77.50448,16.01728],[77.50486,16.01548],[77.50489,16.01341],[77.50525,16.0132],[77.5055,16.01181],[77.50546,16.0113],[77.50673,16.01112],[77.50652,16.01037],[77.50809,16.01028],[77.50939,16.00947],[77.51277,16.00867],[77.51354,16.00862],[77.51408,16.00872],[77.51399,16.00782],[77.51259,16.0037],[77.5121,15.99918],[77.51109,15.99496],[77.51064,15.99132],[77.50983,15.98614],[77.50966,15.984],[77.50968,15.98176],[77.50946,15.98038],[77.51073,15.9798],[77.51082,15.97665],[77.51246,15.9733],[77.51367,15.97257],[77.51456,15.97006],[77.51518,15.96947],[77.51555,15.96774],[77.51921,15.96725],[77.5192,15.96603],[77.51897,15.96388],[77.5186,15.96177],[77.51797,15.95153],[77.51742,15.94658],[77.51606,15.93896],[77.51442,15.9317],[77.51334,15.92807]]}},
{"type":"Feature","properties":{"kind":"state","name":"Kerala–Puducherry","src":"OSM relations 2018151 and 107001"},"geometry":{"type":"LineString","coordinates":[[75.53593,11.69239],[75.53752,11.69386],[75.54021,11.69697],[75.5413,11.69741],[75.54218,11.6976],[75.54225,11.69822],[75.54206,11.69997],[75.54324,11.7006],[75.54344,11.70211],[75.54468,11.70447],[75.54274,11.70536],[75.53837,11.70928],[75.53594,11.7094],[75.53457,11.70882],[75.53325,11.70578],[75.53186,11.7041],[75.53089,11.70357]]}},
{"type":"Feature","properties":{"kind":"state","name":"Kerala–Puducherry","src":"OSM relations 2018151 and 107001"},"geometry":{"type":"LineString","coordinates":[[75.54342,11.74829],[75.54342,11.75143],[75.54469,11.75626],[75.5444,11.75819],[75.54324,11.76012],[75.54144,11.76081],[75.5386,11.76115],[75.53826,11.76282],[75.53804,11.76245],[75.53775,11.76224],[75.53744,11.76213],[75.53646,11.76217],[75.53608,11.76205],[75.53614,11.76038],[75.53526,11.76057],[75.53474,11.76043],[75.53391,11.75963],[75.53289,11.75951],[75.5324,11.75921],[75.53146,11.75828],[75.53093,11.75791],[75.5313,11.75794],[75.53278,11.75755],[75.53244,11.75519],[75.53264,11.75335],[75.53337,11.75244],[75.53474,11.75183],[75.53616,11.75169],[75.53661,11.75046],[75.53672,11.74983],[75.53828,11.74983],[75.53899,11.74921],[75.54002,11.74641],[75.53993,11.74279],[75.53908,11.73551],[75.53716,11.73442],[75.53337,11.73476],[75.53249,11.73386],[75.53164,11.73186],[75.52955,11.7308],[75.52803,11.72976],[75.52659,11.72631],[75.52734,11.72339],[75.52777,11.72095],[75.52851,11.71829],[75.52934,11.71666],[75.53051,11.71558],[75.53173,11.71505],[75.53137,11.71448],[75.53087,11.7118],[75.53054,11.71114],[75.52998,11.71052],[75.52968,11.70989],[75.52973,11.70909],[75.5304,11.70846],[75.53112,11.70838],[75.5316,11.70886],[75.53245,11.71032],[75.53306,11.71069],[75.53358,11.7109],[75.53737,11.71152],[75.53727,11.71281],[75.53735,11.71395],[75.53754,11.71482],[75.53799,11.71566],[75.53833,11.71602],[75.53908,11.71617],[75.54373,11.7161],[75.54822,11.71624],[75.54918,11.71678],[75.55,11.7174],[75.5512,11.71908],[75.55301,11.71947],[75.55409,11.72084],[75.55441,11.72355],[75.5537,11.7255],[75.55356,11.72824],[75.55218,11.72947],[75.55002,11.73055],[75.54791,11.73182],[75.5435,11.73318],[75.5433,11.73388],[75.54326,11.73473],[75.54281,11.73534],[75.54162,11.73591],[75.54149,11.73856],[75.54168,11.74028],[75.54236,11.74329],[75.54252,11.7455],[75.54284,11.7472],[75.54342,11.74829]]}},
{"type":"Feature","properties":{"kind":"state","name":"Kerala–Tamil Nadu","src":"OSM relations 2018151 and 96905"},"geometry":{"type":"LineString","coordinates":[[76.43128,11.66608],[76.43266,11.66352],[76.43331,11.66077],[76.43589,11.65649],[76.43957,11.65227],[76.44353,11.64474],[76.44098,11.64028],[76.43508,11.63582],[76.43268,11.63149],[76.43029,11.6301],[76.42632,11.63296],[76.40634,11.63422],[76.3965,11.6316],[76.38824,11.6298],[76.38544,11.62635],[76.38354,11.6244],[76.38311,11.61647],[76.38324,11.6149],[76.38387,11.61199],[76.37822,11.60854],[76.37751,11.60173],[76.36742,11.59831],[76.35991,11.59353],[76.3584,11.59223],[76.35421,11.58942],[76.34758,11.58919],[76.34393,11.58802],[76.34073,11.58798],[76.34044,11.59131],[76.33997,11.59332],[76.33602,11.59572],[76.32714,11.59033],[76.32407,11.58834],[76.32137,11.58602],[76.3185,11.58267],[76.31709,11.58047],[76.31601,11.5765],[76.31053,11.57737],[76.30227,11.57127],[76.30091,11.57297],[76.29992,11.57505],[76.29938,11.57813],[76.29936,11.58117],[76.29908,11.58285],[76.2985,11.58443],[76.2959,11.59042],[76.29515,11.59054],[76.29128,11.5904],[76.28909,11.59003],[76.28604,11.59028],[76.28076,11.59855],[76.27892,11.6009],[76.27804,11.59979],[76.27469,11.59616],[76.27426,11.59351],[76.26537,11.59397],[76.26493,11.59388],[76.26446,11.59068],[76.26278,11.59065],[76.26108,11.5895],[76.26016,11.58868],[76.25923,11.58861],[76.25819,11.58833],[76.25724,11.58721],[76.25611,11.58643],[76.25542,11.58541],[76.25358,11.5839],[76.25156,11.58181],[76.25032,11.58165],[76.24908,11.58015],[76.24513,11.57846],[76.2446,11.57842],[76.24424,11.57771],[76.24361,11.57774],[76.24309,11.57739],[76.24235,11.5772],[76.24217,11.57671],[76.24096,11.57651],[76.24078,11.57576],[76.23925,11.57548],[76.23903,11.57463],[76.23798,11.57436],[76.23648,11.57337],[76.23478,11.57262]]}},
{"type":"Feature","properties":{"kind":"state","name":"Kerala–Tamil Nadu","src":"OSM relations 2018151 and 96905","river":"9195","rlen":22},"geometry":{"type":"LineString","coordinates":[[76.23478,11.57262],[76.23481,11.5724],[76.23474,11.57217],[76.23441,11.5721],[76.23428,11.57192],[76.23441,11.57115],[76.23429,11.57088],[76.23333,11.57081],[76.23305,11.57071],[76.23304,11.57053],[76.23346,11.57051],[76.23366,11.57032],[76.23359,11.57018],[76.23319,11.57013],[76.23287,11.56994],[76.23289,11.5693],[76.23292,11.56921],[76.23435,11.56837],[76.23459,11.56784],[76.23555,11.56708],[76.23557,11.5669],[76.23543,11.56671],[76.23548,11.56657],[76.2359,11.56667],[76.23609,11.5666],[76.23607,11.56641],[76.23578,11.56593],[76.2358,11.56555],[76.23601,11.56528],[76.23649,11.56502],[76.23659,11.56485],[76.2362,11.56466],[76.23612,11.56453],[76.2361,11.5636],[76.23619,11.56329],[76.23654,11.56295],[76.23715,11.5626],[76.23722,11.56233],[76.23715,11.56179],[76.23737,11.56127],[76.23797,11.5609],[76.23861,11.56066],[76.2391,11.56026],[76.23906,11.56007],[76.23852,11.55933],[76.23853,11.55909],[76.23905,11.55813],[76.23978,11.55811],[76.24002,11.55795],[76.24012,11.55741],[76.24051,11.55686],[76.2405,11.55627],[76.24037,11.55588],[76.24037,11.55558],[76.24077,11.55554],[76.24095,11.55563],[76.24129,11.55604],[76.24161,11.55623],[76.24205,11.55626],[76.24232,11.55601],[76.24238,11.55583],[76.24236,11.55532],[76.24248,11.55504],[76.24396,11.55443],[76.24426,11.55423],[76.24471,11.55374],[76.24467,11.55352],[76.24449,11.5535],[76.24411,11.5536],[76.24377,11.55383],[76.24337,11.55378],[76.24322,11.55358],[76.24282,11.55342],[76.24254,11.55322],[76.24248,11.55291],[76.24255,11.55235],[76.24279,11.55202],[76.24306,11.55185],[76.24307,11.55177],[76.24224,11.55113],[76.24221,11.55098],[76.24236,11.55033],[76.24246,11.54931],[76.24269,11.54912],[76.24289,11.54883],[76.24301,11.54846],[76.24314,11.54832],[76.24338,11.54824],[76.24403,11.54822],[76.24443,11.54798],[76.24471,11.54797],[76.24517,11.54774],[76.24544,11.54728],[76.24585,11.54695],[76.24653,11.5462],[76.24661,11.54582],[76.24631,11.54549],[76.24624,11.54509],[76.24601,11.54502],[76.24579,11.54467],[76.24528,11.5446],[76.24491,11.54442],[76.24427,11.54394],[76.24392,11.54333],[76.24391,11.54308],[76.24435,11.5428],[76.24458,11.54274],[76.245,11.54243],[76.24526,11.54208],[76.24567,11.54119],[76.24606,11.54065],[76.24628,11.54067],[76.24698,11.54141],[76.24802,11.54146],[76.24811,11.54141],[76.2481,11.54108],[76.24782,11.54051],[76.24779,11.54012],[76.24807,11.53982],[76.24855,11.53895],[76.24904,11.53882],[76.24938,11.53857],[76.24952,11.53786],[76.24976,11.53728],[76.24987,11.53719],[76.25044,11.53705],[76.25098,11.53769],[76.25151,11.53807],[76.25175,11.5381],[76.25187,11.53798],[76.25187,11.53781],[76.25176,11.53749],[76.25119,11.53703],[76.25105,11.53679],[76.25091,11.53639],[76.25092,11.53589],[76.251,11.53546],[76.25118,11.53517],[76.2512,11.53486],[76.25075,11.53434],[76.25044,11.53381],[76.25036,11.53289],[76.25057,11.53228],[76.25072,11.53129],[76.25029,11.53092],[76.24937,11.53047],[76.24913,11.53027],[76.24908,11.53012],[76.24911,11.52992],[76.24931,11.52991],[76.24989,11.53027],[76.25012,11.53028],[76.25017,11.53021],[76.25013,11.52949],[76.25064,11.52857],[76.25101,11.52814],[76.25105,11.528],[76.251,11.52775],[76.2508,11.52751],[76.25048,11.52735],[76.24992,11.52758],[76.24919,11.52768],[76.24877,11.52781],[76.24816,11.52775],[76.24776,11.52782],[76.24758,11.52773],[76.24725,11.52695],[76.24704,11.52681],[76.24597,11.52698],[76.24578,11.52711],[76.24552,11.52715],[76.24531,11.52732],[76.24515,11.52732],[76.24433,11.52707],[76.24429,11.52658],[76.24416,11.52653],[76.24393,11.52657],[76.2438,11.52669],[76.24365,11.52718],[76.24347,11.52739],[76.24278,11.52707],[76.24204,11.52704],[76.24176,11.5272],[76.2418,11.52763],[76.24172,11.52795],[76.24163,11.528],[76.24121,11.52796],[76.24092,11.52803],[76.2408,11.52801],[76.24073,11.5279],[76.24083,11.52743],[76.2407,11.52728],[76.24018,11.52733],[76.23988,11.52757],[76.23967,11.52756],[76.23956,11.52736],[76.23962,11.52651],[76.23941,11.52645]]}},
{"type":"Feature","properties":{"kind":"state","name":"Kerala–Tamil Nadu","src":"OSM relations 2018151 and 96905"},"geometry":{"type":"LineString","coordinates":[[76.23941,11.52645],[76.23909,11.52422],[76.24046,11.52287],[76.24251,11.52111],[76.24277,11.51923],[76.24349,11.51909],[76.24378,11.51797],[76.24463,11.51709],[76.24551,11.51658],[76.24815,11.51649],[76.24834,11.51397],[76.24916,11.51292],[76.24887,11.5089],[76.24853,11.50638],[76.24902,11.50585],[76.25066,11.50345],[76.25159,11.5018],[76.25165,11.50048],[76.2513,11.49942],[76.24984,11.4984],[76.24957,11.49569],[76.24864,11.48112],[76.24761,11.46851],[76.2635,11.4804],[76.26494,11.48103],[76.26649,11.48092],[76.26818,11.48024],[76.26913,11.47868],[76.2699,11.47767],[76.27503,11.47717],[76.27835,11.47943],[76.28172,11.47956],[76.28444,11.483],[76.28798,11.47967],[76.29396,11.47314],[76.29288,11.47035],[76.29058,11.46955],[76.29153,11.46853],[76.29359,11.46563],[76.29494,11.4657],[76.29638,11.46545],[76.3053,11.46776],[76.30878,11.46438],[76.31028,11.46418],[76.31493,11.46086],[76.31903,11.45824],[76.32544,11.45335],[76.33099,11.45827],[76.33612,11.46183],[76.33814,11.46179],[76.33902,11.46396],[76.34212,11.46748],[76.34563,11.46463],[76.3482,11.46327],[76.37116,11.45435],[76.37204,11.45337],[76.37297,11.45102],[76.37851,11.44911],[76.38961,11.44052],[76.39784,11.43472],[76.40873,11.43874],[76.41876,11.44177],[76.4152,11.42266],[76.46193,11.38748],[76.46987,11.38498],[76.49902,11.37726],[76.50032,11.37595],[76.51764,11.37079],[76.51504,11.3589],[76.50806,11.35347],[76.54774,11.35821],[76.54781,11.35618],[76.54723,11.34422],[76.54997,11.33024],[76.54175,11.32003],[76.53739,11.31361],[76.53826,11.3084],[76.53945,11.30367],[76.54552,11.29959],[76.5364,11.29309],[76.52606,11.28751],[76.52212,11.27064],[76.5106,11.26705],[76.50488,11.26473],[76.50167,11.26328],[76.49856,11.2631],[76.48696,11.25823],[76.47581,11.25138],[76.47304,11.24937],[76.46615,11.24507],[76.45322,11.23943],[76.45208,11.23266],[76.4502,11.21343],[76.44899,11.20548],[76.43924,11.20301],[76.43862,11.19895],[76.45192,11.19922],[76.45845,11.18768],[76.46664,11.19331],[76.47347,11.19493],[76.47238,11.20875],[76.4828,11.2107],[76.50054,11.21142],[76.51048,11.21163],[76.51606,11.20431],[76.53385,11.19671],[76.60091,11.20654],[76.62971,11.19413],[76.65311,11.20999],[76.65543,11.20962],[76.65613,11.20962],[76.65702,11.21005],[76.67049,11.21815],[76.67279,11.21912],[76.67487,11.21895],[76.67824,11.22147],[76.6848,11.22772],[76.68282,11.23011],[76.68506,11.2313],[76.68422,11.23379],[76.68524,11.23412],[76.68672,11.23488],[76.69039,11.23645],[76.69249,11.23656],[76.69489,11.23834],[76.69636,11.23908],[76.69828,11.23973],[76.70103,11.23887],[76.70306,11.23868],[76.70425,11.24046]]}},
{"type":"Feature","properties":{"kind":"state","name":"Kerala–Tamil Nadu","src":"OSM relations 2018151 and 96905","river":"7224","rlen":44},"geometry":{"type":"LineString","coordinates":[[76.70425,11.24046],[76.70476,11.24022],[76.70507,11.24034],[76.70536,11.24034],[76.70556,11.24027],[76.70598,11.23994],[76.70671,11.23858],[76.7068,11.23825],[76.70674,11.23773],[76.70699,11.23703],[76.70713,11.23683],[76.7075,11.23651],[76.70832,11.23594],[76.70862,11.23551],[76.7093,11.23433],[76.70942,11.23389],[76.70976,11.23337],[76.71021,11.23222],[76.71042,11.23198],[76.71069,11.23182],[76.71096,11.23184],[76.71177,11.23227],[76.71247,11.23232],[76.71326,11.23208],[76.71358,11.23187],[76.71585,11.23024],[76.71756,11.22864],[76.71864,11.22787],[76.71951,11.2271],[76.71975,11.22678],[76.72044,11.22548],[76.72125,11.22465],[76.72195,11.22452],[76.72247,11.22462],[76.72312,11.22493],[76.72395,11.22548],[76.72431,11.22562],[76.72487,11.22557],[76.72553,11.22513],[76.72554,11.22484],[76.72537,11.22448],[76.72544,11.22383],[76.72526,11.22014],[76.7254,11.21892],[76.72577,11.21829],[76.72599,11.21821],[76.72774,11.21828],[76.72833,11.2181],[76.72935,11.21742],[76.73074,11.21579],[76.73168,11.21524]]}},
{"type":"Feature","properties":{"kind":"state","name":"Kerala–Tamil Nadu","src":"OSM relations 2018151 and 96905"},"geometry":{"type":"LineString","coordinates":[[76.73168,11.21524],[76.73053,11.21331],[76.72997,11.21303],[76.72902,11.2113],[76.72695,11.21052],[76.72526,11.20748],[76.72221,11.20361],[76.7239,11.20085],[76.72596,11.19827],[76.72894,11.19347],[76.7289,11.19262],[76.72822,11.19087]]}},
{"type":"Feature","properties":{"kind":"state","name":"Kerala–Tamil Nadu","src":"OSM relations 2018151 and 96905","river":"6957","rlen":221},"geometry":{"type":"LineString","coordinates":[[76.72822,11.19087],[76.72746,11.191],[76.72608,11.19092],[76.72552,11.19124],[76.7251,11.19165],[76.72467,11.19191],[76.72394,11.19189],[76.72338,11.19175],[76.72271,11.19148],[76.72165,11.19089],[76.72094,11.18992],[76.72054,11.18872],[76.72059,11.18823],[76.72054,11.18774],[76.72011,11.18704],[76.71967,11.18663],[76.71864,11.18625],[76.71738,11.18606],[76.71595,11.18604],[76.71546,11.18635],[76.71472,11.18735],[76.71436,11.18764],[76.71381,11.18803],[76.71307,11.18838],[76.71264,11.18837],[76.7118,11.1882],[76.71144,11.18805],[76.7111,11.1878],[76.71011,11.18753],[76.70995,11.18742],[76.70981,11.18716],[76.70972,11.18673],[76.70982,11.18529],[76.70967,11.18471],[76.70955,11.18296],[76.70946,11.1826],[76.70838,11.18106],[76.70816,11.18063],[76.70801,11.17999],[76.70761,11.1794],[76.70719,11.17911],[76.7064,11.17887],[76.70539,11.17942],[76.70474,11.18018],[76.70427,11.18057],[76.70293,11.18127],[76.70177,11.18164],[76.701,11.18162],[76.70029,11.18135],[76.70008,11.18125],[76.69981,11.18083],[76.69982,11.18014],[76.70001,11.17852],[76.70029,11.17807],[76.70038,11.17766],[76.70055,11.17731],[76.70072,11.1771],[76.70125,11.17675],[76.70156,11.1762],[76.70153,11.17594],[76.70114,11.17544],[76.70094,11.17525],[76.70037,11.1751],[76.69754,11.17524],[76.69692,11.17524],[76.69659,11.17515],[76.69564,11.17469],[76.69484,11.17351],[76.69427,11.17293],[76.69357,11.17274],[76.69307,11.17244],[76.69296,11.17215],[76.69293,11.17165],[76.6927,11.16599],[76.69241,11.16498],[76.69205,11.16439],[76.692,11.16366],[76.6919,11.16329],[76.69179,11.16312],[76.69082,11.16283],[76.68944,11.1628]]}},
{"type":"Feature","properties":{"kind":"state","name":"Kerala–Tamil Nadu","src":"OSM relations 2018151 and 96905"},"geometry":{"type":"LineString","coordinates":[[76.68944,11.1628],[76.68949,11.16069],[76.69011,11.15851]]}},
{"type":"Feature","properties":{"kind":"state","name":"Kerala–Tamil Nadu","src":"OSM relations 2018151 and 96905","river":"7266","rlen":35},"geometry":{"type":"LineString","coordinates":[[76.69011,11.15851],[76.69047,11.15825],[76.69156,11.15788],[76.69178,11.15771],[76.69196,11.15741],[76.69222,11.15636],[76.69251,11.15572],[76.69289,11.15537],[76.69311,11.15533],[76.69401,11.15566],[76.69444,11.1557],[76.69559,11.1555],[76.69607,11.15534],[76.69622,11.1552],[76.69669,11.15413],[76.69676,11.15369],[76.69696,11.15337],[76.69679,11.15304],[76.6956,11.15175],[76.69551,11.15156],[76.69576,11.15089],[76.69613,11.15018],[76.69724,11.14939],[76.69768,11.14922],[76.69819,11.14926],[76.69867,11.14943],[76.69911,11.14976],[76.6994,11.14982],[76.70039,11.14979],[76.70097,11.14955],[76.70126,11.14919],[76.7018,11.14811],[76.70199,11.14756],[76.702,11.14727],[76.70179,11.147],[76.70169,11.14696],[76.70146,11.14691],[76.70102,11.14694],[76.70027,11.1468],[76.70011,11.14659],[76.70015,11.14645],[76.70118,11.14554],[76.70172,11.14524],[76.70192,11.14501],[76.70231,11.14402],[76.70368,11.14321],[76.70438,11.1426],[76.70585,11.14157],[76.70665,11.14124],[76.70851,11.14127],[76.71047,11.14118],[76.71103,11.14123],[76.71216,11.1415],[76.71255,11.14178],[76.71271,11.14199],[76.71278,11.1422],[76.71275,11.14259],[76.71224,11.14342],[76.71202,11.144],[76.71171,11.14443],[76.71147,11.14463],[76.71105,11.14479],[76.71014,11.14496],[76.70924,11.14526],[76.70884,11.14573],[76.7087,11.14604],[76.70868,11.14665],[76.70888,11.14691],[76.70941,11.14724],[76.71034,11.14759],[76.71175,11.14786],[76.71359,11.14799],[76.71476,11.14859],[76.71553,11.14889],[76.71573,11.14886],[76.71607,11.14863],[76.71638,11.14801],[76.71671,11.14765],[76.71704,11.14748],[76.71794,11.14749],[76.71819,11.14735],[76.71824,11.14692],[76.71705,11.1442],[76.71706,11.14345],[76.7173,11.14317],[76.71887,11.14209],[76.71923,11.14096],[76.71952,11.14072],[76.71991,11.14054],[76.72081,11.14047],[76.72143,11.14015],[76.72252,11.13977],[76.72389,11.13875],[76.72466,11.13801],[76.72545,11.13702],[76.72567,11.13639],[76.72612,11.1359],[76.72616,11.13572],[76.726,11.13494],[76.72595,11.13413],[76.72596,11.13375],[76.72611,11.13346],[76.72654,11.13341],[76.72689,11.13348],[76.72737,11.1339],[76.7277,11.13397],[76.72815,11.13392],[76.7284,11.13376],[76.72859,11.13302],[76.72854,11.13265],[76.72804,11.13105],[76.72803,11.13027],[76.72806,11.1301],[76.72825,11.12995],[76.7286,11.1299],[76.72903,11.12999],[76.72936,11.13009],[76.73008,11.13051],[76.73085,11.13071],[76.7315,11.13112],[76.73346,11.13288],[76.73419,11.13379],[76.73408,11.13447],[76.73426,11.13558],[76.73443,11.13601],[76.7348,11.1363],[76.73491,11.13629],[76.73544,11.13555],[76.73608,11.13495],[76.73684,11.13454],[76.73882,11.13408],[76.73981,11.13356],[76.74014,11.13359],[76.7403,11.1335],[76.74033,11.13317],[76.74005,11.13286],[76.73977,11.13271],[76.73923,11.13257],[76.73885,11.13256],[76.73843,11.13232],[76.73861,11.13206],[76.73888,11.1319],[76.73902,11.13161],[76.73941,11.13155],[76.74011,11.13157],[76.74077,11.13175],[76.74145,11.13211],[76.7419,11.13246],[76.74299,11.13367],[76.7434,11.13446],[76.7443,11.13536],[76.74488,11.13625],[76.74573,11.13687],[76.74565,11.13752],[76.7458,11.13777],[76.74612,11.13779],[76.74664,11.13746],[76.74784,11.1361],[76.74835,11.13504],[76.74831,11.13425],[76.74812,11.13389],[76.74775,11.13374],[76.74778,11.1333],[76.74698,11.13334],[76.74685,11.13318],[76.74684,11.13299],[76.74686,11.13277],[76.74718,11.13218],[76.74764,11.13172],[76.7477,11.1314],[76.74762,11.13099],[76.74719,11.13035],[76.74688,11.13005],[76.74661,11.12995],[76.74641,11.12993],[76.74622,11.13003],[76.74574,11.13049],[76.74538,11.13045],[76.74524,11.13029],[76.74524,11.13019],[76.74527,11.12986],[76.74539,11.12957],[76.74575,11.12893],[76.74617,11.12714],[76.74659,11.12627],[76.74663,11.12585],[76.7468,11.12528],[76.74681,11.12454],[76.74693,11.1241],[76.74778,11.12289],[76.74802,11.12243],[76.74798,11.12212],[76.74734,11.12116],[76.74718,11.12028],[76.74676,11.1194],[76.74718,11.11894],[76.74757,11.11828],[76.74795,11.11681],[76.7479,11.11585],[76.74805,11.11485],[76.74782,11.11456],[76.74739,11.11433],[76.74726,11.11395],[76.74733,11.1129],[76.74747,11.1124],[76.74783,11.11184],[76.74782,11.11127],[76.74725,11.11095],[76.74688,11.11032],[76.74618,11.10878],[76.74577,11.10836],[76.74563,11.10831],[76.74456,11.10851],[76.7434,11.1079],[76.74257,11.10785],[76.74206,11.10818],[76.74182,11.10871],[76.7414,11.10921],[76.74121,11.10925],[76.74088,11.10918],[76.74088,11.1085],[76.74135,11.10731],[76.74128,11.10685],[76.74126,11.10562],[76.74093,11.10425],[76.74055,11.10394],[76.74019,11.10389],[76.74002,11.10397],[76.73985,11.10419],[76.73959,11.10473],[76.73936,11.10483],[76.73915,11.10482],[76.73892,11.10465],[76.73886,11.10376],[76.73912,11.1032],[76.73976,11.10243],[76.74005,11.10225],[76.74109,11.10109],[76.74103,11.10011],[76.7412,11.09991],[76.7412,11.09978],[76.74146,11.09974],[76.74261,11.09999],[76.74304,11.09998],[76.7436,11.09946],[76.74375,11.09914],[76.7442,11.09858],[76.74438,11.0982],[76.74503,11.09746],[76.74538,11.09609],[76.7459,11.09502],[76.74601,11.09433],[76.74638,11.0932],[76.74691,11.09234],[76.74731,11.09227],[76.7484,11.09229],[76.74865,11.09239],[76.7494,11.09308],[76.7501,11.09321],[76.75145,11.09326],[76.7517,11.09324],[76.7518,11.09315],[76.75213,11.0921],[76.75253,11.09144],[76.7527,11.09053],[76.75291,11.08667],[76.75323,11.08612],[76.75448,11.0844],[76.75447,11.08367],[76.75432,11.08278],[76.75412,11.08243],[76.75411,11.08215],[76.75432,11.08121],[76.75447,11.08093],[76.75456,11.0805],[76.75483,11.08008],[76.755,11.07951],[76.755,11.07882],[76.75446,11.07797],[76.75401,11.07768],[76.75359,11.0776],[76.75292,11.07767],[76.75221,11.07795],[76.75202,11.07811],[76.75165,11.07877],[76.75132,11.07908],[76.75101,11.07914],[76.75027,11.07905],[76.75011,11.07894],[76.74988,11.07861],[76.74993,11.07742],[76.75005,11.07691],[76.74989,11.07565],[76.74976,11.07531],[76.74955,11.07505],[76.74858,11.07422],[76.74808,11.07404],[76.74773,11.07409],[76.74754,11.07422],[76.74725,11.07523],[76.74704,11.07551],[76.74608,11.07554],[76.74558,11.07525],[76.74535,11.07501],[76.74525,11.0748],[76.74521,11.07455],[76.74531,11.07361],[76.74527,11.07289],[76.74488,11.07236],[76.74471,11.07227],[76.74423,11.07225],[76.74399,11.07231],[76.74326,11.07274],[76.74275,11.07322],[76.74254,11.0733],[76.7422,11.0733],[76.74197,11.07322],[76.74171,11.07279],[76.74138,11.07121],[76.74163,11.06966],[76.74173,11.06946],[76.74201,11.06922],[76.74307,11.06924],[76.74358,11.06915],[76.74406,11.06864],[76.74433,11.06818],[76.74443,11.06781],[76.74438,11.06738],[76.74409,11.06707],[76.7429,11.06684],[76.74246,11.06661],[76.74233,11.06636],[76.74239,11.06602],[76.7426,11.06575],[76.7434,11.06526],[76.74352,11.06514],[76.74356,11.06498],[76.74348,11.06465],[76.74293,11.06382],[76.74288,11.06319],[76.74309,11.06244],[76.74317,11.06226],[76.74376,11.06167],[76.7438,11.06087],[76.74417,11.06031],[76.74439,11.06018],[76.74463,11.06021],[76.74506,11.06054],[76.7453,11.06058],[76.74584,11.06062],[76.74613,11.06049],[76.74598,11.0588],[76.74582,11.05834],[76.74559,11.05807],[76.74477,11.05744],[76.74448,11.05733],[76.74435,11.05717],[76.74438,11.05685],[76.74458,11.05663],[76.7448,11.05646],[76.74491,11.05646],[76.7451,11.05654],[76.7453,11.05679],[76.74549,11.05678],[76.74559,11.05637],[76.74618,11.05561],[76.74618,11.05545],[76.74629,11.05526],[76.74647,11.05509],[76.74687,11.05508],[76.74775,11.05532],[76.7482,11.05533],[76.74893,11.05501],[76.74933,11.05493],[76.75002,11.05508],[76.75058,11.05561],[76.75118,11.05579],[76.7516,11.05579],[76.75296,11.05521],[76.75426,11.05422],[76.75495,11.05403],[76.75564,11.05399],[76.7561,11.05372],[76.75712,11.05369],[76.75737,11.05346],[76.75758,11.05293],[76.75781,11.05269],[76.75815,11.05275],[76.75852,11.05349],[76.75884,11.0536],[76.759,11.05346],[76.75905,11.05307],[76.75936,11.05278],[76.76035,11.05274],[76.76147,11.05283],[76.76159,11.05278],[76.76165,11.05259],[76.76163,11.05187],[76.76179,11.0513],[76.7621,11.05073],[76.76187,11.04963],[76.76211,11.04903],[76.762,11.04857],[76.7622,11.04813],[76.76267,11.04801],[76.76289,11.04786],[76.76346,11.04719],[76.76399,11.04716],[76.76463,11.04675],[76.76505,11.04607],[76.76596,11.04525],[76.76633,11.04507],[76.76657,11.04504],[76.76705,11.04503],[76.76763,11.04514],[76.76787,11.04505],[76.76841,11.04452],[76.76895,11.04413],[76.76996,11.0436],[76.77168,11.04351],[76.77421,11.04261],[76.77475,11.04261],[76.77555,11.04302],[76.77602,11.0431],[76.77627,11.04299],[76.7769,11.04241],[76.77726,11.0423],[76.77829,11.04238],[76.77942,11.04305],[76.78047,11.0434],[76.78089,11.04322],[76.78168,11.04264],[76.78193,11.04258],[76.7827,11.04301],[76.78326,11.04318],[76.78401,11.04326],[76.7849,11.04393],[76.78566,11.04417],[76.78626,11.0449],[76.78644,11.045],[76.78766,11.04501],[76.78875,11.04535],[76.78978,11.04609],[76.78994,11.04631],[76.79009,11.04716],[76.79027,11.04742],[76.7911,11.04842],[76.79201,11.04906],[76.79237,11.04942],[76.793,11.05068],[76.79384,11.05164],[76.79441,11.05211],[76.79478,11.05277],[76.79504,11.053],[76.79555,11.05321],[76.79615,11.05359],[76.79707,11.05396],[76.798,11.05417],[76.79984,11.05425]]}},
{"type":"Feature","properties":{"kind":"state","name":"Kerala–Tamil Nadu","src":"OSM relations 2018151 and 96905"},"geometry":{"type":"LineString","coordinates":[[76.79984,11.05425],[76.79993,11.05227],[76.79688,11.04698],[76.79317,11.04333],[76.79358,11.04144],[76.7925,11.0383],[76.79169,11.03726],[76.78914,11.03619],[76.78585,11.0356],[76.78475,11.03569],[76.7831,11.0346],[76.78037,11.03431],[76.77835,11.03424],[76.77384,11.03359],[76.76836,11.03119],[76.76654,11.02904],[76.764,11.03064],[76.7615,11.0307],[76.75454,11.03235],[76.75182,11.03362],[76.75102,11.03378],[76.74922,11.03352],[76.74898,11.03466],[76.7456,11.03628],[76.74197,11.03844],[76.73777,11.03968],[76.73673,11.03956],[76.73524,11.03868],[76.73253,11.03847],[76.7282,11.03964],[76.72608,11.04109],[76.72224,11.04026],[76.71844,11.0406],[76.71528,11.04113],[76.71402,11.04061],[76.71274,11.03919],[76.71099,11.03905],[76.71014,11.03408],[76.70627,11.03032],[76.70166,11.02826],[76.69556,11.02324],[76.69393,11.02121],[76.69293,11.01643],[76.69067,11.01337],[76.68835,11.00881],[76.68779,11.00169],[76.68564,10.99272],[76.68616,10.98959],[76.6741,10.97591],[76.6736,10.97444],[76.67057,10.97179],[76.66811,10.96985],[76.66663,10.96769],[76.66731,10.96],[76.6665,10.958],[76.66517,10.9556],[76.66406,10.95286],[76.66352,10.95095],[76.66587,10.94749],[76.66569,10.94633],[76.66473,10.94343],[76.6611,10.94252],[76.66002,10.94203],[76.65876,10.94132],[76.65593,10.93891],[76.658,10.93518],[76.65926,10.93048],[76.66021,10.93053],[76.66151,10.93016],[76.66277,10.92919],[76.66499,10.92666],[76.66754,10.92442],[76.6753,10.91878],[76.67715,10.91797],[76.68444,10.91528],[76.68993,10.91338],[76.69541,10.91036],[76.69981,10.91052],[76.70459,10.90996],[76.70843,10.91024],[76.71229,10.90827],[76.71489,10.90862],[76.71645,10.90697],[76.71757,10.90503]]}},
{"type":"Feature","properties":{"kind":"state","name":"Kerala–Tamil Nadu","src":"OSM relations 2018151 and 96905","river":"9199","rlen":18},"geometry":{"type":"LineString","coordinates":[[76.71757,10.90503],[76.71941,10.90442],[76.72149,10.90405],[76.72272,10.90371],[76.72381,10.90306],[76.72473,10.90239],[76.72572,10.90191],[76.72647,10.9014],[76.72767,10.90012],[76.72865,10.89961],[76.7305,10.89927],[76.73323,10.89754],[76.7348,10.89676],[76.7366,10.89635],[76.73807,10.89588],[76.73892,10.8953],[76.73988,10.89422],[76.74063,10.89321],[76.74057,10.89176]]}},
{"type":"Feature","properties":{"kind":"state","name":"Kerala–Tamil Nadu","src":"OSM relations 2018151 and 96905"},"geometry":{"type":"LineString","coordinates":[[76.74057,10.89176],[76.74248,10.89169],[76.74494,10.89258],[76.74985,10.89223],[76.75245,10.89505],[76.75492,10.89352],[76.75794,10.8934],[76.75958,10.89364],[76.76079,10.89355],[76.76152,10.89333],[76.76241,10.89221],[76.7633,10.89144],[76.7649,10.8914],[76.76557,10.89098],[76.76581,10.88993],[76.76568,10.8892],[76.76631,10.88838],[76.76777,10.88709],[76.77123,10.88801],[76.77398,10.88985],[76.77511,10.88999],[76.77651,10.88937],[76.7797,10.89064],[76.78065,10.89061],[76.78179,10.89036],[76.78217,10.88946],[76.78361,10.88914],[76.78625,10.8888],[76.7872,10.88801],[76.78814,10.88676],[76.78949,10.88559],[76.79093,10.88514],[76.79111,10.88477],[76.79164,10.88208]]}},
{"type":"Feature","properties":{"kind":"state","name":"Kerala–Tamil Nadu","src":"OSM relations 2018151 and 96905","river":"9688","rlen":37},"geometry":{"type":"LineString","coordinates":[[76.79164,10.88208],[76.79288,10.88224],[76.79413,10.88216],[76.7962,10.88152],[76.79785,10.88086],[76.79833,10.88085],[76.79969,10.88115],[76.80027,10.88116],[76.80105,10.88096],[76.8017,10.88069],[76.80228,10.88033],[76.80295,10.87979],[76.80339,10.87927],[76.8041,10.87894],[76.80456,10.87899],[76.80569,10.87933],[76.80659,10.87932],[76.80703,10.87892],[76.80763,10.87799],[76.808,10.87761],[76.80841,10.87744],[76.80855,10.87744],[76.80932,10.87776],[76.81005,10.87778],[76.81036,10.87786],[76.81101,10.87867],[76.8113,10.87885],[76.81171,10.87897],[76.81208,10.87858],[76.81228,10.87794],[76.81228,10.87752],[76.81201,10.87696],[76.81203,10.87678],[76.81216,10.87673],[76.81263,10.87689],[76.81284,10.87672],[76.81327,10.87654],[76.81362,10.87651],[76.81376,10.87659],[76.8139,10.87689],[76.81416,10.87697],[76.81432,10.87692],[76.81463,10.8766],[76.81525,10.87642],[76.81534,10.87628],[76.8153,10.87607],[76.81536,10.87587],[76.81577,10.87511],[76.81666,10.87386],[76.81701,10.87367],[76.81745,10.87358],[76.81762,10.87363],[76.81808,10.87435],[76.81824,10.87443],[76.8196,10.87448],[76.81977,10.87442],[76.82027,10.8739],[76.82076,10.87368],[76.82268,10.87346],[76.82295,10.87333],[76.82337,10.87295],[76.82365,10.8728],[76.8247,10.87264],[76.82596,10.87216],[76.82627,10.87222],[76.8264,10.87281],[76.82654,10.8729],[76.82676,10.87292],[76.82736,10.87274],[76.82789,10.87297],[76.82834,10.87287],[76.82857,10.87202],[76.82877,10.8718],[76.8304,10.87104],[76.83063,10.87089],[76.83074,10.87067],[76.83042,10.86975],[76.83046,10.86923],[76.83097,10.868],[76.831,10.86777],[76.83088,10.86755],[76.83051,10.86755],[76.8305,10.86725],[76.83069,10.86635],[76.83024,10.86602],[76.8302,10.86578],[76.83056,10.86531],[76.83108,10.86443],[76.83182,10.86261],[76.83179,10.86204],[76.83192,10.86163],[76.83189,10.86144],[76.83157,10.86119],[76.83168,10.86095],[76.8326,10.86065],[76.83279,10.8607],[76.83294,10.86086],[76.83306,10.86083],[76.83379,10.85901],[76.83411,10.85892],[76.83513,10.85898],[76.83643,10.85871],[76.83696,10.85853],[76.83732,10.85822],[76.83766,10.85743],[76.83781,10.85725],[76.83827,10.85714],[76.83905,10.85711],[76.8392,10.857],[76.83936,10.85668],[76.8394,10.85608],[76.83956,10.85529],[76.83972,10.85499],[76.84008,10.8547],[76.84058,10.85382],[76.84101,10.85328],[76.84128,10.85308],[76.84218,10.85293],[76.84326,10.85238],[76.84427,10.85218],[76.8444,10.85202],[76.84443,10.85141],[76.8445,10.85127],[76.84485,10.85112],[76.84535,10.85105],[76.84603,10.85111],[76.84772,10.85052],[76.84841,10.85009],[76.84862,10.84981],[76.84872,10.84947],[76.84869,10.84822],[76.84891,10.84713],[76.84947,10.84623],[76.85025,10.84541],[76.85231,10.84404],[76.85285,10.84346],[76.85355,10.84235],[76.8533,10.83824],[76.85324,10.83786],[76.85294,10.83743],[76.85293,10.83708],[76.85306,10.83653],[76.85354,10.836],[76.85369,10.83527],[76.85369,10.83487],[76.85348,10.83419],[76.85323,10.83379],[76.85231,10.83302],[76.85155,10.83223],[76.85122,10.83171],[76.85107,10.83097],[76.85066,10.83008],[76.85054,10.82996],[76.85025,10.82988],[76.85007,10.82997],[76.84989,10.8303],[76.84979,10.83093],[76.84969,10.83113],[76.84947,10.8313],[76.84899,10.83149],[76.84849,10.83151],[76.84834,10.83136],[76.84824,10.83089],[76.84841,10.83],[76.84817,10.82873],[76.84752,10.82732],[76.84728,10.82712],[76.84696,10.82707],[76.8468,10.82733],[76.84666,10.82794],[76.84657,10.82803],[76.8462,10.82801],[76.84587,10.82778],[76.84558,10.82738],[76.84538,10.82676],[76.84504,10.82624],[76.845,10.82602],[76.84504,10.8258],[76.84558,10.82517],[76.84649,10.82463],[76.8474,10.82303],[76.84746,10.82283],[76.84746,10.82199],[76.84768,10.82106],[76.84785,10.81982],[76.84803,10.81941],[76.84916,10.81862],[76.8495,10.81828]]}},
{"type":"Feature","properties":{"kind":"state","name":"Kerala–Tamil Nadu","src":"OSM relations 2018151 and 96905"},"geometry":{"type":"LineString","coordinates":[[76.8495,10.81828],[76.85196,10.81923],[76.85293,10.81911],[76.85408,10.81843],[76.85551,10.81884],[76.85613,10.8187],[76.85759,10.81766],[76.85874,10.81747],[76.85926,10.8178],[76.86037,10.81927],[76.86157,10.81878],[76.86314,10.81788],[76.86436,10.81688],[76.86502,10.81563],[76.86531,10.81311],[76.86653,10.81178],[76.86826,10.81027],[76.86926,10.80906],[76.87016,10.80841],[76.87261,10.80845],[76.87847,10.8091],[76.88118,10.80834],[76.88424,10.80859],[76.89026,10.80985],[76.89601,10.80928],[76.8994,10.80848],[76.90098,10.80717],[76.90118,10.80537],[76.90076,10.80201],[76.9008,10.80075],[76.90143,10.80035],[76.90284,10.79784],[76.90387,10.79301],[76.90539,10.78966],[76.90582,10.78814],[76.90563,10.7866],[76.90722,10.782],[76.90767,10.77954],[76.90774,10.7774],[76.90731,10.77609],[76.90608,10.77409],[76.90525,10.77205],[76.90339,10.77218],[76.90287,10.77211],[76.90253,10.77065],[76.90325,10.76895],[76.90375,10.7659],[76.90367,10.76332],[76.90375,10.76158],[76.90276,10.75915],[76.90196,10.75744],[76.89988,10.75491],[76.89642,10.75237],[76.89607,10.7499],[76.89618,10.74508],[76.89514,10.74354],[76.89426,10.74272],[76.89277,10.74021],[76.89052,10.73787],[76.88935,10.73567],[76.88835,10.73217],[76.88866,10.73094],[76.88857,10.72843],[76.88991,10.72622],[76.89057,10.72538],[76.89124,10.7238],[76.89293,10.72141],[76.89213,10.72012],[76.89097,10.71753],[76.89043,10.71684],[76.88943,10.7167],[76.88826,10.71745],[76.88647,10.71888],[76.88533,10.71871],[76.8828,10.71775],[76.87815,10.71083],[76.87573,10.70679],[76.87357,10.7023],[76.87224,10.69994],[76.87064,10.69801],[76.86954,10.69639],[76.86803,10.69475],[76.87097,10.69316],[76.87066,10.69188],[76.86926,10.68924],[76.8677,10.68739],[76.86629,10.68539],[76.8667,10.68389],[76.86749,10.67965],[76.86845,10.67832],[76.8701,10.67698],[76.87357,10.67714],[76.87697,10.67689],[76.8777,10.67648],[76.87821,10.67559],[76.87867,10.67319],[76.87862,10.67193],[76.8779,10.66905],[76.87829,10.6667],[76.87868,10.66531],[76.88023,10.66343],[76.88108,10.66202],[76.88161,10.66033],[76.88129,10.65821],[76.88137,10.6564],[76.8821,10.65448],[76.8831,10.65355],[76.88404,10.64891],[76.88388,10.64743],[76.88302,10.646],[76.88289,10.64045],[76.88255,10.63944],[76.88127,10.63951],[76.87943,10.63895],[76.87691,10.63873],[76.87417,10.63811],[76.87115,10.63603],[76.87012,10.63504],[76.86632,10.63311],[76.86203,10.63248],[76.85924,10.63273],[76.85666,10.63319],[76.85507,10.63383],[76.85117,10.63505],[76.84799,10.63547],[76.84507,10.63556],[76.8419,10.63492],[76.8392,10.63469],[76.83132,10.63723],[76.83023,10.63739],[76.82621,10.63606],[76.82158,10.63485],[76.81447,10.63583],[76.8146,10.63176],[76.81488,10.62964],[76.8137,10.62881],[76.81128,10.62468],[76.81087,10.62332],[76.811,10.62164],[76.81178,10.61986],[76.81435,10.61889],[76.81531,10.61728],[76.81645,10.61695],[76.81644,10.61351],[76.81813,10.61171],[76.81842,10.61084],[76.81787,10.60942],[76.81612,10.60836],[76.81556,10.60789],[76.81635,10.60637],[76.81679,10.60481],[76.81773,10.60277],[76.81886,10.60262],[76.82147,10.60028],[76.8221,10.59948],[76.823,10.59929],[76.82445,10.59771],[76.82497,10.59781],[76.82559,10.59716],[76.82646,10.59669],[76.82762,10.5969],[76.82857,10.59775],[76.82961,10.59769],[76.83038,10.59781],[76.83079,10.59845],[76.83141,10.59861],[76.83168,10.59945],[76.83359,10.59896],[76.83693,10.59849],[76.83755,10.5981],[76.83816,10.5973],[76.83836,10.59476],[76.83743,10.59114],[76.83798,10.58968],[76.83838,10.58909],[76.83766,10.58832],[76.83731,10.58723],[76.83757,10.58649],[76.83729,10.58616],[76.83661,10.58569],[76.83708,10.58495],[76.83683,10.5842],[76.83767,10.58384],[76.83791,10.5834],[76.83765,10.58303],[76.83699,10.58263],[76.83698,10.58221],[76.83766,10.58173],[76.83763,10.58114],[76.83705,10.58141],[76.83545,10.57927],[76.83553,10.57835],[76.83477,10.57772],[76.83386,10.57567],[76.83357,10.5746],[76.83367,10.57373],[76.83433,10.57236],[76.83452,10.57132],[76.83456,10.57023],[76.83492,10.57],[76.83481,10.56835],[76.83585,10.56715],[76.83656,10.56603],[76.83751,10.5655],[76.83844,10.56459],[76.83868,10.56375],[76.83876,10.56254],[76.83919,10.56135],[76.8384,10.56013],[76.83557,10.55775],[76.83585,10.55528],[76.8352,10.55212],[76.83503,10.54688],[76.83531,10.54499],[76.84004,10.54225],[76.84211,10.54082],[76.84311,10.53728],[76.84174,10.53556],[76.83971,10.52833],[76.83659,10.51833],[76.83101,10.49897],[76.82978,10.4765],[76.82881,10.46696],[76.82812,10.453],[76.82839,10.45016],[76.82606,10.44502],[76.82261,10.43814],[76.81623,10.42324],[76.81962,10.42092],[76.82312,10.41712],[76.82247,10.41463],[76.82429,10.4114],[76.82466,10.40996],[76.82576,10.40945],[76.82736,10.41135],[76.83035,10.41132],[76.83267,10.4082],[76.83284,10.40682],[76.83245,10.40591],[76.83405,10.40326],[76.83052,10.40067],[76.82864,10.39944],[76.8237,10.39517],[76.82656,10.39275],[76.82867,10.3912],[76.83068,10.38954],[76.83417,10.3833],[76.83664,10.38295],[76.842,10.37788],[76.84399,10.37742],[76.8442,10.37542],[76.84548,10.37321],[76.84859,10.36883],[76.84874,10.36736],[76.84816,10.36655],[76.84632,10.36474],[76.84499,10.36305],[76.84587,10.36006],[76.84629,10.358],[76.8454,10.35648],[76.84195,10.35366],[76.84177,10.35058],[76.84011,10.35004],[76.8385,10.34826],[76.83623,10.34618],[76.83628,10.34321],[76.83598,10.34033],[76.83728,10.33948],[76.83766,10.33779],[76.83778,10.33633],[76.83708,10.33569],[76.83636,10.33438],[76.8357,10.33217],[76.83608,10.32988],[76.8353,10.32862],[76.83485,10.32651],[76.83438,10.32326],[76.83371,10.32065],[76.83269,10.31739],[76.83067,10.31475],[76.83032,10.30963],[76.82878,10.30745]]}},
{"type":"Feature","properties":{"kind":"state","name":"Kerala–Tamil Nadu","src":"OSM relations 2018151 and 96905","river":"9636","rlen":55},"geometry":{"type":"LineString","coordinates":[[76.82878,10.30745],[76.82913,10.3072],[76.82972,10.30651],[76.83107,10.30354],[76.83167,10.30279],[76.83221,10.30252],[76.83327,10.30233],[76.83593,10.30238],[76.83627,10.30233],[76.83699,10.30212],[76.83769,10.3018],[76.83804,10.30152],[76.83879,10.3005],[76.83993,10.29981],[76.84045,10.29942],[76.84122,10.29862],[76.84303,10.29719],[76.84403,10.29601],[76.84439,10.29574],[76.84508,10.29542],[76.84522,10.2952],[76.84528,10.29488],[76.84523,10.29456],[76.84507,10.29438],[76.84417,10.29375],[76.84259,10.2931],[76.84229,10.29286],[76.8422,10.29259],[76.84211,10.29164],[76.84215,10.29038],[76.84279,10.2895],[76.84312,10.28917],[76.84356,10.28888],[76.84375,10.28886],[76.84425,10.28923],[76.84448,10.28925],[76.84462,10.28914],[76.84496,10.28851],[76.84535,10.28831],[76.84588,10.2882],[76.84666,10.28817],[76.84785,10.28765],[76.8483,10.28754],[76.84873,10.2873],[76.84897,10.28693],[76.84897,10.28664],[76.84844,10.28605],[76.84837,10.28551],[76.8485,10.28515],[76.84873,10.28499],[76.84894,10.28499],[76.84969,10.28541],[76.85022,10.2855],[76.85067,10.2854],[76.85127,10.28484],[76.85145,10.28478],[76.85181,10.28489],[76.85206,10.28516],[76.85248,10.28629],[76.85248,10.28651],[76.85237,10.28675],[76.85129,10.28766],[76.85095,10.28807],[76.85089,10.28857],[76.85103,10.28935],[76.85103,10.29034],[76.85108,10.2905],[76.85137,10.29062],[76.85232,10.29054],[76.85276,10.29073],[76.85324,10.29138],[76.85347,10.29225],[76.85369,10.29249],[76.854,10.2926],[76.85459,10.29251],[76.85526,10.29318],[76.85615,10.29374],[76.85723,10.29364],[76.85777,10.29395],[76.85806,10.29402],[76.85843,10.29393],[76.85859,10.29375],[76.85863,10.29342],[76.85848,10.29304],[76.85863,10.29266],[76.85945,10.29211],[76.85977,10.29201],[76.86026,10.292],[76.86214,10.29211],[76.86334,10.29298],[76.86341,10.29368],[76.86316,10.2947],[76.86339,10.29504],[76.86435,10.29565],[76.86484,10.29586],[76.86573,10.29586],[76.86691,10.29562],[76.86744,10.29563],[76.8679,10.29624],[76.86832,10.29654],[76.86873,10.29667],[76.86955,10.2967],[76.86964,10.29677],[76.86967,10.29696],[76.86936,10.2985],[76.8694,10.29866],[76.86958,10.29885],[76.87101,10.29941],[76.8718,10.29907],[76.87218,10.29901],[76.87251,10.29907],[76.87368,10.2987],[76.87408,10.29868]]}},
{"type":"Feature","properties":{"kind":"state","name":"Kerala–Tamil Nadu","src":"OSM relations 2018151 and 96905"},"geometry":{"type":"LineString","coordinates":[[76.87408,10.29868],[76.87394,10.29645],[76.87445,10.2947],[76.87458,10.29379],[76.87319,10.28228],[76.87323,10.27889],[76.87345,10.27664],[76.87455,10.27546],[76.88396,10.27096],[76.89144,10.26308],[76.89651,10.26308],[76.89719,10.26275],[76.8985,10.25999],[76.89953,10.25728],[76.90142,10.25126],[76.90335,10.25164],[76.90451,10.25082],[76.90561,10.24778],[76.90371,10.24196],[76.90382,10.2401]]}},
{"type":"Feature","properties":{"kind":"state","name":"Kerala–Tamil Nadu","src":"OSM relations 2018151 and 96905","river":"9250","rlen":69},"geometry":{"type":"LineString","coordinates":[[76.90382,10.2401],[76.90495,10.24016],[76.90525,10.24024],[76.90609,10.24083],[76.90663,10.24109],[76.90723,10.24112],[76.90795,10.24093],[76.90881,10.24038],[76.90932,10.23988],[76.90976,10.23927],[76.90988,10.23897],[76.90992,10.23847],[76.90977,10.23688],[76.90988,10.23656],[76.91018,10.23618],[76.91266,10.2347],[76.9131,10.23458],[76.9139,10.23454],[76.91852,10.23283],[76.91995,10.2327],[76.92111,10.23237],[76.92147,10.23234],[76.92263,10.23275],[76.92495,10.23283],[76.92585,10.23305],[76.92644,10.23328],[76.9275,10.23385],[76.92839,10.23413],[76.92901,10.23441],[76.93039,10.23547],[76.93241,10.23653],[76.93273,10.23652],[76.93314,10.23608],[76.93343,10.23598],[76.93387,10.23606],[76.93621,10.23737],[76.93688,10.23804],[76.93761,10.23846],[76.93783,10.23904],[76.9381,10.23928],[76.93876,10.23937],[76.93943,10.23919],[76.94065,10.23846],[76.94347,10.23729],[76.944,10.23683],[76.94435,10.23667],[76.94478,10.23663],[76.94626,10.23688],[76.94689,10.23723],[76.94714,10.23718],[76.94736,10.23704],[76.94761,10.23658],[76.94792,10.23575],[76.94814,10.23446],[76.94831,10.23404],[76.94865,10.23354],[76.94888,10.23332],[76.9494,10.23301],[76.95131,10.23236],[76.95186,10.23228],[76.9536,10.23234],[76.95375,10.23241],[76.95436,10.23337],[76.9546,10.2336],[76.95509,10.23394],[76.95572,10.23426],[76.95618,10.2343],[76.95735,10.23417],[76.95877,10.23434],[76.95953,10.23386],[76.95995,10.23381],[76.96132,10.23313],[76.96177,10.23299],[76.96333,10.23272],[76.96417,10.2323],[76.96482,10.23182],[76.96535,10.23127],[76.96585,10.23103],[76.9662,10.23097],[76.9672,10.23123],[76.96786,10.23121],[76.96825,10.23106],[76.9688,10.23054],[76.9691,10.23036],[76.96944,10.23024],[76.97006,10.23019],[76.97112,10.22972],[76.97184,10.2291],[76.97243,10.22842],[76.97261,10.22797],[76.97273,10.22649],[76.97298,10.22596],[76.97331,10.22561],[76.97362,10.22546],[76.97553,10.22517],[76.97657,10.22529],[76.97705,10.22497],[76.97773,10.22408],[76.97828,10.22385],[76.9788,10.22381],[76.97931,10.22405],[76.97972,10.22415],[76.98028,10.22401],[76.98059,10.22372],[76.98074,10.22344],[76.98104,10.22233],[76.98127,10.22205],[76.98149,10.22191],[76.98171,10.22158],[76.98195,10.22102],[76.98205,10.22055],[76.98219,10.22034],[76.98256,10.22022],[76.98277,10.22022],[76.98323,10.22049],[76.9835,10.22117],[76.98353,10.22194],[76.98373,10.22241],[76.98404,10.22274],[76.98478,10.2231],[76.98656,10.22311],[76.98661,10.22306]]}},
{"type":"Feature","properties":{"kind":"state","name":"Kerala–Tamil Nadu","src":"OSM relations 2018151 and 96905"},"geometry":{"type":"LineString","coordinates":[[76.98661,10.22306],[76.98888,10.22522],[76.99007,10.22577],[76.99086,10.22596],[76.99093,10.22645],[76.99044,10.228],[76.99078,10.22876],[76.99166,10.22888],[76.99234,10.22933],[76.99302,10.23032],[76.99362,10.23056],[76.9949,10.23082],[76.99581,10.23131],[76.99672,10.2311],[76.99792,10.23026],[76.99862,10.23049],[76.99943,10.23111],[76.99949,10.2319],[76.99937,10.23292],[77.00048,10.23398],[77.00085,10.23483],[77.00123,10.23527],[77.0017,10.23527],[77.00247,10.23432],[77.00336,10.2343],[77.00418,10.23515],[77.00465,10.23774],[77.00621,10.23906],[77.00775,10.23935],[77.00888,10.24023],[77.01039,10.24009],[77.01121,10.24029],[77.01175,10.24205],[77.01206,10.24264],[77.01276,10.24293],[77.01328,10.24421],[77.0142,10.246],[77.01659,10.24552],[77.01755,10.24577],[77.01908,10.24698],[77.02019,10.24754],[77.02399,10.24895],[77.02469,10.24989],[77.02598,10.25001],[77.02654,10.24975],[77.02691,10.24972],[77.02781,10.25042],[77.03068,10.25115],[77.03214,10.25191],[77.03557,10.25176],[77.0369,10.25233],[77.03738,10.25296],[77.03825,10.25338],[77.0388,10.25305],[77.03883,10.25289],[77.04075,10.25298],[77.04149,10.25337],[77.04257,10.25458],[77.04386,10.25539],[77.04534,10.25599],[77.0464,10.25713],[77.04676,10.25928],[77.04774,10.25985],[77.04948,10.26129],[77.05057,10.26188],[77.05099,10.26238],[77.05169,10.26556],[77.05086,10.26755],[77.05172,10.2698],[77.05191,10.27182],[77.05152,10.27252],[77.0516,10.27281],[77.05228,10.27348],[77.05225,10.27375],[77.05158,10.2741],[77.05131,10.27446],[77.04985,10.27792],[77.04957,10.27837],[77.04881,10.2791],[77.04837,10.27983],[77.04762,10.27983],[77.04669,10.28019],[77.04618,10.2808],[77.04603,10.28138],[77.04451,10.28223],[77.04328,10.28244],[77.04319,10.28271],[77.04352,10.28379],[77.04496,10.28414],[77.04612,10.2843],[77.04703,10.28497],[77.04816,10.28488],[77.05033,10.28533],[77.05103,10.28515],[77.05178,10.28541],[77.05225,10.28541],[77.05383,10.28644],[77.05432,10.28703],[77.05516,10.2871],[77.05578,10.28743],[77.05613,10.28737],[77.05661,10.28686],[77.05705,10.28695],[77.05807,10.28804],[77.05854,10.28933],[77.05892,10.28975],[77.05976,10.29007],[77.06141,10.29129],[77.06241,10.29167],[77.06266,10.29237],[77.06367,10.29383],[77.06395,10.29485],[77.06489,10.29697],[77.06542,10.29729],[77.06637,10.29756],[77.0715,10.29869],[77.07492,10.30025],[77.08022,10.30369],[77.09151,10.31426],[77.09175,10.31247],[77.09364,10.31116],[77.09488,10.31015],[77.09557,10.30876],[77.09703,10.30939],[77.09747,10.31014],[77.09832,10.31243],[77.09875,10.31323],[77.10076,10.31406],[77.10155,10.31548],[77.10526,10.31581],[77.10677,10.31533],[77.10829,10.31407]]}},
{"type":"Feature","properties":{"kind":"state","name":"Kerala–Tamil Nadu","src":"OSM relations 2018151 and 96905","river":"7759","rlen":22},"geometry":{"type":"LineString","coordinates":[[77.10829,10.31407],[77.10855,10.31426],[77.10907,10.3143],[77.10951,10.31465],[77.11027,10.31467],[77.11061,10.3148],[77.11085,10.31499],[77.11107,10.31557],[77.11181,10.31592],[77.11217,10.31619],[77.11255,10.31621],[77.1129,10.31608],[77.11304,10.31611],[77.11327,10.31672],[77.11351,10.31698],[77.11369,10.31702],[77.11425,10.31697],[77.11489,10.31709],[77.11582,10.31697],[77.11645,10.31709],[77.11702,10.31734],[77.11718,10.31748],[77.11784,10.31763],[77.11824,10.3181],[77.11894,10.31811],[77.11992,10.31869],[77.12134,10.31924],[77.12182,10.3196],[77.12235,10.32039],[77.12257,10.3206],[77.12287,10.32075],[77.12329,10.32082],[77.12395,10.32117],[77.12451,10.32173],[77.12551,10.32255],[77.12643,10.32386],[77.12672,10.32417],[77.12755,10.32472],[77.12873,10.3253],[77.13007,10.32653],[77.1308,10.327],[77.13161,10.3275],[77.13221,10.32774],[77.13253,10.32778],[77.13319,10.32819],[77.13411,10.32863],[77.13472,10.32903],[77.1356,10.32983],[77.13671,10.33045],[77.13738,10.33091],[77.1383,10.33098],[77.13892,10.33153],[77.13958,10.33183],[77.14043,10.33216],[77.14161,10.33236],[77.14332,10.33295],[77.14366,10.33323],[77.14397,10.33378],[77.14418,10.33397],[77.14538,10.33431],[77.14646,10.33485],[77.14691,10.33491],[77.14748,10.33482],[77.14802,10.33512],[77.14905,10.33524],[77.14972,10.33549],[77.15035,10.33591],[77.1511,10.33682],[77.15175,10.33722],[77.15198,10.33789],[77.15264,10.33834],[77.15286,10.33863],[77.15312,10.33929],[77.15342,10.33947],[77.15395,10.33948],[77.15455,10.34],[77.15503,10.34079],[77.15551,10.34123],[77.15559,10.34141],[77.15565,10.34202],[77.15604,10.34237],[77.15611,10.34294],[77.15634,10.34324],[77.15667,10.34346],[77.15748,10.34371],[77.15794,10.344],[77.15856,10.34419],[77.15869,10.34429],[77.15917,10.34501],[77.1601,10.3455],[77.16034,10.34607],[77.16085,10.3466],[77.16107,10.34763],[77.1615,10.34822],[77.16193,10.34846],[77.16313,10.34864],[77.16397,10.34915],[77.165,10.34959],[77.16519,10.34998],[77.16531,10.35008],[77.16633,10.35035],[77.1665,10.3506],[77.1666,10.35125],[77.16678,10.3515],[77.16707,10.35177],[77.16751,10.35202],[77.16821,10.35272],[77.16916,10.35323],[77.16977,10.35377],[77.17011,10.3542],[77.17182,10.35487],[77.17274,10.35543],[77.17376,10.35568],[77.17424,10.35614],[77.17474,10.35633],[77.17491,10.35664],[77.17486,10.35725],[77.17491,10.35746],[77.17512,10.3577],[77.17527,10.35777],[77.17632,10.35801],[77.17719,10.35798],[77.17774,10.35773],[77.17842,10.35768],[77.1795,10.35701],[77.18007,10.357],[77.18088,10.35715],[77.18142,10.35708],[77.18185,10.35693],[77.1824,10.35653],[77.18361,10.35635],[77.18418,10.35635],[77.18499,10.35592],[77.18672,10.35552],[77.18702,10.35553],[77.18802,10.35574],[77.18915,10.35549],[77.18976,10.35545],[77.1908,10.35571],[77.19141,10.3557],[77.19227,10.35512],[77.1939,10.35495],[77.19465,10.35474],[77.19522,10.35474],[77.19593,10.35501],[77.19684,10.35496],[77.19705,10.35501],[77.19718,10.35516],[77.19755,10.35649],[77.19775,10.35675],[77.19808,10.35695],[77.19872,10.3571],[77.1999,10.35717],[77.20164,10.35769],[77.20266,10.35789],[77.20306,10.35777],[77.20363,10.35677],[77.20375,10.35624],[77.20393,10.35481],[77.20414,10.35431],[77.20449,10.35383],[77.20498,10.3536],[77.20533,10.35362],[77.20649,10.35408],[77.20724,10.35416],[77.20856,10.35402],[77.21006,10.35329],[77.21213,10.35347],[77.2138,10.35334],[77.21543,10.35337],[77.21691,10.35351],[77.21962,10.35343],[77.22108,10.35371],[77.22255,10.35371],[77.22566,10.35342],[77.22717,10.3532],[77.22887,10.3528],[77.23098,10.35243],[77.23361,10.35211],[77.23557,10.3522]]}},
{"type":"Feature","properties":{"kind":"state","name":"Kerala–Tamil Nadu","src":"OSM relations 2018151 and 96905"},"geometry":{"type":"LineString","coordinates":[[77.23557,10.3522],[77.23566,10.3502],[77.23632,10.34595],[77.23644,10.33835],[77.23337,10.33734],[77.23336,10.33447],[77.23058,10.33267],[77.23026,10.33029],[77.22879,10.32787],[77.22906,10.32676],[77.23007,10.32611],[77.23037,10.32488],[77.22987,10.32357],[77.23026,10.32241],[77.22977,10.32091],[77.22863,10.31948],[77.22908,10.31424],[77.23036,10.31395],[77.23108,10.313],[77.23183,10.31154],[77.23208,10.30861],[77.23319,10.30765],[77.23497,10.30856],[77.23575,10.30738],[77.23638,10.30348],[77.23721,10.30124],[77.23956,10.2989],[77.24003,10.29793],[77.23956,10.29554],[77.24069,10.29371],[77.24219,10.29225],[77.24282,10.29048],[77.24706,10.28587],[77.24856,10.28245],[77.25041,10.27979],[77.25901,10.26838],[77.26314,10.26328],[77.25953,10.26118],[77.25721,10.25929],[77.25717,10.25746],[77.25761,10.25105],[77.25808,10.24702],[77.25919,10.23194],[77.25901,10.23034],[77.26332,10.23209],[77.26501,10.23296],[77.26512,10.235],[77.26825,10.23465],[77.26942,10.2368],[77.27134,10.23527],[77.27688,10.23497],[77.27741,10.23591],[77.28009,10.23546],[77.28102,10.23662],[77.2847,10.23317],[77.28651,10.23241],[77.28762,10.23219],[77.2883,10.2319],[77.29287,10.22364],[77.29534,10.22003],[77.29423,10.21625],[77.29062,10.21515],[77.28883,10.21378],[77.28721,10.21088],[77.28736,10.20964],[77.2833,10.20858],[77.28453,10.20555],[77.28585,10.20435],[77.28488,10.20279],[77.28481,10.20053],[77.28315,10.19655],[77.28136,10.19551],[77.28071,10.19435],[77.27895,10.19509],[77.27746,10.19172],[77.27731,10.18854],[77.27593,10.18651],[77.27526,10.18418],[77.27551,10.17809],[77.2763,10.17565],[77.27516,10.17528],[77.27466,10.17486],[77.27468,10.17299],[77.27401,10.17267],[77.27426,10.17046],[77.2729,10.16493],[77.27318,10.16092],[77.27408,10.15813],[77.27412,10.15723],[77.27344,10.15589],[77.27356,10.15122],[77.27299,10.15082],[77.27354,10.1479],[77.27245,10.14645],[77.27229,10.14489],[77.27184,10.14252],[77.27198,10.14138],[77.2726,10.14011],[77.27381,10.13999],[77.27463,10.13971],[77.27459,10.13869],[77.27471,10.13731],[77.27415,10.13569],[77.27473,10.13219],[77.27421,10.12972],[77.27286,10.12856],[77.27083,10.12753],[77.26837,10.12711],[77.26733,10.12549],[77.2671,10.12402],[77.26776,10.12168],[77.2665,10.12183],[77.25794,10.12396],[77.25674,10.12389],[77.2556,10.12482],[77.25401,10.12425],[77.25271,10.12432],[77.25095,10.12579],[77.24919,10.12655],[77.24818,10.12989],[77.2476,10.13035],[77.24586,10.13],[77.24481,10.13074],[77.24324,10.13045],[77.23892,10.13015],[77.23794,10.12992],[77.23644,10.12899],[77.23461,10.12848],[77.23351,10.12776],[77.23335,10.12645],[77.23215,10.12519],[77.23259,10.1239],[77.22994,10.12246],[77.23039,10.12041],[77.2271,10.1212],[77.22615,10.1207],[77.22293,10.11833],[77.21971,10.11815],[77.21775,10.11745],[77.21687,10.11662],[77.21648,10.11584],[77.2133,10.11642],[77.21203,10.11772],[77.21025,10.11827],[77.20886,10.11804],[77.20777,10.11761],[77.20767,10.11534],[77.20645,10.11256],[77.20464,10.11286],[77.20323,10.11066],[77.2023,10.10888],[77.20126,10.10583],[77.20245,10.10509],[77.20301,10.10381],[77.20316,10.10052],[77.20394,10.09756],[77.20393,10.09598],[77.20346,10.09365],[77.20319,10.08923],[77.20359,10.08822],[77.21395,10.08027],[77.21627,10.07987],[77.21999,10.07702],[77.22175,10.07444],[77.22293,10.073],[77.22343,10.06908],[77.22497,10.06889],[77.22652,10.06792],[77.23027,10.06715],[77.23167,10.06618],[77.2324,10.0641],[77.2345,10.05979],[77.23717,10.05683],[77.24167,10.05349],[77.24432,10.05218],[77.24601,10.04846],[77.24904,10.04524],[77.25082,10.04201],[77.2527,10.04052],[77.2545,10.0368],[77.25523,10.03615],[77.25817,10.03474],[77.26184,10.03015],[77.26249,10.02362],[77.2619,10.02178],[77.26155,10.02119],[77.26022,10.01989],[77.25902,10.01936],[77.25744,10.01925],[77.25596,10.01465],[77.25386,10.01402],[77.25312,10.01272],[77.25489,10.01027],[77.25616,10.00908],[77.25812,10.00824],[77.26515,10.00206],[77.26012,9.99571],[77.26079,9.99109],[77.26642,9.99032],[77.26688,9.98964],[77.26453,9.98713],[77.26703,9.9835],[77.2681,9.98012],[77.27262,9.97635],[77.27137,9.9744],[77.27142,9.97326],[77.27102,9.97078],[77.27212,9.96995],[77.27289,9.96466],[77.27192,9.9615],[77.27105,9.96239],[77.26792,9.95997],[77.26414,9.95579],[77.26301,9.95424],[77.26203,9.95384],[77.26087,9.9526],[77.25773,9.95282],[77.25725,9.95224],[77.25583,9.95243],[77.25299,9.95255],[77.25018,9.95127],[77.24922,9.95243],[77.24654,9.95135],[77.2471,9.9487],[77.24811,9.94708],[77.24621,9.94575],[77.24262,9.9414],[77.23697,9.93616],[77.23444,9.93085],[77.23577,9.92895],[77.23559,9.92645],[77.23482,9.92627],[77.23438,9.92512],[77.23298,9.92505],[77.23165,9.92399],[77.23146,9.9229],[77.23032,9.92111],[77.23087,9.92017],[77.23087,9.91732],[77.23006,9.91523],[77.23025,9.91253],[77.22453,9.90962],[77.22321,9.90821],[77.22254,9.90582],[77.21826,9.90429],[77.21796,9.90211],[77.21848,9.89996],[77.21804,9.8962],[77.21904,9.89053],[77.22086,9.88442],[77.21738,9.88421],[77.21638,9.88221],[77.21665,9.8794],[77.21521,9.87738],[77.21223,9.87757],[77.21305,9.87549],[77.21738,9.86845],[77.21851,9.86771],[77.21964,9.8646],[77.22194,9.86295],[77.22613,9.86079],[77.23147,9.86135],[77.23305,9.86136],[77.23646,9.85946],[77.23596,9.85422],[77.23705,9.85137],[77.2351,9.85042],[77.23338,9.84998],[77.22806,9.84904],[77.2264,9.8462],[77.22264,9.84486],[77.22476,9.84093],[77.22556,9.84109],[77.22756,9.83791],[77.22624,9.83473],[77.22565,9.83291],[77.22658,9.832],[77.2264,9.83012],[77.2238,9.82861],[77.22398,9.82389],[77.22198,9.82253],[77.22423,9.82212],[77.2247,9.82128],[77.22493,9.82024],[77.22688,9.82139],[77.23293,9.82151],[77.23256,9.81733],[77.23475,9.81632],[77.24009,9.81645],[77.24116,9.81574],[77.24216,9.81292],[77.24387,9.81251],[77.24596,9.80857],[77.2469,9.80813],[77.24627,9.80656],[77.24616,9.8041],[77.24513,9.80285],[77.24572,9.80183],[77.24668,9.79791],[77.24182,9.79578],[77.24011,9.79681],[77.23911,9.79569],[77.23818,9.79198],[77.23608,9.79006],[77.23464,9.78953],[77.23231,9.78908],[77.23008,9.78842],[77.22809,9.78829],[77.22553,9.78861],[77.22273,9.78785],[77.22356,9.78656],[77.22321,9.78506],[77.22451,9.78124],[77.22413,9.77841],[77.22503,9.77552],[77.22667,9.77428],[77.22826,9.77122],[77.23155,9.7694],[77.23242,9.7685],[77.23145,9.76758],[77.23017,9.76671],[77.2284,9.7658],[77.22828,9.76512],[77.22714,9.76306],[77.22677,9.76205],[77.22625,9.76112],[77.22671,9.7572],[77.22515,9.75591],[77.22513,9.75247],[77.22394,9.75112],[77.22273,9.75029],[77.22026,9.74421],[77.21995,9.74201],[77.2227,9.73993],[77.22212,9.73886],[77.22202,9.73891],[77.22277,9.73397],[77.22392,9.73103],[77.22354,9.72985],[77.22086,9.72991],[77.21979,9.7281],[77.21878,9.72605],[77.21547,9.72654],[77.21373,9.72525],[77.21157,9.72426],[77.20956,9.72408],[77.20754,9.72413],[77.20627,9.72349],[77.20439,9.72329],[77.20369,9.72183],[77.20568,9.72025],[77.20607,9.71781],[77.20475,9.71662],[77.20536,9.71306],[77.20355,9.71097],[77.20203,9.70361],[77.20433,9.70217],[77.20493,9.70081],[77.20528,9.69918],[77.20553,9.69727],[77.20633,9.69636],[77.20676,9.69569],[77.20672,9.69489],[77.20608,9.69384],[77.20408,9.69154],[77.20271,9.68978],[77.20188,9.68758],[77.2005,9.68594],[77.19986,9.68411],[77.19468,9.67396],[77.19457,9.67159],[77.19359,9.66987],[77.1913,9.66832],[77.18779,9.66705],[77.18695,9.66653],[77.18638,9.66557],[77.18636,9.66441],[77.18735,9.66254],[77.18746,9.66146],[77.18465,9.66103],[77.18288,9.66051],[77.18155,9.65958],[77.18064,9.65829],[77.17963,9.65641],[77.17964,9.65452],[77.17937,9.65305],[77.1794,9.65089],[77.17906,9.64877],[77.17945,9.64581],[77.17927,9.64481],[77.17781,9.64265],[77.17715,9.64195],[77.17618,9.63935],[77.17541,9.63836],[77.17409,9.63722],[77.17441,9.63519],[77.17406,9.63306],[77.17633,9.62933],[77.1752,9.62763],[77.17451,9.62631],[77.17163,9.62592],[77.16928,9.624],[77.16836,9.62209],[77.16896,9.61981],[77.16841,9.61803],[77.1679,9.61511],[77.1658,9.61398],[77.16586,9.61279],[77.16761,9.61144],[77.16878,9.61084],[77.16951,9.60995],[77.17065,9.60977],[77.17297,9.61118],[77.17417,9.61134],[77.17567,9.61044],[77.17698,9.61057],[77.17789,9.61018],[77.1817,9.60934],[77.18318,9.60823],[77.18567,9.6068],[77.18689,9.60632],[77.18824,9.60608],[77.18888,9.60637],[77.18976,9.60796],[77.19058,9.60912],[77.1922,9.60985],[77.19286,9.60992],[77.19378,9.60951],[77.19494,9.61034],[77.19712,9.61088],[77.19828,9.61444],[77.20323,9.6145],[77.20762,9.61308],[77.20884,9.61353],[77.21019,9.61227],[77.21048,9.61089],[77.20973,9.60814],[77.20983,9.60498],[77.21133,9.60418],[77.21287,9.60221],[77.21439,9.60076],[77.21584,9.60088],[77.21718,9.60156],[77.21828,9.60105],[77.21913,9.59962],[77.22123,9.5986],[77.2218,9.59814],[77.22189,9.59764],[77.22227,9.59771],[77.22186,9.59502],[77.22257,9.59261],[77.22506,9.5908],[77.22786,9.58739],[77.23325,9.58343],[77.23422,9.58157],[77.23711,9.58089],[77.24271,9.58518],[77.2506,9.58319],[77.25332,9.58287],[77.25783,9.57816],[77.25833,9.57659],[77.25993,9.57705],[77.2615,9.57682],[77.26381,9.57372],[77.26573,9.57355],[77.26988,9.57282],[77.27206,9.57647],[77.27691,9.57565],[77.28061,9.57963],[77.28651,9.58257],[77.29036,9.58481],[77.29002,9.5887],[77.29406,9.58896],[77.29601,9.59085],[77.297,9.5921],[77.29952,9.59377],[77.3001,9.59544],[77.30382,9.59881],[77.30639,9.59907],[77.31126,9.60055],[77.31453,9.60055],[77.31783,9.60256],[77.32123,9.59882],[77.32482,9.59766],[77.32815,9.60026],[77.32937,9.59952],[77.32992,9.59882],[77.32948,9.59805],[77.32642,9.59615],[77.32546,9.59471],[77.32474,9.59385],[77.32448,9.59257],[77.32501,9.59111],[77.32594,9.58974],[77.32612,9.58844],[77.32574,9.58743],[77.32388,9.58539],[77.32429,9.58456],[77.32517,9.58401],[77.32556,9.58339],[77.32559,9.58271],[77.32491,9.58147],[77.32532,9.58005],[77.33213,9.57891],[77.33348,9.57819],[77.33415,9.57713],[77.33463,9.5767],[77.33607,9.57676],[77.33794,9.57535],[77.33948,9.57335],[77.3418,9.57631],[77.34201,9.58037],[77.3425,9.58179],[77.34369,9.58366],[77.34587,9.58868],[77.34755,9.59012],[77.34802,9.59101],[77.34895,9.5943],[77.35191,9.5992],[77.35456,9.6041],[77.36117,9.60223],[77.36173,9.60094],[77.36288,9.60013],[77.3658,9.59969],[77.36586,9.59723],[77.36612,9.59597],[77.36539,9.59546],[77.3636,9.59534],[77.36226,9.59565],[77.36151,9.59636],[77.36106,9.59789],[77.35874,9.59623],[77.35754,9.59454],[77.35713,9.59328],[77.35684,9.59116],[77.35623,9.58898],[77.35497,9.58658],[77.35748,9.58502],[77.3586,9.58313],[77.35996,9.57837],[77.3599,9.57745],[77.35928,9.57647],[77.35848,9.57567],[77.35819,9.57392],[77.35461,9.57395],[77.3534,9.57336],[77.35288,9.57268],[77.35027,9.56689],[77.3524,9.56294],[77.35238,9.5611],[77.35291,9.55961],[77.35652,9.55802],[77.36177,9.5574],[77.36337,9.55559],[77.3651,9.5526],[77.36511,9.54996],[77.3642,9.5449],[77.36488,9.54172],[77.36543,9.53521],[77.36873,9.53489],[77.36945,9.53345],[77.37291,9.53],[77.37359,9.52666],[77.37518,9.52634],[77.37643,9.52515],[77.38039,9.52526],[77.38523,9.51919],[77.3889,9.5199],[77.3934,9.52189],[77.39745,9.52428],[77.40039,9.52746],[77.4019,9.52616],[77.40245,9.52528],[77.40299,9.52418],[77.40322,9.52265],[77.40277,9.52121],[77.40114,9.51917],[77.40043,9.51786],[77.40309,9.51721],[77.40506,9.51533],[77.40796,9.51493],[77.40866,9.51415],[77.40959,9.51245],[77.41158,9.51168],[77.41236,9.509],[77.4117,9.50741],[77.40969,9.50563],[77.40761,9.50524],[77.40209,9.50065],[77.40097,9.49952],[77.39946,9.49678],[77.3989,9.49538],[77.39885,9.49362],[77.39833,9.49222],[77.39865,9.48753],[77.39954,9.48451],[77.39862,9.48171],[77.39927,9.47994],[77.402,9.4787],[77.40163,9.47678],[77.39994,9.47562],[77.39875,9.47448],[77.3983,9.47252],[77.39675,9.47112],[77.39155,9.46875],[77.39234,9.46549],[77.39248,9.46376],[77.39149,9.46186],[77.39168,9.46063],[77.39253,9.45945],[77.38722,9.45577],[77.38333,9.45436],[77.38152,9.45521],[77.37923,9.45412],[77.37725,9.45281],[77.37428,9.45349],[77.37285,9.45669],[77.36591,9.46005],[77.36199,9.4572],[77.35869,9.45374],[77.35664,9.4477],[77.35218,9.4443],[77.34932,9.4411],[77.34872,9.43948],[77.3486,9.43811],[77.34858,9.43452],[77.34707,9.43251],[77.34551,9.42919],[77.34547,9.42699],[77.34451,9.42436],[77.34394,9.42336],[77.34299,9.42268],[77.34054,9.42124],[77.33946,9.42034],[77.33809,9.4173],[77.33657,9.41344],[77.3364,9.41197],[77.33694,9.41037],[77.33857,9.40789],[77.34272,9.40363],[77.34369,9.40239],[77.34351,9.40061],[77.34002,9.39423],[77.33975,9.3932],[77.34021,9.39191],[77.34144,9.38984],[77.3393,9.38726],[77.33673,9.38747],[77.3358,9.38557],[77.33579,9.38505],[77.33504,9.38172],[77.33454,9.38109],[77.33446,9.37833],[77.33661,9.37718],[77.33665,9.37508],[77.33606,9.37234],[77.33787,9.36848],[77.33739,9.36677],[77.33713,9.36507],[77.33667,9.36428],[77.33565,9.36395],[77.33545,9.36271],[77.33594,9.36163],[77.33333,9.35635],[77.33071,9.35261],[77.32999,9.3509],[77.32886,9.34952],[77.32618,9.34675],[77.32516,9.34386],[77.32525,9.3371],[77.32029,9.33761],[77.31797,9.33546],[77.31519,9.33487],[77.31098,9.3354],[77.30986,9.33656],[77.30614,9.33778],[77.30464,9.33775],[77.30321,9.33702],[77.30169,9.3374],[77.30007,9.33666],[77.29996,9.33472],[77.3004,9.33367],[77.30036,9.33201],[77.30098,9.33],[77.29846,9.33019],[77.29718,9.32975],[77.29701,9.32869],[77.29854,9.32774],[77.30088,9.32584],[77.30198,9.32343],[77.30203,9.32107],[77.30289,9.3189],[77.29951,9.31426],[77.29938,9.31293],[77.29956,9.31085],[77.29878,9.31041],[77.29778,9.3096],[77.29738,9.30834],[77.29619,9.30827],[77.29398,9.30511],[77.29244,9.30419],[77.2895,9.30396],[77.28883,9.30182],[77.28707,9.30174],[77.28569,9.30088],[77.28451,9.30079],[77.28303,9.30126],[77.28221,9.29858],[77.28314,9.29556],[77.28382,9.29391],[77.28334,9.29268],[77.28329,9.29124],[77.28386,9.28995],[77.28511,9.28591],[77.28818,9.28072],[77.28844,9.27469],[77.28734,9.27427],[77.28483,9.27412],[77.28271,9.27306],[77.28243,9.27254],[77.283,9.26995],[77.283,9.26629],[77.28162,9.26281],[77.28282,9.25968],[77.28277,9.25729],[77.28185,9.25471],[77.27954,9.25206],[77.2784,9.25004],[77.27779,9.24717],[77.27919,9.24418],[77.27929,9.24167],[77.27818,9.23807],[77.2741,9.23549],[77.27514,9.23034],[77.27755,9.22685],[77.27968,9.22179],[77.28171,9.22024],[77.28185,9.21696],[77.27893,9.21504],[77.27727,9.2127],[77.27544,9.21156],[77.27509,9.2101],[77.272,9.20719],[77.27054,9.20489],[77.27077,9.20194],[77.27016,9.20039],[77.26739,9.20059],[77.26624,9.20022],[77.26366,9.19827],[77.25968,9.19829],[77.256,9.19911],[77.25558,9.19797],[77.2564,9.1963],[77.25565,9.19452],[77.25288,9.19145],[77.25177,9.18973],[77.25151,9.18837],[77.25416,9.18736],[77.25848,9.18453],[77.26135,9.18308],[77.26229,9.18316],[77.26389,9.18397],[77.26509,9.18184],[77.26613,9.17583],[77.26699,9.17491],[77.26708,9.17317],[77.26694,9.16865],[77.26524,9.16311],[77.26587,9.16054],[77.2656,9.15716],[77.26648,9.15603],[77.26714,9.15394],[77.26651,9.15208],[77.26385,9.15091],[77.26125,9.14955],[77.26046,9.14785],[77.2605,9.14436],[77.25948,9.1438],[77.2575,9.14299],[77.25607,9.14056],[77.25264,9.13924],[77.25249,9.13778],[77.25179,9.1348],[77.24941,9.12964],[77.24693,9.12483],[77.24295,9.12525],[77.24187,9.12487],[77.23945,9.12269],[77.23664,9.12121],[77.23477,9.11938],[77.23119,9.11734],[77.22851,9.11685],[77.22678,9.11297],[77.22713,9.11117],[77.22697,9.10915],[77.22602,9.10772],[77.22478,9.1068],[77.22105,9.10588],[77.21995,9.10403],[77.21922,9.10216],[77.21866,9.10146],[77.2159,9.10032],[77.21409,9.09987],[77.21248,9.10047],[77.21016,9.09602],[77.2104,9.09394],[77.2092,9.08992],[77.20691,9.08661],[77.20657,9.0852],[77.20568,9.08494],[77.20602,9.08207],[77.20749,9.07684],[77.2084,9.07608],[77.20909,9.0751],[77.2088,9.07386],[77.20675,9.07074],[77.20569,9.0664],[77.20461,9.06556],[77.20027,9.06128],[77.19937,9.05926],[77.197,9.0571],[77.19559,9.0524],[77.19522,9.04998],[77.19544,9.04897],[77.19745,9.04693],[77.19418,9.04526],[77.1927,9.04393],[77.19101,9.04339],[77.19002,9.04337],[77.18906,9.04356],[77.18726,9.0431],[77.18551,9.04598],[77.18378,9.04708],[77.18083,9.0476],[77.17267,9.04704],[77.1701,9.04632],[77.16749,9.04537],[77.16562,9.04193],[77.16487,9.04011],[77.16377,9.03801],[77.16048,9.03581],[77.1621,9.03345],[77.16121,9.02953],[77.1551,9.02346],[77.15399,9.02253],[77.15258,9.02202],[77.14654,9.02176],[77.14914,9.01879],[77.15034,9.01644],[77.15074,9.01456],[77.1507,9.0128],[77.14938,9.0096],[77.15129,9.00794],[77.15317,9.00702],[77.15478,9.00696],[77.15685,9.00746],[77.15619,9.00368],[77.15783,9.00214],[77.15869,9.00076],[77.15862,8.99891],[77.16051,8.99676],[77.16169,8.99497],[77.16929,8.99298],[77.17145,8.99232],[77.17341,8.99145],[77.17367,8.9897],[77.17365,8.98734],[77.1744,8.98511],[77.17567,8.9824],[77.17545,8.97881],[77.17603,8.97602],[77.17679,8.97413],[77.17767,8.96941],[77.17867,8.96896],[77.18117,8.96881],[77.18321,8.96942],[77.18501,8.97061],[77.1885,8.96762],[77.19066,8.96531],[77.19104,8.95952],[77.19325,8.95838],[77.19473,8.95726],[77.1967,8.95356],[77.19679,8.95118],[77.1958,8.94873],[77.19482,8.9468],[77.19387,8.94383],[77.19407,8.94281],[77.19517,8.94083],[77.19679,8.93727],[77.19713,8.93558],[77.19692,8.93413],[77.19573,8.9324],[77.19398,8.93104],[77.19233,8.92803],[77.19258,8.92667],[77.19322,8.9257],[77.19481,8.92408],[77.19688,8.92408],[77.20048,8.92469],[77.20202,8.92404],[77.20671,8.92052],[77.20989,8.91843],[77.21419,8.91742],[77.21819,8.91862],[77.21864,8.91403],[77.21955,8.91274],[77.21998,8.91042],[77.22024,8.90678],[77.22072,8.90503],[77.22148,8.9037],[77.22283,8.90312],[77.22502,8.90412],[77.22634,8.90418],[77.23152,8.9019],[77.23466,8.89977],[77.23688,8.89855],[77.23886,8.89766],[77.24017,8.89456],[77.23876,8.89295],[77.23831,8.88948],[77.23748,8.88566],[77.24387,8.88059],[77.24585,8.87968],[77.25221,8.87976],[77.25485,8.87963],[77.25591,8.87896],[77.25637,8.87881],[77.2571,8.87348],[77.25705,8.86955],[77.25753,8.86758],[77.25864,8.86589],[77.25807,8.86456],[77.25605,8.86352],[77.2554,8.86215],[77.25587,8.86028],[77.25707,8.859],[77.25968,8.85703],[77.26152,8.85643],[77.26177,8.85259],[77.25911,8.85317],[77.25828,8.84979],[77.26052,8.8481],[77.2607,8.84602],[77.26289,8.84222],[77.26154,8.84065],[77.25874,8.83862],[77.2576,8.83542],[77.25662,8.83449],[77.25416,8.8331],[77.25277,8.8319],[77.25155,8.82709],[77.24854,8.82545],[77.2471,8.82335],[77.24645,8.82151],[77.24681,8.81885],[77.24794,8.81692],[77.24699,8.81474],[77.24417,8.81264],[77.2431,8.81049],[77.24233,8.80969],[77.24042,8.80967],[77.23808,8.80914],[77.23548,8.80761],[77.23194,8.80764],[77.23267,8.80302],[77.23247,8.80045],[77.23046,8.79744],[77.23105,8.79416],[77.23072,8.7927],[77.23119,8.79077],[77.23005,8.78687],[77.2298,8.78453],[77.22833,8.78423],[77.22733,8.7842],[77.22466,8.78374],[77.22177,8.7812],[77.21997,8.77918],[77.21541,8.77971],[77.21395,8.77956],[77.2131,8.77865],[77.21456,8.77488],[77.21558,8.77408],[77.21686,8.77328],[77.21909,8.76982],[77.21788,8.76814],[77.2159,8.76824],[77.21472,8.76721],[77.21301,8.76688],[77.20973,8.76533],[77.20889,8.76546],[77.20808,8.76599],[77.20635,8.76852],[77.20432,8.76934],[77.19845,8.7697],[77.19747,8.76904],[77.19695,8.76796],[77.19715,8.76671],[77.19932,8.76501],[77.20019,8.76275],[77.19964,8.76002],[77.19833,8.75527],[77.19838,8.75346],[77.19763,8.75223],[77.19747,8.75084],[77.19686,8.74967],[77.19449,8.7474],[77.19293,8.74501],[77.19216,8.74433],[77.19036,8.74332],[77.18892,8.74425],[77.18607,8.74408],[77.18263,8.74287],[77.17963,8.74462],[77.17742,8.7453],[77.17591,8.74651],[77.17196,8.75026],[77.1697,8.74752],[77.17011,8.74182],[77.1709,8.7409],[77.17177,8.74043],[77.17177,8.74028],[77.17517,8.73703],[77.17911,8.73049],[77.177,8.72691],[77.17695,8.72512],[77.17853,8.72309],[77.1806,8.72126],[77.18064,8.71945],[77.18128,8.71766],[77.18221,8.71716],[77.18425,8.71645],[77.18417,8.71457],[77.18445,8.71378],[77.18493,8.71339],[77.18663,8.71254],[77.19003,8.71233],[77.19494,8.70784],[77.19491,8.7058],[77.19558,8.70217],[77.19684,8.70139],[77.1979,8.69812],[77.20071,8.69446],[77.20162,8.69299],[77.20164,8.69081],[77.20261,8.68924],[77.2056,8.68606],[77.20675,8.68419],[77.20695,8.68266],[77.20711,8.68251],[77.20769,8.68084],[77.20656,8.67955],[77.20527,8.67753],[77.20234,8.67225],[77.20172,8.67137],[77.20074,8.66906],[77.20357,8.66661],[77.20609,8.66523],[77.20835,8.66369],[77.20778,8.66077],[77.21084,8.65885],[77.21214,8.65711],[77.21173,8.65472],[77.21356,8.65154],[77.21407,8.64938],[77.21917,8.64565],[77.2223,8.64269],[77.22485,8.63906],[77.22677,8.63946],[77.22885,8.64017],[77.22955,8.63863],[77.22941,8.63736],[77.23214,8.63562],[77.2324,8.63407],[77.23293,8.63222],[77.23436,8.63061],[77.23357,8.62901],[77.23453,8.62691],[77.23773,8.62521],[77.23917,8.62468],[77.24409,8.62187],[77.2458,8.61585],[77.2459,8.61479],[77.24596,8.61254],[77.24568,8.61066],[77.24527,8.60922],[77.24594,8.60658],[77.24615,8.60437],[77.24534,8.60362],[77.24631,8.60355],[77.24897,8.60148],[77.25036,8.59913],[77.25101,8.59866],[77.25192,8.59855],[77.25317,8.59769],[77.25464,8.59768],[77.2555,8.59687],[77.25597,8.59555],[77.25684,8.59484],[77.257,8.59304],[77.25699,8.59089],[77.25832,8.59007],[77.25874,8.5893],[77.26156,8.58798],[77.26274,8.58874],[77.2633,8.58878],[77.26372,8.58859],[77.26426,8.58743],[77.26494,8.58638],[77.26592,8.58576],[77.26649,8.58497],[77.26699,8.58373],[77.26649,8.58073],[77.268,8.57894],[77.26892,8.579],[77.27027,8.57308],[77.2709,8.57078],[77.27299,8.56775],[77.27504,8.56549],[77.27436,8.56378],[77.27399,8.56105],[77.27503,8.55806],[77.27682,8.5555],[77.2824,8.55042],[77.28256,8.54881],[77.28382,8.54656],[77.28283,8.54503],[77.28124,8.54344],[77.27641,8.54008],[77.27415,8.53681],[77.27416,8.53355],[77.27152,8.53069],[77.27088,8.52929],[77.26952,8.52539],[77.2682,8.52269],[77.26701,8.52084],[77.26652,8.51847],[77.26625,8.51499],[77.26514,8.51146],[77.26416,8.5094],[77.26263,8.5075],[77.26184,8.50622],[77.26087,8.50598],[77.25992,8.5061],[77.25884,8.50638],[77.25737,8.50702],[77.25644,8.50518],[77.25122,8.50547],[77.25015,8.50441],[77.24938,8.50385],[77.24634,8.50237],[77.24493,8.49921],[77.24438,8.49761],[77.24124,8.49726],[77.24002,8.49692],[77.23903,8.49869],[77.23133,8.50781],[77.22903,8.5093],[77.22483,8.5106],[77.22228,8.51244],[77.22037,8.5127],[77.2143,8.5128],[77.21057,8.50671],[77.20381,8.50262],[77.20264,8.50141],[77.20299,8.50009],[77.20466,8.4987],[77.20414,8.49653],[77.20587,8.49584],[77.20819,8.49375],[77.21188,8.49212],[77.21271,8.48956],[77.21374,8.48532],[77.21182,8.48401],[77.21145,8.48113],[77.21137,8.47749],[77.21341,8.47504],[77.21419,8.46954],[77.22091,8.46592],[77.22361,8.46312],[77.2274,8.45844],[77.22689,8.45542],[77.22623,8.45463],[77.22715,8.45227],[77.22865,8.45016],[77.22849,8.44841],[77.22803,8.44723],[77.22465,8.44618],[77.22071,8.44599],[77.2169,8.44596],[77.21515,8.44472],[77.21148,8.44552],[77.20947,8.44502],[77.20748,8.44499],[77.20671,8.44481],[77.20479,8.4396],[77.20373,8.43766],[77.2029,8.43566],[77.20102,8.43371],[77.20063,8.43201],[77.19715,8.42922],[77.19692,8.42701],[77.1977,8.42287],[77.19759,8.41956],[77.19667,8.41839],[77.19338,8.41499],[77.18967,8.41053],[77.18622,8.40663],[77.18324,8.40468],[77.18313,8.40363],[77.18318,8.39775],[77.18243,8.39631],[77.17798,8.39317],[77.17434,8.38939],[77.171,8.38726],[77.16858,8.38414],[77.16801,8.38437],[77.16719,8.38631],[77.16604,8.38738],[77.16024,8.39002],[77.1534,8.388],[77.15268,8.38667],[77.15123,8.38505],[77.15179,8.38239],[77.15187,8.38139],[77.15286,8.38178],[77.15359,8.3817],[77.15415,8.38106],[77.15532,8.38108],[77.15595,8.38272],[77.16,8.38121],[77.15964,8.37883],[77.16139,8.37367],[77.16072,8.36933],[77.15977,8.36858],[77.15754,8.36794],[77.15694,8.3673],[77.15574,8.36554],[77.15579,8.36507],[77.15559,8.36482],[77.15566,8.36311],[77.1551,8.36238],[77.15374,8.36133],[77.15358,8.36033],[77.15271,8.35708],[77.15294,8.35505],[77.155,8.35575],[77.15632,8.35702],[77.15741,8.35989],[77.15955,8.35921],[77.16161,8.3602],[77.16279,8.36092],[77.16324,8.36167],[77.16652,8.36032],[77.16723,8.36299],[77.16788,8.36345],[77.16961,8.36342],[77.17069,8.36036],[77.17201,8.35981],[77.17226,8.35958],[77.17249,8.3589],[77.17436,8.35869],[77.17432,8.35639],[77.17458,8.35299],[77.17521,8.35168],[77.17526,8.34968],[77.17407,8.34947],[77.17393,8.34834],[77.17133,8.34758],[77.17119,8.3463],[77.16978,8.34599],[77.16901,8.34439],[77.16818,8.3446],[77.16695,8.34287],[77.16975,8.33818],[77.1699,8.33522],[77.17826,8.32544],[77.18011,8.32386],[77.17818,8.32334],[77.17854,8.32201],[77.17626,8.32159],[77.1758,8.32035],[77.17382,8.31965],[77.17311,8.31988],[77.17227,8.32087],[77.17197,8.32483],[77.16985,8.32558],[77.17036,8.32917],[77.16919,8.33266],[77.16631,8.33132],[77.16158,8.33002],[77.15997,8.32904],[77.15586,8.32851],[77.15392,8.32781],[77.15237,8.32809],[77.15084,8.3288],[77.15012,8.33152],[77.14876,8.33203],[77.14715,8.33188],[77.14619,8.33091],[77.14522,8.32965],[77.14402,8.32931],[77.1397,8.32977],[77.13898,8.32787],[77.13576,8.32648],[77.13463,8.32619],[77.13243,8.32643],[77.13145,8.32628],[77.13052,8.32555],[77.12929,8.3259],[77.12896,8.32548],[77.1297,8.32286],[77.12947,8.32217],[77.12578,8.32131],[77.12441,8.32127],[77.1219,8.32158],[77.11916,8.32115],[77.11967,8.31954],[77.11975,8.31809],[77.11894,8.31772],[77.11896,8.31668],[77.12013,8.31564],[77.1209,8.31409],[77.12448,8.31204],[77.12265,8.30881],[77.11975,8.30969],[77.11947,8.30994],[77.11842,8.31008],[77.11757,8.31004],[77.11673,8.31038],[77.11562,8.30958],[77.11472,8.3092],[77.11386,8.30857],[77.11359,8.30714],[77.1129,8.30462],[77.10834,8.30587],[77.10474,8.30673],[77.10179,8.30645],[77.10146,8.3028],[77.10164,8.30086],[77.09988,8.29895],[77.09892,8.29899],[77.09794,8.29715],[77.0963,8.29353]]}},
{"type":"Feature","properties":{"kind":"state","name":"Puducherry–Tamil Nadu","src":"OSM relations 107001 and 96905"},"geometry":{"type":"LineString","coordinates":[[79.8746,12.04181],[79.86931,12.04455],[79.86675,12.04548],[79.86348,12.04632],[79.85009,12.05098],[79.84945,12.04825],[79.84742,12.04243],[79.8456,12.03775],[79.84417,12.03136],[79.84456,12.02449],[79.84387,12.02225],[79.84369,12.02038],[79.84227,12.01248],[79.84588,12.0115],[79.8485,12.01131],[79.85165,12.0097],[79.85375,12.00843],[79.85885,12.00881]]}},
{"type":"Feature","properties":{"kind":"state","name":"Puducherry–Tamil Nadu","src":"OSM relations 107001 and 96905"},"geometry":{"type":"LineString","coordinates":[[79.84102,11.95816],[79.83852,11.95864],[79.83781,11.95683],[79.83295,11.95673],[79.82844,11.95843],[79.82538,11.96074],[79.824,11.96203],[79.82357,11.96216],[79.82393,11.96244],[79.82349,11.96414],[79.82192,11.96554],[79.82145,11.96758],[79.81927,11.97316],[79.81767,11.97854],[79.81538,11.97977],[79.81054,11.97683],[79.80884,11.97379],[79.80728,11.97002],[79.80684,11.97015],[79.80612,11.96835],[79.80616,11.9668],[79.80544,11.96472],[79.80512,11.96194],[79.80487,11.95702],[79.80498,11.95331],[79.80306,11.9532],[79.80043,11.95502],[79.7972,11.95679],[79.79128,11.95958],[79.78838,11.95971],[79.788,11.96038],[79.78468,11.95994],[79.78336,11.95635],[79.78089,11.9566],[79.78008,11.95591],[79.77941,11.95375],[79.77683,11.9537],[79.77626,11.9519],[79.77533,11.95167],[79.77503,11.94991],[79.77338,11.94984],[79.77193,11.94583],[79.77146,11.94392],[79.76586,11.94421],[79.76481,11.94444],[79.76308,11.94437],[79.76015,11.94378],[79.76,11.94044],[79.76082,11.94017],[79.76073,11.93534],[79.76113,11.93095],[79.76234,11.92878],[79.75921,11.92838],[79.75751,11.92838],[79.75735,11.9272],[79.7567,11.92718],[79.75674,11.92625],[79.75531,11.92616],[79.75537,11.92461],[79.75662,11.92448],[79.75653,11.92064],[79.75044,11.92006],[79.7505,11.92079],[79.75137,11.92075],[79.75133,11.92185],[79.7509,11.92279],[79.75017,11.92287],[79.75003,11.92229],[79.74954,11.92231],[79.74903,11.93762],[79.74902,11.94277],[79.74755,11.95096],[79.74678,11.95434],[79.74481,11.96482],[79.74269,11.96591],[79.73375,11.96886],[79.73079,11.97027],[79.72773,11.9713],[79.72475,11.9714],[79.72452,11.97297],[79.72402,11.97428],[79.7238,11.97598],[79.72392,11.97834],[79.72443,11.97959],[79.72476,11.97958],[79.72569,11.98194],[79.72673,11.98582],[79.72909,11.98611],[79.73065,11.98606],[79.73062,11.98553],[79.73008,11.98551],[79.72986,11.98476],[79.73041,11.98439],[79.73054,11.98333],[79.73105,11.98332],[79.73113,11.98272],[79.73217,11.98267],[79.73219,11.98172],[79.7333,11.98116],[79.73461,11.98031],[79.73601,11.97918],[79.73982,11.97862],[79.74205,11.97784],[79.74316,11.9779],[79.74356,11.97931],[79.74436,11.98051],[79.74772,11.98397],[79.75028,11.98459],[79.75191,11.98452],[79.75226,11.98503],[79.75317,11.98579],[79.75348,11.98574],[79.75348,11.9863],[79.75464,11.98632],[79.75591,11.98897],[79.75743,11.98932],[79.76059,11.98957],[79.76146,11.9909],[79.76213,11.99246],[79.76238,11.99364],[79.76263,11.99741],[79.76249,11.99997],[79.76269,12.00293],[79.7595,12.00393],[79.75634,12.00429],[79.75279,12.00553],[79.75088,12.00652],[79.74871,12.00708],[79.74781,12.00765],[79.74725,12.00766],[79.74472,12.00287],[79.74316,12.00328],[79.74252,12.00116],[79.73778,12.001],[79.73693,11.99789],[79.7348,11.99744],[79.73365,11.99391],[79.73331,11.99328],[79.73203,11.9935],[79.72745,11.99239],[79.72335,11.99307],[79.72306,11.99255],[79.72058,11.99278],[79.71983,11.99141],[79.71943,11.98938],[79.71581,11.98482],[79.71442,11.985],[79.71463,11.98639],[79.71244,11.98645],[79.71137,11.98095],[79.71031,11.97691],[79.70933,11.97571],[79.71397,11.97298],[79.71597,11.97103],[79.71508,11.96764],[79.71416,11.96698],[79.71145,11.96757],[79.71063,11.96669],[79.71029,11.96559],[79.70581,11.96633],[79.7052,11.96723],[79.70345,11.96714],[79.70327,11.96612],[79.70369,11.96545],[79.70188,11.96502],[79.70107,11.96265],[79.70007,11.96281],[79.6992,11.96164],[79.698,11.96055],[79.69564,11.96393],[79.69393,11.95897],[79.69383,11.95723],[79.69285,11.95738],[79.69162,11.95181],[79.69044,11.95003]]}},
{"type":"Feature","properties":{"kind":"state","name":"Puducherry–Tamil Nadu","src":"OSM relations 107001 and 96905","river":"3945","rlen":73},"geometry":{"type":"LineString","coordinates":[[79.69044,11.95003],[79.69052,11.94998],[79.6914,11.94905],[79.69315,11.94839],[79.69387,11.94792],[79.69411,11.94767],[79.69477,11.94648],[79.69619,11.94468],[79.69664,11.94389],[79.6968,11.94332],[79.69675,11.94282],[79.69682,11.94225],[79.69701,11.94165],[79.69763,11.94047],[79.69794,11.94013],[79.69858,11.93975],[79.69917,11.9397],[79.70183,11.94016],[79.70293,11.94015],[79.70382,11.93998],[79.70458,11.9396],[79.70538,11.9388],[79.70574,11.93816],[79.70641,11.93655],[79.70651,11.93469],[79.70662,11.93419],[79.70681,11.93392],[79.70743,11.93357],[79.70813,11.93336],[79.71004,11.9331]]}},
{"type":"Feature","properties":{"kind":"state","name":"Puducherry–Tamil Nadu","src":"OSM relations 107001 and 96905"},"geometry":{"type":"LineString","coordinates":[[79.71004,11.9331],[79.71032,11.93513],[79.70806,11.94082],[79.70785,11.94409],[79.70811,11.94659],[79.70916,11.94784],[79.70972,11.94984],[79.7141,11.9477],[79.72101,11.94532],[79.71951,11.93764],[79.71783,11.93181],[79.71754,11.92894],[79.72341,11.92532],[79.72744,11.92054],[79.73244,11.91396],[79.74053,11.90571],[79.73825,11.90416],[79.73094,11.90378],[79.73056,11.9019],[79.73059,11.8938],[79.73027,11.89188],[79.72921,11.88991]]}},
{"type":"Feature","properties":{"kind":"state","name":"Puducherry–Tamil Nadu","src":"OSM relations 107001 and 96905","river":"3837","rlen":26},"geometry":{"type":"LineString","coordinates":[[79.72921,11.88991],[79.72893,11.88998],[79.72745,11.89003],[79.72591,11.89088],[79.72489,11.8908],[79.72478,11.89105],[79.72477,11.89154],[79.72465,11.89173],[79.72343,11.89171],[79.72316,11.89164],[79.72306,11.89154],[79.72315,11.89068],[79.72331,11.89041],[79.72355,11.89021],[79.72376,11.88974],[79.72404,11.88952],[79.72498,11.88917],[79.72509,11.88902],[79.72503,11.88861],[79.72483,11.88839],[79.72438,11.88814],[79.72398,11.8881],[79.72333,11.88834],[79.72304,11.88856],[79.72276,11.88888],[79.72267,11.88941],[79.72245,11.88982],[79.72185,11.89018],[79.72127,11.89037],[79.72096,11.89031],[79.72017,11.88998],[79.7194,11.88999],[79.71864,11.89012],[79.71855,11.89034],[79.71847,11.89101],[79.71798,11.89195],[79.71756,11.8925],[79.71699,11.89273],[79.71655,11.89268],[79.7164,11.89242],[79.71632,11.89202],[79.71604,11.89184],[79.71565,11.89169],[79.71447,11.89155],[79.71399,11.89083],[79.71365,11.8908],[79.71358,11.89102],[79.71357,11.8915],[79.71349,11.8916],[79.71313,11.89171],[79.71258,11.89174],[79.71248,11.89168],[79.71233,11.89079],[79.71181,11.89057],[79.71146,11.89057],[79.7108,11.89092],[79.71021,11.89165],[79.71044,11.89246],[79.7104,11.89277],[79.71023,11.89308],[79.70981,11.89339],[79.70931,11.89345],[79.7086,11.89299],[79.70776,11.89296],[79.70749,11.89278],[79.70742,11.89258],[79.70806,11.89134],[79.70796,11.89082],[79.70778,11.8906],[79.70755,11.89055],[79.70718,11.89077],[79.70701,11.89102],[79.70684,11.89108],[79.70599,11.89095],[79.70528,11.89075],[79.70474,11.89092],[79.70451,11.89132],[79.70405,11.89185],[79.704,11.89189]]}},
{"type":"Feature","properties":{"kind":"state","name":"Puducherry–Tamil Nadu","src":"OSM relations 107001 and 96905"},"geometry":{"type":"LineString","coordinates":[[79.704,11.89189],[79.70525,11.89377],[79.706,11.89933],[79.70778,11.90063],[79.70907,11.90366],[79.70642,11.90525],[79.70672,11.90942],[79.70637,11.91364],[79.71255,11.91354],[79.71713,11.91394],[79.71775,11.91423],[79.71836,11.91542],[79.71866,11.91858],[79.71614,11.91921],[79.71224,11.9193],[79.71109,11.91946],[79.7037,11.91894],[79.69622,11.91913],[79.69552,11.91417],[79.69531,11.91145],[79.69583,11.90974],[79.69554,11.90793],[79.69761,11.90754],[79.69781,11.90455],[79.69756,11.90247],[79.69568,11.9024],[79.69539,11.89482],[79.69321,11.89495],[79.6871,11.89457],[79.68711,11.89247],[79.68681,11.88884],[79.68266,11.88883],[79.68274,11.89183],[79.67625,11.89139],[79.67383,11.89158],[79.67378,11.88452],[79.67401,11.88073],[79.68516,11.88093],[79.68476,11.88604],[79.68734,11.88649],[79.69628,11.88673],[79.69697,11.8886],[79.70085,11.88903],[79.70344,11.88901],[79.70949,11.88931],[79.71068,11.88752],[79.70907,11.88243],[79.70837,11.87211],[79.70831,11.86915],[79.71007,11.86814],[79.71114,11.86775],[79.71113,11.86689],[79.71274,11.86644],[79.71291,11.86502],[79.71349,11.86398],[79.7136,11.8622],[79.71343,11.86049],[79.71479,11.85936],[79.71578,11.85719],[79.71765,11.85422],[79.71851,11.85351],[79.71963,11.85303],[79.71945,11.8567],[79.72106,11.86256],[79.72241,11.8626],[79.72473,11.86226],[79.72702,11.86218],[79.73235,11.86261],[79.73267,11.86383],[79.73261,11.86555],[79.73389,11.86559],[79.73472,11.86513],[79.73994,11.8645],[79.74086,11.86404],[79.74172,11.8629],[79.74212,11.86206],[79.74221,11.8607],[79.74328,11.85989],[79.74355,11.85857],[79.74403,11.85414],[79.74335,11.85282],[79.74272,11.8502],[79.74256,11.8481],[79.74626,11.84892],[79.74874,11.84919],[79.75021,11.84801],[79.75252,11.84878],[79.75382,11.84999],[79.754,11.85192],[79.75401,11.85531],[79.7538,11.85988],[79.75454,11.86677],[79.75542,11.86827],[79.75869,11.86841],[79.75863,11.87173],[79.75787,11.8722],[79.75735,11.874],[79.75732,11.87609],[79.76011,11.87571],[79.76068,11.87688],[79.76378,11.87705],[79.76448,11.8755],[79.76586,11.8765],[79.76763,11.87604],[79.76848,11.87601],[79.7698,11.87463],[79.76994,11.87132],[79.76965,11.86773],[79.76912,11.86761],[79.76917,11.86508],[79.77015,11.86484],[79.7701,11.86296],[79.77073,11.86224],[79.77081,11.86131],[79.77015,11.86113],[79.76949,11.85828],[79.76819,11.85845],[79.767,11.85808],[79.76597,11.85572],[79.76511,11.85209],[79.76306,11.85181],[79.76214,11.84948]]}},
{"type":"Feature","properties":{"kind":"state","name":"Puducherry–Tamil Nadu","src":"OSM relations 107001 and 96905","river":"4132","rlen":494},"geometry":{"type":"LineString","coordinates":[[79.76214,11.84948],[79.76303,11.84912],[79.76465,11.84792],[79.76507,11.84717],[79.76546,11.84388],[79.76616,11.84149],[79.76697,11.84045],[79.76815,11.83976],[79.76911,11.83892],[79.77082,11.83762],[79.77212,11.83742],[79.77581,11.83789],[79.77644,11.83847],[79.77718,11.8395],[79.77742,11.84017],[79.77745,11.84151],[79.77765,11.84344],[79.77745,11.84558],[79.77749,11.84646],[79.77793,11.84706],[79.77936,11.84798],[79.77978,11.84807],[79.78007,11.84802]]}},
{"type":"Feature","properties":{"kind":"state","name":"Puducherry–Tamil Nadu","src":"OSM relations 107001 and 96905"},"geometry":{"type":"LineString","coordinates":[[79.78007,11.84802],[79.78149,11.85583],[79.78352,11.85586],[79.78698,11.85567],[79.79059,11.85529],[79.79697,11.85513],[79.80071,11.85546],[79.80223,11.85422],[79.80326,11.85273],[79.80315,11.85072],[79.80507,11.84939],[79.80531,11.84771],[79.8076,11.84674],[79.80812,11.84525],[79.80757,11.84416],[79.80669,11.84295],[79.8061,11.8419],[79.80608,11.84026],[79.80649,11.83707],[79.808,11.83638]]}},
{"type":"Feature","properties":{"kind":"state","name":"Puducherry–Tamil Nadu","src":"OSM relations 107001 and 96905"},"geometry":{"type":"LineString","coordinates":[[79.8068,11.83195],[79.80408,11.83286],[79.80192,11.83418],[79.80109,11.83766],[79.79944,11.83766],[79.79927,11.83501],[79.79497,11.8312],[79.79927,11.83186],[79.80109,11.8307],[79.80126,11.82872],[79.79911,11.8264],[79.79795,11.82342],[79.79646,11.82408],[79.79729,11.82607],[79.7958,11.82706],[79.79331,11.8264],[79.7905,11.82756],[79.78438,11.83259],[79.77899,11.83221],[79.77703,11.82926],[79.77311,11.82193],[79.7693,11.82226],[79.76582,11.82441],[79.76549,11.82756],[79.76649,11.82954],[79.76599,11.83219],[79.76367,11.83253],[79.75556,11.83782],[79.75076,11.83915],[79.74711,11.83981],[79.73933,11.84147],[79.73933,11.83849],[79.74066,11.836],[79.7385,11.83468],[79.73569,11.83534],[79.73304,11.83418],[79.73552,11.83004],[79.73519,11.82358],[79.73801,11.81232],[79.73801,11.80719],[79.73337,11.80653],[79.73072,11.80868],[79.72724,11.80901],[79.72708,11.80454],[79.72807,11.80173],[79.72559,11.79957],[79.72675,11.79792],[79.72542,11.79577],[79.72145,11.79626],[79.72072,11.79598],[79.71714,11.79444],[79.71699,11.79357],[79.71604,11.79186]]}},
{"type":"Feature","properties":{"kind":"state","name":"Puducherry–Tamil Nadu","src":"OSM relations 107001 and 96905","river":"4132","rlen":494},"geometry":{"type":"LineString","coordinates":[[79.71604,11.79186],[79.71743,11.79111],[79.72087,11.78871],[79.72337,11.7851],[79.72739,11.78156],[79.73146,11.78042],[79.73553,11.78037],[79.73951,11.7801],[79.74065,11.77942],[79.74671,11.77712],[79.74739,11.7767],[79.74894,11.77603],[79.75234,11.77497],[79.75673,11.77485],[79.75782,11.77469]]}},
{"type":"Feature","properties":{"kind":"state","name":"Puducherry–Tamil Nadu","src":"OSM relations 107001 and 96905"},"geometry":{"type":"LineString","coordinates":[[79.75782,11.77469],[79.7581,11.77659],[79.75837,11.78086],[79.76135,11.78649],[79.76268,11.78931],[79.76831,11.79047],[79.77062,11.78856],[79.77112,11.78202],[79.7741,11.78103],[79.77791,11.78136],[79.78139,11.78136],[79.78271,11.78401],[79.7842,11.785],[79.78619,11.78765],[79.78901,11.78566],[79.79629,11.78514]]}},
{"type":"Feature","properties":{"kind":"state","name":"Puducherry–Tamil Nadu","src":"OSM relations 107001 and 96905"},"geometry":{"type":"LineString","coordinates":[[79.85426,10.98334],[79.85188,10.9839],[79.85183,10.98521],[79.85097,10.9866],[79.85062,10.9874],[79.85057,10.98772],[79.85082,10.989],[79.85056,10.98983],[79.85063,10.99034],[79.85181,10.99265],[79.85145,10.99403],[79.85116,10.99437],[79.8477,10.9946],[79.84668,10.99534],[79.84432,10.99486],[79.84291,10.99483],[79.84233,10.99583],[79.83936,10.99587],[79.83954,10.99725],[79.83999,10.99864],[79.84008,11.00024],[79.8397,11.00246]]}},
{"type":"Feature","properties":{"kind":"state","name":"Puducherry–Tamil Nadu","src":"OSM relations 107001 and 96905","river":"7778","rlen":59},"geometry":{"type":"LineString","coordinates":[[79.8397,11.00246],[79.83897,11.00252],[79.83749,11.00316],[79.83675,11.00338],[79.8356,11.00342],[79.83442,11.00326],[79.83271,11.00368],[79.83212,11.00362],[79.83166,11.0034],[79.83096,11.00257],[79.8305,11.00219],[79.83007,11.0017],[79.82918,11.001],[79.82898,11.00076],[79.82885,11.00045],[79.82888,10.99925],[79.82871,10.99893],[79.82814,10.99863],[79.82703,10.99832],[79.82614,10.99761],[79.82552,10.99728],[79.82514,10.99741],[79.82486,10.99829],[79.82483,10.99875],[79.82461,10.99922],[79.82423,10.99963],[79.82384,10.99961],[79.8236,10.99946],[79.82314,10.9989],[79.82267,10.99815],[79.82171,10.99747],[79.82057,10.99755],[79.81932,10.99801],[79.81872,10.99841],[79.81789,10.9996],[79.81731,11.00123],[79.81672,11.00219],[79.81637,11.00247],[79.81574,11.00265],[79.81534,11.0026],[79.81514,11.00248],[79.81497,11.00046],[79.81502,11.00027],[79.81496,10.99997],[79.81472,10.99946],[79.8136,10.99866],[79.81307,10.99841],[79.81279,10.99836],[79.81243,10.99841],[79.81116,10.9988],[79.8102,10.99892],[79.80896,10.99897],[79.80823,10.99891],[79.80767,10.99877],[79.80721,10.99853],[79.80482,10.99675],[79.80448,10.99631],[79.80441,10.99612],[79.80444,10.99572],[79.80578,10.99441],[79.80602,10.99407],[79.80616,10.99367],[79.80616,10.99343],[79.80572,10.99223],[79.80516,10.9901],[79.80496,10.98958],[79.80442,10.98869],[79.8043,10.98792],[79.8044,10.98681],[79.80423,10.98673],[79.80407,10.98675],[79.80334,10.98746],[79.80305,10.98748],[79.80239,10.98672],[79.80191,10.98633],[79.80153,10.9862],[79.80057,10.98613],[79.80008,10.986],[79.79988,10.98577],[79.79962,10.98487],[79.79936,10.98448],[79.79886,10.98426],[79.79703,10.98371],[79.79669,10.98375]]}},
{"type":"Feature","properties":{"kind":"state","name":"Puducherry–Tamil Nadu","src":"OSM relations 107001 and 96905"},"geometry":{"type":"LineString","coordinates":[[79.79669,10.98375],[79.79514,10.98242],[79.79433,10.98243],[79.79398,10.98299],[79.79371,10.98326],[79.79314,10.98353],[79.79229,10.98463],[79.79171,10.98481],[79.79128,10.98515],[79.79114,10.9863],[79.79008,10.98809]]}},
{"type":"Feature","properties":{"kind":"state","name":"Puducherry–Tamil Nadu","src":"OSM relations 107001 and 96905","river":"7778","rlen":59},"geometry":{"type":"LineString","coordinates":[[79.79008,10.98809],[79.78992,10.988],[79.78902,10.98764],[79.78862,10.98782],[79.78831,10.98825],[79.7882,10.98884],[79.78827,10.98953],[79.78861,10.99038],[79.78876,10.99159],[79.78872,10.99248],[79.78848,10.99303],[79.78822,10.99342],[79.78784,10.99392],[79.78727,10.99444],[79.787,10.99483],[79.78693,10.99531],[79.78726,10.99642],[79.78714,10.99682],[79.78659,10.99709],[79.78576,10.99713],[79.78523,10.99698],[79.78449,10.99665],[79.78438,10.99627],[79.78443,10.99587],[79.78458,10.99556],[79.78457,10.99514],[79.78433,10.99488],[79.78398,10.9947],[79.78369,10.99481],[79.78251,10.99579],[79.78203,10.99597],[79.78106,10.99622],[79.78031,10.99633],[79.77981,10.9965],[79.77874,10.99704],[79.77823,10.99719],[79.77755,10.99726],[79.77654,10.99753],[79.77411,10.99741],[79.77275,10.99762],[79.772,10.99729],[79.77152,10.99692],[79.7708,10.99679],[79.77028,10.99687],[79.76891,10.99774],[79.76846,10.99781],[79.76772,10.99749],[79.76667,10.99674],[79.7663,10.99664],[79.76569,10.99668],[79.76353,10.99746],[79.76224,10.99777],[79.76125,10.99821],[79.75997,10.99861],[79.75966,10.99903],[79.75937,11.00026],[79.75842,11.00162],[79.75743,11.00164],[79.75672,11.00175],[79.75664,11.00194],[79.75664,11.0023],[79.75676,11.00275],[79.75669,11.00299],[79.75652,11.00323],[79.75637,11.0033],[79.75575,11.00338],[79.75519,11.00327],[79.75462,11.00272],[79.75404,11.00184],[79.75387,11.0017],[79.75322,11.00176],[79.75267,11.00208],[79.75204,11.00215],[79.75001,11.00208],[79.74893,11.00242],[79.74858,11.00243],[79.74819,11.00234],[79.74772,11.00211],[79.74718,11.00161],[79.74647,11.00083]]}},
{"type":"Feature","properties":{"kind":"state","name":"Puducherry–Tamil Nadu","src":"OSM relations 107001 and 96905"},"geometry":{"type":"LineString","coordinates":[[79.74647,11.00083],[79.74803,10.99944],[79.74832,10.9983],[79.74817,10.99754],[79.74833,10.99496],[79.74806,10.99417],[79.74799,10.99347],[79.74822,10.9902],[79.7478,10.98905],[79.74728,10.98819],[79.74828,10.98815],[79.75051,10.98841],[79.75215,10.98787],[79.75216,10.98719],[79.75181,10.98503],[79.75191,10.98349],[79.75478,10.98398],[79.75576,10.98404],[79.75682,10.98385],[79.75731,10.98311],[79.75729,10.98128],[79.75716,10.98054],[79.75669,10.98031],[79.75469,10.98019],[79.75409,10.97897],[79.751,10.97894],[79.75149,10.97722],[79.75312,10.97604],[79.75321,10.97271],[79.75521,10.97334],[79.75692,10.9725],[79.75849,10.97146],[79.75928,10.96934],[79.7613,10.96725],[79.76102,10.96601],[79.76106,10.96468],[79.76201,10.96137],[79.76207,10.9607],[79.76046,10.96028],[79.75978,10.96062],[79.75664,10.96024],[79.75548,10.95939],[79.75433,10.9591],[79.75229,10.95916],[79.75126,10.95876],[79.75027,10.95868],[79.7489,10.95878],[79.74828,10.95755],[79.74764,10.95775],[79.74591,10.95599],[79.74537,10.95653],[79.74528,10.95853],[79.74539,10.95941],[79.74533,10.96085],[79.74541,10.96122],[79.74662,10.96309]]}},
{"type":"Feature","properties":{"kind":"state","name":"Puducherry–Tamil Nadu","src":"OSM relations 107001 and 96905","river":"7672","rlen":33},"geometry":{"type":"LineString","coordinates":[[79.74662,10.96309],[79.74605,10.96353],[79.74584,10.96383],[79.74589,10.96457],[79.7458,10.96502],[79.74556,10.96541],[79.74538,10.96555],[79.74442,10.96597],[79.74406,10.96603],[79.74213,10.96606],[79.74108,10.9662],[79.74069,10.96632],[79.74047,10.96647],[79.74002,10.96662],[79.73939,10.967],[79.73827,10.9678],[79.73809,10.96807],[79.73633,10.96798],[79.73545,10.96753],[79.73509,10.96696],[79.73479,10.96681],[79.73463,10.96693],[79.73445,10.96758],[79.73425,10.96791],[79.73431,10.96839],[79.73499,10.96891],[79.735,10.96911],[79.73477,10.96935],[79.73447,10.96947],[79.7335,10.9692],[79.73331,10.96922],[79.73304,10.96944],[79.73292,10.96983],[79.73245,10.97008],[79.73223,10.97004],[79.73198,10.9699],[79.73125,10.96974],[79.73008,10.9692],[79.72931,10.96904],[79.72879,10.96911],[79.72844,10.96927],[79.72738,10.96904],[79.72677,10.96929],[79.7252,10.96923],[79.72503,10.96932],[79.7246,10.96982],[79.72436,10.96992],[79.72409,10.96985],[79.72408,10.9692],[79.72394,10.96892],[79.72373,10.96875],[79.72297,10.96882],[79.72231,10.96853],[79.72196,10.96846],[79.72138,10.96865],[79.72062,10.96846]]}},
{"type":"Feature","properties":{"kind":"state","name":"Puducherry–Tamil Nadu","src":"OSM relations 107001 and 96905"},"geometry":{"type":"LineString","coordinates":[[79.72062,10.96846],[79.7215,10.96491],[79.72115,10.96215],[79.72047,10.96],[79.72023,10.95821],[79.71952,10.95554],[79.71961,10.95476],[79.72021,10.9535],[79.72025,10.95194],[79.72313,10.9513],[79.72873,10.95133],[79.73216,10.95116],[79.73154,10.954],[79.73203,10.95659],[79.73257,10.95748],[79.73368,10.95769],[79.7354,10.95777],[79.73619,10.9536],[79.73619,10.95012],[79.73577,10.94937],[79.73482,10.9489],[79.73021,10.94726],[79.72952,10.94473],[79.72735,10.94423],[79.72418,10.94427],[79.72328,10.94309],[79.72311,10.94174],[79.72366,10.93946],[79.72534,10.93822],[79.72613,10.93719],[79.72755,10.93685],[79.72808,10.93624],[79.72811,10.93548],[79.72729,10.93496],[79.72532,10.93479],[79.72429,10.93422],[79.72396,10.93325],[79.72343,10.92988],[79.72708,10.92847],[79.72906,10.92859],[79.72949,10.92825],[79.7297,10.9275],[79.72996,10.92722],[79.73337,10.92778],[79.73422,10.92733],[79.73548,10.92689],[79.73611,10.92593],[79.73979,10.92574],[79.7406,10.92585],[79.74259,10.92462],[79.74287,10.92431],[79.74299,10.92361],[79.74293,10.92237],[79.74339,10.91946],[79.7432,10.91913],[79.74202,10.91891],[79.74172,10.9179],[79.74283,10.91758],[79.74319,10.91786],[79.7435,10.9186],[79.74423,10.91885],[79.74463,10.91913],[79.74504,10.91882],[79.7446,10.91804],[79.74467,10.91617],[79.74361,10.91617],[79.74323,10.91572],[79.74322,10.91479],[79.74865,10.91401],[79.74979,10.91428],[79.75126,10.91433],[79.75356,10.91414],[79.75423,10.91619],[79.75761,10.91648],[79.75811,10.91669],[79.75866,10.91674],[79.75954,10.91632],[79.76001,10.91576],[79.7617,10.91477],[79.76253,10.91398],[79.76214,10.91339],[79.76095,10.91296],[79.76044,10.91212],[79.75951,10.91004],[79.75909,10.90958],[79.75841,10.90917],[79.75754,10.90818],[79.75744,10.90682],[79.75765,10.90563],[79.75853,10.90451],[79.75919,10.90331],[79.75935,10.90143],[79.75919,10.90103],[79.75847,10.90124],[79.75831,10.90189],[79.75775,10.90196],[79.75743,10.89837],[79.75692,10.89658],[79.75752,10.89663],[79.75794,10.89847],[79.75957,10.89851],[79.75984,10.89905],[79.75998,10.89979],[79.76031,10.89988],[79.7602,10.90072],[79.76065,10.90051],[79.76073,10.89994],[79.76092,10.8997],[79.76089,10.89925],[79.76141,10.89918],[79.762,10.89978],[79.76244,10.9005],[79.76106,10.90062],[79.76072,10.90093],[79.76089,10.90154],[79.76132,10.90194],[79.76177,10.90185],[79.76194,10.90121],[79.76216,10.90092],[79.76333,10.90037],[79.76352,10.90004],[79.76347,10.89984],[79.76275,10.89937],[79.76222,10.89921],[79.7622,10.89806],[79.76072,10.898],[79.76006,10.8976],[79.75979,10.897],[79.75942,10.89682],[79.759,10.89701],[79.75865,10.89702],[79.75841,10.89683],[79.75869,10.89631],[79.75854,10.89591],[79.7578,10.89577],[79.75764,10.89507],[79.75686,10.89525],[79.75602,10.89486],[79.7557,10.89434],[79.75579,10.89391],[79.7563,10.89359],[79.7567,10.89303],[79.7562,10.89183],[79.75746,10.89161],[79.75808,10.89229],[79.75824,10.89269],[79.76178,10.89272],[79.76296,10.89211],[79.76419,10.89208],[79.76452,10.89271],[79.76511,10.89283],[79.76786,10.89261],[79.76773,10.8936],[79.76691,10.89373],[79.76677,10.89414],[79.76591,10.89446],[79.76519,10.8945],[79.76509,10.89638],[79.77312,10.89665],[79.77689,10.89664],[79.7769,10.89846],[79.7765,10.90544],[79.77913,10.90537],[79.77922,10.9061],[79.77841,10.90653],[79.7776,10.90723],[79.77649,10.90917]]}},
{"type":"Feature","properties":{"kind":"state","name":"Puducherry–Tamil Nadu","src":"OSM relations 107001 and 96905","river":"6894","rlen":86},"geometry":{"type":"LineString","coordinates":[[79.77649,10.90917],[79.77703,10.91006],[79.77736,10.91024],[79.77775,10.91024],[79.77793,10.91031],[79.77902,10.91028],[79.78028,10.9101],[79.78078,10.90996],[79.7818,10.90911],[79.78227,10.90821],[79.78256,10.90722],[79.78285,10.90686],[79.78299,10.90675],[79.78371,10.90658],[79.78483,10.90651],[79.78595,10.9074],[79.7862,10.90772],[79.78631,10.90772],[79.78635,10.90779],[79.78729,10.90822],[79.78952,10.90823],[79.7896,10.9083],[79.791,10.90826],[79.79122,10.90819],[79.79176,10.9078],[79.79234,10.90712],[79.79238,10.90687],[79.79187,10.90641],[79.79187,10.90612],[79.79198,10.90577],[79.79234,10.9053]]}},
{"type":"Feature","properties":{"kind":"state","name":"Puducherry–Tamil Nadu","src":"OSM relations 107001 and 96905"},"geometry":{"type":"LineString","coordinates":[[79.79234,10.9053],[79.79113,10.90362],[79.7913,10.90217],[79.7915,10.9013],[79.79197,10.9001],[79.79374,10.89893],[79.79345,10.89873],[79.79239,10.89847],[79.79113,10.89612],[79.79024,10.89673],[79.78942,10.89679],[79.78797,10.89571],[79.7835,10.89555],[79.78262,10.89541],[79.78235,10.89496],[79.78238,10.89355],[79.78193,10.89083],[79.78196,10.89041],[79.78287,10.88971],[79.78329,10.88902],[79.78529,10.88895],[79.78665,10.88961],[79.78825,10.88994],[79.79033,10.89079],[79.79047,10.89148],[79.79027,10.89238],[79.79005,10.89477],[79.79032,10.89489],[79.79087,10.8949],[79.7918,10.89466],[79.79264,10.8941],[79.79336,10.89328],[79.79366,10.89256],[79.79377,10.89157],[79.79503,10.89107],[79.79536,10.89056],[79.79556,10.88995],[79.79549,10.88821],[79.79589,10.88618]]}},
{"type":"Feature","properties":{"kind":"state","name":"Puducherry–Tamil Nadu","src":"OSM relations 107001 and 96905","river":"7623","rlen":76},"geometry":{"type":"LineString","coordinates":[[79.79589,10.88618],[79.79742,10.88648],[79.798,10.88679],[79.79857,10.88744],[79.79925,10.88777],[79.80044,10.88791],[79.80185,10.88784],[79.80236,10.88756],[79.80304,10.88756],[79.80412,10.88777],[79.80528,10.88838],[79.80615,10.88835],[79.80781,10.88774],[79.80849,10.88767],[79.80936,10.88774],[79.81069,10.88817],[79.81192,10.88807],[79.81358,10.88729],[79.8164,10.88668],[79.81907,10.88662],[79.82084,10.88544],[79.82239,10.88473],[79.82618,10.88466],[79.82766,10.88424],[79.82867,10.88367]]}},
{"type":"Feature","properties":{"kind":"state","name":"Puducherry–Tamil Nadu","src":"OSM relations 107001 and 96905"},"geometry":{"type":"LineString","coordinates":[[79.82867,10.88367],[79.8276,10.88182],[79.8252,10.88119],[79.82396,10.88047],[79.82138,10.88102],[79.81966,10.88102],[79.81615,10.88038],[79.81134,10.88038],[79.81087,10.87773],[79.81087,10.87537],[79.81293,10.8752],[79.81542,10.8747],[79.82224,10.87419],[79.8234,10.86976],[79.82481,10.86884],[79.82456,10.86639],[79.82486,10.86496],[79.8231,10.8645],[79.81949,10.86403],[79.81709,10.86277],[79.81499,10.86129],[79.8119,10.85969],[79.8113,10.86091],[79.80945,10.86374],[79.80962,10.86589],[79.80696,10.86513],[79.80696,10.86138],[79.80722,10.85948],[79.80803,10.85556],[79.81001,10.8524],[79.8125,10.8505],[79.81576,10.84945],[79.81679,10.8481],[79.81928,10.84684],[79.82074,10.84591],[79.8213,10.84536],[79.82383,10.84658],[79.82627,10.84958],[79.82709,10.85025],[79.82787,10.85036],[79.82883,10.84958],[79.83018,10.83853],[79.83001,10.83318],[79.83093,10.82774],[79.837,10.82772],[79.84288,10.82802],[79.85147,10.82778]]}},
{"type":"Feature","properties":{"kind":"state","name":"Puducherry–Tamil Nadu","src":"OSM relations 107001 and 96905"},"geometry":{"type":"LineString","coordinates":[[79.77292,11.87548],[79.77331,11.87845],[79.77344,11.88088],[79.77334,11.88169],[79.77324,11.88219],[79.77148,11.88382],[79.77228,11.88592],[79.7718,11.88792],[79.77087,11.889],[79.771,11.89111],[79.77238,11.8996],[79.77295,11.90011],[79.77223,11.90104],[79.77093,11.90069],[79.76928,11.90058],[79.7692,11.90181],[79.76982,11.90281],[79.77197,11.90272],[79.77195,11.90195],[79.77511,11.90187],[79.77532,11.90505],[79.77603,11.90498],[79.77751,11.90507],[79.78034,11.90421],[79.78134,11.90296],[79.7825,11.89975],[79.78774,11.89683],[79.79211,11.89778],[79.79363,11.89873],[79.79682,11.90018],[79.79668,11.8971],[79.7964,11.89445],[79.79443,11.8852],[79.79333,11.88383],[79.79183,11.87917],[79.79186,11.87794],[79.79251,11.87771],[79.79233,11.87681],[79.78951,11.87716],[79.78883,11.8752],[79.78726,11.87322],[79.78673,11.87136],[79.78684,11.86924],[79.78611,11.86601],[79.78506,11.86291],[79.78133,11.86325],[79.77851,11.86327],[79.77834,11.86654],[79.77773,11.86661],[79.77911,11.86909],[79.77991,11.87243],[79.77976,11.8779],[79.77776,11.87844],[79.77631,11.87831],[79.77477,11.87733],[79.77352,11.87566],[79.77292,11.87548]]}},
{"type":"Feature","properties":{"kind":"state","name":"Puducherry–Tamil Nadu","src":"OSM relations 107001 and 96905"},"geometry":{"type":"LineString","coordinates":[[79.66895,11.91838],[79.66887,11.92488],[79.66962,11.92816],[79.67036,11.92925],[79.67017,11.93563],[79.66942,11.93689],[79.66429,11.9384],[79.66461,11.93639],[79.66079,11.9367],[79.66086,11.93872],[79.66058,11.94143],[79.65845,11.94214],[79.65783,11.94546],[79.65796,11.94888],[79.65663,11.94823],[79.65283,11.94867],[79.65204,11.94352],[79.64803,11.9447],[79.64275,11.94206],[79.64219,11.94735],[79.64225,11.95398],[79.64764,11.95333],[79.64717,11.9579],[79.64843,11.96781],[79.64607,11.96897],[79.64116,11.97063],[79.6409,11.97688],[79.6365,11.97829],[79.6377,11.98433],[79.63955,11.9887],[79.64006,11.99325],[79.63753,11.99464],[79.63655,11.99558],[79.6368,11.99856],[79.642,11.99909],[79.64436,12.00465],[79.64674,12.0092],[79.64839,12.01934],[79.65137,12.02134],[79.65133,12.02299],[79.64708,12.02513],[79.6427,12.0282],[79.64139,12.02834],[79.63747,12.0269],[79.63444,12.02977],[79.63013,12.03153],[79.62717,12.03227],[79.62528,12.03179],[79.6264,12.02893],[79.62865,12.02421],[79.62942,12.01922],[79.62575,12.01542],[79.62384,12.01514],[79.62111,12.01455],[79.62058,12.00994],[79.61964,12.00339],[79.62015,12.00045],[79.6223,12.00096],[79.62642,12.00066],[79.62333,11.98941],[79.61685,11.98966],[79.61783,11.98517],[79.62032,11.98265],[79.62457,11.98249],[79.62401,11.97638],[79.61822,11.97098],[79.61848,11.96995],[79.62723,11.96863],[79.62646,11.96406],[79.62876,11.95952],[79.62925,11.95377],[79.62848,11.94506],[79.62459,11.94325],[79.61897,11.94344],[79.61796,11.93601],[79.61822,11.92998],[79.61826,11.92593],[79.62743,11.92142],[79.62824,11.91865],[79.62713,11.9118],[79.6253,11.90342],[79.62788,11.90179],[79.63648,11.90128],[79.64019,11.90252],[79.64107,11.90811],[79.65569,11.90809],[79.65607,11.91298],[79.66234,11.9135],[79.66195,11.91665],[79.66286,11.91775],[79.66895,11.91838]]}},
{"type":"Feature","properties":{"kind":"state","name":"Puducherry–Tamil Nadu","src":"OSM relations 107001 and 96905"},"geometry":{"type":"LineString","coordinates":[[79.79424,12.01866],[79.79515,12.01859],[79.79784,12.01776],[79.80131,12.01961],[79.80308,12.02198],[79.80376,12.02572],[79.80233,12.02669],[79.80018,12.02623],[79.79496,12.02663],[79.79055,12.02766],[79.78735,12.02801],[79.787,12.02623],[79.78748,12.02314],[79.78705,12.01959],[79.78963,12.01897],[79.79424,12.01866]]}},
{"type":"Feature","properties":{"kind":"state","name":"Puducherry–Tamil Nadu","src":"OSM relations 107001 and 96905"},"geometry":{"type":"LineString","coordinates":[[79.66157,12.00476],[79.66662,12.00428],[79.67034,12.00476],[79.67196,12.00533],[79.67206,12.00839],[79.67263,12.01077],[79.67196,12.01316],[79.67244,12.01583],[79.67349,12.01745],[79.6774,12.01707],[79.6796,12.01955],[79.68045,12.02136],[79.68055,12.02279],[79.68227,12.02479],[79.68436,12.02565],[79.68513,12.02813],[79.68494,12.0329],[79.6857,12.03424],[79.68761,12.03481],[79.68885,12.03405],[79.68894,12.03233],[79.69152,12.03224],[79.69333,12.0329],[79.69553,12.03271],[79.69667,12.0329],[79.69762,12.03138],[79.69839,12.02918],[79.69953,12.02699],[79.69906,12.01878],[79.70096,12.01573],[79.70135,12.01316],[79.70363,12.01096],[79.70631,12.01068],[79.70964,12.008],[79.71461,12.00457],[79.71785,12.00161],[79.71966,11.99808],[79.72033,11.99637],[79.71899,11.99608],[79.71499,11.99723],[79.70726,11.99732],[79.70411,11.9957],[79.70249,11.99446],[79.69934,11.99408],[79.69801,11.99226],[79.69772,11.99093],[79.694,11.98998],[79.6898,11.99007],[79.68837,11.98864],[79.68789,11.98635],[79.68685,11.98511],[79.68665,11.98215],[79.68322,11.98377],[79.68064,11.98692],[79.67902,11.98864],[79.67635,11.98826],[79.67349,11.98711],[79.6713,11.98578],[79.66605,11.9832],[79.66405,11.98368],[79.66099,11.98492],[79.66118,11.98969],[79.66099,11.99379],[79.66013,11.99646],[79.66023,11.99904],[79.66128,12.00266],[79.66157,12.00476]]}},
{"type":"Feature","properties":{"kind":"state","name":"Puducherry–Tamil Nadu","src":"OSM relations 107001 and 96905"},"geometry":{"type":"LineString","coordinates":[[79.6919,11.96776],[79.68997,11.96196],[79.68864,11.96058],[79.68897,11.95853],[79.6882,11.95621],[79.68737,11.95428],[79.68777,11.95348],[79.68735,11.95143]]}},
{"type":"Feature","properties":{"kind":"state","name":"Puducherry–Tamil Nadu","src":"OSM relations 107001 and 96905","river":"3945","rlen":73},"geometry":{"type":"LineString","coordinates":[[79.68735,11.95143],[79.68681,11.95154],[79.68549,11.9515],[79.68336,11.95123],[79.68248,11.9509],[79.68168,11.95045],[79.68126,11.95011],[79.68081,11.9496],[79.67948,11.94759],[79.678,11.94659],[79.67721,11.94576],[79.67631,11.94453],[79.67572,11.94421],[79.67509,11.9441],[79.67413,11.94415],[79.67351,11.94447],[79.67292,11.94497],[79.67239,11.94573],[79.67205,11.94607],[79.67099,11.9463],[79.66945,11.94676],[79.66898,11.9471],[79.66856,11.9476],[79.66793,11.94813],[79.66533,11.94961],[79.66497,11.94991],[79.66461,11.95048],[79.66427,11.95079],[79.66387,11.95092],[79.66348,11.95095],[79.663,11.95085],[79.66235,11.95054],[79.66234,11.95053]]}},
{"type":"Feature","properties":{"kind":"state","name":"Puducherry–Tamil Nadu","src":"OSM relations 107001 and 96905"},"geometry":{"type":"LineString","coordinates":[[79.66234,11.95053],[79.66084,11.9524],[79.65814,11.95489],[79.65731,11.95621],[79.65725,11.95826],[79.65792,11.95881],[79.65919,11.9582],[79.66013,11.95793],[79.66388,11.95793],[79.6651,11.95809],[79.66565,11.95981],[79.66554,11.9608],[79.66681,11.96163],[79.66748,11.96522],[79.6672,11.96655],[79.66632,11.96749],[79.66665,11.96815],[79.66792,11.96854],[79.66946,11.96749],[79.67134,11.96699],[79.67361,11.96682],[79.67726,11.96566],[79.67919,11.96588],[79.68052,11.96649],[79.68229,11.96627],[79.683,11.96704],[79.68527,11.96997],[79.68637,11.97025],[79.68742,11.97119],[79.6887,11.97124],[79.6908,11.96964],[79.6919,11.96776]]}},
{"type":"Feature","properties":{"kind":"state","name":"Puducherry–Tamil Nadu","src":"OSM relations 107001 and 96905"},"geometry":{"type":"LineString","coordinates":[[79.62922,11.85504],[79.6294,11.85433]]}},
{"type":"Feature","properties":{"kind":"state","name":"Puducherry–Tamil Nadu","src":"OSM relations 107001 and 96905","river":"4132","rlen":494},"geometry":{"type":"LineString","coordinates":[[79.6294,11.85433],[79.63057,11.85462],[79.63099,11.85462],[79.63136,11.85449],[79.63159,11.85418],[79.63223,11.85388],[79.63347,11.85379],[79.63626,11.85342],[79.63684,11.85287],[79.637,11.8524],[79.63719,11.8521],[79.63749,11.85187],[79.63837,11.85183],[79.63908,11.85157],[79.63957,11.85115],[79.64032,11.85079],[79.64248,11.85004],[79.64416,11.85017],[79.64467,11.85047],[79.64495,11.85112],[79.64503,11.85153],[79.64534,11.85175],[79.64619,11.85172],[79.64699,11.85155],[79.64771,11.85154],[79.64835,11.85163],[79.64874,11.85158],[79.64906,11.85141],[79.64939,11.85088],[79.64957,11.84991],[79.65002,11.84932],[79.65188,11.84937],[79.6529,11.84951],[79.65377,11.84974],[79.65708,11.85088],[79.65754,11.85115],[79.658,11.85166],[79.65817,11.85194],[79.65818,11.85225],[79.65773,11.85301],[79.65769,11.85335],[79.6578,11.85369],[79.65812,11.85423],[79.65829,11.85439],[79.65896,11.85479],[79.65946,11.85519],[79.66042,11.85565],[79.66066,11.85587],[79.6609,11.85634],[79.66143,11.85793],[79.66153,11.85869],[79.66145,11.85998],[79.66157,11.86082],[79.66196,11.8613],[79.66279,11.862],[79.66305,11.86217]]}},
{"type":"Feature","properties":{"kind":"state","name":"Puducherry–Tamil Nadu","src":"OSM relations 107001 and 96905"},"geometry":{"type":"LineString","coordinates":[[79.66305,11.86217],[79.66185,11.86399],[79.66177,11.8644],[79.65789,11.86699],[79.65504,11.87061],[79.65168,11.87009],[79.6478,11.87242],[79.64801,11.87586],[79.64806,11.87966],[79.64599,11.88096],[79.64185,11.88199],[79.64211,11.8851],[79.63874,11.88665],[79.63564,11.88691],[79.6359,11.8807],[79.63254,11.8807],[79.63072,11.88277],[79.63072,11.88846],[79.6271,11.88846],[79.624,11.89105],[79.62141,11.89131],[79.61856,11.88639],[79.61442,11.88199],[79.60873,11.87863],[79.60433,11.88355],[79.60019,11.88458],[79.59942,11.88173],[79.60045,11.87708],[79.60201,11.87216],[79.60123,11.86492],[79.59968,11.86129],[79.60278,11.86],[79.60692,11.86104],[79.61106,11.86129],[79.61365,11.86336],[79.61934,11.86388],[79.61882,11.8675],[79.61908,11.87061],[79.62244,11.86983],[79.62633,11.87009],[79.62658,11.86647],[79.62555,11.86207],[79.62477,11.85741],[79.62788,11.8556],[79.62922,11.85504]]}},
{"type":"Feature","properties":{"kind":"state","name":"Puducherry–Tamil Nadu","src":"OSM relations 107001 and 96905"},"geometry":{"type":"LineString","coordinates":[[79.64377,11.82741],[79.64557,11.83227],[79.64651,11.83415],[79.64618,11.83845],[79.64751,11.8416],[79.648,11.84408],[79.65082,11.84292],[79.65827,11.83928],[79.66258,11.83796],[79.66307,11.83531],[79.66224,11.83166],[79.66224,11.82918],[79.66092,11.82736],[79.66208,11.82454],[79.66638,11.82289],[79.66953,11.82272],[79.67185,11.8209],[79.67218,11.81775],[79.67152,11.81361],[79.6692,11.81295],[79.66456,11.81212],[79.65943,11.81163],[79.65347,11.81262],[79.64966,11.81395],[79.64685,11.81842],[79.6442,11.82073],[79.64221,11.8214],[79.64304,11.82504],[79.64377,11.82741]]}},
{"type":"Feature","properties":{"kind":"state","name":"Puducherry–Tamil Nadu","src":"OSM relations 107001 and 96905"},"geometry":{"type":"LineString","coordinates":[[79.69663,11.86623],[79.69663,11.87054],[79.69704,11.87434],[79.69952,11.87401],[79.69985,11.87186],[79.69969,11.86871],[79.69902,11.8664],[79.69935,11.86209],[79.69687,11.86209],[79.69663,11.86623]]}},
{"type":"Feature","properties":{"kind":"state","name":"Puducherry–Tamil Nadu","src":"OSM relations 107001 and 96905"},"geometry":{"type":"LineString","coordinates":[[79.67501,11.80578],[79.67561,11.80767],[79.67661,11.81247],[79.67876,11.8138],[79.68323,11.8138],[79.68577,11.81358],[79.69085,11.80883],[79.69035,11.80519],[79.69035,11.8027],[79.68704,11.80254],[79.68456,11.80105],[79.6834,11.79856],[79.68124,11.79674],[79.68005,11.79747],[79.67842,11.79902],[79.67662,11.80163],[79.67501,11.80578]]}},
{"type":"Feature","properties":{"kind":"state","name":"Puducherry–Tamil Nadu","src":"OSM relations 107001 and 96905"},"geometry":{"type":"LineString","coordinates":[[79.69319,11.81575],[79.69402,11.82122],[79.69385,11.82453],[79.70014,11.8242],[79.70014,11.82221],[79.70213,11.81989],[79.70213,11.81757],[79.70379,11.81459],[79.70395,11.81244],[79.70213,11.81244],[79.69782,11.8131],[79.69269,11.81294],[79.69319,11.81575]]}}
]}
